seller,slug,date,year,month,price_basic,price_standard,price_premium,title,rating,review_count,extraction_method,file_path
aa__production,create-a-perfect-whiteboard-animation-video,20201001,2020,10,15.0,30.0,45.0,I will create a perfect whiteboard animation video,5.0,221,packageList,data/pilot/html-balanced/aa__production/20201001_create-a-perfect-whiteboard-animation-video.html.gz
aaliyaan,seo-optimize-and-get-your-youtube-video-ranked-at-number-top-1-position-in-search-results,20190114,2019,01,500.0,10.0,15.0,aaliyaan : I will do youtube SEO to improve video ranking for $25 on www.fiverr.com,5.0,2314,old_json,data/pilot/html-balanced/aaliyaan/20190114_seo-optimize-and-get-your-youtube-video-ranked-at-number-top-1-position-in-search-results.html.gz
aaliyaan,promote-youtube-video-through-suggested-videos,20221018,2022,10,20.0,55.0,115.0,Aaliyaan: I will do organic youtube promotion of your video for $20 on fiverr.com,4.9,4988,packageList,data/pilot/html-balanced/aaliyaan/20221018_promote-youtube-video-through-suggested-videos.html.gz
aamiramin,do-250-local-seo-citations-manually-to-improve-local-search,20200824,2020,08,5.0,30.0,100.0,aamiramin : I will do 300 local SEO citations manually to improve local search for $5 on fiverr.com,4.7,17,packageList,data/pilot/html-balanced/aamiramin/20200824_do-250-local-seo-citations-manually-to-improve-local-search.html.gz
aarongregory,provide-high-quality-motion-graphics-support,20191003,2019,10,175.0,300.0,500.0,aarongregory : I will create motion graphic animation for your video project for $175 on www.fiverr.com,4.9,19,packageList,data/pilot/html-balanced/aarongregory/20191003_provide-high-quality-motion-graphics-support.html.gz
aarongregory,provide-high-quality-motion-graphics-support,20220421,2022,04,250.0,400.0,600.0,Aarongregory: I will create motion graphic animation for your video project for $250 on fiverr.com,5.0,36,packageList,data/pilot/html-balanced/aarongregory/20220421_provide-high-quality-motion-graphics-support.html.gz
aashirwad_morye,provide-editable-motivational-instagram-reels-and-tiktok,20230202,2023,02,5.0,10.0,15.0,Aashirwad_morye: I will provide editable motivational instagram reels and tiktok for $5 on fiverr.com,5.0,17,packageList,data/pilot/html-balanced/aashirwad_morye/20230202_provide-editable-motivational-instagram-reels-and-tiktok.html.gz
abdelhamidazizi,make-stunning-ai-generated-animation-music-video,20240403,2024,04,40.0,75.0,105.0,Abdelhamidazizi: I will create a 4k conceptual ai commercial video for $40 on fiverr.com,4.9,17,packageList,data/pilot/html-balanced/abdelhamidazizi/20240403_make-stunning-ai-generated-animation-music-video.html.gz
abdulbasit02,creative-and-professional-video-intro-for-you,20200125,2020,01,5.0,15.0,25.0,abdulbasit02 : I will make an awesome creative whiteboard explainer animation for $5 on www.fiverr.com,5.0,33,packageList,data/pilot/html-balanced/abdulbasit02/20200125_creative-and-professional-video-intro-for-you.html.gz
abdullaalmajayd,design-creative-box-design,20260102,2026,01,20.0,,,abdullaalmajayd : I will design creative packaging design for $20 on fiverr.com,4.9,593,packageList,data/pilot/html-balanced/abdullaalmajayd/20260102_design-creative-box-design.html.gz
abhiassassin,create-dark-metal-logo-reveal-intro,20190214,2019,02,10.0,50.0,70.0,abhiassassin : I will create dark metal logo reveal intro for $10 on www.fiverr.com,4.9,159,packageList,data/pilot/html-balanced/abhiassassin/20190214_create-dark-metal-logo-reveal-intro.html.gz
abid_jani,create-a-static-website-in-html-and-css,20201017,2020,10,20.0,60.0,130.0,I will create professional website using html css,4.9,229,packageList,data/pilot/html-balanced/abid_jani/20201017_create-a-static-website-in-html-and-css.html.gz
abraham_02,sales-funnel-or-website-on-builderall-simvoly-gohighlevel,20241104,2024,11,15.0,70.0,120.0,"Abraham_02: I will build gohighlevel website, sales funnel on go high level, builderall, kartra for $15 on fiverr.com",5.0,2,packageList,data/pilot/html-balanced/abraham_02/20241104_sales-funnel-or-website-on-builderall-simvoly-gohighlevel.html.gz
abrang,draw-cute-cartoon-characters,20190609,2019,06,20.0,45.0,60.0,abrang : I will draw cartoon and caricature for $20 on www.fiverr.com,4.9,353,packageList,data/pilot/html-balanced/abrang/20190609_draw-cute-cartoon-characters.html.gz
abtom1,manage-reddit-x-twitter-business-website-ecommerce-product-etsy-shopify-store,20250104,2025,01,20.0,75.0,180.0,"Abtom1: I will manage reddit x twitter business website, ecommerce product, etsy shopify store for $20 on fiverr.com",,,packageList,data/pilot/html-balanced/abtom1/20250104_manage-reddit-x-twitter-business-website-ecommerce-product-etsy-shopify-store.html.gz
abubakar_khalid,be-your-front-end-developer-and-designer,20180806,2018,08,10.0,,,abubakar_khalid : I will be your front end developer and designer for $15 on www.fiverr.com,5.0,107,old_json,data/pilot/html-balanced/abubakar_khalid/20180806_be-your-front-end-developer-and-designer.html.gz
acelawla,convert-your-audio-to-mp4-to-upload-on-youtube,20230812,2023,08,5.0,,,"Acelawla: I will convert your audio to mp4 to upload on youtube, facebook for $5 on fiverr.com",5.0,303,packageList,data/pilot/html-balanced/acelawla/20230812_convert-your-audio-to-mp4-to-upload-on-youtube.html.gz
acidpro,make-a-creative-logo-designwhich-will-blow-your-mind,20200212,2020,02,80.0,130.0,220.0,acidpro : I will design modern minimalist business logo for $80 on www.fiverr.com,5.0,51,packageList,data/pilot/html-balanced/acidpro/20200212_make-a-creative-logo-designwhich-will-blow-your-mind.html.gz
adambodini757,create-a-tailored-marketing-strategy-for-your-business,20230917,2023,09,40.0,350.0,400.0,Adambodini757: I will create a tailored marketing strategy for your business for $40 on fiverr.com,5.0,3,packageList,data/pilot/html-balanced/adambodini757/20230917_create-a-tailored-marketing-strategy-for-your-business.html.gz
adamdunning478,be-your-australian-male-voiceover-for-your-next-production,20211002,2021,10,25.0,,,Adamdunning478: I will record your classy pro australian voice over for $25 on fiverr.com,5.0,496,packageList,data/pilot/html-balanced/adamdunning478/20211002_be-your-australian-male-voiceover-for-your-next-production.html.gz
adamkow,translate-polish-to-english-and-english-to-polish,20200101,2020,01,5.0,10.0,15.0,adamkow : I will translate polish to english and english to polish for $5 on www.fiverr.com,5.0,323,packageList,data/pilot/html-balanced/adamkow/20200101_translate-polish-to-english-and-english-to-polish.html.gz
ademirjnr,write-creative-content-in-brazilian-portuguese-for-you,20200613,2020,06,5.0,10.0,20.0,ademirjnr : I will write a blog post or article in brazilian portuguese for $5 on fiverr.com,5.0,11,packageList,data/pilot/html-balanced/ademirjnr/20200613_write-creative-content-in-brazilian-portuguese-for-you.html.gz
adeportraitart,draw-retro-portrait-illustration-from-photo-443b,20190724,2019,07,150.0,250.0,350.0,adeportraitart : I will draw artistic portrait illustration from photo for $150 on www.fiverr.com,5.0,5,packageList,data/pilot/html-balanced/adeportraitart/20190724_draw-retro-portrait-illustration-from-photo-443b.html.gz
adetomaz,make-profesional-luxury-business-member-card-with-animation,20220402,2022,04,30.0,40.0,50.0,"Adetomaz: I will do profesional luxury nft, business card with animation for $30 on fiverr.com",5.0,4,packageList,data/pilot/html-balanced/adetomaz/20220402_make-profesional-luxury-business-member-card-with-animation.html.gz
adii8899,web-automation-with-selenium-python,20210906,2021,09,30.0,80.0,150.0,Adii8899: I will do web automation with selenium python for $30 on fiverr.com,5.0,148,packageList,data/pilot/html-balanced/adii8899/20210906_web-automation-with-selenium-python.html.gz
adnanjilani90,accurately-transcribe-audio-or-video-upto-10-minutes,20230104,2023,01,5.0,10.0,20.0,Adnanjilani90: I will transcribe any audio or video file accurately for $5 on fiverr.com,5.0,3263,packageList,data/pilot/html-balanced/adnanjilani90/20230104_accurately-transcribe-audio-or-video-upto-10-minutes.html.gz
adnanranna,do-isometric-2d-animation,20260204,2026,02,35.0,150.0,300.0,Adnanranna: I will create 2d isometric explainer video animation for $35 on fiverr.com,5.0,154,packageList,data/pilot/html-balanced/adnanranna/20260204_do-isometric-2d-animation.html.gz
adrianventi,create-a-professional-stop-motion-animation-for-any-idea,20220112,2022,01,60.0,140.0,330.0,Adrianventi: I will create a professional stop motion animation for any idea for $60 on fiverr.com,,,packageList,data/pilot/html-balanced/adrianventi/20220112_create-a-professional-stop-motion-animation-for-any-idea.html.gz
adriebones,create-an-asmr-video-for-you,20231005,2023,10,15.0,25.0,35.0,Adriebones: I will create an asmr video for you for $15 on fiverr.com,5.0,44,packageList,data/pilot/html-balanced/adriebones/20231005_create-an-asmr-video-for-you.html.gz
agervasoni,give-you-composition-lessons,20240402,2024,04,35.0,45.0,160.0,Agervasoni: I will give you composition and orchestration lessons for $35 on fiverr.com,,,packageList,data/pilot/html-balanced/agervasoni/20240402_give-you-composition-lessons.html.gz
agha_muqeet,make-product-label-and-packaging-for-you,20220101,2022,01,35.0,65.0,125.0,Agha_muqeet: I will design product label for you for $35 on fiverr.com,5.0,222,packageList,data/pilot/html-balanced/agha_muqeet/20220101_make-product-label-and-packaging-for-you.html.gz
agunkrejectz21,do-organic-promotion-to-boost-youtube-revenue-through-ads,20250119,2025,01,10.0,40.0,150.0,Agunkrejectz21: I will promote crypto or nft project on my youtube channel for $10 on fiverr.com,4.9,118,packageList,data/pilot/html-balanced/agunkrejectz21/20250119_do-organic-promotion-to-boost-youtube-revenue-through-ads.html.gz
ahlaj77,create-a-fillable-pdf-form-for-1-page-in-acrobat-pro-livecycle-or-indesign-cs6,20240503,2024,05,10.0,50.0,75.0,"Ahlaj77: I will create a fillable PDF form in acrobat, livecycle or indesign for $10 on fiverr.com",5.0,1281,packageList,data/pilot/html-balanced/ahlaj77/20240503_create-a-fillable-pdf-form-for-1-page-in-acrobat-pro-livecycle-or-indesign-cs6.html.gz
ahmadrajput5206,do-animated-banner-ads-html5-google-ads-social-media-8fa2,20210717,2021,07,10.0,15.0,20.0,Ahmadrajput5206: I will do animated banner ads html5 google ads social media for $10 on fiverr.com,5.0,24,packageList,data/pilot/html-balanced/ahmadrajput5206/20210717_do-animated-banner-ads-html5-google-ads-social-media-8fa2.html.gz
ahmed_yousuf007,edit-youtube-shorts-instagram-reel-and-tiktok-videos-for-you-in-24-hours,20250717,2025,07,15.0,20.0,45.0,"Ahmed_yousuf007: I will do video editing for instagram reels, youtube shorts and tiktok short form video for $15 on fiverr.com",5.0,476,packageList,data/pilot/html-balanced/ahmed_yousuf007/20250717_edit-youtube-shorts-instagram-reel-and-tiktok-videos-for-you-in-24-hours.html.gz
ahmedali202,do-amazing-youtube-video-editing-within-24-hours,20250124,2025,01,10.0,15.0,25.0,Ahmedali202: I will do best youtube video editing within 24 hours for $10 on fiverr.com,4.9,1685,packageList,data/pilot/html-balanced/ahmedali202/20250124_do-amazing-youtube-video-editing-within-24-hours.html.gz
ahmedbinmustafa,create-stunning-video-intro-logo-animation,20190105,2019,01,5.0,10.0,20.0,ahmedbinmustafa : I will animate exclusive intro animation with your logo for $5 on www.fiverr.com,5.0,149,dollar_fallback,data/pilot/html-balanced/ahmedbinmustafa/20190105_create-stunning-video-intro-logo-animation.html.gz
ahridoy,any-photoshop-edit-work-with-12-hrs,20190405,2019,04,5.0,30.0,50.0,ahridoy : I will do 100 images background remove  within 2 hrs or urgently for $5 on www.fiverr.com,5.0,3,dollar_fallback,data/pilot/html-balanced/ahridoy/20190405_any-photoshop-edit-work-with-12-hrs.html.gz
ahtashamsandhu6,do-web-scraping-data-extraction-to-csv-json-xml-and-database,20221022,2022,10,20.0,70.0,140.0,"Ahtashamsandhu6: I will do web scraping data extraction to csv,json,xml and database for $20 on fiverr.com",4.9,141,packageList,data/pilot/html-balanced/ahtashamsandhu6/20221022_do-web-scraping-data-extraction-to-csv-json-xml-and-database.html.gz
aioriar,master-your-song-in-1-day,20210409,2021,04,5.0,15.0,25.0,I will master your song in 1 day or less,5.0,37,packageList,data/pilot/html-balanced/aioriar/20210409_master-your-song-in-1-day.html.gz
aj_websolution,setup-your-shopify-store-or-shopify-website,20230714,2023,07,150.0,250.0,400.0,Aj_websolution: I will setup your shopify store or shopify website for $150 on fiverr.com,4.9,615,packageList,data/pilot/html-balanced/aj_websolution/20230714_setup-your-shopify-store-or-shopify-website.html.gz
ajaxdesigns,design-professional-an-high-converting-facebook-ads,20220719,2022,07,15.0,25.0,45.0,Ajaxdesigns: I will design professional and high converting facebook ads covers for $15 on fiverr.com,5.0,1739,packageList,data/pilot/html-balanced/ajaxdesigns/20220719_design-professional-an-high-converting-facebook-ads.html.gz
ajayceo1985,design-develop-native-and-hybrid-apps,20260102,2026,01,390.0,1800.0,3700.0,Ajayceo1985: I will do mobile app development ios app development as ios and android app developer for $390 on fiverr.com,4.9,2520,packageList,data/pilot/html-balanced/ajayceo1985/20260102_design-develop-native-and-hybrid-apps.html.gz
ajayprakash,remix-any-song-you-like-into-dance-music,20210309,2021,03,5.0,,,Ajayprakash: I will remix ANY song you like into dance music for $5 on fiverr.com,4.2,55,packageList,data/pilot/html-balanced/ajayprakash/20210309_remix-any-song-you-like-into-dance-music.html.gz
ajoysahagd,design-twitch-or-mixer-overlay-facecam-panels-screens-webcam,20240407,2024,04,20.0,95.0,145.0,"Ajoysahagd: I will design custom animated kick, twitch overlay package, stream overlay, facecam for $20 on fiverr.com",4.9,1866,packageList,data/pilot/html-balanced/ajoysahagd/20240407_design-twitch-or-mixer-overlay-facecam-panels-screens-webcam.html.gz
akashabel,create-radio-jingles-for-you,20240201,2024,02,20.0,50.0,125.0,Akashabel: I will create amazing radio and podcast jingles for you under 24h for $20 on fiverr.com,4.9,138,packageList,data/pilot/html-balanced/akashabel/20240201_create-radio-jingles-for-you.html.gz
alaminroky,create-new-crypto-and-cryptocurrency-token-logo-design-for-coin,20251216,2025,12,10.0,20.0,40.0,Alaminroky: I will create new crypto and cryptocurrency token logo design for coin for $10 on fiverr.com,5.0,26,packageList,data/pilot/html-balanced/alaminroky/20251216_create-new-crypto-and-cryptocurrency-token-logo-design-for-coin.html.gz
alanletsgo,promote-advertise-and-get-you-around-10000-youtube-channel-views,20180815,2018,08,5.0,10.0,40.0,alanletsgo : I will youtube SEO to increase video ranking for $5 on www.fiverr.com,4.9,376,old_json,data/pilot/html-balanced/alanletsgo/20180815_promote-advertise-and-get-you-around-10000-youtube-channel-views.html.gz
alansmallpage,provide-any-audio-editing,20200401,2020,04,5.0,10.0,20.0,alansmallpage : I will provide any audio editing for $5 on fiverr.com,5.0,461,packageList,data/pilot/html-balanced/alansmallpage/20200401_provide-any-audio-editing.html.gz
alard001,article-blog-and-content-writing,20230101,2023,01,75.0,115.0,150.0,Alard001: I will be your writing coach for your  non fiction book or ebook for $75 on fiverr.com,5.0,4,packageList,data/pilot/html-balanced/alard001/20230101_article-blog-and-content-writing.html.gz
alauddinbd,do-shopify-product-listing-manually-upload-products,20181001,2018,10,0.0,0.0,20.0,"alauddinbd : I will do shopify product listing manually, upload products for $20 on www.fiverr.com",4.7,36,old_json,data/pilot/html-balanced/alauddinbd/20181001_do-shopify-product-listing-manually-upload-products.html.gz
albert_92,design-stunning-business-cards,20201003,2020,10,15.0,25.0,45.0,I will design modern and unique business cards within 24 hours,4.9,1691,packageList,data/pilot/html-balanced/albert_92/20201003_design-stunning-business-cards.html.gz
albertanimation,create-custom-explainer-video-animation-custom-explainer-video-animation,20260109,2026,01,150.0,200.0,300.0,Albertanimation: I will create custom explainer video animation modern style for $150 on fiverr.com,4.9,681,packageList,data/pilot/html-balanced/albertanimation/20260109_create-custom-explainer-video-animation-custom-explainer-video-animation.html.gz
alcymedia,promote-your-music-with-my-dancing-skills,20180913,2018,09,0.0,15.0,20.0,alcymedia : I will promote your music with my dancing skills for $35 on www.fiverr.com,5.0,77,old_json,data/pilot/html-balanced/alcymedia/20180913_promote-your-music-with-my-dancing-skills.html.gz
ald604,record-a-pro-brass-section-for-your-song,20200503,2020,05,50.0,150.0,200.0,ald604 : I will record a pro live brass section for your song or loop for $50 on fiverr.com,5.0,32,packageList,data/pilot/html-balanced/ald604/20200503_record-a-pro-brass-section-for-your-song.html.gz
aldodel,do-professional-photoshop-editing,20240419,2024,04,10.0,25.0,35.0,Aldodel: I will do professional photo editing and background removal in photoshop for $10 on fiverr.com,5.0,6733,packageList,data/pilot/html-balanced/aldodel/20240419_do-professional-photoshop-editing.html.gz
alee_zafar,design-modern-poster-within-24-hours,20211001,2021,10,10.0,30.0,50.0,Alee_zafar: I will design modern poster within 24 hours for $10 on fiverr.com,4.9,271,packageList,data/pilot/html-balanced/alee_zafar/20211001_design-modern-poster-within-24-hours.html.gz
alejcontre,create-an-instagram-puzzle-grid-feed,20220704,2022,07,70.0,90.0,120.0,"Alejcontre: I will create an instagram puzzle, grid, feed for $70 on fiverr.com",5.0,83,packageList,data/pilot/html-balanced/alejcontre/20220704_create-an-instagram-puzzle-grid-feed.html.gz
alex_dar,create-an-animated-lyric-video-in-the-stop-motion-style,20210515,2021,05,290.0,390.0,490.0,Alex_dar: I will make lyric video or music video in stop motion for $290 on fiverr.com,5.0,144,packageList,data/pilot/html-balanced/alex_dar/20210515_create-an-animated-lyric-video-in-the-stop-motion-style.html.gz
alex_lofig,record-a-professional-neutral-spanish-voiceover,20210422,2021,04,5.0,,,Alex_lofig: I will record a neutral spanish voiceover for $5 on fiverr.com,5.0,16,packageList,data/pilot/html-balanced/alex_lofig/20210422_record-a-professional-neutral-spanish-voiceover.html.gz
alexanderwriter,create-professional-animated-sales-or-explainer-videos,20190612,2019,06,95.0,185.0,275.0,alexanderwriter : I will create 2d professional animated sales or explainer videos for $95 on www.fiverr.com,4.9,34,packageList,data/pilot/html-balanced/alexanderwriter/20190612_create-professional-animated-sales-or-explainer-videos.html.gz
alexandr02,create-a-music-video-for-your-song,20241002,2024,10,45.0,75.0,95.0,Alexandr02: I will create an interesting music video for your song for $45 on fiverr.com,4.9,465,packageList,data/pilot/html-balanced/alexandr02/20241002_create-a-music-video-for-your-song.html.gz
alexandrabalt,design-fashionable-jewelry-pieces-and-collections,20200829,2020,08,45.0,75.0,95.0,alexandrabalt : I will design fashionable jewelry pieces and collections for $45 on fiverr.com,5.0,1,packageList,data/pilot/html-balanced/alexandrabalt/20200829_design-fashionable-jewelry-pieces-and-collections.html.gz
alexandrabalt,design-fashionable-jewelry-pieces-and-collections,20230714,2023,07,45.0,75.0,95.0,Alexandrabalt: I will design fashionable jewelry pieces and collections for $45 on fiverr.com,5.0,364,packageList,data/pilot/html-balanced/alexandrabalt/20230714_design-fashionable-jewelry-pieces-and-collections.html.gz
alexhayden09,do-guest-post-on-da-30-health-blog,20210420,2021,04,5.0,10.0,100.0,I will submit guest post in health blog,5.0,236,packageList,data/pilot/html-balanced/alexhayden09/20210420_do-guest-post-on-da-30-health-blog.html.gz
alexjamesedge,mix-and-master-your-pop-punk-and-metal-songs,20240327,2024,03,75.0,,,Alexjamesedge: I will mix and master your pop punk and metal songs for $75 on fiverr.com,5.0,33,packageList,data/pilot/html-balanced/alexjamesedge/20240327_mix-and-master-your-pop-punk-and-metal-songs.html.gz
alexseoexpert,research-and-write-engaging-article-or-content-for-seo,20180812,2018,08,20.0,30.0,50.0,alexseoexpert : I will research and write engaging article or content for SEO for $20 on www.fiverr.com,5.0,167,dollar_fallback,data/pilot/html-balanced/alexseoexpert/20180812_research-and-write-engaging-article-or-content-for-seo.html.gz
alextes,edit-after-effects-template-from-videohive,20190123,2019,01,10.0,20.0,40.0,alextes : I will edit after effects template you purchased from videohive for $10 on www.fiverr.com,4.9,50,packageList,data/pilot/html-balanced/alextes/20190123_edit-after-effects-template-from-videohive.html.gz
alexxlopezz,produce-a-sad-emo-trap-beat-like-peep-n-n-lotus-narnia,20210424,2021,04,35.0,40.0,45.0,Alexxlopezz: I will produce a sad emo pop punk beat for you for $35 on fiverr.com,5.0,39,packageList,data/pilot/html-balanced/alexxlopezz/20210424_produce-a-sad-emo-trap-beat-like-peep-n-n-lotus-narnia.html.gz
ali_ata,develop-an-android-app-or-will-be-your-android-app-developer,20241001,2024,10,105.0,350.0,600.0,Ali_ata: I will develop an android app or will be your android app developer for $105 on fiverr.com,4.9,83,packageList,data/pilot/html-balanced/ali_ata/20241001_develop-an-android-app-or-will-be-your-android-app-developer.html.gz
ali_ontheguitar,make-lofi-jazz-music-with-full-rights-using-live-instruments-no-samples,20231001,2023,10,40.0,170.0,300.0,"Ali_ontheguitar: I will make lofi jazz music with full rights, using live instruments, no samples for $40 on fiverr.com",5.0,137,packageList,data/pilot/html-balanced/ali_ontheguitar/20231001_make-lofi-jazz-music-with-full-rights-using-live-instruments-no-samples.html.gz
ali_ontheguitar,make-lofi-jazz-music-with-full-rights-using-live-instruments-no-samples,20240507,2024,05,25.0,100.0,180.0,"Ali_ontheguitar: I will make lofi jazz music with full rights, using live instruments, no samples for $25 on fiverr.com",5.0,160,packageList,data/pilot/html-balanced/ali_ontheguitar/20240507_make-lofi-jazz-music-with-full-rights-using-live-instruments-no-samples.html.gz
aliazam5092,do-the-mobile-app-testing,20220701,2022,07,20.0,50.0,100.0,Aliazam5092: I will do the mobile app testing for $20 on fiverr.com,5.0,15,packageList,data/pilot/html-balanced/aliazam5092/20220701_do-the-mobile-app-testing.html.gz
alichancham,convert-any-file-to-psd-ai-or-pdf,20180812,2018,08,10.0,15.0,20.0,"alichancham : I will convert any file to vector ai, psd,high quality for $10 on www.fiverr.com",5.0,507,packageList,data/pilot/html-balanced/alichancham/20180812_convert-any-file-to-psd-ai-or-pdf.html.gz
alielogo,design-typography-wall-art-poster-and-word-cloud,20210702,2021,07,5.0,15.0,30.0,"Alielogo: I will design typography poster, wall art, and word cloud for $5 on fiverr.com",4.9,173,packageList,data/pilot/html-balanced/alielogo/20210702_design-typography-wall-art-poster-and-word-cloud.html.gz
alifyadesign,create-svg-lottie-animation-gif-from-vector-for-website-and-mobile-app,20241002,2024,10,25.0,60.0,95.0,Alifyadesign: I will craft custom lottie or svg animation for your website or app ui for $25 on fiverr.com,5.0,256,packageList,data/pilot/html-balanced/alifyadesign/20241002_create-svg-lottie-animation-gif-from-vector-for-website-and-mobile-app.html.gz
alihassan919,provide-1000-seo-backlinks-for-google-ranking,20240101,2024,01,5.0,15.0,20.0,Alihassan919: I will 1000 seo backlinks for google ranking contextual link building for $5 on fiverr.com,4.9,374,packageList,data/pilot/html-balanced/alihassan919/20240101_provide-1000-seo-backlinks-for-google-ranking.html.gz
alijaved3,search-niche-based-instagram-influencer-to-grow-your-account,20230426,2023,04,10.0,20.0,35.0,Alijaved3: I will search niche based instagram influencer to grow your account for $10 on fiverr.com,4.9,125,packageList,data/pilot/html-balanced/alijaved3/20230426_search-niche-based-instagram-influencer-to-grow-your-account.html.gz
alimsarder786,create-professional-3d-logo-intro-animation,20221114,2022,11,5.0,20.0,50.0,Alimsarder786: I will create professional 3d logo intro animation for $5 on fiverr.com,5.0,8,packageList,data/pilot/html-balanced/alimsarder786/20221114_create-professional-3d-logo-intro-animation.html.gz
alimsarder786,create-electric-logo-intro-video,20250113,2025,01,5.0,15.0,30.0,Alimsarder786: I will create an electric logo intro video for $5 on fiverr.com,5.0,1,packageList,data/pilot/html-balanced/alimsarder786/20250113_create-electric-logo-intro-video.html.gz
alimsarder786,make-an-advertising-video-of-your-brand-logo-01e9,20250426,2025,04,10.0,20.0,40.0,Alimsarder786: I will make an advertising video of your brand logo for $10 on fiverr.com,5.0,1,packageList,data/pilot/html-balanced/alimsarder786/20250426_make-an-advertising-video-of-your-brand-logo-01e9.html.gz
alimsarder786,create-professional-3d-logo-intro-animation,20250808,2025,08,5.0,20.0,50.0,Alimsarder786: I will create professional 3d logo intro animation for $5 on fiverr.com,5.0,12,packageList,data/pilot/html-balanced/alimsarder786/20250808_create-professional-3d-logo-intro-animation.html.gz
alirojasvt,record-your-spanish-voice-over-fast,20230502,2023,05,15.0,,,Alirojasvt: I will record your neutral spanish voice over express for $15 on fiverr.com,5.0,243,packageList,data/pilot/html-balanced/alirojasvt/20230502_record-your-spanish-voice-over-fast.html.gz
alonda,design-a-professional-brand-for-your-business,20200401,2020,04,2100.0,2495.0,3495.0,alonda : I will design your own custom logo identity for $2100 on fiverr.com,5.0,16,packageList,data/pilot/html-balanced/alonda/20200401_design-a-professional-brand-for-your-business.html.gz
alphazdragon,edit-videos-for-youtube,20221220,2022,12,10.0,,,Alphazdragon: I will make trailers for games or apps for $10 on fiverr.com,5.0,2,packageList,data/pilot/html-balanced/alphazdragon/20221220_edit-videos-for-youtube.html.gz
alpi123,extract-instrumental-or-acapella-with-never-seen-before-method,20250121,2025,01,10.0,25.0,50.0,"Alpi123: I will remove, isolate or extract vocals with the best method for instrumental for $10 on fiverr.com",5.0,989,packageList,data/pilot/html-balanced/alpi123/20250121_extract-instrumental-or-acapella-with-never-seen-before-method.html.gz
alpineanimation,do-guest-post-on-shopping-blog,20181116,2018,11,5.0,10.0,50.0,alpineanimation : I will do guest post on shopping blog for $5 on www.fiverr.com,5.0,38,packageList,data/pilot/html-balanced/alpineanimation/20181116_do-guest-post-on-shopping-blog.html.gz
altaf_ahmed1122,do-product-scraping-web-scraping-image-scraping,20231002,2023,10,5.0,40.0,150.0,"Altaf_ahmed1122: I will do product scraping, web scraping, image scraping for $5 on fiverr.com",4.9,144,packageList,data/pilot/html-balanced/altaf_ahmed1122/20231002_do-product-scraping-web-scraping-image-scraping.html.gz
alyyamada,write-ux-content-for-your-website-and-users,20220101,2022,01,295.0,625.0,1275.0,Alyyamada: I will write UX and marketing content for your website and apps for $295 on fiverr.com,5.0,66,packageList,data/pilot/html-balanced/alyyamada/20220101_write-ux-content-for-your-website-and-users.html.gz
amadeus42,professionally-proofread-and-edit-2000-words,20200701,2020,07,5.0,,,amadeus42 : I will professionally proofread and edit 1000 words for $5 on fiverr.com,5.0,1304,packageList,data/pilot/html-balanced/amadeus42/20200701_professionally-proofread-and-edit-2000-words.html.gz
amadeus42,professionally-proofread-and-edit-2000-words,20210419,2021,04,5.0,,,Amadeus42: I will professionally proofread and edit 1000 words for $5 on fiverr.com,5.0,1610,packageList,data/pilot/html-balanced/amadeus42/20210419_professionally-proofread-and-edit-2000-words.html.gz
amazingimage,write-your-text-on-sky-with-clouds,20200405,2020,04,5.0,,,amazingimage : I will write your text on sky with clouds for $5 on fiverr.com,5.0,32,packageList,data/pilot/html-balanced/amazingimage/20200405_write-your-text-on-sky-with-clouds.html.gz
amelieromanet,provide-a-high-quality-green-screen-spokesperson-video,20240204,2024,02,45.0,,,Amelieromanet: I will provide a breaking news spokesperson video for $45 on fiverr.com,5.0,150,packageList,data/pilot/html-balanced/amelieromanet/20240204_provide-a-high-quality-green-screen-spokesperson-video.html.gz
aminah_saif,design-bottle-box-custom-product-label-and-package-design,20200401,2020,04,5.0,15.0,30.0,aminah_saif : I will design bottle box custom product label and package design for $5 on fiverr.com,4.9,224,packageList,data/pilot/html-balanced/aminah_saif/20200401_design-bottle-box-custom-product-label-and-package-design.html.gz
aminesta,provide-a-high-quality-transcription-for-english-and-french-audio-and-video,20230430,2023,04,5.0,10.0,15.0,"Aminesta: I will provide high quality transcription services in english, french and arabic for $5 on fiverr.com",4.9,140,packageList,data/pilot/html-balanced/aminesta/20230430_provide-a-high-quality-transcription-for-english-and-french-audio-and-video.html.gz
ammarshrf,write-any-excel-funtion-or-macro,20180717,2018,07,15.0,60.0,120.0,"ammarshrf : I will provide excel formula function excel macro vba, fast for $15 on www.fiverr.com",,536,dollar_fallback,data/pilot/html-balanced/ammarshrf/20180717_write-any-excel-funtion-or-macro.html.gz
amyample,write-a-tips-based-article,20190929,2019,09,30.0,90.0,175.0,amyample : I will write professional website content for $30 on www.fiverr.com,4.9,817,packageList,data/pilot/html-balanced/amyample/20190929_write-a-tips-based-article.html.gz
amzfreelancer,work-on-the-backend-and-frontend-search-terms-of-amazon,20200403,2020,04,5.0,30.0,70.0,amzfreelancer : I will work on PPC with backend and frontend search terms of amazon for $5 on fiverr.com,5.0,68,packageList,data/pilot/html-balanced/amzfreelancer/20200403_work-on-the-backend-and-frontend-search-terms-of-amazon.html.gz
ana_seo_85,do-seo-consulting-for-your-site,20200101,2020,01,150.0,185.0,300.0,ana_seo_85 : I will do SEO consulting for your site for $150 on www.fiverr.com,5.0,5,packageList,data/pilot/html-balanced/ana_seo_85/20200101_do-seo-consulting-for-your-site.html.gz
ana_seo_85,do-seo-wizard-to-rank-up-on-google-ranking,20220405,2022,04,120.0,200.0,300.0,Ana_seo_85: I will build SEO backlinks with high quality contextual link building for $120 on fiverr.com,5.0,445,packageList,data/pilot/html-balanced/ana_seo_85/20220405_do-seo-wizard-to-rank-up-on-google-ranking.html.gz
anadiasbiotec,create-engaging-social-media-copy-health-sciences,20230714,2023,07,200.0,400.0,800.0,Anadiasbiotec: I will be your social media content writer medical and health niche for $200 on fiverr.com,5.0,7,packageList,data/pilot/html-balanced/anadiasbiotec/20230714_create-engaging-social-media-copy-health-sciences.html.gz
anassauthor,perfect-french-whiteboard-animation,20191126,2019,11,25.0,50.0,145.0,anassauthor : I will create the perfect french whiteboard animation for $25 on www.fiverr.com,5.0,5,packageList,data/pilot/html-balanced/anassauthor/20191126_perfect-french-whiteboard-animation.html.gz
anastasiamedia,create-animated-social-media-posts-for-you,20200716,2020,07,10.0,20.0,35.0,anastasiamedia : I will create animated social media posts for you for $10 on fiverr.com,4.9,136,packageList,data/pilot/html-balanced/anastasiamedia/20200716_create-animated-social-media-posts-for-you.html.gz
anastasiamedia,create-animated-social-media-posts-for-you,20201028,2020,10,10.0,20.0,35.0,I will create animated social media posts for you,4.9,179,packageList,data/pilot/html-balanced/anastasiamedia/20201028_create-animated-social-media-posts-for-you.html.gz
andorfarkas,do-pro-flyer-leaflet-poster-billboard-advertising-board,20190815,2019,08,25.0,40.0,55.0,"andorfarkas : I will do pro poster, billboard, advertising board, flyer, leaflet for $25 on www.fiverr.com",5.0,41,packageList,data/pilot/html-balanced/andorfarkas/20190815_do-pro-flyer-leaflet-poster-billboard-advertising-board.html.gz
andradabonea,write-articles-for-your-blog-as-if-it-were-my-own,20181013,2018,10,80.0,150.0,250.0,andradabonea : I will create content for your business as if it were my own for $80 on www.fiverr.com,5.0,29,dollar_fallback,data/pilot/html-balanced/andradabonea/20181013_write-articles-for-your-blog-as-if-it-were-my-own.html.gz
andrea_gomez,subtitle-or-closed-caption-for-your-video-within-24-hours,20220627,2022,06,10.0,20.0,30.0,Andrea_gomez: I will do subtitle or closed caption for your video within 24 hours for $10 on fiverr.com,5.0,237,packageList,data/pilot/html-balanced/andrea_gomez/20220627_subtitle-or-closed-caption-for-your-video-within-24-hours.html.gz
andreaingo,do-a-due-diligence-on-a-market-company-asset-or-product,20220210,2022,02,150.0,300.0,500.0,"Andreaingo: I will do a due diligence on a market, company, asset or product for $150 on fiverr.com",5.0,7,packageList,data/pilot/html-balanced/andreaingo/20220210_do-a-due-diligence-on-a-market-company-asset-or-product.html.gz
andresbett,do-the-voiceover-you-need-for-your-project-in-latin-spanish,20230730,2023,07,5.0,,,Andresbett: I will do the voiceover you need for your project in latin spanish for $5 on fiverr.com,5.0,84,packageList,data/pilot/html-balanced/andresbett/20230730_do-the-voiceover-you-need-for-your-project-in-latin-spanish.html.gz
andrewcarpen756,create-an-automated-shopify-dropshipping-online-store,20240401,2024,04,1495.0,2495.0,3495.0,Andrewcarpen756: I will create a premium automated dropshipping shopify store for $1495 on fiverr.com,5.0,341,packageList,data/pilot/html-balanced/andrewcarpen756/20240401_create-an-automated-shopify-dropshipping-online-store.html.gz
andrewrycots,produce-epic-and-orchestral-songs-and-soundtracks-for-your-videos,20210504,2021,05,130.0,195.0,270.0,"Andrewrycots: I will compose a professional soundtrack for you, especially epic orchestral for $130 on fiverr.com",5.0,146,packageList,data/pilot/html-balanced/andrewrycots/20210504_produce-epic-and-orchestral-songs-and-soundtracks-for-your-videos.html.gz
andycancun,record-your-200-word-male-spanish-voiceover-narration,20220715,2022,07,15.0,,,Andycancun: I will record a male latin american spanish voice over for $15 on fiverr.com,5.0,882,packageList,data/pilot/html-balanced/andycancun/20220715_record-your-200-word-male-spanish-voiceover-narration.html.gz
andycancun,record-your-english-and-spanish-voiceover,20221108,2022,11,10.0,,,Andycancun: I will record an american male voice over in english in 24 hours for $10 on fiverr.com,5.0,207,packageList,data/pilot/html-balanced/andycancun/20221108_record-your-english-and-spanish-voiceover.html.gz
anecdotesclub,create-a-retro-8-bit-pixel-art-style-gif-animation,20251115,2025,11,20.0,40.0,90.0,Anecdotesclub: I will create pixel art characters assets GIF for $20 on fiverr.com,4.9,177,packageList,data/pilot/html-balanced/anecdotesclub/20251115_create-a-retro-8-bit-pixel-art-style-gif-animation.html.gz
angela_gomez,animated-brb-or-starting-soon-or-ending-screen-or-offline-screen-choose-one,20210427,2021,04,10.0,20.0,25.0,"Angela_gomez: I will create animated brb, intro, static offline screen for twitch for $10 on fiverr.com",4.9,65,packageList,data/pilot/html-balanced/angela_gomez/20210427_animated-brb-or-starting-soon-or-ending-screen-or-offline-screen-choose-one.html.gz
angelina_perera,catalog-booklet-magazine-ebook-design,20200101,2020,01,5.0,,,"angelina_perera : I will design book cover, catalog, booklet, magazine, ebook for $5 on www.fiverr.com",4.9,188,packageList,data/pilot/html-balanced/angelina_perera/20200101_catalog-booklet-magazine-ebook-design.html.gz
animamundi17,do-promotion-for-youtube-channel-monetization,20221023,2022,10,180.0,295.0,550.0,Animamundi17: I will do complete youtube channel monetization promotion for $180 on fiverr.com,4.9,517,packageList,data/pilot/html-balanced/animamundi17/20221023_do-promotion-for-youtube-channel-monetization.html.gz
animate_expert,create-professional-2d-explainer-video,20210124,2021,01,10.0,55.0,100.0,I will create 2d cartoon animation or explainer video,5.0,11,packageList,data/pilot/html-balanced/animate_expert/20210124_create-professional-2d-explainer-video.html.gz
animationvalley,make-3d-logo-animation-videos-in-24-hours,20250131,2025,01,5.0,10.0,25.0,Animationvalley: I will make 3d logo animation videos in 24 hours for $5 on fiverr.com,5.0,1,packageList,data/pilot/html-balanced/animationvalley/20250131_make-3d-logo-animation-videos-in-24-hours.html.gz
animteam,create-some-cool-logo-animation,20190825,2019,08,300.0,400.0,500.0,animteam : I will create cool logo animation for intros and outros for $300 on www.fiverr.com,4.9,98,packageList,data/pilot/html-balanced/animteam/20190825_create-some-cool-logo-animation.html.gz
aninest,create-hyper-realistic-3d-models,20220401,2022,04,120.0,380.0,740.0,Aninest: I will do 3d modeling and realistic rendering of your product for $120 on fiverr.com,5.0,476,packageList,data/pilot/html-balanced/aninest/20220401_create-hyper-realistic-3d-models.html.gz
annadoit,help-with-wix-site-bugs-seo-wix-code-database,20190519,2019,05,0.0,85.0,,"annadoit : I will help with wix site, bugs, wix code, database for $25 on www.fiverr.com",5.0,34,old_json,data/pilot/html-balanced/annadoit/20190519_help-with-wix-site-bugs-seo-wix-code-database.html.gz
annievolk,do-professional-photo-and-video-with-models-in-nyc,20230715,2023,07,500.0,900.0,1500.0,Annievolk: I will do professional shoot with models in NYC for $500 on fiverr.com,5.0,8,packageList,data/pilot/html-balanced/annievolk/20230715_do-professional-photo-and-video-with-models-in-nyc.html.gz
anonymouskid,design-awesome-website-psd,20240909,2024,09,50.0,240.0,400.0,"Anonymouskid: I will design responsive website in figma, xd, PSD for $50 on fiverr.com",4.8,23,packageList,data/pilot/html-balanced/anonymouskid/20240909_design-awesome-website-psd.html.gz
anserzm,design-professional-powerpoint-presentation,20181001,2018,10,0.0,50.0,15.0,anserzm : I will design a modern and  professional powerpoint presentation for $30 on www.fiverr.com,5.0,29,old_json,data/pilot/html-balanced/anserzm/20181001_design-professional-powerpoint-presentation.html.gz
anshaali,professional-chatbot-service-on-fiverr,20210701,2021,07,10.0,20.0,35.0,Anshaali: I will create facebook messenger chatbot whatsapp chatbot and website bot for $10 on fiverr.com,5.0,170,packageList,data/pilot/html-balanced/anshaali/20210701_professional-chatbot-service-on-fiverr.html.gz
antonio26900,add-your-content-on-this-times-square-billboard-new-york-in-this-video,20250928,2025,09,10.0,20.0,25.0,"Antonio26900: I will add your logo or content to this times square billboard, new york, in this video for $10 on fiverr.com",4.9,436,packageList,data/pilot/html-balanced/antonio26900/20250928_add-your-content-on-this-times-square-billboard-new-york-in-this-video.html.gz
antonvoice,professionally-record-clear-russian-male-voice-over,20240521,2024,05,10.0,,,Antonvoice: I will professionally record russian male voice over for $10 on fiverr.com,5.0,734,packageList,data/pilot/html-balanced/antonvoice/20240521_professionally-record-clear-russian-male-voice-over.html.gz
antonyalok27,do-custom-vector-logo-with-unlimited-revisions,20260129,2026,01,10.0,55.0,125.0,Antonyalok27: I will design a business logo design in 24 hrs for $10 on fiverr.com,5.0,32,packageList,data/pilot/html-balanced/antonyalok27/20260129_do-custom-vector-logo-with-unlimited-revisions.html.gz
anyach28,write-your-website-content,20191210,2019,12,25.0,35.0,50.0,anyach28 : I will write your website content for $25 on www.fiverr.com,4.9,54,packageList,data/pilot/html-balanced/anyach28/20191210_write-your-website-content.html.gz
anymatic,create-2d-animated-explainer-video,20240116,2024,01,35.0,60.0,120.0,Anymatic: I will create 2d animated explainer video for $35 on fiverr.com,5.0,201,packageList,data/pilot/html-balanced/anymatic/20240116_create-2d-animated-explainer-video.html.gz
anythingeugene,transcribe-any-music-to-score-or-tab,20220407,2022,04,100.0,200.0,350.0,Anythingeugene: I will transcribe any music to score or tab for $100 on fiverr.com,5.0,15,packageList,data/pilot/html-balanced/anythingeugene/20220407_transcribe-any-music-to-score-or-tab.html.gz
apmarket,set-up-google-ads-campaigns-adwords-bing-and-yandex-ppc-in-english-russian,20220915,2022,09,145.0,225.0,365.0,"Apmarket: I will set up google ads campaigns, adwords, bing PPC in english for $145 on fiverr.com",5.0,12,packageList,data/pilot/html-balanced/apmarket/20220915_set-up-google-ads-campaigns-adwords-bing-and-yandex-ppc-in-english-russian.html.gz
apollo206,promote-your-music-to-over-100-college-radio-music-directors,20190502,2019,05,0.0,15.0,10.0,"apollo206 : I will promote your music to 1,400 college radio stations for $25 on www.fiverr.com",4.9,159,old_json,data/pilot/html-balanced/apollo206/20190502_promote-your-music-to-over-100-college-radio-music-directors.html.gz
apolxcore,make-kawaii-music-for-you-uwu,20220730,2022,07,40.0,70.0,90.0,Apolxcore: I will make kawaii music for you for $40 on fiverr.com,4.9,355,packageList,data/pilot/html-balanced/apolxcore/20220730_make-kawaii-music-for-you-uwu.html.gz
applevert,draw-an-illustrated-postcard-or-logo,20181119,2018,11,5.0,10.0,10.0,applevert : I will draw a simple hand drawn watercolor illustration for $10 on www.fiverr.com,5.0,470,old_json,data/pilot/html-balanced/applevert/20181119_draw-an-illustrated-postcard-or-logo.html.gz
apu_mollick1,be-your-social-media-manager-and-content-creator,20240603,2024,06,30.0,50.0,100.0,Apu_mollick1: I will be your social media marketing manager and content creator for $30 on fiverr.com,,,packageList,data/pilot/html-balanced/apu_mollick1/20240603_be-your-social-media-manager-and-content-creator.html.gz
aqeel8,create-6-amazing-video-logo-intro-animation-in-24-hours,20251023,2025,10,25.0,50.0,175.0,Aqeel8: I will create glorious logo animation or youtube intro video for $25 on fiverr.com,4.8,9879,packageList,data/pilot/html-balanced/aqeel8/20251023_create-6-amazing-video-logo-intro-animation-in-24-hours.html.gz
arakibastudio,rig-and-animate-2d-vtuber-models-live2d-for-streams-with-good-quality,20241002,2024,10,60.0,120.0,150.0,Arakibastudio: I will rig and animate your vtuber live2d models good quality for vtube studio for $60 on fiverr.com,4.9,135,packageList,data/pilot/html-balanced/arakibastudio/20241002_rig-and-animate-2d-vtuber-models-live2d-for-streams-with-good-quality.html.gz
arbazzshah,do-creative-youtube-video-editing-for-you-quickly-8820,20240112,2024,01,25.0,50.0,75.0,Arbazzshah: I will do creative youtube video editing for you quickly for $25 on fiverr.com,5.0,833,packageList,data/pilot/html-balanced/arbazzshah/20240112_do-creative-youtube-video-editing-for-you-quickly-8820.html.gz
archanaverma25d,do-any-database-related-work-oracle-plsql-sql-mysql-db2,20190502,2019,05,25.0,,,archanaverma25d : I will do any database related work oracle plsql sql mysql db2 for $25 on www.fiverr.com,4.8,35,packageList,data/pilot/html-balanced/archanaverma25d/20190502_do-any-database-related-work-oracle-plsql-sql-mysql-db2.html.gz
arcreation,design-unique-flat-minimalist-graphic-icons,20240706,2024,07,5.0,15.0,30.0,Arcreation: I will design modern flat custom vector graphic icons for $5 on fiverr.com,4.9,915,packageList,data/pilot/html-balanced/arcreation/20240706_design-unique-flat-minimalist-graphic-icons.html.gz
arditaardi,set-up-and-optimize-your-pinterest-profile-boards-and-pins,20230104,2023,01,30.0,75.0,120.0,"Arditaardi: I will setup,optimize and do pinterest marketing, pins and boards for $30 on fiverr.com",4.9,435,packageList,data/pilot/html-balanced/arditaardi/20230104_set-up-and-optimize-your-pinterest-profile-boards-and-pins.html.gz
arfahussain913,setup-and-manage-amazon-ppc-campaigns-amazon-sponsored-ads,20210714,2021,07,20.0,40.0,65.0,Arfahussain913: I will setup and manage amazon ppc campaign sponsored ads for $20 on fiverr.com,5.0,35,packageList,data/pilot/html-balanced/arfahussain913/20210714_setup-and-manage-amazon-ppc-campaigns-amazon-sponsored-ads.html.gz
arham_uppal,create-youtube-timestamps-seo-friendly-video-chapter-names,20241001,2024,10,5.0,15.0,20.0,"Arham_uppal: I will create youtube timestamps, SEO friendly video chapter names for $5 on fiverr.com",5.0,357,packageList,data/pilot/html-balanced/arham_uppal/20241001_create-youtube-timestamps-seo-friendly-video-chapter-names.html.gz
ari_anna,make-creative-2d-animated-video,20240807,2024,08,10.0,30.0,60.0,Ari_anna: I will make a custom 2d animated explainer video or sales videos for $10 on fiverr.com,4.9,919,packageList,data/pilot/html-balanced/ari_anna/20240807_make-creative-2d-animated-video.html.gz
ariangga,draw-a-dark-art-illustration,20190501,2019,05,0.0,20.0,0.0,ariangga : I will draw high quality dark art illustration for $20 on www.fiverr.com,4.9,601,old_json,data/pilot/html-balanced/ariangga/20190501_draw-a-dark-art-illustration.html.gz
ariannysong,be-your-female-singer-and-songwriter-in-english-or-spanish,20190502,2019,05,30.0,65.0,100.0,ariannysong : I will be your female singer and songwriter in english or spanish for $30 on www.fiverr.com,5.0,76,packageList,data/pilot/html-balanced/ariannysong/20190502_be-your-female-singer-and-songwriter-in-english-or-spanish.html.gz
ario_fp,create-a-professional-facebook-cover-banner-design,20191002,2019,10,30.0,,,ario_fp : I will create a professional facebook cover banner design for $30 on www.fiverr.com,4.8,26,packageList,data/pilot/html-balanced/ario_fp/20191002_create-a-professional-facebook-cover-banner-design.html.gz
arissa_miki,animate-any-2d-character-you-need,20190930,2019,09,5.0,30.0,80.0,arissa_miki : I will animate any 2d character you need for $5 on www.fiverr.com,4.9,68,packageList,data/pilot/html-balanced/arissa_miki/20190930_animate-any-2d-character-you-need.html.gz
arjoy007,design-price-list-menu-list-price-table-in-24hrs-e2308528-7025-4abe-b345-b561fb085a80,20191001,2019,10,10.0,20.0,35.0,arjoy007 : I will design psd price list menu list price table in 24hrs for $10 on www.fiverr.com,5.0,95,packageList,data/pilot/html-balanced/arjoy007/20191001_design-price-list-menu-list-price-table-in-24hrs-e2308528-7025-4abe-b345-b561fb085a80.html.gz
arnobmitra,produce-your-song-and-also-vocal-tune-mix-and-master,20191003,2019,10,120.0,,,"arnobmitra : I will produce your song and also vocal tune, mix and master for $120 on www.fiverr.com",,24,packageList,data/pilot/html-balanced/arnobmitra/20191003_produce-your-song-and-also-vocal-tune-mix-and-master.html.gz
arnoldprays,produce-brass-line-for-your-music-and-music-production,20191109,2019,11,30.0,,,"arnoldprays : I will write your hooks and songs, music production for $30 on www.fiverr.com",,38,packageList,data/pilot/html-balanced/arnoldprays/20191109_produce-brass-line-for-your-music-and-music-production.html.gz
arsalanlive,create-a-strong-social-media-marketing-strategy-for-you-612d,20210101,2021,01,20.0,30.0,40.0,I will create a strong social media marketing strategy for you,4.7,39,packageList,data/pilot/html-balanced/arsalanlive/20210101_create-a-strong-social-media-marketing-strategy-for-you-612d.html.gz
arsl_khan,design-mobile-app-ui,20181104,2018,11,10.0,25.0,20.0,arsl_khan : I will design mobile app ui ux for $5 on www.fiverr.com,4.9,206,old_json,data/pilot/html-balanced/arsl_khan/20181104_design-mobile-app-ui.html.gz
arslanmehdi,create-slideshow-with-voice-over-using-your-article,20230513,2023,05,10.0,20.0,35.0,Arslanmehdi: I will convert article or blog into a stunning video with voice over for $10 on fiverr.com,5.0,629,packageList,data/pilot/html-balanced/arslanmehdi/20230513_create-slideshow-with-voice-over-using-your-article.html.gz
arslanubaid,do-product-label-design-and-box-package-design-for-you,20220720,2022,07,15.0,55.0,105.0,Arslanubaid: I will do product label design and box package design for you for $15 on fiverr.com,4.9,1585,packageList,data/pilot/html-balanced/arslanubaid/20220720_do-product-label-design-and-box-package-design-for-you.html.gz
arsrabon,develop-a-professional-responsive-modern-user-free-wordpress-website-in-24-hours,20220413,2022,04,85.0,300.0,550.0,Arsrabon: I will develop wordpress website or ecommerce website or wordpress website design for $85 on fiverr.com,5.0,332,packageList,data/pilot/html-balanced/arsrabon/20220413_develop-a-professional-responsive-modern-user-free-wordpress-website-in-24-hours.html.gz
arsuchismita,landscape-design-backyard-patio-front-yard-terrace-garden,20250813,2025,08,50.0,90.0,150.0,"Arsuchismita: I will draw,render architectural and landscape site plan,floor plan for $50 on fiverr.com",5.0,4,packageList,data/pilot/html-balanced/arsuchismita/20250813_landscape-design-backyard-patio-front-yard-terrace-garden.html.gz
art_imperio,draw-eye-catching-cartoon-youtube-thumbnail-within-24h,20260102,2026,01,15.0,30.0,40.0,Art_imperio: I will draw cartoon youtube thumbnail any art style for $15 on fiverr.com,4.9,1242,packageList,data/pilot/html-balanced/art_imperio/20260102_draw-eye-catching-cartoon-youtube-thumbnail-within-24h.html.gz
artikapro,make-svg-animation-elements-for-web,20210516,2021,05,35.0,50.0,75.0,Artikapro: I will make custom svg animations for web and apps for $35 on fiverr.com,5.0,212,packageList,data/pilot/html-balanced/artikapro/20210516_make-svg-animation-elements-for-web.html.gz
artistgraphic,translate-your-pdf-fastlyy,20220408,2022,04,5.0,,,Artistgraphic: I will create a stunning event trailer teaser for $5 on fiverr.com,4.7,3,packageList,data/pilot/html-balanced/artistgraphic/20220408_translate-your-pdf-fastlyy.html.gz
artistway_pro,do-promotion-for-soundcloud-music,20191002,2019,10,10.0,25.0,50.0,artistway_pro : I will do promotion for your soundcloud music for $10 on www.fiverr.com,4.8,156,packageList,data/pilot/html-balanced/artistway_pro/20191002_do-promotion-for-soundcloud-music.html.gz
artlab369,create-stylish-podcast-cover-art-for-itunes-within-24-hours,20200104,2020,01,5.0,10.0,15.0,artlab369 : I will create stylish podcast cover art in 24hrs for $5 on www.fiverr.com,4.8,78,packageList,data/pilot/html-balanced/artlab369/20200104_create-stylish-podcast-cover-art-for-itunes-within-24-hours.html.gz
arts_hand,draw-any-illustration-sketch-or-logo,20210120,2021,01,20.0,50.0,80.0,"I will draw any illustration, sketch or painting",4.9,308,packageList,data/pilot/html-balanced/arts_hand/20210120_draw-any-illustration-sketch-or-logo.html.gz
artsbyyaseen,create-short-video-ads-and-commercials,20240910,2024,09,75.0,135.0,190.0,Artsbyyaseen: I will create a professional brand commercial and advertising video for $75 on fiverr.com,4.8,292,packageList,data/pilot/html-balanced/artsbyyaseen/20240910_create-short-video-ads-and-commercials.html.gz
arubaali480,write-heartfelt-wedding-vows-maid-of-honor-best-man-speech,20240507,2024,05,30.0,35.0,40.0,"Arubaali480: I will write heartfelt wedding vows, maid of honor, best man speech for $30 on fiverr.com",4.9,173,packageList,data/pilot/html-balanced/arubaali480/20240507_write-heartfelt-wedding-vows-maid-of-honor-best-man-speech.html.gz
arubikdesigns,twitch-logo-and-overlays-in-24-hours,20250821,2025,08,25.0,50.0,100.0,"Arubikdesigns: I will design custom animated twitch stream overlays package, mascot logo and more for $25 on fiverr.com",5.0,922,packageList,data/pilot/html-balanced/arubikdesigns/20250821_twitch-logo-and-overlays-in-24-hours.html.gz
asaleta,create-a-3d-rendering-for-interior-exterior-architecture,20250126,2025,01,50.0,75.0,120.0,Asaleta: I will create a 3d rendering for interior exterior architecture for $50 on fiverr.com,,,packageList,data/pilot/html-balanced/asaleta/20250126_create-a-3d-rendering-for-interior-exterior-architecture.html.gz
ashishservices,fix-linux-whm-cpanel-mysql-email-wordpress-vps-aws-issue,20190107,2019,01,5.0,,,"ashishservices : I will fix linux,whm, cpanel,mysql, email, wordpress,vps,aws issue for $5 on www.fiverr.com",4.9,18,old_json,data/pilot/html-balanced/ashishservices/20190107_fix-linux-whm-cpanel-mysql-email-wordpress-vps-aws-issue.html.gz
ashleybektesi,be-your-social-media-marketing-manager,20240410,2024,04,250.0,350.0,500.0,Ashleybektesi: I will be your social media  manager plus bonus for $250 on fiverr.com,5.0,513,packageList,data/pilot/html-balanced/ashleybektesi/20240410_be-your-social-media-marketing-manager.html.gz
ashleybektesi,be-your-social-media-marketing-manager,20260209,2026,02,250.0,350.0,500.0,"Ashleybektesi: I will be your social media manager, plus bonus for $250 on fiverr.com",5.0,564,packageList,data/pilot/html-balanced/ashleybektesi/20260209_be-your-social-media-marketing-manager.html.gz
ashleyday,translate-500-words-from-dutch-to-english-or-vice-versa,20200926,2020,09,15.0,20.0,25.0,I will translate english to dutch,5.0,1203,packageList,data/pilot/html-balanced/ashleyday/20200926_translate-500-words-from-dutch-to-english-or-vice-versa.html.gz
ashphonia,translate-between-english-and-chinese,20200101,2020,01,75.0,150.0,225.0,ashphonia : I will translate chinese to english or english to chinese for $75 on www.fiverr.com,5.0,5,packageList,data/pilot/html-balanced/ashphonia/20200101_translate-between-english-and-chinese.html.gz
ashter_munir,do-high-quality-video-editing,20230404,2023,04,100.0,200.0,300.0,"Ashter_munir: I will be professional video editor, content creator and tiktok video ads creator for $100 on fiverr.com",4.9,618,packageList,data/pilot/html-balanced/ashter_munir/20230404_do-high-quality-video-editing.html.gz
ashwinikmr,deploy-and-manage-web-app-to-aws-ec2,20200715,2020,07,50.0,125.0,150.0,ashwinikmr : I will install or migrate wordpress or other site to AWS for $50 on fiverr.com,5.0,438,packageList,data/pilot/html-balanced/ashwinikmr/20200715_deploy-and-manage-web-app-to-aws-ec2.html.gz
asifnur157,make-3d-animated-kid-rhyms-for-you,20200101,2020,01,120.0,220.0,350.0,asifnur157 : I will make 3d animated kid rhymes for $120 on www.fiverr.com,5.0,1,packageList,data/pilot/html-balanced/asifnur157/20200101_make-3d-animated-kid-rhyms-for-you.html.gz
asimansari160,debug-your-powerapp-and-flow-your-business-process,20201201,2020,12,40.0,,,"I will debug your powerapp, powerautomate for your business process",5.0,26,packageList,data/pilot/html-balanced/asimansari160/20201201_debug-your-powerapp-and-flow-your-business-process.html.gz
asimbaloch,design-a-awesome-professional-wordpress-website,20220401,2022,04,395.0,695.0,995.0,Asimbaloch: I will setup modern wordpress website design or blog design for $395 on fiverr.com,5.0,869,packageList,data/pilot/html-balanced/asimbaloch/20220401_design-a-awesome-professional-wordpress-website.html.gz
asmaislam1989,do-app-localization-and-translation,20230915,2023,09,5.0,10.0,20.0,Asmaislam1989: I will do app localization and translation for $5 on fiverr.com,,,packageList,data/pilot/html-balanced/asmaislam1989/20230915_do-app-localization-and-translation.html.gz
atharvamore679,design-professional-thumbnails-increase-ctr,20250412,2025,04,20.0,55.0,180.0,Atharvamore679: I will design amazing youtube thumbnail for $20 on fiverr.com,5.0,3088,packageList,data/pilot/html-balanced/atharvamore679/20250412_design-professional-thumbnails-increase-ctr.html.gz
atik6733,do-perfect-photoshop-editing,20250118,2025,01,50.0,100.0,150.0,Atik6733: I will design modern and luxury packaging box and product label for $50 on fiverr.com,4.7,250,packageList,data/pilot/html-balanced/atik6733/20250118_do-perfect-photoshop-editing.html.gz
atlasi_designs,design-retro-typography-lettering-handwritten-and-font-logo,20231013,2023,10,25.0,35.0,55.0,Atlasi_designs: I will do typography hand lettering handwritten retro and font logo for $25 on fiverr.com,5.0,50,packageList,data/pilot/html-balanced/atlasi_designs/20231013_design-retro-typography-lettering-handwritten-and-font-logo.html.gz
atzahoor,write-high-quality-product-descriptions-of-150-to-250-words-1652fd49-674e-43fe-b6a5-7db993dcbbba,20191003,2019,10,5.0,10.0,15.0,atzahoor : I will write high quality product descriptions of 150 or 250 words for $5 on www.fiverr.com,4.9,445,packageList,data/pilot/html-balanced/atzahoor/20191003_write-high-quality-product-descriptions-of-150-to-250-words-1652fd49-674e-43fe-b6a5-7db993dcbbba.html.gz
aubreyillurimo,sing-your-pop-rock-and-rnb-songs,20240701,2024,07,15.0,30.0,50.0,"Aubreyillurimo: I will be your pop, rock, and rnb female singer or vocalist for $15 on fiverr.com",5.0,115,packageList,data/pilot/html-balanced/aubreyillurimo/20240701_sing-your-pop-rock-and-rnb-songs.html.gz
audiorich,be-your-american-female-audiobook-narrator,20191030,2019,10,5.0,,,audiorich : I will be your american female audiobook narrator for $5 on www.fiverr.com,5.0,14,packageList,data/pilot/html-balanced/audiorich/20191030_be-your-american-female-audiobook-narrator.html.gz
audiovisualgods,produce-1-o-20-chill-lofi-beats-for-spotify-youtube-or-any,20220401,2022,04,30.0,60.0,120.0,"Audiovisualgods: I will produce 1 to 20 chill lofi beats for spotify, youtube or any for $30 on fiverr.com",4.9,24,packageList,data/pilot/html-balanced/audiovisualgods/20220401_produce-1-o-20-chill-lofi-beats-for-spotify-youtube-or-any.html.gz
avamallory,write-an-engaging-book-blurb-for-your-book,20190929,2019,09,5.0,,,avamallory : I will write a book blurb for $5 on www.fiverr.com,5.0,1630,packageList,data/pilot/html-balanced/avamallory/20190929_write-an-engaging-book-blurb-for-your-book.html.gz
avamallory,write-an-engaging-book-blurb-for-your-book,20211002,2021,10,10.0,,,Avamallory: I will write a book blurb for $10 on fiverr.com,5.0,2554,packageList,data/pilot/html-balanced/avamallory/20211002_write-an-engaging-book-blurb-for-your-book.html.gz
avj113,proofread-and-copy-edit-any-article-or-text,20190929,2019,09,5.0,,,avj113 : I will professionally proofread and edit your text or book for $5 on www.fiverr.com,5.0,2626,packageList,data/pilot/html-balanced/avj113/20190929_proofread-and-copy-edit-any-article-or-text.html.gz
avrimusic,cut-mix-songs-for-you-performance-dance-cheer,20230401,2023,04,15.0,40.0,80.0,"Avrimusic: I will cut mix songs for your performance, dance, cheer for $15 on fiverr.com",5.0,62,packageList,data/pilot/html-balanced/avrimusic/20230401_cut-mix-songs-for-you-performance-dance-cheer.html.gz
awais47,build-your-email-database,20250415,2025,04,60.0,120.0,180.0,Awais47: I will build cold calling and cold emailing list for $60 on fiverr.com,4.9,1170,packageList,data/pilot/html-balanced/awais47/20250415_build-your-email-database.html.gz
awaismir009,transcript-flawlessly-up-to-60-minute-audio,20200425,2020,04,5.0,10.0,15.0,awaismir009 : I will transcript flawlessly up to 60 minute audio in lowest price for $5 on fiverr.com,4.8,26,packageList,data/pilot/html-balanced/awaismir009/20200425_transcript-flawlessly-up-to-60-minute-audio.html.gz
awaisshab117,provides-high-authority-da-90-plus-seo-dofollow-backlinks,20230714,2023,07,20.0,40.0,85.0,Awaisshab117: I will provides high authority da 90 plus SEO dofollow backlinks for $20 on fiverr.com,4.9,587,packageList,data/pilot/html-balanced/awaisshab117/20230714_provides-high-authority-da-90-plus-seo-dofollow-backlinks.html.gz
awanyustira,create-original-video-animation-for-your-music-video,20240401,2024,04,35.0,45.0,250.0,Awanyustira: I will make a digital collage video animated for $35 on fiverr.com,4.7,42,packageList,data/pilot/html-balanced/awanyustira/20240401_create-original-video-animation-for-your-music-video.html.gz
awesomecreation,make-an-awesome-spokesperson-video-in-english-or-spanish,20211001,2021,10,30.0,125.0,210.0,Awesomecreation: I will make an awesome spokesperson video in english or spanish for $30 on fiverr.com,5.0,456,packageList,data/pilot/html-balanced/awesomecreation/20211001_make-an-awesome-spokesperson-video-in-english-or-spanish.html.gz
awwyeah,critique-or-write-your-podcast-intro-script,20190929,2019,09,5.0,20.0,30.0,awwyeah : I will critique or write your podcast intro script for $5 on www.fiverr.com,4.8,139,packageList,data/pilot/html-balanced/awwyeah/20190929_critique-or-write-your-podcast-intro-script.html.gz
ayeyusif,make-unique-animated-lyric-video-in-2-days,20240701,2024,07,30.0,45.0,50.0,Ayeyusif: I will make beautiful animated lyric video for your song for $30 on fiverr.com,5.0,1906,packageList,data/pilot/html-balanced/ayeyusif/20240701_make-unique-animated-lyric-video-in-2-days.html.gz
ayezacreat,create-baby-milestone-baby-logo-baby-milestone-blanket,20250916,2025,09,25.0,60.0,85.0,Ayezacreat: I will design adorable baby milestone blanket for $25 on fiverr.com,5.0,88,packageList,data/pilot/html-balanced/ayezacreat/20250916_create-baby-milestone-baby-logo-baby-milestone-blanket.html.gz
aylansemesta,design-one-page-or-landing-page-web-design,20180811,2018,08,0.0,0.0,20.0,aylansemesta : I will design creative one page or landing page website UI for $40 on www.fiverr.com,5.0,235,old_json,data/pilot/html-balanced/aylansemesta/20180811_design-one-page-or-landing-page-web-design.html.gz
aylinke,provide-the-best-german-english-medical-translations,20190929,2019,09,10.0,35.0,65.0,aylinke : I will provide the best german english medical translations for $10 on www.fiverr.com,5.0,9,packageList,data/pilot/html-balanced/aylinke/20190929_provide-the-best-german-english-medical-translations.html.gz
ayomideajay,be-your-strategic-website-content-marketer,20190929,2019,09,10.0,20.0,30.0,ayomideajay : I will create content for your website and social platforms for $10 on www.fiverr.com,4.9,11,packageList,data/pilot/html-balanced/ayomideajay/20190929_be-your-strategic-website-content-marketer.html.gz
ayushshukla102,do-dance-choreography-on-your-music-with-my-dance-skills-doing-a-couple-of-dance,20210618,2021,06,10.0,15.0,25.0,Ayushshukla102: I will do dance choreography on your music with my dance skills doing a couple of dance for $10 on fiverr.com,5.0,1,packageList,data/pilot/html-balanced/ayushshukla102/20210618_do-dance-choreography-on-your-music-with-my-dance-skills-doing-a-couple-of-dance.html.gz
azureowlstudio,create-custom-animated-emotes-for-twitch-youtube-or-discord,20241002,2024,10,20.0,60.0,100.0,"Azureowlstudio: I will create chibi animated emotes for streaming on twitch, kik, discord, or youtube for $20 on fiverr.com",5.0,222,packageList,data/pilot/html-balanced/azureowlstudio/20241002_create-custom-animated-emotes-for-twitch-youtube-or-discord.html.gz
babulmiah5901,collect-niche-targeted-email-list-email-marketing-usa-business-email-list,20210102,2021,01,5.0,20.0,50.0,"I will collect niche targeted  email list, email marketing, USA business email list",4.9,21,packageList,data/pilot/html-balanced/babulmiah5901/20210102_collect-niche-targeted-email-list-email-marketing-usa-business-email-list.html.gz
babulnokrek,teach-you-wordpress-web-design,20181002,2018,10,25.0,0.0,15.0,babulnokrek : I will teach web freelancing skills in 2 hours and make  1k to 5k from home for $95 on www.fiverr.com,5.0,5,old_json,data/pilot/html-balanced/babulnokrek/20181002_teach-you-wordpress-web-design.html.gz
backlinkb,do-blogger-outreach-for-niche-edits-outreach-for-guest-post,20220101,2022,01,25.0,60.0,150.0,Backlinkb: I will do genuine blogger outreach for niche edits and guest posts for $25 on fiverr.com,5.0,98,packageList,data/pilot/html-balanced/backlinkb/20220101_do-blogger-outreach-for-niche-edits-outreach-for-guest-post.html.gz
backlinks__pro,create-dutch-backlinks-on-netherlands-guest-post-sites,20230218,2023,02,15.0,65.0,120.0,Backlinks__pro: I will create dutch backlinks on netherlands guest post sites for $15 on fiverr.com,5.0,39,packageList,data/pilot/html-balanced/backlinks__pro/20230218_create-dutch-backlinks-on-netherlands-guest-post-sites.html.gz
bagraphix786,design-stunning-signature-logo,20210416,2021,04,10.0,25.0,50.0,Bagraphix786: I will design stunning signature logo for $10 on fiverr.com,4.9,1968,packageList,data/pilot/html-balanced/bagraphix786/20210416_design-stunning-signature-logo.html.gz
bandbios,send-you-a-musician-booking-contract-template,20221101,2022,11,45.0,95.0,125.0,Bandbios: I will write vacation rental listing descriptions that sell for $45 on fiverr.com,5.0,125,packageList,data/pilot/html-balanced/bandbios/20221101_send-you-a-musician-booking-contract-template.html.gz
bar_amdavid,write-a-custom-amazon-product-description-that-increases-your-sales-amazon-ppc,20201014,2020,10,100.0,150.0,250.0,I will write an amazon product description that sells plus PPC,5.0,43,packageList,data/pilot/html-balanced/bar_amdavid/20201014_write-a-custom-amazon-product-description-that-increases-your-sales-amazon-ppc.html.gz
barence,design-minimalist-youtube-banner-in-24-hours,20240720,2024,07,10.0,20.0,25.0,Barence: I will design minimalist youtube banner in 24 hours for $10 on fiverr.com,5.0,733,packageList,data/pilot/html-balanced/barence/20240720_design-minimalist-youtube-banner-in-24-hours.html.gz
barha_pritha,design-create-query-sql-database-spreadsheet-project-microsoft-access-ms-excel,20210701,2021,07,30.0,60.0,120.0,"Barha_pritha: I will design ms access or excel database, spreadsheet, sheet for $30 on fiverr.com",5.0,38,packageList,data/pilot/html-balanced/barha_pritha/20210701_design-create-query-sql-database-spreadsheet-project-microsoft-access-ms-excel.html.gz
basit_arman,do-creative-minimal-logo-design-a1dd,20250916,2025,09,65.0,85.0,125.0,Basit_arman: I will design a modern minimalist logo and brand identity for $65 on fiverr.com,5.0,351,packageList,data/pilot/html-balanced/basit_arman/20250916_do-creative-minimal-logo-design-a1dd.html.gz
bassafabulous,radio-jingles-sweepers-imaging-dj-drops,20240223,2024,02,10.0,,,Bassafabulous: I will record you 5 custom dj drops with vocal fx for $10 on fiverr.com,5.0,206,packageList,data/pilot/html-balanced/bassafabulous/20240223_radio-jingles-sweepers-imaging-dj-drops.html.gz
bastiaanruitenb,mix-and-master-your-song-to-perfection,20210204,2021,02,50.0,80.0,120.0,I will mix and master your music to perfection,5.0,283,packageList,data/pilot/html-balanced/bastiaanruitenb/20210204_mix-and-master-your-song-to-perfection.html.gz
bdevlin,write-text-ad-copy-for-google-adwords,20190319,2019,03,20.0,30.0,35.0,bdevlin : I will write text ad copy for google adwords for $20 on www.fiverr.com,5.0,38,packageList,data/pilot/html-balanced/bdevlin/20190319_write-text-ad-copy-for-google-adwords.html.gz
be_a_pro_media,wix-website-design-wix-website-redesign-wix-ecommerce,20221008,2022,10,30.0,100.0,200.0,Be_a_pro_media: I will do wix website design wix website redesign wix website store for $30 on fiverr.com,5.0,30,packageList,data/pilot/html-balanced/be_a_pro_media/20221008_wix-website-design-wix-website-redesign-wix-ecommerce.html.gz
be_a_pro_media,wix-website-design-wix-website-redesign-wix-ecommerce,20240824,2024,08,30.0,150.0,300.0,"Be_a_pro_media: I will create wix website design, wix website redesign, wix studio website for $30 on fiverr.com",4.9,217,packageList,data/pilot/html-balanced/be_a_pro_media/20240824_wix-website-design-wix-website-redesign-wix-ecommerce.html.gz
bear_shadow,animate-your-pictures-beautiful-and-will-do-them-alive,20221223,2022,12,20.0,30.0,40.0,Bear_shadow: I will animate your pictures and photo and will do them alive for $20 on fiverr.com,5.0,1733,packageList,data/pilot/html-balanced/bear_shadow/20221223_animate-your-pictures-beautiful-and-will-do-them-alive.html.gz
beautiful_angli,design-fix-customize-and-redesign-wix-website,20191001,2019,10,15.0,35.0,60.0,"beautiful_angli : I will design,fix,customize and redesign wix website for $15 on www.fiverr.com",4.8,285,packageList,data/pilot/html-balanced/beautiful_angli/20191001_design-fix-customize-and-redesign-wix-website.html.gz
becomecubed,edit-your-stream-highlights-or-youtube-video,20190929,2019,09,30.0,50.0,65.0,"becomecubed : I will edit your stream highlights, youtube, and gameplay videos for $30 on www.fiverr.com",4.9,70,packageList,data/pilot/html-balanced/becomecubed/20190929_edit-your-stream-highlights-or-youtube-video.html.gz
bednarj,write-a-great-technology-article-for-your-website-or-blog,20180803,2018,08,15.0,20.0,25.0,bednarj : I will write a great technology article for your website or blog for $15 on www.fiverr.com,5.0,64,dollar_fallback,data/pilot/html-balanced/bednarj/20180803_write-a-great-technology-article-for-your-website-or-blog.html.gz
beecampbell,create-stellar-cover-letter-to-land-your-next-job,20230505,2023,05,30.0,40.0,50.0,Beecampbell: I will create stellar cover letter or personal statement for $30 on fiverr.com,5.0,42,packageList,data/pilot/html-balanced/beecampbell/20230505_create-stellar-cover-letter-to-land-your-next-job.html.gz
belayachi,design-unique-wedding-invitation-package,20191002,2019,10,10.0,25.0,80.0,belayachi : I will design unique wedding invitation package for $10 on www.fiverr.com,4.8,153,packageList,data/pilot/html-balanced/belayachi/20191002_design-unique-wedding-invitation-package.html.gz
bellavofficial,sing-professional-rock-vocals-on-your-song,20251115,2025,11,75.0,250.0,400.0,"Bellavofficial: I will be your pro female rock vocalist, metal, pop punk alt edm for $75 on fiverr.com",5.0,39,packageList,data/pilot/html-balanced/bellavofficial/20251115_sing-professional-rock-vocals-on-your-song.html.gz
ben_amstutz,mix-and-master-your-song-in-24-hours,20240905,2024,09,15.0,25.0,35.0,Ben_amstutz: I will mix and master your  song for $15 on fiverr.com,4.9,2993,packageList,data/pilot/html-balanced/ben_amstutz/20240905_mix-and-master-your-song-in-24-hours.html.gz
ben_young,create-photorealistic-samurai-warriors-characters-and-concept-art-with-ai,20250922,2025,09,25.0,50.0,70.0,Ben_young: I will bring your ideas to life with stunning concept art using midjourney ai for $25 on fiverr.com,4.9,13,packageList,data/pilot/html-balanced/ben_young/20250922_create-photorealistic-samurai-warriors-characters-and-concept-art-with-ai.html.gz
benwakevo,record-a-professional-british-voice-over-for-your-project,20220104,2022,01,100.0,,,Benwakevo: I will record a british english male voice over for $100 on fiverr.com,5.0,169,packageList,data/pilot/html-balanced/benwakevo/20220104_record-a-professional-british-voice-over-for-your-project.html.gz
berglowefilms,make-gta-v-cinematic-trailers,20231001,2023,10,50.0,85.0,170.0,Berglowefilms: I will create gta 5 cinematics and music video and server trailer for $50 on fiverr.com,5.0,7,packageList,data/pilot/html-balanced/berglowefilms/20231001_make-gta-v-cinematic-trailers.html.gz
berzanonen,be-your-male-singer-and-songwriter,20231121,2023,11,100.0,150.0,200.0,Berzanonen: I will be your male singer and songwriter for $100 on fiverr.com,5.0,527,packageList,data/pilot/html-balanced/berzanonen/20231121_be-your-male-singer-and-songwriter.html.gz
besstt_seo,do-1000-google-map-points-for-local-seo-aaa,20220503,2022,05,10.0,45.0,75.0,"Besstt_seo: I will boost gmb ranking with best google local SEO strategy,top1 for $10 on fiverr.com",4.9,424,packageList,data/pilot/html-balanced/besstt_seo/20220503_do-1000-google-map-points-for-local-seo-aaa.html.gz
best_seo,create-300-social-bookmarks-high-quality-seo-backlinks-pr0-to-pr8,20250731,2025,07,395.0,595.0,775.0,Best_seo: I will do local seo to rank website and google business profile for $395 on fiverr.com,4.9,4321,packageList,data/pilot/html-balanced/best_seo/20250731_create-300-social-bookmarks-high-quality-seo-backlinks-pr0-to-pr8.html.gz
bestdesign4you,design-web-bannerheaderad,20240706,2024,07,5.0,10.0,25.0,"Bestdesign4you: I will design a professional web banner,header,ads,cover for $5 on fiverr.com",5.0,15144,packageList,data/pilot/html-balanced/bestdesign4you/20240706_design-web-bannerheaderad.html.gz
besttuhin,do-beauty-portrait-and-product-photo-retouching-professionally,20210727,2021,07,5.0,15.0,25.0,"I will do headshot, portrait, and natural beauty retouch",5.0,6,packageList,data/pilot/html-balanced/besttuhin/20210727_do-beauty-portrait-and-product-photo-retouching-professionally.html.gz
bh2362419,write-your-speech-as-only-a-public-speaker-can,20180813,2018,08,50.0,100.0,250.0,bh2362419 : I will write a persuasive inspirational motivational speech for $50 on www.fiverr.com,5.0,95,packageList,data/pilot/html-balanced/bh2362419/20180813_write-your-speech-as-only-a-public-speaker-can.html.gz
bharath1987,professional-video-editing,20240102,2024,01,25.0,50.0,80.0,Bharath1987: I will do top level video editing for all category videos for $25 on fiverr.com,4.9,2250,packageList,data/pilot/html-balanced/bharath1987/20240102_professional-video-editing.html.gz
bhernandez88,translate-any-urgent-english-text-into-spanish,20201101,2020,11,10.0,,,I will translate any english or spanish text today,5.0,60,packageList,data/pilot/html-balanced/bhernandez88/20201101_translate-any-urgent-english-text-into-spanish.html.gz
bigbizvideo,create-a-promotional-video-with-a-model-spokesperson,20180717,2018,07,10.0,25.0,25.0,bigbizvideo : I will create a promotional spokesperson video commercial for $20 on www.fiverr.com,,,old_json,data/pilot/html-balanced/bigbizvideo/20180717_create-a-promotional-video-with-a-model-spokesperson.html.gz
bigtiger,do-a-scrapebox-blast-of-70-000-guaranteed-blog-comments-backlinks-unlimited-urlskeywords-allowed,20190308,2019,03,10.0,20.0,30.0,I will build 100 000 verified blog comments backlinks,5.0,2991,packageList,data/pilot/html-balanced/bigtiger/20190308_do-a-scrapebox-blast-of-70-000-guaranteed-blog-comments-backlinks-unlimited-urlskeywords-allowed.html.gz
bijoypal1721,design-logo-for-real-estate-and-construction-businesses,20250429,2025,04,5.0,10.0,15.0,"Bijoypal1721: I will design logo for real estate, and construction businesses for $5 on fiverr.com",,,packageList,data/pilot/html-balanced/bijoypal1721/20250429_design-logo-for-real-estate-and-construction-businesses.html.gz
bilalhaider23,do-a-minimalist-logo-design,20220612,2022,06,50.0,100.0,150.0,Bilalhaider23: I will do modern minimalist custom business logo design for $50 on fiverr.com,4.9,724,packageList,data/pilot/html-balanced/bilalhaider23/20220612_do-a-minimalist-logo-design.html.gz
bilalkhan530,do-text-message-and-email-marketing-with-phone-numbers-leads,20240114,2024,01,10.0,30.0,60.0,Bilalkhan530: I will do text message and bulk SMS marketing worldwide with active phone numbers list for $10 on fiverr.com,4.8,14,packageList,data/pilot/html-balanced/bilalkhan530/20240114_do-text-message-and-email-marketing-with-phone-numbers-leads.html.gz
bilalkhan530,do-text-message-and-email-marketing-with-phone-numbers-leads,20240706,2024,07,10.0,60.0,125.0,Bilalkhan530: I will do text message and bulk SMS marketing worldwide with active phone numbers list for $10 on fiverr.com,4.7,26,packageList,data/pilot/html-balanced/bilalkhan530/20240706_do-text-message-and-email-marketing-with-phone-numbers-leads.html.gz
billionideas,create-marketing-plan-for-your-business,20240202,2024,02,115.0,450.0,850.0,Billionideas: I will create a visa business plan for investors for $115 on fiverr.com,5.0,4,packageList,data/pilot/html-balanced/billionideas/20240202_create-marketing-plan-for-your-business.html.gz
binarygod,draw-a-caricature-of-you-a-friend-or-a-loved-one,20251204,2025,12,100.0,250.0,400.0,Binarygod: I will draw a caricature of you a friend or a loved one for $100 on fiverr.com,5.0,95,packageList,data/pilot/html-balanced/binarygod/20251204_draw-a-caricature-of-you-a-friend-or-a-loved-one.html.gz
bizconsultant11,write-an-investor-ready-business-plan-in-24hrs,20180917,2018,09,0.0,165.0,,bizconsultant11 : I will write an investor ready business plan in 24hrs for $5 on www.fiverr.com,5.0,11,old_json,data/pilot/html-balanced/bizconsultant11/20180917_write-an-investor-ready-business-plan-in-24hrs.html.gz
bkille,write-a-radio-commercial-for-you,20200101,2020,01,100.0,150.0,200.0,bkille : I will write a radio commercial for you for $100 on www.fiverr.com,,4,packageList,data/pilot/html-balanced/bkille/20200101_write-a-radio-commercial-for-you.html.gz
blackman111,do-excellent-offpage-seo,20250425,2025,04,5.0,20.0,40.0,Blackman111: I will do excellent off page SEO for $5 on fiverr.com,,,packageList,data/pilot/html-balanced/blackman111/20250425_do-excellent-offpage-seo.html.gz
blacknostaljack,play-your-music-on-my-radio-station-and-podcast,20220802,2022,08,5.0,30.0,50.0,Blacknostaljack: I will play and chart your music next to mainstream artists for $5 on fiverr.com,5.0,4165,packageList,data/pilot/html-balanced/blacknostaljack/20220802_play-your-music-on-my-radio-station-and-podcast.html.gz
blind95,make-a-hardstyle-remix-of-your-song,20211203,2021,12,25.0,55.0,60.0,Blind95: I will make a hardstyle remix of your song for $25 on fiverr.com,,,packageList,data/pilot/html-balanced/blind95/20211203_make-a-hardstyle-remix-of-your-song.html.gz
blindsightmix,professionally-master-your-song-loud-within-24-hrs-a7a0d431-9ba3-40b5-a70f-e16bd6a3a1e3,20210701,2021,07,20.0,50.0,65.0,Blindsightmix: I will mix and master your song to industry standards for $20 on fiverr.com,5.0,1507,packageList,data/pilot/html-balanced/blindsightmix/20210701_professionally-master-your-song-loud-within-24-hrs-a7a0d431-9ba3-40b5-a70f-e16bd6a3a1e3.html.gz
blitzd,create-your-own-cryptocurrency-like-bitcoin,20210702,2021,07,495.0,995.0,1995.0,Blitzd: I will create your own cryptocurrency like dogecoin or bitcoin with a wallet for $495 on fiverr.com,5.0,30,packageList,data/pilot/html-balanced/blitzd/20210702_create-your-own-cryptocurrency-like-bitcoin.html.gz
blitzd,create-your-own-cryptocurrency-like-bitcoin,20250513,2025,05,495.0,1245.0,2495.0,Blitzd: I will create your own cryptocurrency like bitcoin or ethereum for $495 on fiverr.com,5.0,100,packageList,data/pilot/html-balanced/blitzd/20250513_create-your-own-cryptocurrency-like-bitcoin.html.gz
blizaardy,create-animated-steam-artwork-with-effects,20230512,2023,05,30.0,,,Blizaardy: I will create animated steam artwork for $30 on fiverr.com,5.0,358,packageList,data/pilot/html-balanced/blizaardy/20230512_create-animated-steam-artwork-with-effects.html.gz
bluehairdvae,create-ugc-tiktok-video-ads-as-your-personal-spokesman,20241002,2024,10,110.0,135.0,155.0,Bluehairdvae: I will create ugc tiktok video ads as your personal award winning spokesman fast for $110 on fiverr.com,5.0,711,packageList,data/pilot/html-balanced/bluehairdvae/20241002_create-ugc-tiktok-video-ads-as-your-personal-spokesman.html.gz
bluston,edit-and-proofread-your-document,20231027,2023,10,5.0,10.0,15.0,Bluston: I will edit and proofread your document for $5 on fiverr.com,5.0,6253,packageList,data/pilot/html-balanced/bluston/20231027_edit-and-proofread-your-document.html.gz
bobooks,design-a-professional-fantasy-book-cover-f65c3100-7616-421d-8194-8ac8d120c142,20230406,2023,04,50.0,70.0,110.0,Bobooks: I will create a unique fantasy book cover illustration for $50 on fiverr.com,4.9,1638,packageList,data/pilot/html-balanced/bobooks/20230406_design-a-professional-fantasy-book-cover-f65c3100-7616-421d-8194-8ac8d120c142.html.gz
bobperyea,write-winning-web-copy-for-your-landing-page-or-website,20200101,2020,01,115.0,,,bobperyea : I will write winning web copy for your landing page or website for $115 on www.fiverr.com,4.9,46,packageList,data/pilot/html-balanced/bobperyea/20200101_write-winning-web-copy-for-your-landing-page-or-website.html.gz
bogman,create-an-amazing-book-trailer-video,20190224,2019,02,35.0,45.0,65.0,bogman : I will create an amazing book trailer video for $35 on www.fiverr.com,5.0,32,dollar_fallback,data/pilot/html-balanced/bogman/20190224_create-an-amazing-book-trailer-video.html.gz
bojansavikj,write-review-for-your-app-software-or-product-and-post-it-on-my-pr3-website,20190502,2019,05,10.0,85.0,165.0,bojansavikj : I will write product descriptions with seo for ecommerce for $10 on www.fiverr.com,5.0,1690,packageList,data/pilot/html-balanced/bojansavikj/20190502_write-review-for-your-app-software-or-product-and-post-it-on-my-pr3-website.html.gz
bolabasha,transcript-video-or-audio-in-english-or-arabic,20230429,2023,04,5.0,10.0,15.0,Bolabasha: I will add subtitles to your video in 6h for $5 on fiverr.com,5.0,276,packageList,data/pilot/html-balanced/bolabasha/20230429_transcript-video-or-audio-in-english-or-arabic.html.gz
boldrack,code-any-python-script,20180726,2018,07,5.0,10.0,15.0,boldrack : I will code any python script for $5 on www.fiverr.com,,22,dollar_fallback,data/pilot/html-balanced/boldrack/20180726_code-any-python-script.html.gz
bolt_runner,create-a-south-park-style-animation,20221003,2022,10,35.0,70.0,130.0,Bolt_runner: I will create cartoon south park style animation for $35 on fiverr.com,5.0,290,packageList,data/pilot/html-balanced/bolt_runner/20221003_create-a-south-park-style-animation.html.gz
bolt_runner,create-a-south-park-style-animation,20230403,2023,04,40.0,75.0,135.0,Bolt_runner: I will create cartoon south park style animation for $40 on fiverr.com,5.0,330,packageList,data/pilot/html-balanced/bolt_runner/20230403_create-a-south-park-style-animation.html.gz
bolt_runner,create-a-south-park-style-animation,20250627,2025,06,60.0,145.0,250.0,Bolt_runner: I will create cartoon south park style animation for $60 on fiverr.com,4.9,475,packageList,data/pilot/html-balanced/bolt_runner/20250627_create-a-south-park-style-animation.html.gz
bongoneshian,manually-convert-any-page-document-to-any-ebook-format,20180728,2018,07,15.0,5.0,5.0,"bongoneshian : I will manually convert your document to kindle mobi, epub or createspace format for $5 on www.fiverr.com",10.0,,old_json,data/pilot/html-balanced/bongoneshian/20180728_manually-convert-any-page-document-to-any-ebook-format.html.gz
boomsa,edit-your-complex-resume-cover-letter-or-linkedin,20250804,2025,08,175.0,205.0,245.0,"Boomsa: I will create your mid career resume, cover letter, linkedin for $175 on fiverr.com",4.9,4672,packageList,data/pilot/html-balanced/boomsa/20250804_edit-your-complex-resume-cover-letter-or-linkedin.html.gz
borydesign,design-a-retro-vintage-logo,20200101,2020,01,25.0,60.0,100.0,borydesign : I will design a retro vintage logo for $25 on www.fiverr.com,4.9,12640,packageList,data/pilot/html-balanced/borydesign/20200101_design-a-retro-vintage-logo.html.gz
bowergamecorner,create-a-kickstarter-video-to-promote-your-board-or-card-game,20230227,2023,02,200.0,,,Bowergamecorner: I will create a preview for your kickstarter product or boardgame for $200 on fiverr.com,4.8,20,packageList,data/pilot/html-balanced/bowergamecorner/20230227_create-a-kickstarter-video-to-promote-your-board-or-card-game.html.gz
boycheque,be-your-hip-hop-rap-rnb-and-trap-songwriter,20241003,2024,10,35.0,70.0,100.0,"Boycheque: I will be birthdays, anniversary or wedding rap songwriter for $35 on fiverr.com",5.0,11,packageList,data/pilot/html-balanced/boycheque/20241003_be-your-hip-hop-rap-rnb-and-trap-songwriter.html.gz
bradtobler,create-a-professional-live-action-explainer-video,20210722,2021,07,2995.0,4995.0,7995.0,Bradtobler: I will create a professional live action explainer video for $2995 on fiverr.com,,,packageList,data/pilot/html-balanced/bradtobler/20210722_create-a-professional-live-action-explainer-video.html.gz
branded_pptx,create-and-design-a-pro-powerpoint-template,20190514,2019,05,30.0,60.0,125.0,branded_pptx : I will create and design a pro powerpoint template for $30 on www.fiverr.com,4.9,614,dollar_fallback,data/pilot/html-balanced/branded_pptx/20190514_create-and-design-a-pro-powerpoint-template.html.gz
brandk,do-instagram-marketing-for-super-fast-organic-growth,20250512,2025,05,90.0,120.0,170.0,Brandk: I will organically grow your instagram account for organic growth for $90 on fiverr.com,5.0,1063,packageList,data/pilot/html-balanced/brandk/20250512_do-instagram-marketing-for-super-fast-organic-growth.html.gz
brandmoose,design-custom-professional-logo,20251123,2025,11,15.0,30.0,45.0,Brandmoose: I will design custom professional logo for $15 on fiverr.com,4.9,315,packageList,data/pilot/html-balanced/brandmoose/20251123_design-custom-professional-logo.html.gz
brandmoose,design-custom-professional-logo,20260101,2026,01,15.0,30.0,45.0,Brandmoose: I will design custom professional logo for $15 on fiverr.com,4.9,315,packageList,data/pilot/html-balanced/brandmoose/20260101_design-custom-professional-logo.html.gz
braulio5ver,transcribe-sheet-music-or-chords-charts-of-any-song,20220402,2022,04,15.0,,,Braulio5ver: I will transcribe sheet music or chords charts of any song for $15 on fiverr.com,5.0,55,packageList,data/pilot/html-balanced/braulio5ver/20220402_transcribe-sheet-music-or-chords-charts-of-any-song.html.gz
brian_sanyshyn,compose-original-music-for-any-form-of-media,20220705,2022,07,60.0,90.0,200.0,Brian_sanyshyn: I will compose memorable podcast intro and outro music for $60 on fiverr.com,5.0,17,packageList,data/pilot/html-balanced/brian_sanyshyn/20220705_compose-original-music-for-any-form-of-media.html.gz
brianv476,transcribe-spanish-in-captions-or-a-simple-formatted-text,20201001,2020,10,5.0,10.0,15.0,I will subtitle and translate to spanish,5.0,154,packageList,data/pilot/html-balanced/brianv476/20201001_transcribe-spanish-in-captions-or-a-simple-formatted-text.html.gz
broadcastking,write-rap-produce-record-and-create-a-custom-music-video,20180919,2018,09,5.0,10.0,15.0,"broadcastking : I will write, rap, produce, record and create a custom music video for $5 on www.fiverr.com",4.9,39,dollar_fallback,data/pilot/html-balanced/broadcastking/20180919_write-rap-produce-record-and-create-a-custom-music-video.html.gz
broadcastking,distribute-your-press-release-to-2000-relevant-media-outlets,20190502,2019,05,0.0,0.0,5.0,broadcastking : I will distribute your press release to 2000 relevant media outlets for $5 on www.fiverr.com,4.7,17,old_json,data/pilot/html-balanced/broadcastking/20190502_distribute-your-press-release-to-2000-relevant-media-outlets.html.gz
broadcastking,distribute-your-press-release-to-2000-relevant-media-outlets,20200412,2020,04,10.0,15.0,20.0,broadcastking : I will distribute your press release to 2000 media outlets for $10 on fiverr.com,4.7,78,packageList,data/pilot/html-balanced/broadcastking/20200412_distribute-your-press-release-to-2000-relevant-media-outlets.html.gz
broadcastking,record-your-custom-song-on-video,20230103,2023,01,30.0,40.0,60.0,Broadcastking: I will create and record your song on video with 2 puppets for $30 on fiverr.com,4.9,345,packageList,data/pilot/html-balanced/broadcastking/20230103_record-your-custom-song-on-video.html.gz
bruno_kalapa,create-an-amazing-cinematic-music-video,20220101,2022,01,1600.0,5000.0,10000.0,Bruno_kalapa: I will create an amazing cinematic music video for $1600 on fiverr.com,5.0,2,packageList,data/pilot/html-balanced/bruno_kalapa/20220101_create-an-amazing-cinematic-music-video.html.gz
bryanrjimenez,write-lyrics-for-your-song,20210721,2021,07,10.0,80.0,110.0,Bryanrjimenez: I will write lyrics for your song in any genre for $10 on fiverr.com,5.0,92,packageList,data/pilot/html-balanced/bryanrjimenez/20210721_write-lyrics-for-your-song.html.gz
brydernetwork,do-organic-soundcloud-promotion-through-my-network,20220401,2022,04,20.0,40.0,65.0,Brydernetwork: I will do organic soundcloud promotion through my network for $20 on fiverr.com,4.9,404,packageList,data/pilot/html-balanced/brydernetwork/20220401_do-organic-soundcloud-promotion-through-my-network.html.gz
bsrkck,translate-english-to-turkish-or-turkish-to-english,20230717,2023,07,5.0,15.0,25.0,Bsrkck: I will translate english to turkish or turkish to english for $5 on fiverr.com,5.0,585,packageList,data/pilot/html-balanced/bsrkck/20230717_translate-english-to-turkish-or-turkish-to-english.html.gz
bthrive,do-profitable-seo-keyword-research-and-competitor-analysis-for-top-ranking,20220201,2022,02,10.0,15.0,25.0,Bthrive: I will do profitable keyword research for SEO and competitor analysis for top ranking for $10 on fiverr.com,4.9,217,packageList,data/pilot/html-balanced/bthrive/20220201_do-profitable-seo-keyword-research-and-competitor-analysis-for-top-ranking.html.gz
btsashik32,design-responsive-wordpress-landing-page-or-squeeze-page-or-sales-or-promo-page,20190930,2019,09,10.0,20.0,50.0,"btsashik32 : I will create modern landing page design, lead page, coming soon page, wix design for $10 on www.fiverr.com",4.9,20,packageList,data/pilot/html-balanced/btsashik32/20190930_design-responsive-wordpress-landing-page-or-squeeze-page-or-sales-or-promo-page.html.gz
buczar,professionally-edit-mix-and-master-your-podcast,20240711,2024,07,15.0,30.0,40.0,"Buczar: I will do podcast audio editing, mixing and mastering for $15 on fiverr.com",5.0,806,packageList,data/pilot/html-balanced/buczar/20240711_professionally-edit-mix-and-master-your-podcast.html.gz
burconur,do-a-book-cover-design,20200220,2020,02,25.0,,,burconur : I will do a book cover design for $25 on www.fiverr.com,5.0,10,packageList,data/pilot/html-balanced/burconur/20200220_do-a-book-cover-design.html.gz
buttabrocka,interview-you-as-my-guest-on-my-popular-podcast,20240316,2024,03,75.0,85.0,90.0,Buttabrocka: I will interview you on my iheart radio and pandora podcast for $75 on fiverr.com,5.0,60,packageList,data/pilot/html-balanced/buttabrocka/20240316_interview-you-as-my-guest-on-my-popular-podcast.html.gz
bydesigndj,record-and-american-english-voice-over,20240216,2024,02,5.0,,,Bydesigndj: I will record a male american english voice over for $5 on fiverr.com,5.0,266,packageList,data/pilot/html-balanced/bydesigndj/20240216_record-and-american-english-voice-over.html.gz
bytesbee,design-a-attractive-fb-cover-and-profile-picture,20190105,2019,01,10.0,5.0,5.0,bytesbee : I will design attractive facebook cover and banner for $10 on www.fiverr.com,4.9,837,old_json,data/pilot/html-balanced/bytesbee/20190105_design-a-attractive-fb-cover-and-profile-picture.html.gz
cabled_mess,record-custom-foley-for-your-video-short-film-or-movie,20230109,2023,01,120.0,250.0,750.0,"Cabled_mess: I will create foley for your video, short film, game or project for $120 on fiverr.com",5.0,17,packageList,data/pilot/html-balanced/cabled_mess/20230109_record-custom-foley-for-your-video-short-film-or-movie.html.gz
cad_solution,do-any-architectural-drawing-you-need,20200707,2020,07,55.0,105.0,185.0,cad_solution : I will do autocad floorplan or blueprint full set architectural drawing for $55 on fiverr.com,4.9,247,packageList,data/pilot/html-balanced/cad_solution/20200707_do-any-architectural-drawing-you-need.html.gz
cadabradigital,build-your-digital-marketing-sales-strategy,20200401,2020,04,200.0,300.0,700.0,cadabradigital : I will build your digital marketing sales strategy for $200 on fiverr.com,5.0,1,packageList,data/pilot/html-balanced/cadabradigital/20200401_build-your-digital-marketing-sales-strategy.html.gz
cahwxy,do-programming-project-on-cpp-sql-qt,20250116,2025,01,20.0,80.0,2000.0,"Cahwxy: I will do programming project on cpp, sql, qt for $20 on fiverr.com",5.0,28,packageList,data/pilot/html-balanced/cahwxy/20250116_do-programming-project-on-cpp-sql-qt.html.gz
caitlinsloan7,provide-a-professional-genuine-female-american-voiceover,20241228,2024,12,150.0,,,Caitlinsloan7: I will be your authentic friendly warm natural female english american voice over for $150 on fiverr.com,5.0,446,packageList,data/pilot/html-balanced/caitlinsloan7/20241228_provide-a-professional-genuine-female-american-voiceover.html.gz
cal5086,design-an-amazing-createspace-cover-for-your-novel,20231001,2023,10,100.0,160.0,220.0,Cal5086: I will design a beautiful cover for your book for $100 on fiverr.com,4.9,1903,packageList,data/pilot/html-balanced/cal5086/20231001_design-an-amazing-createspace-cover-for-your-novel.html.gz
calibeats188,make-copyright-free-music-to-your-specs,20221001,2022,10,190.0,240.0,290.0,Calibeats188: I will produce an epic remix of your song for $190 on fiverr.com,5.0,186,packageList,data/pilot/html-balanced/calibeats188/20221001_make-copyright-free-music-to-your-specs.html.gz
camilozuluagaf,create-brand-logo-identity-and-website,20260129,2026,01,95.0,120.0,225.0,Camilozuluagaf: I will design a professional and beautiful logo for $95 on fiverr.com,4.9,4789,packageList,data/pilot/html-balanced/camilozuluagaf/20260129_create-brand-logo-identity-and-website.html.gz
carddesignrr,do-photoshop-edit-photo-retouching-background-removal-job,20250103,2025,01,25.0,80.0,190.0,"Carddesignrr: I will photo culling, wedding photo editing in lightroom for $25 on fiverr.com",5.0,134,packageList,data/pilot/html-balanced/carddesignrr/20250103_do-photoshop-edit-photo-retouching-background-removal-job.html.gz
carddesignrr,design-unique-pupsocks-for-you,20250805,2025,08,10.0,100.0,500.0,Carddesignrr: I will design unique pupsocks for you for $10 on fiverr.com,5.0,1,packageList,data/pilot/html-balanced/carddesignrr/20250805_design-unique-pupsocks-for-you.html.gz
carddesignrr,create-christmas-logo-makeover-or-card-design,20250808,2025,08,10.0,20.0,60.0,Carddesignrr: I will create christmas logo makeover or greeting card design for $10 on fiverr.com,4.9,36,packageList,data/pilot/html-balanced/carddesignrr/20250808_create-christmas-logo-makeover-or-card-design.html.gz
careercoach11,do-any-graphic-design-and-adobe-illustrator-work-you-need,20250112,2025,01,5.0,10.0,15.0,Careercoach11: I will do any graphic design and adobe illustrator work you need for $5 on fiverr.com,,,packageList,data/pilot/html-balanced/careercoach11/20250112_do-any-graphic-design-and-adobe-illustrator-work-you-need.html.gz
carina_11,write-in-japanese-kanji,20250516,2025,05,15.0,25.0,35.0,Carina_11: I will write in japanese kanji calligraphy for $15 on fiverr.com,4.9,70,packageList,data/pilot/html-balanced/carina_11/20250516_write-in-japanese-kanji.html.gz
carlavoice,deliver-a-professional-spanish-female-voice-over,20220228,2022,02,35.0,,,Carlavoice: I will deliver a premium female spanish voice over for $35 on fiverr.com,5.0,151,packageList,data/pilot/html-balanced/carlavoice/20220228_deliver-a-professional-spanish-female-voice-over.html.gz
carltonkholder,write-your-film-or-tv-synopsis-treatment-and-script,20200410,2020,04,90.0,250.0,350.0,"carltonkholder : I will write your screenplay synopsis, treatment or script for $90 on fiverr.com",5.0,54,packageList,data/pilot/html-balanced/carltonkholder/20200410_write-your-film-or-tv-synopsis-treatment-and-script.html.gz
cascreativearts,produce-intro-music-for-youtube-and-podcast,20240101,2024,01,45.0,80.0,105.0,Cascreativearts: I will create amazing intro music for your podcast or videos for $45 on fiverr.com,5.0,563,packageList,data/pilot/html-balanced/cascreativearts/20240101_produce-intro-music-for-youtube-and-podcast.html.gz
catocreative,create-user-generated-content-for-tiktok-or-instagram-reels,20220609,2022,06,35.0,70.0,140.0,Catocreative: I will create user generated content for tiktok or instagram reels for $35 on fiverr.com,5.0,3,packageList,data/pilot/html-balanced/catocreative/20220609_create-user-generated-content-for-tiktok-or-instagram-reels.html.gz
cc_pranto,design-editable-letterheads-or-full-stationary-design,20250426,2025,04,10.0,25.0,100.0,Cc_pranto: I will design editable letterheads or full stationary design for $10 on fiverr.com,5.0,747,packageList,data/pilot/html-balanced/cc_pranto/20250426_design-editable-letterheads-or-full-stationary-design.html.gz
cebooker,manually-format-your-ebook-to-kindle-platform,20200803,2020,08,5.0,10.0,20.0,cebooker : I will manually format your ebook to kindle platform for $5 on fiverr.com,5.0,509,packageList,data/pilot/html-balanced/cebooker/20200803_manually-format-your-ebook-to-kindle-platform.html.gz
cecilialee,make-a-video-for-your-fashion-or-beauty-product,20200701,2020,07,5.0,40.0,110.0,cecilialee : I will be your spokesperson with natural background for $5 on fiverr.com,5.0,545,packageList,data/pilot/html-balanced/cecilialee/20200701_make-a-video-for-your-fashion-or-beauty-product.html.gz
chamara_cstudio,create-wonderful-magazine-book-and-fashion-promo-video,20231001,2023,10,10.0,20.0,30.0,"Chamara_cstudio: I will create wonderful magazine, book and fashion promo video for $10 on fiverr.com",5.0,93,packageList,data/pilot/html-balanced/chamara_cstudio/20231001_create-wonderful-magazine-book-and-fashion-promo-video.html.gz
champark,app-promotion-or-app-marketing,20180820,2018,08,5.0,10.0,25.0,champark : I will app promotion or app marketing for $5 on www.fiverr.com,5.0,12,dollar_fallback,data/pilot/html-balanced/champark/20180820_app-promotion-or-app-marketing.html.gz
chanakacg,design-you-an-attractive-creative-flyer-just,20190119,2019,01,10.0,20.0,10.0,"chanakacg : I will design creative flyer, brochure, postcard, leaflet design for $10 on www.fiverr.com",4.9,5192,old_json,data/pilot/html-balanced/chanakacg/20190119_design-you-an-attractive-creative-flyer-just.html.gz
charslan47,write-engaging-social-media-copy-and-linkedin-posts,20240903,2024,09,20.0,60.0,100.0,Charslan47: I will write high quality linkedin articles and social media posts for $20 on fiverr.com,5.0,60,packageList,data/pilot/html-balanced/charslan47/20240903_write-engaging-social-media-copy-and-linkedin-posts.html.gz
cheakina,do-book-cover-design-book-cover-design-ebook-cover-design,20230104,2023,01,50.0,150.0,350.0,Cheakina: I will do book cover design for $50 on fiverr.com,4.9,130,packageList,data/pilot/html-balanced/cheakina/20230104_do-book-cover-design-book-cover-design-ebook-cover-design.html.gz
chelseaostoor,write-google-ads-headlines-and-descriptions,20220821,2022,08,50.0,65.0,80.0,Chelseaostoor: I will write google ads headlines and descriptions for $50 on fiverr.com,5.0,3,packageList,data/pilot/html-balanced/chelseaostoor/20220821_write-google-ads-headlines-and-descriptions.html.gz
chistolinova,do-video-editing-professionally-within-24hrs,20200101,2020,01,5.0,70.0,200.0,chistolinova : I will do professional video editing within 24 hours for $5 on www.fiverr.com,5.0,1286,packageList,data/pilot/html-balanced/chistolinova/20200101_do-video-editing-professionally-within-24hrs.html.gz
chrismiler,do-a-perfect-screencast-software-or-website-tutorial,20191219,2019,12,80.0,150.0,200.0,chrismiler : I will do a perfect screencast software or website tutorial for $80 on www.fiverr.com,4.9,12,packageList,data/pilot/html-balanced/chrismiler/20191219_do-a-perfect-screencast-software-or-website-tutorial.html.gz
chrispygr,design-pokemon-graphics-for-your-youtube-or-twitch-channel-for-your-needs,20190910,2019,09,15.0,30.0,40.0,chrispygr : I will design a pokemon series pack for your youtube or twitch channel for $15 on www.fiverr.com,5.0,16,packageList,data/pilot/html-balanced/chrispygr/20190910_design-pokemon-graphics-for-your-youtube-or-twitch-channel-for-your-needs.html.gz
chrisroemerx,add-any-subtitles-to-your-video,20200103,2020,01,5.0,20.0,95.0,chrisroemerx : I will add subtitles to your video for $5 on www.fiverr.com,4.9,31,packageList,data/pilot/html-balanced/chrisroemerx/20200103_add-any-subtitles-to-your-video.html.gz
christiana_22,create-youtube-channel-50-relaxing-meditation-music-videos,20240814,2024,08,25.0,50.0,100.0,Christiana_22: I will create youtube channel 50 relaxing meditation music videos for $25 on fiverr.com,4.9,231,packageList,data/pilot/html-balanced/christiana_22/20240814_create-youtube-channel-50-relaxing-meditation-music-videos.html.gz
christinabndl,translate-500-words-from-english-to-german-3a2bddef-a9ac-4343-b610-43ec7b0f965c,20240428,2024,04,5.0,,,Christinabndl: I will translate 500 words or more from english to german for $5 on fiverr.com,4.9,1564,packageList,data/pilot/html-balanced/christinabndl/20240428_translate-500-words-from-english-to-german-3a2bddef-a9ac-4343-b610-43ec7b0f965c.html.gz
christinehe,translate-your-text-into-norwegian,20200817,2020,08,5.0,10.0,15.0,christinehe : I will translate your text into norwegian for $5 on fiverr.com,5.0,87,packageList,data/pilot/html-balanced/christinehe/20200817_translate-your-text-into-norwegian.html.gz
chupavix,make-awesome-packaging-just-for-you,20181007,2018,10,250.0,350.0,450.0,chupavix : I will design professional product labels or packaging for $250 on www.fiverr.com,4.9,56,dollar_fallback,data/pilot/html-balanced/chupavix/20181007_make-awesome-packaging-just-for-you.html.gz
cidemisworking,make-great-music-video-for-your-song,20240401,2024,04,40.0,75.0,100.0,Cidemisworking: I will make great music video for your song for $40 on fiverr.com,5.0,596,packageList,data/pilot/html-balanced/cidemisworking/20240401_make-great-music-video-for-your-song.html.gz
cinthywriters,do-2-hours-data-entry-service-pdf-to-excel-or-word-and-copy-paste-work,20181009,2018,10,5.0,10.0,15.0,cinthywriters : I will do excel data entry for $5 on www.fiverr.com,4.9,53,dollar_fallback,data/pilot/html-balanced/cinthywriters/20181009_do-2-hours-data-entry-service-pdf-to-excel-or-word-and-copy-paste-work.html.gz
citation_exprt,do-local-business-listing-for-gmb-seo-ranking,20230203,2023,02,5.0,10.0,45.0,Citation_exprt: I will do local SEO citations directories or business listing for $5 on fiverr.com,5.0,128,packageList,data/pilot/html-balanced/citation_exprt/20230203_do-local-business-listing-for-gmb-seo-ranking.html.gz
citationsboss,do-spain-local-citations-and-spain-directory-submission-for-spain-local-seo,20220909,2022,09,20.0,,,Citationsboss: I will do 50 best spanish local citation links for spain local SEO for $20 on fiverr.com,4.9,52,packageList,data/pilot/html-balanced/citationsboss/20220909_do-spain-local-citations-and-spain-directory-submission-for-spain-local-seo.html.gz
cj8168,proofread-edit-or-rewrite-any-document-essay-or-story,20210507,2021,05,250.0,420.0,720.0,Cj8168: I will line edit and proofread your book manuscript for $250 on fiverr.com,5.0,123,packageList,data/pilot/html-balanced/cj8168/20210507_proofread-edit-or-rewrite-any-document-essay-or-story.html.gz
cjlucien,record-a-professional-female-american-voiceover,20240401,2024,04,30.0,,,Cjlucien: I will record a professional female american voiceover for $30 on fiverr.com,5.0,332,packageList,data/pilot/html-balanced/cjlucien/20240401_record-a-professional-female-american-voiceover.html.gz
cjlucien,record-a-professional-female-american-voiceover,20241222,2024,12,35.0,,,Cjlucien: I will record a professional female american voiceover for $35 on fiverr.com,5.0,352,packageList,data/pilot/html-balanced/cjlucien/20241222_record-a-professional-female-american-voiceover.html.gz
ck__design,design-your-real-estate-flyer-right-now,20190105,2019,01,0.0,0.0,20.0,"ck__design : I will do professional real estate flyer , brochure for $10 on www.fiverr.com",5.0,220,old_json,data/pilot/html-balanced/ck__design/20190105_design-your-real-estate-flyer-right-now.html.gz
clairelgrn,proofread-edit-and-critique-your-writings,20200704,2020,07,5.0,10.0,15.0,clairelgrn : I will proofread and edit your writings for $5 on fiverr.com,5.0,19,packageList,data/pilot/html-balanced/clairelgrn/20200704_proofread-edit-and-critique-your-writings.html.gz
clara_mary_,do-sales-automated-for-clickbank-and-amazon-affiliate-marketing-sales-funnel,20231001,2023,10,10.0,60.0,130.0,Clara_mary_: I will do money making clickbank affiliate or amazon affiliate marketing link promotion for $10 on fiverr.com,5.0,45,packageList,data/pilot/html-balanced/clara_mary_/20231001_do-sales-automated-for-clickbank-and-amazon-affiliate-marketing-sales-funnel.html.gz
clarissa_dp,write-your-about-us-website-page,20240101,2024,01,25.0,50.0,75.0,Clarissa_dp: I will write your about us website page for $25 on fiverr.com,5.0,19,packageList,data/pilot/html-balanced/clarissa_dp/20240101_write-your-about-us-website-page.html.gz
clarkcaseyvo,record-professional-american-male-voice-over-today,20210221,2021,02,5.0,,,"I will record professional american male voice over, today",5.0,10,packageList,data/pilot/html-balanced/clarkcaseyvo/20210221_record-professional-american-male-voice-over-today.html.gz
clarkcaseyvo,record-professional-american-male-voice-over-today,20230417,2023,04,15.0,,,Clarkcaseyvo: I will record genuine american male voice over for $15 on fiverr.com,5.0,176,packageList,data/pilot/html-balanced/clarkcaseyvo/20230417_record-professional-american-male-voice-over-today.html.gz
clemesimo,provide-you-with-professional-industrial-design-services,20200404,2020,04,2000.0,5000.0,10000.0,clemesimo : I will turn your idea into reality for $2000 on fiverr.com,5.0,10,packageList,data/pilot/html-balanced/clemesimo/20200404_provide-you-with-professional-industrial-design-services.html.gz
clockwork25,sample-any-song-into-a-hip-hop-beat,20190518,2019,05,10.0,,,clockwork25 : I will sample any song into a hip hop beat for $45 on www.fiverr.com,5.0,51,old_json,data/pilot/html-balanced/clockwork25/20190518_sample-any-song-into-a-hip-hop-beat.html.gz
cloudzoneprod,edit-mix-and-master-your-music,20210719,2021,07,20.0,100.0,140.0,"Cloudzoneprod: I will mix and master your folk, rock, and acoustic music for $20 on fiverr.com",5.0,117,packageList,data/pilot/html-balanced/cloudzoneprod/20210719_edit-mix-and-master-your-music.html.gz
coder_me,social-media-marketing-and-management-email-marketing-internet-marketing,20181001,2018,10,40.0,80.0,120.0,"coder_me : I will social media marketing and management, email marketing, internet marketing for $40 on www.fiverr.com",,4,dollar_fallback,data/pilot/html-balanced/coder_me/20181001_social-media-marketing-and-management-email-marketing-internet-marketing.html.gz
coder_yousuf,get-your-website-to-outrank-with-bookmark-seo,20251204,2025,12,5.0,15.0,50.0,I will get your website to outrank with bookmark SEO,5.0,1,packageList,data/pilot/html-balanced/coder_yousuf/20251204_get-your-website-to-outrank-with-bookmark-seo.html.gz
colbart,write-true-crime-script-youtube-true-crime-script-podcast-true-crime-script,20240401,2024,04,10.0,20.0,50.0,Colbart: I will write true crime script article youtube true crime script podcast movie recaps for $10 on fiverr.com,5.0,16,packageList,data/pilot/html-balanced/colbart/20240401_write-true-crime-script-youtube-true-crime-script-podcast-true-crime-script.html.gz
cole_anthony,create-autopilot-clickbank-amazon-affiliate-marketing-sales-funnel-website,20240101,2024,01,20.0,60.0,120.0,"Cole_anthony: I will create autopilot clickbank amazon affiliate marketing, sales funnel website for $20 on fiverr.com",4.9,41,packageList,data/pilot/html-balanced/cole_anthony/20240101_create-autopilot-clickbank-amazon-affiliate-marketing-sales-funnel-website.html.gz
communitywriter,write-social-media-content,20200418,2020,04,15.0,20.0,30.0,communitywriter : I will write your social media content for $15 on fiverr.com,4.9,127,packageList,data/pilot/html-balanced/communitywriter/20200418_write-social-media-content.html.gz
convobossfiverr,create-your-comprehensive-marketing-strategy-and-plan,20250120,2025,01,395.0,595.0,795.0,Convobossfiverr: I will create your digital marketing strategy and action plan for growth for $395 on fiverr.com,4.8,14,packageList,data/pilot/html-balanced/convobossfiverr/20250120_create-your-comprehensive-marketing-strategy-and-plan.html.gz
coolanimate,design-and-create-fillable-pdf,20180730,2018,07,0.0,5.0,30.0,coolanimate : I will create fillable PDF form or design your pdf form for $5 on www.fiverr.com,5.0,554,old_json,data/pilot/html-balanced/coolanimate/20180730_design-and-create-fillable-pdf.html.gz
coraliebelair,ghost-read-your-ebook,20241002,2024,10,90.0,425.0,790.0,Coraliebelair: I will ghostwrite your non fiction book or ebook for $90 on fiverr.com,4.9,435,packageList,data/pilot/html-balanced/coraliebelair/20241002_ghost-read-your-ebook.html.gz
coryhancevoice,write-a-voiceover-script-that-grabs-attention,20210419,2021,04,100.0,140.0,275.0,Coryhancevoice: I will write an explainer video script that grabs attention for $100 on fiverr.com,4.9,333,packageList,data/pilot/html-balanced/coryhancevoice/20210419_write-a-voiceover-script-that-grabs-attention.html.gz
courttheprpro,create-a-targeted-media-list-for-press-release-distribution,20230330,2023,03,125.0,175.0,225.0,Courttheprpro: I will create a targeted media list for your brand for $125 on fiverr.com,4.9,73,packageList,data/pilot/html-balanced/courttheprpro/20230330_create-a-targeted-media-list-for-press-release-distribution.html.gz
covercreators,create-an-ebook-cover-d2b7dd30-1687-413d-b95b-69966a34d34f,20191002,2019,10,20.0,50.0,100.0,covercreators : I will create a professional book cover for $20 on www.fiverr.com,4.9,308,packageList,data/pilot/html-balanced/covercreators/20191002_create-an-ebook-cover-d2b7dd30-1687-413d-b95b-69966a34d34f.html.gz
creationmufu,create-landing-pages-emai-campaing-automation-in-kajabi,20231008,2023,10,40.0,150.0,300.0,"Creationmufu: I will design, develop and set up your lightspeed ecom site for $40 on fiverr.com",5.0,226,packageList,data/pilot/html-balanced/creationmufu/20231008_create-landing-pages-emai-campaing-automation-in-kajabi.html.gz
creative_boxx,create-an-unique-infographic-design,20190929,2019,09,10.0,30.0,75.0,creative_boxx : I will create professional unique infographic design in 24 hours for $10 on www.fiverr.com,4.9,178,packageList,data/pilot/html-balanced/creative_boxx/20190929_create-an-unique-infographic-design.html.gz
creative_john1,create-a-captivating-promotional-or-explainer-video,20231001,2023,10,10.0,70.0,180.0,Creative_john1: I will create a captivating promotional or explainer video for $10 on fiverr.com,4.8,37,packageList,data/pilot/html-balanced/creative_john1/20231001_create-a-captivating-promotional-or-explainer-video.html.gz
creativecarlos,make-we-buy-houses-real-estate-video-ads,20220417,2022,04,35.0,,,Creativecarlos: I will make funny video ads for cash home buyers for $35 on fiverr.com,5.0,34,packageList,data/pilot/html-balanced/creativecarlos/20220417_make-we-buy-houses-real-estate-video-ads.html.gz
creativeguide_,be-your-pinterest-tailwind-marketing-manager-and-pin-designer,20260206,2026,02,35.0,60.0,110.0,Creativeguide_: I will be your pinterest tailwind marketing manager for organic growth to get traffic for $35 on fiverr.com,4.7,60,packageList,data/pilot/html-balanced/creativeguide_/20260206_be-your-pinterest-tailwind-marketing-manager-and-pin-designer.html.gz
creativehunters,produce-professional-advertising-promotional-video,20250514,2025,05,450.0,750.0,1050.0,Creativehunters: I will produce a pro short video ad for facebook instagram tik tok for $450 on fiverr.com,5.0,458,packageList,data/pilot/html-balanced/creativehunters/20250514_produce-professional-advertising-promotional-video.html.gz
creativeman,analyze-your-facebook-page,20260202,2026,02,450.0,550.0,750.0,Creativeman: I will create social media business pages for $450 on fiverr.com,4.9,1153,packageList,data/pilot/html-balanced/creativeman/20260202_analyze-your-facebook-page.html.gz
creativitas,design-your-modern-website-using-jekyll,20230319,2023,03,155.0,255.0,405.0,"Creativitas: I will design modern website ssg jekyll , eleventy ,astro for $155 on fiverr.com",5.0,9,packageList,data/pilot/html-balanced/creativitas/20230319_design-your-modern-website-using-jekyll.html.gz
creeddesigners,design-my-uniquestill-logo-for-you,20250426,2025,04,75.0,150.0,250.0,Creeddesigners: I will create your modern minimalist logo design for $75 on fiverr.com,4.9,768,packageList,data/pilot/html-balanced/creeddesigners/20250426_design-my-uniquestill-logo-for-you.html.gz
crika117,draw-cute-chibi-icon,20220408,2022,04,35.0,100.0,200.0,"Crika117: I will draw custom twitch emote, sub badge, icon in chibi style for $35 on fiverr.com",5.0,315,packageList,data/pilot/html-balanced/crika117/20220408_draw-cute-chibi-icon.html.gz
cristinapostica,do-a-great-2d-animation-for-your-business,20210226,2021,02,2000.0,4000.0,6000.0,I will do a great 2d animation for your business,5.0,17,packageList,data/pilot/html-balanced/cristinapostica/20210226_do-a-great-2d-animation-for-your-business.html.gz
crslaytor,do-professional-video-editing,20260129,2026,01,50.0,200.0,1000.0,Crslaytor: I will do professional video editing and post production for $50 on fiverr.com,4.9,9547,packageList,data/pilot/html-balanced/crslaytor/20260129_do-professional-video-editing.html.gz
crystalsoup,provide-an-amazing-video-creation-services,20210817,2021,08,5.0,15.0,30.0,Crystalsoup: I will provide an professional video creation services for $5 on fiverr.com,4.9,141,packageList,data/pilot/html-balanced/crystalsoup/20210817_provide-an-amazing-video-creation-services.html.gz
cstream,build-a-pancakeswap-sniper-bot-for-bsc-dxsale-unicrypt-fe2d,20211216,2021,12,1500.0,2500.0,4000.0,"Cstream: I will build a pancakeswap sniper bot for bsc, dxsale, unicrypt for $1500 on fiverr.com",5.0,4,packageList,data/pilot/html-balanced/cstream/20211216_build-a-pancakeswap-sniper-bot-for-bsc-dxsale-unicrypt-fe2d.html.gz
cubellc,make-your-sales-soar-with-instagram-ads,20220701,2022,07,375.0,695.0,995.0,Cubellc: I will make the perfect instagram ads for your business for $375 on fiverr.com,5.0,21,packageList,data/pilot/html-balanced/cubellc/20220701_make-your-sales-soar-with-instagram-ads.html.gz
customaura,create-an-engaging-ad-copy-for-your-facebook-ad,20231001,2023,10,75.0,225.0,450.0,Customaura: I will create an engaging ad copy for your facebook ad for $75 on fiverr.com,4.9,1653,packageList,data/pilot/html-balanced/customaura/20231001_create-an-engaging-ad-copy-for-your-facebook-ad.html.gz
customdrumloops,fx-and-optimize-your-facebook-ads-and-website-conversion,20190801,2019,08,195.0,395.0,750.0,customdrumloops : I will fix and optimize your facebook ads and website conversion for $195 on www.fiverr.com,4.9,34,packageList,data/pilot/html-balanced/customdrumloops/20190801_fx-and-optimize-your-facebook-ads-and-website-conversion.html.gz
customdrumloops,create-a-whiteboard-marketing-video-for-your-business,20190930,2019,09,80.0,100.0,125.0,customdrumloops : I will create a whiteboard marketing video for your business for $80 on www.fiverr.com,5.0,538,packageList,data/pilot/html-balanced/customdrumloops/20190930_create-a-whiteboard-marketing-video-for-your-business.html.gz
cvmaestro2016,provide-fast-and-accurate-translation-english-to-spanish-and-vice-versa,20200101,2020,01,10.0,50.0,250.0,"cvmaestro2016 : I will provide accurate english, spanish translations and writings for $10 on www.fiverr.com",4.9,54,packageList,data/pilot/html-balanced/cvmaestro2016/20200101_provide-fast-and-accurate-translation-english-to-spanish-and-vice-versa.html.gz
cyan_cube,create-custom-logo-animation-2d-and-3d,20240905,2024,09,35.0,65.0,95.0,Cyan_cube: I will create 2d or 3d custom logo animation for $35 on fiverr.com,5.0,623,packageList,data/pilot/html-balanced/cyan_cube/20240905_create-custom-logo-animation-2d-and-3d.html.gz
cynthialinda,translate-from-german-to-english-superbly,20190702,2019,07,10.0,,,cynthialinda : I will translate english to german perfectly for $10 on www.fiverr.com,4.9,12,packageList,data/pilot/html-balanced/cynthialinda/20190702_translate-from-german-to-english-superbly.html.gz
czarekpiast,do-fresh-and-professional-video-editing,20241108,2024,11,250.0,500.0,1000.0,Czarekpiast: I will do professional video editing for $250 on fiverr.com,5.0,1812,packageList,data/pilot/html-balanced/czarekpiast/20241108_do-fresh-and-professional-video-editing.html.gz
da2189,assist-with-proofreading-and-editing-ai-generated-content-for-blogs,20250128,2025,01,15.0,25.0,45.0,Da2189: I will assist with proofreading and editing ai generated content for blogs for $15 on fiverr.com,5.0,2,packageList,data/pilot/html-balanced/da2189/20250128_assist-with-proofreading-and-editing-ai-generated-content-for-blogs.html.gz
daman_khalid,create-cinematic-trailer-commercial-marketing-video-or-crowdfunding-ad,20260131,2026,01,15.0,30.0,50.0,Daman_khalid: I will create cinematic trailer commercial marketing video or crowdfunding ad for $15 on fiverr.com,5.0,116,packageList,data/pilot/html-balanced/daman_khalid/20260131_create-cinematic-trailer-commercial-marketing-video-or-crowdfunding-ad.html.gz
damian3d5,do-unique-nft-art-collection-with-100-1k-10k-attributes,20220401,2022,04,1450.0,2850.0,6900.0,"Damian3d5: I will do unique nft art collection with 100, 1k, 10k nfts for $1450 on fiverr.com",5.0,208,packageList,data/pilot/html-balanced/damian3d5/20220401_do-unique-nft-art-collection-with-100-1k-10k-attributes.html.gz
damian3d5,do-unique-nft-art-collection-with-100-1k-10k-attributes,20230101,2023,01,1450.0,2850.0,6900.0,"Damian3d5: I will do unique nft art collection with 100, 1k, 10k nfts for $1450 on fiverr.com",5.0,320,packageList,data/pilot/html-balanced/damian3d5/20230101_do-unique-nft-art-collection-with-100-1k-10k-attributes.html.gz
damithkulatu710,create-youtube-channel-and-30-meditation-videos-seo,20220405,2022,04,30.0,60.0,90.0,"Damithkulatu710: I will create youtube channel and 30 meditation videos, SEO for $30 on fiverr.com",4.9,30,packageList,data/pilot/html-balanced/damithkulatu710/20220405_create-youtube-channel-and-30-meditation-videos-seo.html.gz
damiya,do-original-and-persuasive-content-and-article-writing,20200106,2020,01,5.0,10.0,45.0,damiya : I will do engaging SEO article writing in 24 hours for $5 on www.fiverr.com,4.9,101,packageList,data/pilot/html-balanced/damiya/20200106_do-original-and-persuasive-content-and-article-writing.html.gz
damooch916,write-and-record-a-love-song-on-the-piano,20210701,2021,07,120.0,200.0,400.0,Damooch916: I will be your pro music and lyrics songwriter for $120 on fiverr.com,5.0,94,packageList,data/pilot/html-balanced/damooch916/20210701_write-and-record-a-love-song-on-the-piano.html.gz
daniel_3d,do-3d-modeling-including-texture-rig-animation-and-render,20210102,2021,01,100.0,250.0,350.0,"I will do 3d modeling including texture, rig, animation and render",5.0,154,packageList,data/pilot/html-balanced/daniel_3d/20210102_do-3d-modeling-including-texture-rig-animation-and-render.html.gz
danielaberlin,translate-your-product-listing-from-english-to-german,20201114,2020,11,30.0,,,I will translate your amazon product listing from english to german,5.0,31,packageList,data/pilot/html-balanced/danielaberlin/20201114_translate-your-product-listing-from-english-to-german.html.gz
danielaberlin,provide-perfect-english-to-german-translation,20240428,2024,04,10.0,25.0,50.0,Danielaberlin: I will professionally translate english to german for $10 on fiverr.com,5.0,790,packageList,data/pilot/html-balanced/danielaberlin/20240428_provide-perfect-english-to-german-translation.html.gz
danielamcss,manually-translate-from-english-to-spanish-or-vice-versa,20201014,2020,10,10.0,30.0,60.0,I will manually translate from english to spanish or vice versa,5.0,21,packageList,data/pilot/html-balanced/danielamcss/20201014_manually-translate-from-english-to-spanish-or-vice-versa.html.gz
danieljovanovic,do-professional-instagram-management,20181001,2018,10,55.0,85.0,105.0,danieljovanovic : I will do professional instagram management for $55 on www.fiverr.com,5.0,2506,dollar_fallback,data/pilot/html-balanced/danieljovanovic/20181001_do-professional-instagram-management.html.gz
daniellehuka,write-you-a-killer-instagram-bio,20240401,2024,04,5.0,10.0,15.0,Daniellehuka: I will write you a killer instagram bio for $5 on fiverr.com,4.9,753,packageList,data/pilot/html-balanced/daniellehuka/20240401_write-you-a-killer-instagram-bio.html.gz
danielleszetela,create-creative-ugc-videos-for-tik-tok,20240701,2024,07,160.0,195.0,220.0,Danielleszetela: I will create natural ugc videos for tiktok and instagram for $160 on fiverr.com,4.9,56,packageList,data/pilot/html-balanced/danielleszetela/20240701_create-creative-ugc-videos-for-tik-tok.html.gz
danielrusz,professional-translation-from-english-polish-and-slovak-language-to-czech,20240115,2024,01,5.0,10.0,15.0,"Danielrusz: I will translate anything between english, czech, polish and slovak for $5 on fiverr.com",5.0,703,packageList,data/pilot/html-balanced/danielrusz/20240115_professional-translation-from-english-polish-and-slovak-language-to-czech.html.gz
danieltaranger,give-feedback-on-your-electronic-music,20231210,2023,12,25.0,45.0,65.0,"Danieltaranger: I will review your trance, techno or house track for $25 on fiverr.com",5.0,24,packageList,data/pilot/html-balanced/danieltaranger/20231210_give-feedback-on-your-electronic-music.html.gz
danielwaldman,write-a-killer-landing-page-for-you,20190105,2019,01,50.0,125.0,525.0,danielwaldman : I will write a killer landing page for you for $125 on www.fiverr.com,5.0,25,dollar_fallback,data/pilot/html-balanced/danielwaldman/20190105_write-a-killer-landing-page-for-you.html.gz
daniewium,create-your-whiteboard-animation-in-just-3-days,20180914,2018,09,10.0,10.0,20.0,daniewium : I will make an awesome whiteboard animation for $20 on www.fiverr.com,5.0,1130,old_json,data/pilot/html-balanced/daniewium/20180914_create-your-whiteboard-animation-in-just-3-days.html.gz
daniyalhussain,transcribe-your-work-25-mins,20230402,2023,04,30.0,35.0,100.0,Daniyalhussain: I will search and file trademark and patent application in USA for $30 on fiverr.com,4.9,238,packageList,data/pilot/html-balanced/daniyalhussain/20230402_transcribe-your-work-25-mins.html.gz
daniyalriaz618,professional-gameplay-videos-on-ultra-set-fps-to-upload-without-copyright-issues,20230101,2023,01,5.0,10.0,15.0,"Daniyalriaz618: I will create gameplay, walkthrough parts  videos on ultra settings for $5 on fiverr.com",4.9,57,packageList,data/pilot/html-balanced/daniyalriaz618/20230101_professional-gameplay-videos-on-ultra-set-fps-to-upload-without-copyright-issues.html.gz
dannenbergulm,manually-translate-german-and-english-to-best-sounding-text,20200527,2020,05,5.0,50.0,100.0,dannenbergulm : I will provide top quality native german to english translation for $5 on fiverr.com,4.9,109,packageList,data/pilot/html-balanced/dannenbergulm/20200527_manually-translate-german-and-english-to-best-sounding-text.html.gz
danx95,do-high-quality-transcription-up-to-15-minutes,20200405,2020,04,5.0,20.0,35.0,danx95 : I will do a flawless audio or video transcription in 24 hours for $5 on fiverr.com,4.9,445,packageList,data/pilot/html-balanced/danx95/20200405_do-high-quality-transcription-up-to-15-minutes.html.gz
daphneeve,provide-quality-english-to-german-translations,20230724,2023,07,10.0,100.0,250.0,Daphneeve: I will provide quality english to german translations for $10 on fiverr.com,5.0,514,packageList,data/pilot/html-balanced/daphneeve/20230724_provide-quality-english-to-german-translations.html.gz
dataalgorithm,youtube-channel-growth-manager,20190127,2019,01,150.0,250.0,450.0,dataalgorithm : I will be your youtube channel growth manager for $150 on www.fiverr.com,4.8,119,packageList,data/pilot/html-balanced/dataalgorithm/20190127_youtube-channel-growth-manager.html.gz
dataxpert007,do-fastest-excel-data-entry-job-and-data-analysis-for-you,20240401,2024,04,15.0,40.0,75.0,Dataxpert007: I will do fastest excel data entry job and data analysis for you for $15 on fiverr.com,4.9,219,packageList,data/pilot/html-balanced/dataxpert007/20240401_do-fastest-excel-data-entry-job-and-data-analysis-for-you.html.gz
daud_art,create-awesome-story-children-book-illustrations-and-cover,20241003,2024,10,10.0,15.0,30.0,Daud_art: I will create awesome children book illustrations and cover for $10 on fiverr.com,,,packageList,data/pilot/html-balanced/daud_art/20241003_create-awesome-story-children-book-illustrations-and-cover.html.gz
dave3d_visuals,create-stunning-ai-videos-for-music-visuals-and-immersive-experiences,20260102,2026,01,140.0,190.0,240.0,Dave3d_visuals: I will create ai videos for music visuals and immersive experiences for $140 on fiverr.com,5.0,52,packageList,data/pilot/html-balanced/dave3d_visuals/20260102_create-stunning-ai-videos-for-music-visuals-and-immersive-experiences.html.gz
davedesign328,design-engaging-powerpoint-presentations,20180729,2018,07,25.0,40.0,60.0,davedesign328 : I will design stunning powerpoint presentations for $25 on www.fiverr.com,5.0,29,dollar_fallback,data/pilot/html-balanced/davedesign328/20180729_design-engaging-powerpoint-presentations.html.gz
davidserero,play-your-song-on-iheart-radio,20190105,2019,01,95.0,190.0,285.0,davidserero : I will play your song on iheart radio for $95 on www.fiverr.com,5.0,62,dollar_fallback,data/pilot/html-balanced/davidserero/20190105_play-your-song-on-iheart-radio.html.gz
davidstrutt,edit-and-process-your-video-or-audio-podcast,20230714,2023,07,50.0,70.0,85.0,Davidstrutt: I will edit and process your video or audio podcast for $50 on fiverr.com,5.0,97,packageList,data/pilot/html-balanced/davidstrutt/20230714_edit-and-process-your-video-or-audio-podcast.html.gz
daviiss,promote-your-music-song-on-tiktok-with-my-10k-account,20240527,2024,05,15.0,25.0,50.0,Daviiss: I will promote your song music on my 200k tiktok account with ads for $15 on fiverr.com,4.9,573,packageList,data/pilot/html-balanced/daviiss/20240527_promote-your-music-song-on-tiktok-with-my-10k-account.html.gz
davisson,develop-shopify-store-for-you,20190201,2019,02,250.0,390.0,790.0,Davisson: I will build shopify website design or shopify dropshipping store for $250 on fiverr.com,4.9,550,packageList,data/pilot/html-balanced/davisson/20190201_develop-shopify-store-for-you.html.gz
dazzling_rai,create-a-stunning-infographic-in-flat-2d-style,20250825,2025,08,40.0,80.0,150.0,Dazzling_rai: I will create unique professional infographic design for $40 on fiverr.com,4.9,667,packageList,data/pilot/html-balanced/dazzling_rai/20250825_create-a-stunning-infographic-in-flat-2d-style.html.gz
dean10,find-you-a-highly-profitable-niche-for-your-shopify-store,20200418,2020,04,25.0,35.0,55.0,dean10 : I will find you a highly profitable niche for your shopify store for $25 on fiverr.com,5.0,140,packageList,data/pilot/html-balanced/dean10/20200418_find-you-a-highly-profitable-niche-for-your-shopify-store.html.gz
dear_abdullah1,be-your-professional-digital-marketer-and-social-media-manager,20250804,2025,08,30.0,50.0,120.0,Dear_abdullah1: I will be your digital marketing and social media manager for $30 on fiverr.com,,,packageList,data/pilot/html-balanced/dear_abdullah1/20250804_be-your-professional-digital-marketer-and-social-media-manager.html.gz
degeha,do-aesthetic-neon-vaporwave-cartoon-hiphop-rap-illustration,20251122,2025,11,10.0,40.0,60.0,Degeha: I will make groovy cartoon illustration hip hop rap cover music for $10 on fiverr.com,4.9,1457,packageList,data/pilot/html-balanced/degeha/20251122_do-aesthetic-neon-vaporwave-cartoon-hiphop-rap-illustration.html.gz
dejestorm,create-amazing-video-infographics,20190111,2019,01,50.0,100.0,150.0,"dejestorm : I will design special animations, vfx, videos for $50 on www.fiverr.com",5.0,61,dollar_fallback,data/pilot/html-balanced/dejestorm/20190111_create-amazing-video-infographics.html.gz
deluxemedia,design-a-professional-trifold-brochure-print-ready-for-you,20190509,2019,05,70.0,,,deluxemedia : I will design professional trifold brochure for $70 on www.fiverr.com,4.9,359,packageList,data/pilot/html-balanced/deluxemedia/20190509_design-a-professional-trifold-brochure-print-ready-for-you.html.gz
denis2306,be-your-social-media-marketing-manager-and-content-creator,20250427,2025,04,135.0,185.0,245.0,Denis2306: I will be your social media marketing manager and content creator for $135 on fiverr.com,5.0,137,packageList,data/pilot/html-balanced/denis2306/20250427_be-your-social-media-marketing-manager-and-content-creator.html.gz
denkravets,create-engaging-instagram-video-ad,20230409,2023,04,700.0,1000.0,1500.0,Denkravets: I will create engaging youtube or facebook video ad for $700 on fiverr.com,,,packageList,data/pilot/html-balanced/denkravets/20230409_create-engaging-instagram-video-ad.html.gz
derekppc,setup-google-shopping-and-product-listings-for-shopify,20181002,2018,10,225.0,450.0,650.0,derekppc : I will setup google shopping and product listings for shopify for $225 on www.fiverr.com,,144,dollar_fallback,data/pilot/html-balanced/derekppc/20181002_setup-google-shopping-and-product-listings-for-shopify.html.gz
design2all,do-any-graphic-job-for-you,20181001,2018,10,0.0,0.0,10.0,design2all : I will do any graphic work for you in 24 hours for $5 on www.fiverr.com,5.0,474,old_json,data/pilot/html-balanced/design2all/20181001_do-any-graphic-job-for-you.html.gz
design_desk,create-3-original-logo-with-vector-source-file,20221001,2022,10,10.0,30.0,80.0,Design_desk: I will design 3 modern minimalist flat business logo design for $10 on fiverr.com,4.9,20255,packageList,data/pilot/html-balanced/design_desk/20221001_create-3-original-logo-with-vector-source-file.html.gz
design_radar,do-extremely-professional-infographic-design,20191130,2019,11,5.0,30.0,90.0,design_radar : I will do extremely professional infographic design for $5 on www.fiverr.com,4.9,202,packageList,data/pilot/html-balanced/design_radar/20191130_do-extremely-professional-infographic-design.html.gz
design_radar,do-extremely-professional-infographic-design,20210101,2021,01,5.0,30.0,90.0,I will do extremely professional infographic design,4.9,491,packageList,data/pilot/html-balanced/design_radar/20210101_do-extremely-professional-infographic-design.html.gz
designcoffers,pixel-perfect-and-print-ready-box-design,20200403,2020,04,65.0,80.0,120.0,designcoffers : I will do pixel perfect and print ready box design for your product for $65 on fiverr.com,5.0,186,packageList,data/pilot/html-balanced/designcoffers/20200403_pixel-perfect-and-print-ready-box-design.html.gz
designer168,design-a-layout-for-your-kitchen,20230608,2023,06,35.0,55.0,75.0,Designer168: I will use 2020 software design your kitchen professionally for $35 on fiverr.com,4.9,613,packageList,data/pilot/html-balanced/designer168/20230608_design-a-layout-for-your-kitchen.html.gz
designer_mamu,do-modern-business-logo-design-with-copyrights,20250815,2025,08,15.0,50.0,100.0,Designer_mamu: I will do modern business logo design with copyrights for $15 on fiverr.com,,,packageList,data/pilot/html-balanced/designer_mamu/20250815_do-modern-business-logo-design-with-copyrights.html.gz
designer_rita,do-modern-real-estate-realtor-logo-creator-in-24-hour,20251026,2025,10,15.0,25.0,40.0,"Designer_rita: I will do modern real estate, realtor  logo creator in 24 hour for $15 on fiverr.com",,,packageList,data/pilot/html-balanced/designer_rita/20251026_do-modern-real-estate-realtor-logo-creator-in-24-hour.html.gz
designerheather,design-your-ebook-or-lead-magnet,20190825,2019,08,485.0,890.0,1200.0,designerheather : I will design your ebook or lead magnet for $485 on www.fiverr.com,,122,packageList,data/pilot/html-balanced/designerheather/20190825_design-your-ebook-or-lead-magnet.html.gz
designmastercom,do-clean-attractive-resume-design-cv-design,20210101,2021,01,10.0,15.0,20.0,I will do clean attractive resume design CV design,4.9,881,packageList,data/pilot/html-balanced/designmastercom/20210101_do-clean-attractive-resume-design-cv-design.html.gz
designmastercom,do-clean-attractive-resume-design-cv-design,20250911,2025,09,20.0,25.0,35.0,Designmastercom: I will do clean attractive resume design CV design for $20 on fiverr.com,4.9,1180,packageList,data/pilot/html-balanced/designmastercom/20250911_do-clean-attractive-resume-design-cv-design.html.gz
designrar,be-your-graphic-designer-for-any-graphic-design-task,20200627,2020,06,5.0,15.0,35.0,designrar : I will be your graphic designer for any graphic design task for $5 on fiverr.com,4.9,78,packageList,data/pilot/html-balanced/designrar/20200627_be-your-graphic-designer-for-any-graphic-design-task.html.gz
designs4ll,design-modern-food-menu-restaurant-menu-digital-menu,20191001,2019,10,60.0,80.0,100.0,designs4ll : I will design modern food menu restaurant menu digital menu for $60 on www.fiverr.com,5.0,112,packageList,data/pilot/html-balanced/designs4ll/20191001_design-modern-food-menu-restaurant-menu-digital-menu.html.gz
designsea5r,do-graphics-design-related-to-vector-with-adobe-illustrator,20220604,2022,06,15.0,35.0,70.0,Designsea5r: I will design neon logo and custom neon signs with animation for $15 on fiverr.com,4.9,202,packageList,data/pilot/html-balanced/designsea5r/20220604_do-graphics-design-related-to-vector-with-adobe-illustrator.html.gz
destiny1474,sing-a-verse-or-hook-to-your-song,20200401,2020,04,150.0,375.0,500.0,destiny1474 : I will sing your song with top quality recording for $150 on fiverr.com,5.0,1362,packageList,data/pilot/html-balanced/destiny1474/20200401_sing-a-verse-or-hook-to-your-song.html.gz
dhandydope,do-detailed-podcast-editing-add-intro-music-outro-and-master,20190514,2019,05,0.0,0.0,5.0,"dhandydope : I will do detailed podcast editing,add intro music,outro,and master for $5 on www.fiverr.com",5.0,54,old_json,data/pilot/html-balanced/dhandydope/20190514_do-detailed-podcast-editing-add-intro-music-outro-and-master.html.gz
dianneempeynado,create-a-funnel-in-kajabi,20211216,2021,12,180.0,250.0,430.0,Dianneempeynado: I will create a funnel in kajabi for $180 on fiverr.com,5.0,14,packageList,data/pilot/html-balanced/dianneempeynado/20211216_create-a-funnel-in-kajabi.html.gz
diastrid,create-and-sing-a-vocal-music-line-on-any-beat-or-instrumental,20220102,2022,01,30.0,150.0,190.0,"Diastrid: I will be your female singer, songwriter, composer for $30 on fiverr.com",4.9,551,packageList,data/pilot/html-balanced/diastrid/20220102_create-and-sing-a-vocal-music-line-on-any-beat-or-instrumental.html.gz
diegoisui,do-your-photoshop-work,20181020,2018,10,5.0,10.0,,diegoisui : I will do your photoshop work within 24 hours for $5 on www.fiverr.com,5.0,1007,old_json,data/pilot/html-balanced/diegoisui/20181020_do-your-photoshop-work.html.gz
diegoyakich,record-spanish-songs-for-you,20210509,2021,05,10.0,,,Diegoyakich: I will record spanish songs for you for $10 on fiverr.com,,,packageList,data/pilot/html-balanced/diegoyakich/20210509_record-spanish-songs-for-you.html.gz
digita_solution,get-you-sales-with-facebook-advertising,20190402,2019,04,25.0,125.0,250.0,digita_solution : I will get you sales with facebook advertising for $25 on www.fiverr.com,5.0,4,dollar_fallback,data/pilot/html-balanced/digita_solution/20190402_get-you-sales-with-facebook-advertising.html.gz
digital_lab1992,30-2-hours-lullaby-baby-sleep-relaxing-videos-with-youtube-channel,20230714,2023,07,5.0,50.0,100.0,"Digital_lab1992: I will create 20, 2 hours lullaby baby sleep music videos  with youtube channel for $5 on fiverr.com",5.0,73,packageList,data/pilot/html-balanced/digital_lab1992/20230714_30-2-hours-lullaby-baby-sleep-relaxing-videos-with-youtube-channel.html.gz
digitally_g,write-the-script-for-your-next-banger-video,20240401,2024,04,50.0,160.0,495.0,Digitally_g: I will write the script for your next banger video for $50 on fiverr.com,5.0,204,packageList,data/pilot/html-balanced/digitally_g/20240401_write-the-script-for-your-next-banger-video.html.gz
digitalmdsohail,create-google-ads-campaign-and-manage-them,20210101,2021,01,25.0,75.0,100.0,I will setup and manage google ads campaign,5.0,125,packageList,data/pilot/html-balanced/digitalmdsohail/20210101_create-google-ads-campaign-and-manage-them.html.gz
diksha_akriti,instagram-fb-ads-complete-setup-and-tracking,20201001,2020,10,20.0,30.0,40.0,I will do complete facebook instagram campaign setup and launch,4.9,83,packageList,data/pilot/html-balanced/diksha_akriti/20201001_instagram-fb-ads-complete-setup-and-tracking.html.gz
dimitrisb,translate-anything-between-greek-and-english,20191003,2019,10,5.0,,,dimitrisb : I will professionally translate anything between greek and english for $5 on www.fiverr.com,5.0,72,packageList,data/pilot/html-balanced/dimitrisb/20191003_translate-anything-between-greek-and-english.html.gz
dissinotra,give-you-singing-classes-with-vocal-coaching-and-voice-lessons,20211001,2021,10,50.0,85.0,300.0,Dissinotra: I will provide vocal coaching voice lessons singing lessons for $50 on fiverr.com,5.0,358,packageList,data/pilot/html-balanced/dissinotra/20211001_give-you-singing-classes-with-vocal-coaching-and-voice-lessons.html.gz
divastudio1,design-simple-monogram-logo-for-esports-twitch-gaming-youtube,20220309,2022,03,10.0,20.0,35.0,"Divastudio1: I will design simple monogram logo for esports, twitch, gaming, youtube for $10 on fiverr.com",4.9,17,packageList,data/pilot/html-balanced/divastudio1/20220309_design-simple-monogram-logo-for-esports-twitch-gaming-youtube.html.gz
divyang2811,fix-html-css-bootstrap-js-php-laravel-ci-wordpress-shopify-bugs,20230408,2023,04,25.0,,,"Divyang2811: I will fix html , css , bootstrap, js, php, laravel, ci, wordpress ,shopify bugs for $25 on fiverr.com",5.0,271,packageList,data/pilot/html-balanced/divyang2811/20230408_fix-html-css-bootstrap-js-php-laravel-ci-wordpress-shopify-bugs.html.gz
divyeshpatel013,do-nursery-rhymes-animation-video-songs,20220701,2022,07,180.0,250.0,300.0,Divyeshpatel013: I will do nursery rhymes 2d animation video songs for $180 on fiverr.com,4.8,33,packageList,data/pilot/html-balanced/divyeshpatel013/20220701_do-nursery-rhymes-animation-video-songs.html.gz
dj_producer123,do-sound-designing-specially-for-trap-dubstep-and-pop,20240402,2024,04,10.0,20.0,40.0,Dj_producer123: I will do custom sound designing in serum in any genre for $10 on fiverr.com,5.0,12,packageList,data/pilot/html-balanced/dj_producer123/20240402_do-sound-designing-specially-for-trap-dubstep-and-pop.html.gz
djelijah,improve-your-audio-quality,20220405,2022,04,10.0,,,Djelijah: I will edit and clean up your audio to sound great for $10 on fiverr.com,5.0,144,packageList,data/pilot/html-balanced/djelijah/20220405_improve-your-audio-quality.html.gz
djester27,translate-500-words-of-english-into-german,20190502,2019,05,5.0,25.0,50.0,djester27 : I will translate english texts into german and vice versa for $5 on www.fiverr.com,5.0,312,dollar_fallback,data/pilot/html-balanced/djester27/20190502_translate-500-words-of-english-into-german.html.gz
djmoe2k5,screw-and-chopp-any-song-that-you-request,20221121,2022,11,5.0,10.0,15.0,Djmoe2k5: I will screw and chopp any song that you request for $5 on fiverr.com,5.0,201,packageList,data/pilot/html-balanced/djmoe2k5/20221121_screw-and-chopp-any-song-that-you-request.html.gz
djyoung,create-a-whiteboard-explainer-animation-video,20210701,2021,07,350.0,600.0,800.0,Djyoung: I will create a whiteboard video animation for $350 on fiverr.com,5.0,1715,packageList,data/pilot/html-balanced/djyoung/20210701_create-a-whiteboard-explainer-animation-video.html.gz
dmh5026,create-or-improve-your-resume-or-cover-letter,20201002,2020,10,100.0,145.0,195.0,"I will create, improve and design your resume or cover letter",4.9,1001,packageList,data/pilot/html-balanced/dmh5026/20201002_create-or-improve-your-resume-or-cover-letter.html.gz
dmitriyrusanov,repair-enhance-and-restore-problematic-production-audio,20181007,2018,10,10.0,5.0,,"dmitriyrusanov : I will repair, enhance, and restore problematic production audio for $40 on www.fiverr.com",5.0,54,old_json,data/pilot/html-balanced/dmitriyrusanov/20181007_repair-enhance-and-restore-problematic-production-audio.html.gz
dmutabwa,create-researched-sales-ad-and-website-copywriting,20190325,2019,03,25.0,45.0,75.0,"dmutabwa : I will create researched sales, ad, and website copywriting for $25 on www.fiverr.com",5.0,71,packageList,data/pilot/html-balanced/dmutabwa/20190325_create-researched-sales-ad-and-website-copywriting.html.gz
doctorevil92,python-web-scraping-and-data-mining,20181031,2018,10,40.0,80.0,120.0,doctorevil92 : I will do python web scraping and data mining for $40 on www.fiverr.com,5.0,31,dollar_fallback,data/pilot/html-balanced/doctorevil92/20181031_python-web-scraping-and-data-mining.html.gz
dogebao976,upload-all-your-nft-on-opensea-eth-or-matic-blockchain,20231021,2023,10,500.0,800.0,1000.0,Dogebao976: I will bulk upload nft to opensea and deploy a mint dapp for $500 on fiverr.com,5.0,86,packageList,data/pilot/html-balanced/dogebao976/20231021_upload-all-your-nft-on-opensea-eth-or-matic-blockchain.html.gz
dogebao976,generate-up-to-10-000-collectible-nfts-for-listing-on-opensea,20250131,2025,01,8000.0,9500.0,10000.0,"Dogebao976: I will develop nft minting website, mint engine, staking, web3 dapp, erc721a, erc1155 for $8000 on fiverr.com",5.0,28,packageList,data/pilot/html-balanced/dogebao976/20250131_generate-up-to-10-000-collectible-nfts-for-listing-on-opensea.html.gz
dongtibule,do-hvac-cooling-load-calculation-and-hvac-design-drawings,20241001,2024,10,200.0,,,Dongtibule: I will do hvac cooling load calculation and hvac design drawings for $200 on fiverr.com,5.0,292,packageList,data/pilot/html-balanced/dongtibule/20241001_do-hvac-cooling-load-calculation-and-hvac-design-drawings.html.gz
dorsell,do-data-visualization-with-python-and-d3,20190516,2019,05,100.0,,,dorsell : I will do data visualization with python and d3 for $100 on www.fiverr.com,,8,packageList,data/pilot/html-balanced/dorsell/20190516_do-data-visualization-with-python-and-d3.html.gz
dory_loup,record-vocals-for-your-pop-punk-song,20220101,2022,01,90.0,120.0,175.0,Dory_loup: I will record vocals for your pop punk song for $90 on fiverr.com,5.0,5,packageList,data/pilot/html-balanced/dory_loup/20220101_record-vocals-for-your-pop-punk-song.html.gz
drag517,translate-any-document-from-japanese-to-english-or-spanish,20181103,2018,11,5.0,10.0,15.0,drag517 : I will manually translate any document from japanese to eng or esp for $5 on www.fiverr.com,4.9,402,packageList,data/pilot/html-balanced/drag517/20181103_translate-any-document-from-japanese-to-english-or-spanish.html.gz
drag517,translate-any-document-from-english-to-spanish,20190929,2019,09,5.0,10.0,15.0,drag517 : I will manually translate any document from english to spanish in 24 hrs for $5 on www.fiverr.com,4.5,12,packageList,data/pilot/html-balanced/drag517/20190929_translate-any-document-from-english-to-spanish.html.gz
dragonet07,write-a-striking-query-letter-for-your-scifi-or-fantasy-novel,20220214,2022,02,30.0,60.0,100.0,Dragonet07: I will write a striking query letter for your scifi or fantasy novel for $30 on fiverr.com,4.9,147,packageList,data/pilot/html-balanced/dragonet07/20220214_write-a-striking-query-letter-for-your-scifi-or-fantasy-novel.html.gz
dragonet07,write-a-striking-query-letter-for-your-scifi-or-fantasy-novel,20241001,2024,10,30.0,60.0,120.0,Dragonet07: I will write a striking query letter for your scifi or fantasy novel for $30 on fiverr.com,4.9,214,packageList,data/pilot/html-balanced/dragonet07/20241001_write-a-striking-query-letter-for-your-scifi-or-fantasy-novel.html.gz
drcvideo,produce-a-testimonial-or-promo-video-with-to-up-150-words,20200401,2020,04,5.0,10.0,15.0,drcvideo : I will be your video spokes person in a natural setting for $5 on fiverr.com,5.0,218,packageList,data/pilot/html-balanced/drcvideo/20200401_produce-a-testimonial-or-promo-video-with-to-up-150-words.html.gz
dreaminks,create-flat-minimalist-logo-design-for-your-brand,20250816,2025,08,35.0,70.0,120.0,Dreaminks: I will create modern minimalist logo design for your business for $35 on fiverr.com,,,packageList,data/pilot/html-balanced/dreaminks/20250816_create-flat-minimalist-logo-design-for-your-brand.html.gz
dropnation,youtube-promotion-music-promotion,20220108,2022,01,100.0,150.0,250.0,Dropnation: I will youtube promotion music promotion for $100 on fiverr.com,5.0,119,packageList,data/pilot/html-balanced/dropnation/20220108_youtube-promotion-music-promotion.html.gz
dropnight,promote-your-music-to-188k-subs-youtube-channel,20200814,2020,08,15.0,30.0,60.0,dropnight : I will promote your music to 193k subs youtube channel for $15 on fiverr.com,4.9,39,packageList,data/pilot/html-balanced/dropnight/20200814_promote-your-music-to-188k-subs-youtube-channel.html.gz
dropnight,promote-your-music-to-188k-subs-youtube-channel,20250707,2025,07,20.0,40.0,60.0,"Dropnight: I will music promotion to 196,000 fans youtube channel for $20 on fiverr.com",4.9,146,packageList,data/pilot/html-balanced/dropnight/20250707_promote-your-music-to-188k-subs-youtube-channel.html.gz
drpeterrobinson,write-a-500-word-case-study-for-your-business,20211001,2021,10,40.0,60.0,80.0,Drpeterrobinson: I will write and design a case study for your business for $40 on fiverr.com,4.9,277,packageList,data/pilot/html-balanced/drpeterrobinson/20211001_write-a-500-word-case-study-for-your-business.html.gz
drstanley237,build-a-unique-10k-usd-digital-marketing-plan,20221002,2022,10,150.0,,,Drstanley237: I will build a unique 10k USD digital marketing plan strategy for $150 on fiverr.com,5.0,32,packageList,data/pilot/html-balanced/drstanley237/20221002_build-a-unique-10k-usd-digital-marketing-plan.html.gz
dtongsports,play-your-song-or-audio-to-thousands-of-listeners-on-my-radio-podcast-all-genres,20190502,2019,05,5.0,5.0,20.0,dtongsports : I will promote and play your song to thousands of radio listeners and music lovers for $5 on www.fiverr.com,5.0,2235,old_json,data/pilot/html-balanced/dtongsports/20190502_play-your-song-or-audio-to-thousands-of-listeners-on-my-radio-podcast-all-genres.html.gz
dtongsports,record-a-voice-audio-ad-audio-commercial-or-audio-mention-up-to-60-seconds-and-send-you-2-mp3-versions-to-use-forever,20200507,2020,05,5.0,,,dtongsports : I will record and produce a professional male voice over or audiobook narration for $5 on fiverr.com,5.0,435,packageList,data/pilot/html-balanced/dtongsports/20200507_record-a-voice-audio-ad-audio-commercial-or-audio-mention-up-to-60-seconds-and-send-you-2-mp3-versions-to-use-forever.html.gz
dudart_project,draw-realistic-pet-portrait-into-digital-oil-painting,20230107,2023,01,5.0,10.0,20.0,Dudart_project: I will draw realistic pet portrait into digital oil painting for $5 on fiverr.com,5.0,718,packageList,data/pilot/html-balanced/dudart_project/20230107_draw-realistic-pet-portrait-into-digital-oil-painting.html.gz
dulare_80,do-front-end-development-will-be-your-front-end-developer,20250115,2025,01,10.0,20.0,50.0,"I will convert psd to html, xd to html, sketch, image to html responsive bootstrap 4",5.0,17,packageList,data/pilot/html-balanced/dulare_80/20250115_do-front-end-development-will-be-your-front-end-developer.html.gz
dusuacangmon,design-magazine-layout-to-a-superb-one,20190501,2019,05,350.0,650.0,950.0,dusuacangmon : I will design a professional magazine layout design for $350 on www.fiverr.com,5.0,5,packageList,data/pilot/html-balanced/dusuacangmon/20190501_design-magazine-layout-to-a-superb-one.html.gz
dyscfx,design-a-unique-rust-server-banner,20230714,2023,07,15.0,25.0,50.0,Dyscfx: I will design a unique rust server banner for $15 on fiverr.com,5.0,186,packageList,data/pilot/html-balanced/dyscfx/20230714_design-a-unique-rust-server-banner.html.gz
eastcrow,create-a-drill-beat-for-you,20210627,2021,06,10.0,15.0,20.0,Eastcrow: I will produce an exclusive drill beat for you for $10 on fiverr.com,5.0,37,packageList,data/pilot/html-balanced/eastcrow/20210627_create-a-drill-beat-for-you.html.gz
ebaadamin,make-shopify-website-shopify-store-and-shopify-dropshipping,20260202,2026,02,115.0,175.0,265.0,Ebaadamin: I will make 6 figure shopify dropshipping store or shopify website for $115 on fiverr.com,5.0,1296,packageList,data/pilot/html-balanced/ebaadamin/20260202_make-shopify-website-shopify-store-and-shopify-dropshipping.html.gz
edeastman,provide-10x-ready-to-grow-shopify-stores,20210317,2021,03,295.0,395.0,550.0,Edeastman: I will make a keto diet shopify ecommerce store website business with products to sell for $295 on fiverr.com,5.0,11,packageList,data/pilot/html-balanced/edeastman/20210317_provide-10x-ready-to-grow-shopify-stores.html.gz
editdoneit,turn-your-still-image-into-moving-image-photo-animation,20240131,2024,01,10.0,20.0,40.0,Editdoneit: I will transform your memories professional 3d photo animation from 2d images for $10 on fiverr.com,5.0,10,packageList,data/pilot/html-balanced/editdoneit/20240131_turn-your-still-image-into-moving-image-photo-animation.html.gz
editingprobd,do-realistic-face-swap-photo-composition-manipulation-head-replacement,20250811,2025,08,5.0,10.0,20.0,"Editingprobd: I will do realistic face swap, photo composition, manipulation, head replacement for $5 on fiverr.com",5.0,14,packageList,data/pilot/html-balanced/editingprobd/20250811_do-realistic-face-swap-photo-composition-manipulation-head-replacement.html.gz
editwithfelix,editor-for-youtube-channel,20221001,2022,10,65.0,125.0,380.0,Editwithfelix: I will edit videos for your social media accounts for $65 on fiverr.com,5.0,276,packageList,data/pilot/html-balanced/editwithfelix/20221001_editor-for-youtube-channel.html.gz
ednacole,write-atrractive-press-release-and-distribute,20181030,2018,10,20.0,45.0,60.0,ednacole : I will write press release with press release distribution for $20 on www.fiverr.com,,328,dollar_fallback,data/pilot/html-balanced/ednacole/20181030_write-atrractive-press-release-and-distribute.html.gz
ednoname,draw-you-in-my-anime-manga-style,20190501,2019,05,15.0,25.0,45.0,ednoname : I will draw you in my anime style for $15 on www.fiverr.com,4.8,1430,packageList,data/pilot/html-balanced/ednoname/20190501_draw-you-in-my-anime-manga-style.html.gz
edoanimations,create-svg-animation-for-your-website-using-lottie,20190930,2019,09,500.0,1000.0,3000.0,edoanimations : I will create animated gif or lottie svg for website for $500 on www.fiverr.com,5.0,16,packageList,data/pilot/html-balanced/edoanimations/20190930_create-svg-animation-for-your-website-using-lottie.html.gz
edromero26pt,produce-a-spokesperson-video-in-spanish,20200101,2020,01,15.0,40.0,75.0,edromero26pt : I will produce a spokesperson video in spanish for $15 on www.fiverr.com,4.9,81,packageList,data/pilot/html-balanced/edromero26pt/20200101_produce-a-spokesperson-video-in-spanish.html.gz
ei8htz,design-2-outstanding-logo,20190705,2019,07,5.0,45.0,105.0,ei8htz : I will design an outstanding logo for $5 on www.fiverr.com,4.9,39363,packageList,data/pilot/html-balanced/ei8htz/20190705_design-2-outstanding-logo.html.gz
eightyeightdes,create-custom-chibi-animated-twitch-emotes,20230724,2023,07,25.0,75.0,150.0,Eightyeightdes: I will create custom chibi animated gif twitch emotes for $25 on fiverr.com,5.0,96,packageList,data/pilot/html-balanced/eightyeightdes/20230724_create-custom-chibi-animated-twitch-emotes.html.gz
eldadesign,advanced-mechanical-part-design-for-plastic-injections,20180906,2018,09,0.0,0.0,200.0,eldadesign : I will advanced mechanical part design for plastic injections for $200 on www.fiverr.com,,35,old_json,data/pilot/html-balanced/eldadesign/20180906_advanced-mechanical-part-design-for-plastic-injections.html.gz
eleanorgriff,record-a-fresh-professional-female-british-voiceover,20231001,2023,10,25.0,,,"Eleanorgriff: I will record a professional, female, british voice over for $25 on fiverr.com",5.0,408,packageList,data/pilot/html-balanced/eleanorgriff/20231001_record-a-fresh-professional-female-british-voiceover.html.gz
elekim86,edit-pitch-correct-enhance-mix-and-master-your-song,20190514,2019,05,5.0,10.0,15.0,"elekim86 : I will edit, tune, enhance, mix and master your song for $5 on www.fiverr.com",5.0,86,packageList,data/pilot/html-balanced/elekim86/20190514_edit-pitch-correct-enhance-mix-and-master-your-song.html.gz
elemproducer,professionally-master-your-song-ep-or-album-in-24hrs,20210701,2021,07,5.0,20.0,35.0,"Elemproducer: I will master your song, ep or album in 24hrs for $5 on fiverr.com",5.0,83,packageList,data/pilot/html-balanced/elemproducer/20210701_professionally-master-your-song-ep-or-album-in-24hrs.html.gz
elena_yaseer,create-best-wordpress-business-website-for-you,20190105,2019,01,45.0,75.0,135.0,elena_yaseer : I will create best wordpress business website for you for $45 on www.fiverr.com,5.0,85,dollar_fallback,data/pilot/html-balanced/elena_yaseer/20190105_create-best-wordpress-business-website-for-you.html.gz
elhermos,create-this-happy-birthday-disney-video-intro,20200702,2020,07,5.0,,,elhermos : I will create this happy birthday disney video intro for $5 on fiverr.com,5.0,113,packageList,data/pilot/html-balanced/elhermos/20200702_create-this-happy-birthday-disney-video-intro.html.gz
elifaydogan,be-your-social-media-marketing-manager,20250808,2025,08,295.0,575.0,795.0,Elifaydogan: I will be your social media marketing manager for $295 on fiverr.com,4.9,1651,packageList,data/pilot/html-balanced/elifaydogan/20250808_be-your-social-media-marketing-manager.html.gz
elifaydogan,be-your-social-media-marketing-manager,20251130,2025,11,295.0,575.0,795.0,Elifaydogan: I will be your social media marketing manager for $295 on fiverr.com,4.9,1651,packageList,data/pilot/html-balanced/elifaydogan/20251130_be-your-social-media-marketing-manager.html.gz
elinora,design-professional-flyer-or-any-other-print-work,20191004,2019,10,60.0,100.0,140.0,"elinora : I will design flyer, brochure, postcard, voucher, rack card, rollup, infographic for $60 on www.fiverr.com",5.0,763,packageList,data/pilot/html-balanced/elinora/20191004_design-professional-flyer-or-any-other-print-work.html.gz
eljotoci,create-a-midi-file-for-any-song,20190206,2019,02,20.0,5.0,10.0,eljotoci : I will create a midi file for any song for $5 on www.fiverr.com,5.0,96,old_json,data/pilot/html-balanced/eljotoci/20190206_create-a-midi-file-for-any-song.html.gz
ellestudio,create-a-timeless-logo-for-your-company,20200701,2020,07,1500.0,3000.0,4000.0,ellestudio : I will design a perfect and timeless logo for your business for $1500 on fiverr.com,5.0,21,packageList,data/pilot/html-balanced/ellestudio/20200701_create-a-timeless-logo-for-your-company.html.gz
elyluu,illustrate-cute-and-quirky-picture-books,20200101,2020,01,250.0,380.0,550.0,elyluu : I will illustrate cute and quirky picture books for $250 on www.fiverr.com,5.0,6,packageList,data/pilot/html-balanced/elyluu/20200101_illustrate-cute-and-quirky-picture-books.html.gz
elyluu,create-clever-and-fun-illustrations,20200401,2020,04,250.0,380.0,550.0,Get Everything You Need Starting at $5 - Fiverr,5.0,11,dollar_fallback,data/pilot/html-balanced/elyluu/20200401_create-clever-and-fun-illustrations.html.gz
email_design,create-constant-contact-html-email-newsletter-template,20190617,2019,06,15.0,,,email_design : I will create custom constant contact newsletter template for $15 on www.fiverr.com,4.8,46,packageList,data/pilot/html-balanced/email_design/20190617_create-constant-contact-html-email-newsletter-template.html.gz
email_hunting,do-email-list-building-lead-generation-and-data-scraping,20230726,2023,07,10.0,75.0,160.0,Email_hunting: I will do email list building and lead generation and data scraping for $10 on fiverr.com,5.0,200,packageList,data/pilot/html-balanced/email_hunting/20230726_do-email-list-building-lead-generation-and-data-scraping.html.gz
emani_007,podcast-promotion-podcast-marketing-podcast-social-media-promotion,20201117,2020,11,5.0,30.0,100.0,I will promote your podcast to real listeners and increase downloads,,,packageList,data/pilot/html-balanced/emani_007/20201117_podcast-promotion-podcast-marketing-podcast-social-media-promotion.html.gz
emerchant,do-pixel-perfect-label-design-of-your-products,20241005,2024,10,45.0,125.0,200.0,"Emerchant: I will do professional label design, custom product label design for $45 on fiverr.com",4.9,960,packageList,data/pilot/html-balanced/emerchant/20241005_do-pixel-perfect-label-design-of-your-products.html.gz
emilly_1,do-viral-music-promotion,20191002,2019,10,10.0,30.0,70.0,emilly_1 : I will do viral music video promotion for $10 on www.fiverr.com,4.8,77,packageList,data/pilot/html-balanced/emilly_1/20191002_do-viral-music-promotion.html.gz
emilycoy,listen-to-and-comment-on-your-music,20200218,2020,02,5.0,,,emilycoy : I will listen to and comment on your music for $5 on www.fiverr.com,5.0,52,packageList,data/pilot/html-balanced/emilycoy/20200218_listen-to-and-comment-on-your-music.html.gz
emilyy07,design-professional-manipulation-for-your-photos,20241001,2024,10,40.0,80.0,200.0,Emilyy07: I will be your killer graphic designer and photo manipulation for $40 on fiverr.com,5.0,844,packageList,data/pilot/html-balanced/emilyy07/20241001_design-professional-manipulation-for-your-photos.html.gz
emmajackson99,ghostwrite-your-short-story,20220731,2022,07,50.0,120.0,210.0,Emmajackson99: I will ghostwrite your short story for $50 on fiverr.com,5.0,89,packageList,data/pilot/html-balanced/emmajackson99/20220731_ghostwrite-your-short-story.html.gz
emon_ahsan,design-minimalist-business-card,20230402,2023,04,10.0,25.0,40.0,Emon_ahsan: I will design minimalist business card for $10 on fiverr.com,4.9,976,packageList,data/pilot/html-balanced/emon_ahsan/20230402_design-minimalist-business-card.html.gz
empstudio13,convert-any-song-to-midi-file,20220414,2022,04,35.0,50.0,65.0,Empstudio13: I will convert any song to midi file for $35 on fiverr.com,5.0,69,packageList,data/pilot/html-balanced/empstudio13/20220414_convert-any-song-to-midi-file.html.gz
englishrosevocs,record-a-british-female-professional-voice-over-for-you,20200713,2020,07,10.0,,,englishrosevocs : I will record a british female professional voice over for you for $10 on fiverr.com,5.0,159,packageList,data/pilot/html-balanced/englishrosevocs/20200713_record-a-british-female-professional-voice-over-for-you.html.gz
enya3d,make-animation-with-your-photos,20241001,2024,10,145.0,220.0,450.0,"Enya3d: I will animate your photos, artworks and give them life for $145 on fiverr.com",5.0,216,packageList,data/pilot/html-balanced/enya3d/20241001_make-animation-with-your-photos.html.gz
enzo__,record-spanish-nylon-mediterranean-guitar,20241003,2024,10,25.0,120.0,200.0,Enzo__: I will record spanish nylon mediterranean guitar for your track for $25 on fiverr.com,5.0,194,packageList,data/pilot/html-balanced/enzo__/20241003_record-spanish-nylon-mediterranean-guitar.html.gz
enzotriolo,make-you-a-gothic-illustration,20201006,2020,10,150.0,300.0,450.0,I will make you an ink illustration,5.0,14,packageList,data/pilot/html-balanced/enzotriolo/20201006_make-you-a-gothic-illustration.html.gz
epic_bookcovers,design-the-book-cover-ebook-cover-paperback-and-kdp-cover,20251128,2025,11,30.0,65.0,125.0,"Epic_bookcovers: I will design the book cover, ebook cover, paperback, and kdp cover for $30 on fiverr.com",4.9,103,packageList,data/pilot/html-balanced/epic_bookcovers/20251128_design-the-book-cover-ebook-cover-paperback-and-kdp-cover.html.gz
equalserving,build-your-automation-in-activecampaign,20200409,2020,04,50.0,90.0,160.0,equalserving : I will build your activecampaign automation for $50 on fiverr.com,5.0,27,packageList,data/pilot/html-balanced/equalserving/20200409_build-your-automation-in-activecampaign.html.gz
erani202,create-3d-crypto-nft-membership-cards,20220404,2022,04,40.0,100.0,150.0,Erani202: I will create 3d crypto nft membership cards for $40 on fiverr.com,5.0,4,packageList,data/pilot/html-balanced/erani202/20220404_create-3d-crypto-nft-membership-cards.html.gz
ericcastiglia,be-your-male-pop-rock-metal-session-singer-for-your-song,20181013,2018,10,0.0,25.0,0.0,"ericcastiglia : I will be your powerful male pop,rock,metal session singer for $5 on www.fiverr.com",4.8,54,old_json,data/pilot/html-balanced/ericcastiglia/20181013_be-your-male-pop-rock-metal-session-singer-for-your-song.html.gz
ericgoulard,translate-your-text-from-english-to-perfect-french,20211001,2021,10,15.0,,,Ericgoulard: I will translate from english to french business translation for $15 on fiverr.com,5.0,961,packageList,data/pilot/html-balanced/ericgoulard/20211001_translate-your-text-from-english-to-perfect-french.html.gz
ericmuchenah,create-a-nice-e-commerce-for-you-using-jsp-or-php,20181025,2018,10,5.0,10.0,15.0,ericmuchenah : I will do php and mysql or java and mysql projects for $5 on www.fiverr.com,4.9,31,dollar_fallback,data/pilot/html-balanced/ericmuchenah/20181025_create-a-nice-e-commerce-for-you-using-jsp-or-php.html.gz
erikson24,create-and-manage-your-instagram-account,20251203,2025,12,35.0,130.0,195.0,erikson24 : I will create and manage your instagram account for $35 on www.fiverr.com,5.0,2,packageList,data/pilot/html-balanced/erikson24/20251203_create-and-manage-your-instagram-account.html.gz
ermarh,write-you-a-poem-prose-or-short-story-on-anything,20220322,2022,03,5.0,10.0,20.0,"Ermarh: I will write you a poem, prose or short story on anything for $5 on fiverr.com",5.0,1,packageList,data/pilot/html-balanced/ermarh/20220322_write-you-a-poem-prose-or-short-story-on-anything.html.gz
erwinfabiala,custom-nba-mlb-nfl-nhl-ncaa-ufc-mixed-logo,20251216,2025,12,20.0,,,"Erwinfabiala: I will make awesome alphabet logo mashup of nba, nfl, mlb, and other sports streetwear for $20 on fiverr.com",4.8,303,packageList,data/pilot/html-balanced/erwinfabiala/20251216_custom-nba-mlb-nfl-nhl-ncaa-ufc-mixed-logo.html.gz
es_developer,fix-your-html-css-bootstrap-responsive-issue,20210505,2021,05,10.0,,,"Es_developer: I will fix html, css, bootstrap responsive issue wthin 12 hours for $10 on fiverr.com",4.9,306,packageList,data/pilot/html-balanced/es_developer/20210505_fix-your-html-css-bootstrap-responsive-issue.html.gz
esabfc,design-a-fabulous-tattoo-for-you,20221009,2022,10,100.0,200.0,300.0,Esabfc: I will draw your logo in hand lettering and typography style for $100 on fiverr.com,4.9,1525,packageList,data/pilot/html-balanced/esabfc/20221009_design-a-fabulous-tattoo-for-you.html.gz
esaudio,make-a-doctor-puppet-or-professor-puppet-video-in-english-or-in-spanish-for-you,20180718,2018,07,25.0,50.0,10.0,esaudio : I will make a doctor puppet or professor puppet video in english or in spanish for you for $5 on www.fiverr.com,4.9,64,old_json,data/pilot/html-balanced/esaudio/20180718_make-a-doctor-puppet-or-professor-puppet-video-in-english-or-in-spanish-for-you.html.gz
esia_studio,produce-quality-cinematic-videos-for-your-products-and-brand-9758,20181001,2018,10,4000.0,7000.0,10000.0,"esia_studio : I will produce quality cinematic videos for your products and brand for $4,000 on www.fiverr.com",,,dollar_fallback,data/pilot/html-balanced/esia_studio/20181001_produce-quality-cinematic-videos-for-your-products-and-brand-9758.html.gz
espumita,write-a-unique-description-for-you-amazon-product-in-italian,20220725,2022,07,25.0,60.0,75.0,Espumita: I will write unique SEO amazon product listings in italian for $25 on fiverr.com,5.0,118,packageList,data/pilot/html-balanced/espumita/20220725_write-a-unique-description-for-you-amazon-product-in-italian.html.gz
etientahiri,be-your-personal-social-media-manager,20190501,2019,05,75.0,150.0,250.0,etientahiri : I will be your personal social media manager for $75 on www.fiverr.com,5.0,97,packageList,data/pilot/html-balanced/etientahiri/20190501_be-your-personal-social-media-manager.html.gz
evacdv,your-voiceover-in-french,20220721,2022,07,10.0,,,Evacdv: I will record the best french female voice over today for $10 on fiverr.com,5.0,143,packageList,data/pilot/html-balanced/evacdv/20220721_your-voiceover-in-french.html.gz
evanego,transcribe-15-mins-clear-english,20180717,2018,07,30.0,15.0,25.0,"evanego : I will provide reliable transcription services, transcribe audio or video for $5 on www.fiverr.com",5.0,500,old_json,data/pilot/html-balanced/evanego/20180717_transcribe-15-mins-clear-english.html.gz
evora_retouch,do-high-end-portrait-retouching-photoshop-photo-editing,20240401,2024,04,15.0,25.0,35.0,"Evora_retouch: I will do beauty portrait retouching, photo editing in photoshop for $15 on fiverr.com",5.0,372,packageList,data/pilot/html-balanced/evora_retouch/20240401_do-high-end-portrait-retouching-photoshop-photo-editing.html.gz
ewwaski,digital-drawings-and-animated-gifs-are-my-specialty,20240401,2024,04,55.0,85.0,155.0,Ewwaski: I will create a 2d frame by frame animated gif with my own style for $55 on fiverr.com,5.0,220,packageList,data/pilot/html-balanced/ewwaski/20240401_digital-drawings-and-animated-gifs-are-my-specialty.html.gz
excel_hero,create-a-map-for-your-powerpoint-presentation,20180726,2018,07,100.0,400.0,600.0,excel_hero : I will create a powerpoint map for your presentation for $100 on www.fiverr.com,,18,dollar_fallback,data/pilot/html-balanced/excel_hero/20180726_create-a-map-for-your-powerpoint-presentation.html.gz
excel_hero,create-an-excel-macro-with-excel-vba,20220101,2022,01,195.0,395.0,795.0,Excel_hero: I will create an excel macro with excel vba for $195 on fiverr.com,5.0,14,packageList,data/pilot/html-balanced/excel_hero/20220101_create-an-excel-macro-with-excel-vba.html.gz
exitmedia,create-animated-gif-or-lottie-json-svg-animation-for-web-and-mobile-app,20231206,2023,12,35.0,65.0,995.0,Exitmedia: I will create animated gif or lottie json svg animation for web and mobile app for $35 on fiverr.com,5.0,650,packageList,data/pilot/html-balanced/exitmedia/20231206_create-animated-gif-or-lottie-json-svg-animation-for-web-and-mobile-app.html.gz
exofarartwork,make-amazing-caricature-style-from-your-photo,20190703,2019,07,10.0,,,exofarartwork : I will make cartoon caricature or bobbleheads from your photo for $10 on www.fiverr.com,4.9,50,packageList,data/pilot/html-balanced/exofarartwork/20190703_make-amazing-caricature-style-from-your-photo.html.gz
expert_bd_,do-viral-youtube-promotion,20190112,2019,01,50.0,0.0,0.0,expert_bd_ : I will do viral youtube promotion for $10 on www.fiverr.com,4.9,34,old_json,data/pilot/html-balanced/expert_bd_/20190112_do-viral-youtube-promotion.html.gz
expertlyd,do-any-python-and-c-coding-or-programming-in-one-day,20181101,2018,11,15.0,25.0,75.0,"I will do c, cpp, java, python, matlab, and groovy programming",4.8,28,packageList,data/pilot/html-balanced/expertlyd/20181101_do-any-python-and-c-coding-or-programming-in-one-day.html.gz
expertseosite,high-quality-da-pa-dofollow-web-mini-blog-backlinks-done-for-you,20251012,2025,10,10.0,20.0,30.0,Expertseosite: I will high quality da pa dofollow web mini blog backlinks rank for you for $10 on fiverr.com,5.0,1,packageList,data/pilot/html-balanced/expertseosite/20251012_high-quality-da-pa-dofollow-web-mini-blog-backlinks-done-for-you.html.gz
extra_ordinaire,send-you-links-of-where-to-complete-free-gift-card-offers,20180727,2018,07,5.0,10.0,15.0,extra_ordinaire : I will send you links of where to complete free gift card offers for $5 on www.fiverr.com,5.0,1,dollar_fallback,data/pilot/html-balanced/extra_ordinaire/20180727_send-you-links-of-where-to-complete-free-gift-card-offers.html.gz
fabulastudios,design-premium-packaging-for-your-brand,20250814,2025,08,150.0,180.0,200.0,Fabulastudios: I will design professional label and packaging for your product for $150 on fiverr.com,4.9,3376,packageList,data/pilot/html-balanced/fabulastudios/20250814_design-premium-packaging-for-your-brand.html.gz
faded22,make-realistic-animated-video,20240711,2024,07,100.0,300.0,1000.0,Faded22: I will make realistic animated video for $100 on fiverr.com,,,packageList,data/pilot/html-balanced/faded22/20240711_make-realistic-animated-video.html.gz
faded22,make-white-board-animated-videos,20250513,2025,05,100.0,200.0,400.0,Faded22: I will make white board animated videos for $100 on fiverr.com,,,packageList,data/pilot/html-balanced/faded22/20250513_make-white-board-animated-videos.html.gz
fadishaz,design-a-stunning-business-card-and-letter-head,20200413,2020,04,15.0,25.0,50.0,fadishaz : I will design a professional corporate identity for $15 on fiverr.com,4.9,287,packageList,data/pilot/html-balanced/fadishaz/20200413_design-a-stunning-business-card-and-letter-head.html.gz
fadlinurm_arc,create-3d-animation-with-lumion-8pro,20191003,2019,10,50.0,60.0,70.0,fadlinurm_arc : I will create 3d animation with lumion 8pro for $50 on www.fiverr.com,,,packageList,data/pilot/html-balanced/fadlinurm_arc/20191003_create-3d-animation-with-lumion-8pro.html.gz
fafa_pat,create-awesome-3d-animation-for-products,20210729,2021,07,490.0,750.0,900.0,Fafa_pat: I will create realistic 3d animation for products for $490 on fiverr.com,5.0,71,packageList,data/pilot/html-balanced/fafa_pat/20210729_create-awesome-3d-animation-for-products.html.gz
fairy_feet,write-a-short-story-or-flash-fiction,20201017,2020,10,15.0,75.0,150.0,I will write you a beautiful short story or novella,5.0,34,packageList,data/pilot/html-balanced/fairy_feet/20201017_write-a-short-story-or-flash-fiction.html.gz
faizan__studio,do-high-skilled-photoshop-editing-within-1-hour,20230101,2023,01,15.0,25.0,45.0,Faizan__studio: I will do photoshop image editing within 6 hours for $15 on fiverr.com,4.9,632,packageList,data/pilot/html-balanced/faizan__studio/20230101_do-high-skilled-photoshop-editing-within-1-hour.html.gz
fallout4,draw-space-ships-for-your-video-game,20220101,2022,01,30.0,,,Fallout4: I will draw cool spaceships for your game or space project for $30 on fiverr.com,5.0,24,packageList,data/pilot/html-balanced/fallout4/20220101_draw-space-ships-for-your-video-game.html.gz
fanoosali,write-any-deluge-function-for-any-zoho-app,20240109,2024,01,20.0,100.0,200.0,Fanoosali: I will write any deluge function for any zoho app for $20 on fiverr.com,4.9,79,packageList,data/pilot/html-balanced/fanoosali/20240109_write-any-deluge-function-for-any-zoho-app.html.gz
farhanjamali,send-your-cv-to-5000-dubai-companies-to-get-job,20210702,2021,07,5.0,,,Farhanjamali: I will search for jobs and apply to them on your behalf to get job for $5 on fiverr.com,4.8,81,packageList,data/pilot/html-balanced/farhanjamali/20210702_send-your-cv-to-5000-dubai-companies-to-get-job.html.gz
faria_promi,design-restaurant-menu-food-menu-brochure-in-24-hours,20190614,2019,06,15.0,30.0,40.0,"faria_promi : I will design restaurant menu, food menu, brochure in 24 hours for $15 on www.fiverr.com",5.0,6,packageList,data/pilot/html-balanced/faria_promi/20190614_design-restaurant-menu-food-menu-brochure-in-24-hours.html.gz
fariazishan,help-you-in-technical-writing-for-your-software,20190224,2019,02,50.0,70.0,110.0,fariazishan : I will help you in technical writing for your software for $50 on www.fiverr.com,,1,dollar_fallback,data/pilot/html-balanced/fariazishan/20190224_help-you-in-technical-writing-for-your-software.html.gz
farmanali508,design-your-real-estate-website-in-wordpress-and-wix,20230827,2023,08,80.0,190.0,300.0,Farmanali508: I will design your real estate website in wordpress and wix for $80 on fiverr.com,4.9,322,packageList,data/pilot/html-balanced/farmanali508/20230827_design-your-real-estate-website-in-wordpress-and-wix.html.gz
farrukh_bala,design-an-ultimate-book-cover-design-and-ebook-cover-design,20260205,2026,02,35.0,80.0,105.0,Farrukh_bala: I will design original book cover design and ebook cover design for $35 on fiverr.com,4.9,789,packageList,data/pilot/html-balanced/farrukh_bala/20260205_design-an-ultimate-book-cover-design-and-ebook-cover-design.html.gz
faru_codes,convert-psd-to-html-xd-to-html-jpg-to-html-responsive,20201206,2020,12,10.0,40.0,80.0,"I will convert psd to HTML, xd to HTML, jpg to HTML responsive",,,packageList,data/pilot/html-balanced/faru_codes/20201206_convert-psd-to-html-xd-to-html-jpg-to-html-responsive.html.gz
farzena1,create-a-stylish-app-promo-video,20220402,2022,04,10.0,20.0,35.0,Farzena1: I will create a stylish mobile app promo video for ios or android for $10 on fiverr.com,5.0,347,packageList,data/pilot/html-balanced/farzena1/20220402_create-a-stylish-app-promo-video.html.gz
faswaldo,edit-your-website-copy,20181011,2018,10,350.0,200.0,100.0,faswaldo : I will edit your website copy for $100 on www.fiverr.com,5.0,23,packageList,data/pilot/html-balanced/faswaldo/20181011_edit-your-website-copy.html.gz
faswaldo,write-your-social-media-posts,20210411,2021,04,75.0,150.0,275.0,Faswaldo: I will write your social media posts for $75 on fiverr.com,5.0,32,packageList,data/pilot/html-balanced/faswaldo/20210411_write-your-social-media-posts.html.gz
faswaldo,write-a-persuasive-amazon-product-listing,20220206,2022,02,125.0,250.0,350.0,Faswaldo: I will write a persuasive amazon product listing for $125 on fiverr.com,4.9,144,packageList,data/pilot/html-balanced/faswaldo/20220206_write-a-persuasive-amazon-product-listing.html.gz
fatihasyuhada,make-intro-promotion-video-debut-for-vtuber-or-streamer,20250405,2025,04,40.0,70.0,100.0,"Fatihasyuhada: I will make intro, promotion video, debut for vtuber or youtuber for $40 on fiverr.com",5.0,111,packageList,data/pilot/html-balanced/fatihasyuhada/20250405_make-intro-promotion-video-debut-for-vtuber-or-streamer.html.gz
fawaddesigns320,design-instagram-posts-social-media-post-design-facebook-ads-design,20250128,2025,01,5.0,10.0,15.0,"Fawaddesigns320: I will design instagram posts, social media post design, facebook ads design for $5 on fiverr.com",,,packageList,data/pilot/html-balanced/fawaddesigns320/20250128_design-instagram-posts-social-media-post-design-facebook-ads-design.html.gz
fawadslm1,do-any-designing-work-for-you,20190105,2019,01,0.0,20.0,10.0,fawadslm1 : I will do any designing work for you for $10 on www.fiverr.com,5.0,153,old_json,data/pilot/html-balanced/fawadslm1/20190105_do-any-designing-work-for-you.html.gz
fayazx,write-engaging-youtube-scripts-for-your-finance-channel,20240331,2024,03,5.0,15.0,20.0,Fayazx: I will write engaging youtube scripts for your finance channel for $5 on fiverr.com,4.9,22,packageList,data/pilot/html-balanced/fayazx/20240331_write-engaging-youtube-scripts-for-your-finance-channel.html.gz
feefeertr,promote-you-on-my-social-media,20180717,2018,07,0.0,10.0,5.0,feefeertr : I will promote you on my social media for $10 on www.fiverr.com,,,old_json,data/pilot/html-balanced/feefeertr/20180717_promote-you-on-my-social-media.html.gz
felix_anderson0,do-clickbank-affiliate-marketing-sales-funnel-affiliate-link-promotion,20231223,2023,12,10.0,60.0,100.0,"Felix_anderson0: I will do kickstarter crowdfunding campaign promotion,  indiegogo, gofundme promotion for $10 on fiverr.com",5.0,12,packageList,data/pilot/html-balanced/felix_anderson0/20231223_do-clickbank-affiliate-marketing-sales-funnel-affiliate-link-promotion.html.gz
fermium,make-fascinating-short-hd-inbound-explainer-video,20210201,2021,02,20.0,30.0,40.0,I will send strong organic targeted USA web traffic,4.8,122,packageList,data/pilot/html-balanced/fermium/20210201_make-fascinating-short-hd-inbound-explainer-video.html.gz
fidan06,design-event-flyer-or-poster,20190105,2019,01,10.0,5.0,5.0,fidan06 : I will design event flyer or poster for $15 on www.fiverr.com,5.0,401,old_json,data/pilot/html-balanced/fidan06/20190105_design-event-flyer-or-poster.html.gz
fitnesseducator,create-hd-female-fitness-videos,20220704,2022,07,195.0,345.0,595.0,Fitnesseducator: I will create professional yoga or exercise videos for $195 on fiverr.com,5.0,594,packageList,data/pilot/html-balanced/fitnesseducator/20220704_create-hd-female-fitness-videos.html.gz
fkfung,design-a-high-quality-live2d-model-for-facerig-vtuber,20250906,2025,09,300.0,400.0,850.0,Fkfung: I will design and rig a high quality live2d model for vtuber for $300 on fiverr.com,4.9,381,packageList,data/pilot/html-balanced/fkfung/20250906_design-a-high-quality-live2d-model-for-facerig-vtuber.html.gz
fkfung,design-a-high-quality-live2d-model-for-facerig-vtuber,20260130,2026,01,300.0,400.0,850.0,Fkfung: I will design and rig a high quality live2d model for vtuber for $300 on fiverr.com,4.9,442,packageList,data/pilot/html-balanced/fkfung/20260130_design-a-high-quality-live2d-model-for-facerig-vtuber.html.gz
florencemiaa,create-luxury-website-design-on-wordpress-using-woocommerce,20250125,2025,01,150.0,300.0,500.0,Florencemiaa: I will create luxury website design on wordpress using woocommerce for $150 on fiverr.com,,,packageList,data/pilot/html-balanced/florencemiaa/20250125_create-luxury-website-design-on-wordpress-using-woocommerce.html.gz
florin_alex,do-any-photoshop-editing-you-need,20240708,2024,07,25.0,30.0,40.0,Florin_alex: I will do photo manipulation and blend images in adobe photoshop for $25 on fiverr.com,5.0,4658,packageList,data/pilot/html-balanced/florin_alex/20240708_do-any-photoshop-editing-you-need.html.gz
fmuqodas,black-white-vector-illustration,20200507,2020,05,10.0,,,fmuqodas : I will black white vector illustration for $10 on fiverr.com,5.0,166,packageList,data/pilot/html-balanced/fmuqodas/20200507_black-white-vector-illustration.html.gz
foga_design,create-decal-or-wraping-car,20210410,2021,04,10.0,20.0,35.0,Foga_design: I will create decal or wraping car for $10 on fiverr.com,4.5,8,packageList,data/pilot/html-balanced/foga_design/20210410_create-decal-or-wraping-car.html.gz
fokuzbeat,produce-an-exclusive-pop-rnb-electro-kpop-beat,20200405,2020,04,10.0,50.0,95.0,"fokuzbeat : I will produce an exclusive pop, rnb, electro, kpop beat for $10 on fiverr.com",4.6,7,packageList,data/pilot/html-balanced/fokuzbeat/20200405_produce-an-exclusive-pop-rnb-electro-kpop-beat.html.gz
fountainantonia,sing-the-chorus-to-your-song-in-24-hours,20210602,2021,06,35.0,60.0,80.0,Fountainantonia: I will sing vocals for your song for $35 on fiverr.com,4.9,1102,packageList,data/pilot/html-balanced/fountainantonia/20210602_sing-the-chorus-to-your-song-in-24-hours.html.gz
frametoon,create-stunning-10-minutes-hd-video-for-youtube-and-social-media,20201005,2020,10,10.0,15.0,20.0,I will create stunning 10 minutes HD video for social media,5.0,47,packageList,data/pilot/html-balanced/frametoon/20201005_create-stunning-10-minutes-hd-video-for-youtube-and-social-media.html.gz
franbar,post-instagram-shoutout-on-million-followers-fitness-account,20210731,2021,07,95.0,240.0,425.0,"Franbar: I will provide instagram shoutout on 1,3million follower account for $95 on fiverr.com",4.8,52,packageList,data/pilot/html-balanced/franbar/20210731_post-instagram-shoutout-on-million-followers-fitness-account.html.gz
francescoguitar,turn-any-audio-into-sheet-music,20191004,2019,10,5.0,,,francescoguitar : I will transcribe any song into sheet music for $5 on www.fiverr.com,5.0,41,packageList,data/pilot/html-balanced/francescoguitar/20191004_turn-any-audio-into-sheet-music.html.gz
francescotocchi,mashup-your-favorite-song-and-create-create-your-dream-mix,20230101,2023,01,5.0,10.0,15.0,Francescotocchi: I will mashup your favorite song and create your dream mix for $5 on fiverr.com,4.9,34,packageList,data/pilot/html-balanced/francescotocchi/20230101_mashup-your-favorite-song-and-create-create-your-dream-mix.html.gz
frangovam,turn-your-childrens-book-into-a-video-with-narration,20210119,2021,01,60.0,100.0,190.0,I will turn your childrens book into a video with narration,5.0,28,packageList,data/pilot/html-balanced/frangovam/20210119_turn-your-childrens-book-into-a-video-with-narration.html.gz
frankietheboss,do-modern-minimalist-luxury-logo-design,20250103,2025,01,25.0,95.0,150.0,Frankietheboss: I will do modern minimalist professional logo design for $25 on fiverr.com,4.9,5075,packageList,data/pilot/html-balanced/frankietheboss/20250103_do-modern-minimalist-luxury-logo-design.html.gz
frazdev,design-redesign-wix-wordpress-weebly-websites,20221021,2022,10,90.0,150.0,300.0,"Frazdev: I will design redesign wix, squarespace,  weebly, wordpress website for $90 on fiverr.com",4.8,285,packageList,data/pilot/html-balanced/frazdev/20221021_design-redesign-wix-wordpress-weebly-websites.html.gz
freddyparra,produce-your-original-music,20211003,2021,10,15.0,35.0,60.0,Freddyparra: I will produce your original music for $15 on fiverr.com,4.9,859,packageList,data/pilot/html-balanced/freddyparra/20211003_produce-your-original-music.html.gz
freelancemomma,write-150-word-original-product-descriptions,20210625,2021,06,5.0,10.0,15.0,Freelancemomma: I will write 150 word original product descriptions for $5 on fiverr.com,5.0,381,packageList,data/pilot/html-balanced/freelancemomma/20210625_write-150-word-original-product-descriptions.html.gz
freelancer_21,give-you-1200-cooking-recipes-videos,20200509,2020,05,5.0,10.0,30.0,freelancer_21 : I will give you 1200 cooking recipes videos for $5 on fiverr.com,5.0,9,packageList,data/pilot/html-balanced/freelancer_21/20200509_give-you-1200-cooking-recipes-videos.html.gz
freelancerr_,make-professional-photo-slideshow-video-in-4k-in-24-hours,20220208,2022,02,10.0,25.0,50.0,"Freelancerr_: I will create photo slideshow, promo video, slideshow video for $10 on fiverr.com",5.0,192,packageList,data/pilot/html-balanced/freelancerr_/20220208_make-professional-photo-slideshow-video-in-4k-in-24-hours.html.gz
friedanimation,music-2d-animated-video,20211009,2021,10,220.0,440.0,660.0,Friedanimation: I will create a dark animated music video for $220 on fiverr.com,4.9,27,packageList,data/pilot/html-balanced/friedanimation/20211009_music-2d-animated-video.html.gz
frodonut,edit-your-raw-podcast-audio-file,20220401,2022,04,35.0,70.0,105.0,Frodonut: I will edit your podcast audio in english or german for $35 on fiverr.com,5.0,129,packageList,data/pilot/html-balanced/frodonut/20220401_edit-your-raw-podcast-audio-file.html.gz
funnyleos,create-beatiful-vrchat-world-specially-for-you,20230102,2023,01,60.0,100.0,230.0,Funnyleos: I will create beautiful vrchat world specially for you for $60 on fiverr.com,4.7,15,packageList,data/pilot/html-balanced/funnyleos/20230102_create-beatiful-vrchat-world-specially-for-you.html.gz
futuretechsol,professionally-rebrand-iptv-android-app-without-source-code,20241007,2024,10,25.0,50.0,175.0,Futuretechsol: I will professionally rebrand your android iptv app for $25 on fiverr.com,4.9,356,packageList,data/pilot/html-balanced/futuretechsol/20241007_professionally-rebrand-iptv-android-app-without-source-code.html.gz
gabito_,create-real-estate-promo-videos,20240101,2024,01,60.0,65.0,75.0,Gabito_: I will create real estate promo videos for $60 on fiverr.com,5.0,289,packageList,data/pilot/html-balanced/gabito_/20240101_create-real-estate-promo-videos.html.gz
gabito_,create-real-estate-promo-videos,20241003,2024,10,50.0,60.0,70.0,Gabito_: I will create real estate promo videos for $50 on fiverr.com,4.9,329,packageList,data/pilot/html-balanced/gabito_/20241003_create-real-estate-promo-videos.html.gz
gabrielborza,make-your-songs-blow-minds,20210119,2021,01,15.0,40.0,60.0,I will record a professional guitar solo and rhythm for your song,5.0,139,packageList,data/pilot/html-balanced/gabrielborza/20210119_make-your-songs-blow-minds.html.gz
gabykatten,cad-fashion-illustration-flats-technical-drawings-working-drawing,20211113,2021,11,5.0,10.0,15.0,Gabykatten: I will fashion cad illustration flats technical  drawings for $5 on fiverr.com,4.9,521,packageList,data/pilot/html-balanced/gabykatten/20211113_cad-fashion-illustration-flats-technical-drawings-working-drawing.html.gz
gaildoeswords,translate-your-italian-text-into-english,20200121,2020,01,10.0,50.0,100.0,gaildoeswords : I will translate your italian text into english for $10 on www.fiverr.com,,,packageList,data/pilot/html-balanced/gaildoeswords/20200121_translate-your-italian-text-into-english.html.gz
gal_designs,create-finance-instagram-reels-and-youtube-shorts,20240125,2024,01,20.0,40.0,60.0,Gal_designs: I will create finance instagram reels and youtube shorts for $20 on fiverr.com,5.0,184,packageList,data/pilot/html-balanced/gal_designs/20240125_create-finance-instagram-reels-and-youtube-shorts.html.gz
galib_ahmed,be-your-social-media-manager,20250103,2025,01,30.0,50.0,70.0,Galib_ahmed: I will be your social media manager for $30 on fiverr.com,,,packageList,data/pilot/html-balanced/galib_ahmed/20250103_be-your-social-media-manager.html.gz
garrettlodge,create-an-original-royalty-free-edm-hip-hop-or-pop-beat,20180913,2018,09,200.0,205.0,500.0,garrettlodge : I will create an original royalty free edm hip hop or pop beat for $200 on www.fiverr.com,,,dollar_fallback,data/pilot/html-balanced/garrettlodge/20180913_create-an-original-royalty-free-edm-hip-hop-or-pop-beat.html.gz
gary513,design-a-modern-looking-and-timeless-corporate-logo,20220814,2022,08,85.0,115.0,140.0,Gary513: I will design a minimalist and modern logo for business or startup for $85 on fiverr.com,4.9,1037,packageList,data/pilot/html-balanced/gary513/20220814_design-a-modern-looking-and-timeless-corporate-logo.html.gz
garycorr,design-a-bespoke-identity-for-your-brand,20211007,2021,10,950.0,4250.0,11500.0,Garycorr: I will design a custom visual identity and logo for your brand for $950 on fiverr.com,4.9,32,packageList,data/pilot/html-balanced/garycorr/20211007_design-a-bespoke-identity-for-your-brand.html.gz
gazania,build-profitable-print-on-demand-shopify-store-with-printful,20220704,2022,07,160.0,,,Gazania: I will build premium print on demand shopify store with printful for $160 on fiverr.com,5.0,110,packageList,data/pilot/html-balanced/gazania/20220704_build-profitable-print-on-demand-shopify-store-with-printful.html.gz
geekfoxy,create-a-professional-explainer-video-e3dd78ea-cfa7-41e0-b16c-9968369d3187,20251001,2025,10,125.0,225.0,325.0,Geekfoxy: I will create 2d custom explainer video animation for $125 on fiverr.com,4.9,524,packageList,data/pilot/html-balanced/geekfoxy/20251001_create-a-professional-explainer-video-e3dd78ea-cfa7-41e0-b16c-9968369d3187.html.gz
generatecashbiz,give-you-a-realistic-video-testimonial,20201214,2020,12,75.0,125.0,175.0,I will give you a realistic video spokesman presentation,5.0,3033,packageList,data/pilot/html-balanced/generatecashbiz/20201214_give-you-a-realistic-video-testimonial.html.gz
genny_roberts,design-responsive-high-end-divi-wordpress-website,20250514,2025,05,120.0,250.0,400.0,Genny_roberts: I will design responsive high end divi wordpress website for $120 on fiverr.com,5.0,1,packageList,data/pilot/html-balanced/genny_roberts/20250514_design-responsive-high-end-divi-wordpress-website.html.gz
geonax_tech,develop-blockchain-software-using-web3-solana-nft-website-crypto-token-dapp,20260114,2026,01,1800.0,2600.0,3200.0,"Geonax_tech: I will develop blockchain software using web3, solana nft website crypto token dapp for $1800 on fiverr.com",,,packageList,data/pilot/html-balanced/geonax_tech/20260114_develop-blockchain-software-using-web3-solana-nft-website-crypto-token-dapp.html.gz
georgeconfucius,do-th-e-best-seo,20260114,2026,01,50.0,60.0,70.0,Georgeconfucius: I will boost your google ranking with monthly SEO backlinks service for $50 on fiverr.com,4.9,1335,packageList,data/pilot/html-balanced/georgeconfucius/20260114_do-th-e-best-seo.html.gz
georgiaeaustin,be-your-content-writer-for-blog-articles,20220101,2022,01,95.0,175.0,250.0,Georgiaeaustin: I will write engaging and high quality SEO blog posts for $95 on fiverr.com,5.0,250,packageList,data/pilot/html-balanced/georgiaeaustin/20220101_be-your-content-writer-for-blog-articles.html.gz
gergriff,create-any-logo-reveals,20181112,2018,11,50.0,70.0,100.0,gergriff : I will create custom logo animation for $50 on www.fiverr.com,4.9,154,packageList,data/pilot/html-balanced/gergriff/20181112_create-any-logo-reveals.html.gz
germanaaluzzo,perfect-and-fast-translations-whenever-you-need,20200430,2020,04,5.0,15.0,25.0,germanaaluzzo : I will translate from english to italian or french for $5 on fiverr.com,5.0,42,packageList,data/pilot/html-balanced/germanaaluzzo/20200430_perfect-and-fast-translations-whenever-you-need.html.gz
germancreative,design-creative-ebook-cover,20230406,2023,04,10.0,20.0,30.0,Germancreative: I will design professional book cover or ebook cover for $10 on fiverr.com,4.9,44557,packageList,data/pilot/html-balanced/germancreative/20230406_design-creative-ebook-cover.html.gz
ggerbus,build-your-brand-message-and-elevator-pitch,20220402,2022,04,100.0,200.0,500.0,Ggerbus: I will build your brand message and elevator pitch for $100 on fiverr.com,4.9,300,packageList,data/pilot/html-balanced/ggerbus/20220402_build-your-brand-message-and-elevator-pitch.html.gz
ggerbus,professionally-edit-and-proofread-your-ai-and-chatgpt-content,20260101,2026,01,100.0,180.0,250.0,Ggerbus: I will professionally edit and polish your ai and chatgpt content for $100 on fiverr.com,5.0,15,packageList,data/pilot/html-balanced/ggerbus/20260101_professionally-edit-and-proofread-your-ai-and-chatgpt-content.html.gz
ghaziseo,make-100-permanent-german-seo-backlinks-on-de-site,20231212,2023,12,5.0,15.0,30.0,Ghaziseo: I will make 100 permanent german SEO backlinks on de site for $5 on fiverr.com,4.9,44,packageList,data/pilot/html-balanced/ghaziseo/20231212_make-100-permanent-german-seo-backlinks-on-de-site.html.gz
gigicheng,provide-flawlessly-translation-english-to-chinese,20190509,2019,05,5.0,10.0,20.0,I will precisely translate english to chinese or chinese to english,4.9,223,packageList,data/pilot/html-balanced/gigicheng/20190509_provide-flawlessly-translation-english-to-chinese.html.gz
glaxosoft,do-or-fix-wordpress-seo,20200102,2020,01,20.0,50.0,150.0,glaxosoft : I will fully optimize wordpress SEO by google algorithm for $20 on www.fiverr.com,5.0,394,packageList,data/pilot/html-balanced/glaxosoft/20200102_do-or-fix-wordpress-seo.html.gz
globalvideos,create-awesome-book-trailer-for-you,20200101,2020,01,25.0,45.0,65.0,globalvideos : I will create awesome book  trailer for you for $25 on www.fiverr.com,5.0,229,packageList,data/pilot/html-balanced/globalvideos/20200101_create-awesome-book-trailer-for-you.html.gz
gmkeya,create-one-product-shopify-dropshipping-store-0a54,20220427,2022,04,100.0,150.0,190.0,Gmkeya: I will create 30k profits one product shopify dropshipping store for $100 on fiverr.com,5.0,177,packageList,data/pilot/html-balanced/gmkeya/20220427_create-one-product-shopify-dropshipping-store-0a54.html.gz
gmponline,setup-and-manage-google-display-network-adwords-ppc-campaign,20200110,2020,01,50.0,,,gmponline : I will setup and manage google display network adwords PPC campaign for $50 on www.fiverr.com,5.0,2,packageList,data/pilot/html-balanced/gmponline/20200110_setup-and-manage-google-display-network-adwords-ppc-campaign.html.gz
goaldsign,create-professional-banner-ads,20191002,2019,10,5.0,15.0,30.0,goaldsign : I will create animated gif banner ads for $5 on www.fiverr.com,5.0,621,packageList,data/pilot/html-balanced/goaldsign/20191002_create-professional-banner-ads.html.gz
goldentones,record-a-premium-middle-aged-male-voiceover,20240602,2024,06,45.0,,,"Goldentones: I will be your dramatic deep american male voice over artist, english human voice actor for $45 on fiverr.com",5.0,1102,packageList,data/pilot/html-balanced/goldentones/20240602_record-a-premium-middle-aged-male-voiceover.html.gz
goldminedesign,make-you-10-contour-cut-3-inch-stickers-of-your-graphic,20190117,2019,01,20.0,25.0,45.0,goldminedesign : I will print and cut 10 premium 4 inch vinyl stickers that will last for years for $5 on www.fiverr.com,5.0,133,old_json,data/pilot/html-balanced/goldminedesign/20190117_make-you-10-contour-cut-3-inch-stickers-of-your-graphic.html.gz
gonyshev_maxim,create-pixel-art-for-nft-video-games-board-games,20230409,2023,04,35.0,300.0,600.0,"Gonyshev_maxim: I will create and generate 100, 1k, 10k pixel art for nft collection for $35 on fiverr.com",5.0,90,packageList,data/pilot/html-balanced/gonyshev_maxim/20230409_create-pixel-art-for-nft-video-games-board-games.html.gz
gopros,design-amazing-banner-ads-mobile-ads-headers-142bb78c-4f1e-4b9c-8522-a622f62c0d06,20201029,2020,10,15.0,75.0,115.0,"I will do any website banner ads, web banners, or image editing",4.9,826,packageList,data/pilot/html-balanced/gopros/20201029_design-amazing-banner-ads-mobile-ads-headers-142bb78c-4f1e-4b9c-8522-a622f62c0d06.html.gz
gorillakyle,provide-a-google-certified-ppc-management-service,20210208,2021,02,700.0,800.0,1100.0,I will provide a google certified PPC management service,5.0,3,packageList,data/pilot/html-balanced/gorillakyle/20210208_provide-a-google-certified-ppc-management-service.html.gz
goubert1,provide-10-links-on-german-directories,20201119,2020,11,10.0,20.0,30.0,"I will provide 3, 6 or 10 links on german directories for SEO germany",4.9,21,packageList,data/pilot/html-balanced/goubert1/20201119_provide-10-links-on-german-directories.html.gz
gracemercy_,setup-profitable-clickbank-affiliate-marketing-sales-funnel-affiliate-marketing,20230402,2023,04,10.0,70.0,120.0,Gracemercy_: I will build profitable amazon and clickbank affiliate marketing sales funnel for $10 on fiverr.com,4.9,25,packageList,data/pilot/html-balanced/gracemercy_/20230402_setup-profitable-clickbank-affiliate-marketing-sales-funnel-affiliate-marketing.html.gz
gramckovictor,compose-arrange-and-transcribe-music-for-you,20240402,2024,04,15.0,20.0,25.0,Gramckovictor: I will compose arrange and transcribe music for you for $15 on fiverr.com,5.0,437,packageList,data/pilot/html-balanced/gramckovictor/20240402_compose-arrange-and-transcribe-music-for-you.html.gz
grammam,write-articles-of-top-journalistic-standards,20211022,2021,10,250.0,335.0,385.0,Grammam: I will write excellent articles for your blog for $250 on fiverr.com,4.9,12,packageList,data/pilot/html-balanced/grammam/20211022_write-articles-of-top-journalistic-standards.html.gz
grandpa_designs,design-logo-for-your-business-or-website,20191001,2019,10,10.0,35.0,65.0,grandpa_designs : I will create minimalist logo for your business or website in 24hrs for $10 on www.fiverr.com,4.9,7538,packageList,data/pilot/html-balanced/grandpa_designs/20191001_design-logo-for-your-business-or-website.html.gz
grantsvoice,produce-user-generated-content-type-ads-for-ugc-tiktoks-reels,20231001,2023,10,75.0,105.0,130.0,Grantsvoice: I will create senior female engaging user generated content ugc for tiktoks reels for $75 on fiverr.com,5.0,33,packageList,data/pilot/html-balanced/grantsvoice/20231001_produce-user-generated-content-type-ads-for-ugc-tiktoks-reels.html.gz
graphi_que,design-any-kind-of-business-logo-efe1f085-77fe-4e22-911d-fb9854a7ae87,20250123,2025,01,10.0,35.0,60.0,Graphi_que: I will do creative logo design for your business for $10 on fiverr.com,4.9,5744,packageList,data/pilot/html-balanced/graphi_que/20250123_design-any-kind-of-business-logo-efe1f085-77fe-4e22-911d-fb9854a7ae87.html.gz
graphicpureskil,video-sound-remove-and-i-will-add-words-music-to-your-video,20200401,2020,04,10.0,30.0,60.0,graphicpureskil : I will professional video noise reduction and voice enhancer for $10 on fiverr.com,4.9,68,packageList,data/pilot/html-balanced/graphicpureskil/20200401_video-sound-remove-and-i-will-add-words-music-to-your-video.html.gz
graphics_spine,do-modern-monogram-or-personal-initial-letter-logo-design,20250513,2025,05,10.0,20.0,50.0,Graphics_spine: I will do modern monogram or personal initial letter logo design for $10 on fiverr.com,,,packageList,data/pilot/html-balanced/graphics_spine/20250513_do-modern-monogram-or-personal-initial-letter-logo-design.html.gz
graphicsfx,do-cinematic-promo-trailer-video-for-your-product,20210312,2021,03,5.0,20.0,35.0,Graphicsfx: I will do cinematic promo trailer video for your product for $5 on fiverr.com,4.9,64,packageList,data/pilot/html-balanced/graphicsfx/20210312_do-cinematic-promo-trailer-video-for-your-product.html.gz
graphicsqueens,create-advertising-video-of-your-brand-logo,20200209,2020,02,5.0,10.0,15.0,graphicsqueens : I will create advertising video of your brand logo for $5 on www.fiverr.com,5.0,4,packageList,data/pilot/html-balanced/graphicsqueens/20200209_create-advertising-video-of-your-brand-logo.html.gz
graphicsqueens,create-this-book-promotion-video-trailer,20250426,2025,04,5.0,10.0,15.0,Graphicsqueens: I will create this book promotion video trailer for $5 on fiverr.com,,,packageList,data/pilot/html-balanced/graphicsqueens/20250426_create-this-book-promotion-video-trailer.html.gz
graphictouch220,design-luxury-minimalist-business-card,20200421,2020,04,15.0,25.0,35.0,"graphictouch220 : I will design luxury, minimalist, gold foil business card for $15 on fiverr.com",4.8,191,packageList,data/pilot/html-balanced/graphictouch220/20200421_design-luxury-minimalist-business-card.html.gz
graphixd6,do-candle-label-and-packaging-for-you,20251123,2025,11,5.0,10.0,15.0,Graphixd6: I will do candle label and packaging for you for $5 on fiverr.com,4.8,6,packageList,data/pilot/html-balanced/graphixd6/20251123_do-candle-label-and-packaging-for-you.html.gz
graphixerlk,create-a-professional-restaurant-menu-design,20220802,2022,08,10.0,20.0,50.0,Graphixerlk: I will create a professional restaurant menu design for $10 on fiverr.com,4.9,305,packageList,data/pilot/html-balanced/graphixerlk/20220802_create-a-professional-restaurant-menu-design.html.gz
grillo_infinity,teach-you-digital-marketing-strategy,20230419,2023,04,50.0,,,Grillo_infinity: I will teach you digital marketing strategy for $50 on fiverr.com,5.0,7,packageList,data/pilot/html-balanced/grillo_infinity/20230419_teach-you-digital-marketing-strategy.html.gz
grisildalola,create-5-amazing-reviews-for-your-social-media,20180717,2018,07,0.0,10.0,15.0,grisildalola : I will share your content with my 12k connections on linkedin for $10 on www.fiverr.com,,371,old_json,data/pilot/html-balanced/grisildalola/20180717_create-5-amazing-reviews-for-your-social-media.html.gz
growtbusiness,send-250-chat-gpt-prompts-to-30x-your-marketing-skills,20230715,2023,07,70.0,,,Growtbusiness: I will send 10500 chat gpt prompt to 30x your marketing skills for $70 on fiverr.com,5.0,4,packageList,data/pilot/html-balanced/growtbusiness/20230715_send-250-chat-gpt-prompts-to-30x-your-marketing-skills.html.gz
gu_pamei,implement-google-ads-conversion-tracking-code,20260211,2026,02,10.0,20.0,40.0,"Gu_pamei: I will set up tracking for sales, leads, and clicks for $10 on fiverr.com",5.0,386,packageList,data/pilot/html-balanced/gu_pamei/20260211_implement-google-ads-conversion-tracking-code.html.gz
guimellon,teach-or-help-you-make-music-on-logic-pro,20210611,2021,06,15.0,25.0,40.0,Guimellon: I will teach or help you make music on logic pro for $15 on fiverr.com,5.0,15,packageList,data/pilot/html-balanced/guimellon/20210611_teach-or-help-you-make-music-on-logic-pro.html.gz
guimellon,teach-or-help-you-make-music-on-logic-pro,20240824,2024,08,15.0,30.0,55.0,Guimellon: I will teach or help you make music on logic pro for $15 on fiverr.com,5.0,158,packageList,data/pilot/html-balanced/guimellon/20240824_teach-or-help-you-make-music-on-logic-pro.html.gz
gunawanguan,create-5-awesome-banner-or-header-design,20221001,2022,10,10.0,30.0,60.0,Gunawanguan: I will do awesome website banner or header design for $10 on fiverr.com,4.9,1791,packageList,data/pilot/html-balanced/gunawanguan/20221001_create-5-awesome-banner-or-header-design.html.gz
gunawanguan,create-5-awesome-banner-or-header-design,20230104,2023,01,10.0,30.0,60.0,Gunawanguan: I will do awesome website banner or header design for $10 on fiverr.com,4.9,1879,packageList,data/pilot/html-balanced/gunawanguan/20230104_create-5-awesome-banner-or-header-design.html.gz
gurulaura,prepare-legal-document-lawsuits-complaint-motions,20231002,2023,10,250.0,450.0,650.0,"Gurulaura: I will prepare legal document, lawsuits complaint,motions for $250 on fiverr.com",5.0,233,packageList,data/pilot/html-balanced/gurulaura/20231002_prepare-legal-document-lawsuits-complaint-motions.html.gz
gururajan1990,do-professional-video-editing-in-24-hours,20240522,2024,05,5.0,25.0,125.0,Gururajan1990: I will do professional video editing within 24 hours for $5 on fiverr.com,5.0,420,packageList,data/pilot/html-balanced/gururajan1990/20240522_do-professional-video-editing-in-24-hours.html.gz
gusfr_,compose-a-emotional-melody-for-your-edm-song,20190629,2019,06,5.0,,,gusfr_ : I will compose an emotional melody for your song for $5 on www.fiverr.com,5.0,1,packageList,data/pilot/html-balanced/gusfr_/20190629_compose-a-emotional-melody-for-your-edm-song.html.gz
gvialette,technical-translations-english-to-french-and-french-to-english,20200117,2020,01,30.0,70.0,135.0,gvialette : I will do technical translations english to french and french to english for $30 on www.fiverr.com,5.0,26,packageList,data/pilot/html-balanced/gvialette/20200117_technical-translations-english-to-french-and-french-to-english.html.gz
h_dexter,design-a-unique-logo-for-your-company-website-or-any-with-free-mockup-style--2,20220807,2022,08,10.0,20.0,50.0,H_dexter: I will redesign edit or update your logo creatively for $10 on fiverr.com,4.9,2186,packageList,data/pilot/html-balanced/h_dexter/20220807_design-a-unique-logo-for-your-company-website-or-any-with-free-mockup-style--2.html.gz
habibmalik1,do-seo-optimized-article-writing-in-24-hours,20210326,2021,03,20.0,40.0,200.0,Habibmalik1: I will write SEO optimized articles and blogs in 24 hours for $20 on fiverr.com,4.9,125,packageList,data/pilot/html-balanced/habibmalik1/20210326_do-seo-optimized-article-writing-in-24-hours.html.gz
hadeedawan69,create-unique-instagram-post-templates,20220828,2022,08,15.0,25.0,60.0,Hadeedawan69: I will create unique instagram post templates for $15 on fiverr.com,4.9,39,packageList,data/pilot/html-balanced/hadeedawan69/20220828_create-unique-instagram-post-templates.html.gz
hafizejaz,install-avada-wordpress-theme-a4e5890a-88b2-4052-9e33-5ddef92e62e2,20190804,2019,08,5.0,70.0,110.0,hafizejaz : I will create a complete website in avada wordpress theme for $5 on www.fiverr.com,5.0,261,packageList,data/pilot/html-balanced/hafizejaz/20190804_install-avada-wordpress-theme-a4e5890a-88b2-4052-9e33-5ddef92e62e2.html.gz
hafizmusadaq,professionally-interpret-your-dream-give-advice-or-support,20220509,2022,05,130.0,,,"Hafizmusadaq: I will professionally interpret your dream, give advice or support for $130 on fiverr.com",,,packageList,data/pilot/html-balanced/hafizmusadaq/20220509_professionally-interpret-your-dream-give-advice-or-support.html.gz
haidernuur,seo-optimize-your-youtube-videos,20191002,2019,10,5.0,40.0,80.0,haidernuur : I will optimize SEO factors of your youtube videos for $5 on www.fiverr.com,4.9,322,packageList,data/pilot/html-balanced/haidernuur/20191002_seo-optimize-your-youtube-videos.html.gz
hajare28,translate-your-legal-documents-in-french-arabic-and-english,20220101,2022,01,10.0,30.0,60.0,"Hajare28: I will translate your legal documents in french, arabic and english for $10 on fiverr.com",5.0,6,packageList,data/pilot/html-balanced/hajare28/20220101_translate-your-legal-documents-in-french-arabic-and-english.html.gz
hamad_malikk,make-screencast-tutorial-video-on-how-to-use-web-and-app,20211010,2021,10,5.0,15.0,30.0,Hamad_malikk: I will make a screencast tutorial video for your website or an app for $5 on fiverr.com,5.0,4,packageList,data/pilot/html-balanced/hamad_malikk/20211010_make-screencast-tutorial-video-on-how-to-use-web-and-app.html.gz
hammad_33,do-social-media-management-and-content-creation,20230806,2023,08,40.0,70.0,120.0,Hammad_33: I will be your social media manager and content creator for $40 on fiverr.com,4.9,129,packageList,data/pilot/html-balanced/hammad_33/20230806_do-social-media-management-and-content-creation.html.gz
hammadulhaq93,make-professional-wordpress-website-or-web-design,20220711,2022,07,125.0,375.0,675.0,Hammadulhaq93: I will design a professional wordpress website or web design for $125 on fiverr.com,5.0,483,packageList,data/pilot/html-balanced/hammadulhaq93/20220711_make-professional-wordpress-website-or-web-design.html.gz
hamza_hashmi,design-investor-pitch-deck-for-startups-and-business,20231104,2023,11,80.0,180.0,250.0,Hamza_hashmi: I will pitch deck design and powerpoint presentation for business for $80 on fiverr.com,4.9,581,packageList,data/pilot/html-balanced/hamza_hashmi/20231104_design-investor-pitch-deck-for-startups-and-business.html.gz
hamza_mian,upload-your-videos-to-your-youtube-channel-with-fully-optimization,20210410,2021,04,25.0,60.0,100.0,Hamza_mian: I will upload your podcast to your website or youtube channel for $25 on fiverr.com,5.0,24,packageList,data/pilot/html-balanced/hamza_mian/20210410_upload-your-videos-to-your-youtube-channel-with-fully-optimization.html.gz
hamzaelhaiti,design-amazing-youtube-thumbnail-in-3-hours,20211218,2021,12,10.0,,,Hamzaelhaiti: I will design an amazing youtube thumbnail for $10 on fiverr.com,5.0,794,packageList,data/pilot/html-balanced/hamzaelhaiti/20211218_design-amazing-youtube-thumbnail-in-3-hours.html.gz
hamzafarooq,write-1000-words-well-researched-article-for-you,20240412,2024,04,35.0,70.0,100.0,Hamzafarooq: I will be your professional SEO website content writer for $35 on fiverr.com,5.0,385,packageList,data/pilot/html-balanced/hamzafarooq/20240412_write-1000-words-well-researched-article-for-you.html.gz
hamzakhalid2k16,create-a-premium-and-modern-wordpress-website,20230131,2023,01,150.0,300.0,500.0,Hamzakhalid2k16: I will build a luxury and premium website for you for $150 on fiverr.com,4.9,305,packageList,data/pilot/html-balanced/hamzakhalid2k16/20230131_create-a-premium-and-modern-wordpress-website.html.gz
hamzalak,design-web-slider-for-shopify-store,20200710,2020,07,10.0,20.0,30.0,hamzalak : I will design an attractive shopify banner for $10 on fiverr.com,5.0,172,packageList,data/pilot/html-balanced/hamzalak/20200710_design-web-slider-for-shopify-store.html.gz
hamzamalik95,write-facebook-ad-copy-that-will-boost-your-sales,20220106,2022,01,10.0,20.0,25.0,Hamzamalik95: I will write killer ad copy for your facebook ad for $10 on fiverr.com,4.9,327,packageList,data/pilot/html-balanced/hamzamalik95/20220106_write-facebook-ad-copy-that-will-boost-your-sales.html.gz
hamzarr,do-flyer-design-brochure-design-with-unlimited-revisions,20200202,2020,02,20.0,35.0,70.0,hamzarr : I will design business flyers brochures event invitation booklet for $20 on www.fiverr.com,4.9,36,packageList,data/pilot/html-balanced/hamzarr/20200202_do-flyer-design-brochure-design-with-unlimited-revisions.html.gz
hannimus,transcribe-your-15-min-of-audio,20190502,2019,05,5.0,10.0,15.0,hannimus : I will transcribe your german audio for $5 on www.fiverr.com,5.0,124,packageList,data/pilot/html-balanced/hannimus/20190502_transcribe-your-15-min-of-audio.html.gz
happycode,create-a-custom-theme-of-your-choice-for-your-shopify-website,20230714,2023,07,100.0,250.0,450.0,Happycode: I will create a custom shopify theme of your choice for your shopify website for $100 on fiverr.com,5.0,821,packageList,data/pilot/html-balanced/happycode/20230714_create-a-custom-theme-of-your-choice-for-your-shopify-website.html.gz
haqnawazfree,do-api-integration-development-or-fixing,20220101,2022,01,30.0,250.0,700.0,"Haqnawazfree: I will do API integration, development or fixing for $30 on fiverr.com",5.0,76,packageList,data/pilot/html-balanced/haqnawazfree/20220101_do-api-integration-development-or-fixing.html.gz
haren0610,create-a-professional-telegram-bot-for-you,20230102,2023,01,5.0,10.0,15.0,Haren0610: I will create a professional telegram bot with database and API for $5 on fiverr.com,5.0,30,packageList,data/pilot/html-balanced/haren0610/20230102_create-a-professional-telegram-bot-for-you.html.gz
harisawan551,design-modern-sports-fitness-gym-football-basketball-flyer-and-poster,20250812,2025,08,20.0,35.0,60.0,"Harisawan551: I will design modern sports, fitness, gym, football, basketball flyer and poster for $20 on fiverr.com",4.8,22,packageList,data/pilot/html-balanced/harisawan551/20250812_design-modern-sports-fitness-gym-football-basketball-flyer-and-poster.html.gz
harry_mathew,manage-and-promote-your-instagram-account,20180909,2018,09,15.0,25.0,50.0,harry_mathew : I will manage and promote your instagram account for $15 on www.fiverr.com,4.9,150,dollar_fallback,data/pilot/html-balanced/harry_mathew/20180909_manage-and-promote-your-instagram-account.html.gz
harryvandeburg,add-your-songs-on-my-tidal-playlist-24-7-for-3-months,20200101,2020,01,5.0,10.0,15.0,harryvandeburg : I will add your songs on a tidal playlist for $5 on www.fiverr.com,4.9,177,packageList,data/pilot/html-balanced/harryvandeburg/20200101_add-your-songs-on-my-tidal-playlist-24-7-for-3-months.html.gz
harwinmendoza,design-a-powerpoint-or-keynote-in-12-hrs,20200401,2020,04,25.0,50.0,100.0,harwinmendoza : I will design a powerful powerpoint in 12 hours for $25 on fiverr.com,4.9,219,packageList,data/pilot/html-balanced/harwinmendoza/20200401_design-a-powerpoint-or-keynote-in-12-hrs.html.gz
hashanfernando,3d-globe-video-of-google-location,20210102,2021,01,10.0,145.0,495.0,I will google earth flyover and real estate 3d module placement,5.0,28,packageList,data/pilot/html-balanced/hashanfernando/20210102_3d-globe-video-of-google-location.html.gz
hashimreza37,all-banner-header-facebook-cover-design,20250425,2025,04,25.0,60.0,100.0,"I will create all product packaging carton, box,label design",,,packageList,data/pilot/html-balanced/hashimreza37/20250425_all-banner-header-facebook-cover-design.html.gz
hassan_gull,do-editorial-fashion-beauty-photo-retouch-and-enhancement-9fa7,20230715,2023,07,5.0,15.0,45.0,Hassan_gull: I will do editorial fashion beauty photo retouch and enhancement for $5 on fiverr.com,5.0,142,packageList,data/pilot/html-balanced/hassan_gull/20230715_do-editorial-fashion-beauty-photo-retouch-and-enhancement-9fa7.html.gz
hassanarif96,professionally-edit-your-videos-using-after-effects-and-premiere-pro,20211003,2021,10,10.0,40.0,100.0,Hassanarif96: I will professionally edit your videos using after effects and premiere pro for $10 on fiverr.com,5.0,126,packageList,data/pilot/html-balanced/hassanarif96/20211003_professionally-edit-your-videos-using-after-effects-and-premiere-pro.html.gz
hassansayed2,provide-german-customer-support-and-will-be-your-virtual-assistant-in-german,20240616,2024,06,5.0,,,Hassansayed2: I will provide german customer support and will be your virtual assistant in german for $5 on fiverr.com,5.0,13,packageList,data/pilot/html-balanced/hassansayed2/20240616_provide-german-customer-support-and-will-be-your-virtual-assistant-in-german.html.gz
hazi821995,create-commercial-and-promotional-videos-for-your-business,20180811,2018,08,20.0,40.0,80.0,hazi821995 : I will create video commercial and promotional ads for $20 on www.fiverr.com,5.0,30,dollar_fallback,data/pilot/html-balanced/hazi821995/20180811_create-commercial-and-promotional-videos-for-your-business.html.gz
hazir_zeka_22,create-a-video-animation-for-your-product,20210119,2021,01,3900.0,,,I will create a video animation for your product,5.0,4,packageList,data/pilot/html-balanced/hazir_zeka_22/20210119_create-a-video-animation-for-your-product.html.gz
hchogan,be-a-tough-love-editor-for-your-fiction-book,20180910,2018,09,100.0,200.0,300.0,hchogan : I will be your developmental book editor for $100 on www.fiverr.com,5.0,12,dollar_fallback,data/pilot/html-balanced/hchogan/20180910_be-a-tough-love-editor-for-your-fiction-book.html.gz
healthynoukie,make-specific-yoga-videos-for-you,20200707,2020,07,40.0,75.0,200.0,healthynoukie : I will make specific yoga videos for you for $40 on fiverr.com,5.0,28,packageList,data/pilot/html-balanced/healthynoukie/20200707_make-specific-yoga-videos-for-you.html.gz
heartbeatstore,do-social-media-marketing,20210715,2021,07,20.0,100.0,180.0,Heartbeatstore: I will do social media marketing and boost up your business for $20 on fiverr.com,5.0,52,packageList,data/pilot/html-balanced/heartbeatstore/20210715_do-social-media-marketing.html.gz
heavisidegroup,do-an-expert-seo-audit-of-your-site,20210605,2021,06,100.0,,,Heavisidegroup: I will do an expert SEO audit of your site for $100 on fiverr.com,4.9,57,packageList,data/pilot/html-balanced/heavisidegroup/20210605_do-an-expert-seo-audit-of-your-site.html.gz
heichii_art,draw-a-terrific-song-cover-art-with-an-animated-video-for-it,20211001,2021,10,45.0,60.0,85.0,Heichii_art: I will draw a terrific song cover art with an animated video for it for $45 on fiverr.com,5.0,783,packageList,data/pilot/html-balanced/heichii_art/20211001_draw-a-terrific-song-cover-art-with-an-animated-video-for-it.html.gz
helenth0ms0n,make-a-dance-music-video-clip-for-your-song,20221013,2022,10,100.0,125.0,150.0,Helenth0ms0n: I will produce professional cinematic dance music video clip for $100 on fiverr.com,5.0,76,packageList,data/pilot/html-balanced/helenth0ms0n/20221013_make-a-dance-music-video-clip-for-your-song.html.gz
helicarrier,record-any-live-streaming-video-of-webinar-event-for-you,20230226,2023,02,5.0,10.0,15.0,"Helicarrier: I will record any live streaming video of webinar, event for you for $5 on fiverr.com",5.0,108,packageList,data/pilot/html-balanced/helicarrier/20230226_record-any-live-streaming-video-of-webinar-event-for-you.html.gz
hellohorizon,edit-your-travel-footage-to-an-amazing-video,20220102,2022,01,45.0,125.0,250.0,Hellohorizon: I will edit your travel and vacation footage to an amazing video for $45 on fiverr.com,5.0,66,packageList,data/pilot/html-balanced/hellohorizon/20220102_edit-your-travel-footage-to-an-amazing-video.html.gz
hendrickvalera,record-a-saxophone-line-for-your-song,20211128,2021,11,100.0,140.0,180.0,"hendrickvalera : I will record saxophone solos, flute solos or woodwinds for you for $100 on www.fiverr.com",4.8,23,packageList,data/pilot/html-balanced/hendrickvalera/20211128_record-a-saxophone-line-for-your-song.html.gz
henriqueaz,design-your-cd-album-single-ep-spotify-soundcloud-cover,20200408,2020,04,80.0,120.0,170.0,henriqueaz : I will design a 3d album and single cover artwork for $80 on fiverr.com,5.0,53,packageList,data/pilot/html-balanced/henriqueaz/20200408_design-your-cd-album-single-ep-spotify-soundcloud-cover.html.gz
herculesone88,code-your-trading-strategy-in-calgo-and-optimize-it,20220711,2022,07,150.0,230.0,500.0,Herculesone88: I will code your strategy on ctrader and turn it into a trading bot for $150 on fiverr.com,5.0,55,packageList,data/pilot/html-balanced/herculesone88/20220711_code-your-trading-strategy-in-calgo-and-optimize-it.html.gz
heresricky,record-a-voiceover-as-jack-nicholson-liam-neeson-or-david-attenborough,20190930,2019,09,10.0,,,"heresricky : I will record a voiceover as jack nicholson, liam neeson or david attenborough for $10 on www.fiverr.com",5.0,739,packageList,data/pilot/html-balanced/heresricky/20190930_record-a-voiceover-as-jack-nicholson-liam-neeson-or-david-attenborough.html.gz
herusuofficial,make-a-hopestyle-poster,20181103,2018,11,5.0,30.0,65.0,herusuofficial : I will manually create you an obama hope poster campaign for $5 on www.fiverr.com,5.0,100,dollar_fallback,data/pilot/html-balanced/herusuofficial/20181103_make-a-hopestyle-poster.html.gz
hikmahadisa,create-awesome-custom-social-media-post,20200820,2020,08,15.0,30.0,50.0,hikmahadisa : I will create awesome custom social media post for $15 on fiverr.com,5.0,9,packageList,data/pilot/html-balanced/hikmahadisa/20200820_create-awesome-custom-social-media-post.html.gz
hilaldeveloper,integrate-fix-or-develop-custom-web-api,20230724,2023,07,50.0,320.0,750.0,"Hilaldeveloper: I will integrate, fix or develop rest,json,xml and soap API for $50 on fiverr.com",5.0,287,packageList,data/pilot/html-balanced/hilaldeveloper/20230724_integrate-fix-or-develop-custom-web-api.html.gz
himawarij,teach-you-japanese-language-online,20221008,2022,10,15.0,20.0,25.0,Himawarij: I will teach you japanese language online for $15 on fiverr.com,5.0,149,packageList,data/pilot/html-balanced/himawarij/20221008_teach-you-japanese-language-online.html.gz
hirehtmlcoder,design-an-unique-infographic,20220723,2022,07,10.0,30.0,70.0,"Hirehtmlcoder: I will design professional infographic, flowchart, diagram, or pie chart for $10 on fiverr.com",4.9,3118,packageList,data/pilot/html-balanced/hirehtmlcoder/20220723_design-an-unique-infographic.html.gz
hiroeal,make-a-json-animation-for-your-mobile-app-or-webpage,20191030,2019,10,50.0,100.0,200.0,hiroeal : I will make a json lottie animation for your mobile app or webpage for $50 on www.fiverr.com,5.0,9,packageList,data/pilot/html-balanced/hiroeal/20191030_make-a-json-animation-for-your-mobile-app-or-webpage.html.gz
hmailimaro,design-eye-catchy-youtube-thumbnail,20260103,2026,01,50.0,,,Hmailimaro: I will design amazing youtube thumbnail that attract viewers for $50 on fiverr.com,4.8,12274,packageList,data/pilot/html-balanced/hmailimaro/20260103_design-eye-catchy-youtube-thumbnail.html.gz
hmdgfx,awesome-book-cover-design-for-you,20240823,2024,08,95.0,145.0,195.0,Hmdgfx: I will do your book cover design for print ebook or acx audiobook for $95 on fiverr.com,4.9,263,packageList,data/pilot/html-balanced/hmdgfx/20240823_awesome-book-cover-design-for-you.html.gz
hmuneebarshad,edit-instagram-reels-or-tiktok-videos-with-subtitles,20230101,2023,01,15.0,25.0,115.0,Hmuneebarshad: I will edit instagram reels or tiktok videos with interactive subtitles for $15 on fiverr.com,5.0,161,packageList,data/pilot/html-balanced/hmuneebarshad/20230101_edit-instagram-reels-or-tiktok-videos-with-subtitles.html.gz
honest_honest,design-a-responsive-beauty-salon-website-makeup-skincare,20241113,2024,11,80.0,150.0,300.0,"Honest_honest: I will design a responsive beauty salon  website, makeup skincare for $80 on fiverr.com",,,packageList,data/pilot/html-balanced/honest_honest/20241113_design-a-responsive-beauty-salon-website-makeup-skincare.html.gz
hooferism,dance-with-my-gang-on-your-music-video,20220404,2022,04,50.0,120.0,200.0,Hooferism: I will dance with my group gang on any song and shoot video for $50 on fiverr.com,5.0,155,packageList,data/pilot/html-balanced/hooferism/20220404_dance-with-my-gang-on-your-music-video.html.gz
hooferism,dance-with-my-partner-on-any-song-and-shoot-dance-video,20240131,2024,01,40.0,80.0,160.0,Hooferism: I will create 2 dancers duet dance video on your music for $40 on fiverr.com,4.9,37,packageList,data/pilot/html-balanced/hooferism/20240131_dance-with-my-partner-on-any-song-and-shoot-dance-video.html.gz
hoot_yt,record-a-smoke-voiceover-for-you-from-rainbow-six-siege,20250630,2025,06,10.0,,,Hoot_yt: I will do a custom deep voiceover for you for $10 on fiverr.com,5.0,148,packageList,data/pilot/html-balanced/hoot_yt/20250630_record-a-smoke-voiceover-for-you-from-rainbow-six-siege.html.gz
hotdesignfast,design-minimal-luxury-heraldic-family-crest-logo,20260128,2026,01,10.0,15.0,40.0,Hotdesignfast: I will do a modern luxury heraldic crest logo design for $10 on fiverr.com,4.6,92,packageList,data/pilot/html-balanced/hotdesignfast/20260128_design-minimal-luxury-heraldic-family-crest-logo.html.gz
house_of_design,do-awesome-animation-gif-for-your-instagram-or-giphy-in-24hr,20210826,2021,08,10.0,30.0,100.0,"House_of_design: I will do animated GIF, animated banner, lottie animation, for $10 on fiverr.com",4.9,127,packageList,data/pilot/html-balanced/house_of_design/20210826_do-awesome-animation-gif-for-your-instagram-or-giphy-in-24hr.html.gz
howell_marketin,do-order-fulfillment-both-virtual-and-in-person,20230715,2023,07,5.0,10.0,15.0,Howell_marketin: I will do order fulfillment for your ecom store for $5 on fiverr.com,5.0,12,packageList,data/pilot/html-balanced/howell_marketin/20230715_do-order-fulfillment-both-virtual-and-in-person.html.gz
hsespecialist,create-chemical-product-label,20210921,2021,09,30.0,,,Hsespecialist: I will create clp chemical product label for $30 on fiverr.com,5.0,12,packageList,data/pilot/html-balanced/hsespecialist/20210921_create-chemical-product-label.html.gz
hsnfarooq,design-and-fix-html-css-bootstrap-and-javascript-web-pages,20231109,2023,11,15.0,60.0,125.0,"Hsnfarooq: I will develop responsive websites using HTML, CSS, and javascript for $15 on fiverr.com",5.0,342,packageList,data/pilot/html-balanced/hsnfarooq/20231109_design-and-fix-html-css-bootstrap-and-javascript-web-pages.html.gz
hugo_voix,record-my-voice-for-your-video-project-in-french,20230714,2023,07,15.0,,,"Hugo_voix: I will record your professional, deep french male voice over for $15 on fiverr.com",5.0,663,packageList,data/pilot/html-balanced/hugo_voix/20230714_record-my-voice-for-your-video-project-in-french.html.gz
huijiaowen,handle-your-customer-service-in-dutch-or-english,20220106,2022,01,60.0,270.0,945.0,Huijiaowen: I will handle your customer service in dutch and english for $60 on fiverr.com,5.0,2,packageList,data/pilot/html-balanced/huijiaowen/20220106_handle-your-customer-service-in-dutch-or-english.html.gz
hulagirl0,translate-english-to-korean-and-korean-to-english-468c,20181115,2018,11,20.0,55.0,70.0,hulagirl0 : I will translate english to korean and korean to english for $20 on www.fiverr.com,5.0,35,packageList,data/pilot/html-balanced/hulagirl0/20181115_translate-english-to-korean-and-korean-to-english-468c.html.gz
humayunkabir171,professionally-market-your-instagram,20210211,2021,02,20.0,30.0,40.0,I will professionally market your instagram,4.7,7,packageList,data/pilot/html-balanced/humayunkabir171/20210211_professionally-market-your-instagram.html.gz
humayunkabir171,grow-instagram-to-your-potential-customer-organically-31c7,20250111,2025,01,10.0,20.0,30.0,I will professionally grow instagram to your potential customer,5.0,5,packageList,data/pilot/html-balanced/humayunkabir171/20250111_grow-instagram-to-your-potential-customer-organically-31c7.html.gz
humzam86,revamp-redesign-and-build-wix-website-in-1-day,20191004,2019,10,10.0,50.0,100.0,"humzam86 : I will design, edit and develop wix, shopify and wordpress website for $10 on www.fiverr.com",5.0,36,packageList,data/pilot/html-balanced/humzam86/20191004_revamp-redesign-and-build-wix-website-in-1-day.html.gz
husnainbajwa83,optimize-your-etsy-seo-listing-to-top-rank-and-shop-setup-e528,20241001,2024,10,5.0,10.0,20.0,"Husnainbajwa83: I will optimize etsy seo listing to rank and boost etsy sale, etsy shop setup for $5 on fiverr.com",5.0,68,packageList,data/pilot/html-balanced/husnainbajwa83/20241001_optimize-your-etsy-seo-listing-to-top-rank-and-shop-setup-e528.html.gz
hussain2020,set-up-and-manage-your-search-network-google-ads-campaigns,20200224,2020,02,5.0,10.0,15.0,"hussain2020 : I will set up, optimize and manage your google ad words campaign for $5 on fiverr.com",5.0,10,packageList,data/pilot/html-balanced/hussain2020/20200224_set-up-and-manage-your-search-network-google-ads-campaigns.html.gz
hussainabid,design-material-web-ui,20191002,2019,10,40.0,190.0,370.0,hussainabid : I will design material web UI for $40 on www.fiverr.com,4.8,28,packageList,data/pilot/html-balanced/hussainabid/20191002_design-material-web-ui.html.gz
hussainmaqsud,rank-your-video-in-top-10-with-top-ranking-youtube-keywords,20240401,2024,04,35.0,75.0,105.0,"Hussainmaqsud: I will review, audit your channel as a youtube consultant and help you grow organically for $35 on fiverr.com",5.0,1,packageList,data/pilot/html-balanced/hussainmaqsud/20240401_rank-your-video-in-top-10-with-top-ranking-youtube-keywords.html.gz
hustie,be-your-best-british-rapper-and-songwriter,20220217,2022,02,35.0,65.0,170.0,Hustie: I will be your best UK british rapper and rapper songwriter for $35 on fiverr.com,5.0,227,packageList,data/pilot/html-balanced/hustie/20220217_be-your-best-british-rapper-and-songwriter.html.gz
huzaifa990,teach-you-html-css-java-script-php,20240101,2024,01,20.0,170.0,250.0,"Huzaifa990: I will teach you html,css,java script,php, online coding lessons for $20 on fiverr.com",5.0,440,packageList,data/pilot/html-balanced/huzaifa990/20240101_teach-you-html-css-java-script-php.html.gz
hyperhat,translate-1000-words-german-to-english,20200101,2020,01,5.0,10.0,15.0,hyperhat : I will professionally translate 600 words in german to english for $5 on www.fiverr.com,5.0,27,packageList,data/pilot/html-balanced/hyperhat/20200101_translate-1000-words-german-to-english.html.gz
iacobhouse,teach-you-how-to-make-a-videogame-asset,20210504,2021,05,20.0,95.0,190.0,Iacobhouse: I will teach you how to make videogame assets for $20 on fiverr.com,4.9,31,packageList,data/pilot/html-balanced/iacobhouse/20210504_teach-you-how-to-make-a-videogame-asset.html.gz
iamcarlosm,design-and-draw-the-characters-in-your-comic-or-manga,20220130,2022,01,15.0,25.0,35.0,Iamcarlosm: I will draw a comic character design for you for $15 on fiverr.com,5.0,67,packageList,data/pilot/html-balanced/iamcarlosm/20220130_design-and-draw-the-characters-in-your-comic-or-manga.html.gz
iamdaani,do-145-directory-citations-for-usa-uk-canada-local-seo-65552aba-0842-4857-8154-5f493507ca40,20221010,2022,10,10.0,65.0,150.0,"Iamdaani: I will do 145 directory citations for usa, uk, canada local SEO for $10 on fiverr.com",5.0,282,packageList,data/pilot/html-balanced/iamdaani/20221010_do-145-directory-citations-for-usa-uk-canada-local-seo-65552aba-0842-4857-8154-5f493507ca40.html.gz
iamdavidporter,write-500-words-blog-articles-by-native-english-in-24-hours,20260101,2026,01,5.0,10.0,15.0,Iamdavidporter: I will write 500 words blog articles by native english in 24 hours for $5 on fiverr.com,4.9,2140,packageList,data/pilot/html-balanced/iamdavidporter/20260101_write-500-words-blog-articles-by-native-english-in-24-hours.html.gz
iamgigpower,format-your-book-for-createspace-and-amazon-print,20230505,2023,05,5.0,,,"Iamgigpower: I will do layout design, typesetting and book formatting for amazon kdp for $5 on fiverr.com",4.9,987,packageList,data/pilot/html-balanced/iamgigpower/20230505_format-your-book-for-createspace-and-amazon-print.html.gz
ianmoore,film-a-lifestyle-ad-for-facebook-snapchat-or-instagram,20180908,2018,09,4000.0,4800.0,6200.0,"ianmoore : I will film a lifestyle ad for facebook, snapchat or instagram for $4000 on www.fiverr.com",,1,packageList,data/pilot/html-balanced/ianmoore/20180908_film-a-lifestyle-ad-for-facebook-snapchat-or-instagram.html.gz
ibrahim_isi,do-professional-video-editing,20200330,2020,03,10.0,,,ibrahim_isi : I will do professional video editing within hours for $10 on fiverr.com,4.9,675,packageList,data/pilot/html-balanced/ibrahim_isi/20200330_do-professional-video-editing.html.gz
ibrahimmoez,translate-video-from-english-to-arabic,20181013,2018,10,5.0,10.0,20.0,"ibrahimmoez : I will do transcription for your video, add subtitles, captions, and make srt vtt files for $5 on fiverr.com",5.0,72,packageList,data/pilot/html-balanced/ibrahimmoez/20181013_translate-video-from-english-to-arabic.html.gz
ibrahimshah361,create-wordpress-website-exactly-as-you-want,20250514,2025,05,100.0,300.0,550.0,Ibrahimshah361: I will design and develop a fully responsive wordpress website for $100 on fiverr.com,5.0,823,packageList,data/pilot/html-balanced/ibrahimshah361/20250514_create-wordpress-website-exactly-as-you-want.html.gz
ieva02,promote-your-song-to-5-million-audience-size,20231015,2023,10,5.0,10.0,30.0,Ieva02: I will promote your song to 5 million audience size for $5 on fiverr.com,5.0,57,packageList,data/pilot/html-balanced/ieva02/20231015_promote-your-song-to-5-million-audience-size.html.gz
iiqraa_,be-your-instagram-manager-social-media-manager,20230331,2023,03,30.0,100.0,160.0,"Iiqraa_: I will be your instagram manager, social media manager for $30 on fiverr.com",4.9,158,packageList,data/pilot/html-balanced/iiqraa_/20230331_be-your-instagram-manager-social-media-manager.html.gz
ilijasekulov,publish-german-guest-posts-high-metrics-german-seo-backlinks,20220701,2022,07,20.0,40.0,65.0,"Ilijasekulov: I will publish german backlink, dofollow german guest post for $20 on fiverr.com",5.0,249,packageList,data/pilot/html-balanced/ilijasekulov/20220701_publish-german-guest-posts-high-metrics-german-seo-backlinks.html.gz
ilovenish,do-sensational-logo-animation,20210423,2021,04,40.0,75.0,95.0,Ilovenish: I will create a sensational custom logo animation for $40 on fiverr.com,4.9,3529,packageList,data/pilot/html-balanced/ilovenish/20210423_do-sensational-logo-animation.html.gz
ilovepablo,conversion-rate-optimization-a-b-testing-landing-page,20240418,2024,04,475.0,985.0,1995.0,Ilovepablo: I will conversion rate optimization a b testing landing page for $475 on fiverr.com,5.0,8,packageList,data/pilot/html-balanced/ilovepablo/20240418_conversion-rate-optimization-a-b-testing-landing-page.html.gz
ilyashamuara,design-a-logo-for-your-streetwear-brand,20251223,2025,12,20.0,50.0,100.0,Ilyashamuara: I will do urban streetwear logo design for your clothing brand for $20 on fiverr.com,4.7,453,packageList,data/pilot/html-balanced/ilyashamuara/20251223_design-a-logo-for-your-streetwear-brand.html.gz
imaginboxstudio,draw-cartoon-illustration-in-my-style,20200703,2020,07,30.0,65.0,95.0,imaginboxstudio : I will draw cartoon illustration in my style for $30 on fiverr.com,5.0,98,packageList,data/pilot/html-balanced/imaginboxstudio/20200703_draw-cartoon-illustration-in-my-style.html.gz
imagine_skies,do-a-motivating-inspiring-video-ad-for-your-brand,20220101,2022,01,150.0,220.0,300.0,Imagine_skies: I will do a motivating inspiring video ad for your brand for $150 on fiverr.com,5.0,156,packageList,data/pilot/html-balanced/imagine_skies/20220101_do-a-motivating-inspiring-video-ad-for-your-brand.html.gz
imagineaistudio,create-professional-linkedin-profile-photos-with-ai-magic,20260101,2026,01,15.0,30.0,45.0,Imagineaistudio: I will optimize your linkedin profile with ai enhanced profile photos for $15 on fiverr.com,4.8,12,packageList,data/pilot/html-balanced/imagineaistudio/20260101_create-professional-linkedin-profile-photos-with-ai-magic.html.gz
imam_bd,do-real-youtube-promotion-through-social-media,20201014,2020,10,15.0,30.0,60.0,I will do fast organic youtube video promotion,4.9,53,packageList,data/pilot/html-balanced/imam_bd/20201014_do-real-youtube-promotion-through-social-media.html.gz
imkingsfool,do-a-illustration-for-you,20200705,2020,07,15.0,25.0,40.0,imkingsfool : I will cool illustrations for you for $15 on fiverr.com,4.9,401,packageList,data/pilot/html-balanced/imkingsfool/20200705_do-a-illustration-for-you.html.gz
in2town,put-your-press-release-in-google-news,20220628,2022,06,15.0,20.0,35.0,In2town: I will put your press release in google news for $15 on fiverr.com,4.9,325,packageList,data/pilot/html-balanced/in2town/20220628_put-your-press-release-in-google-news.html.gz
indro_m,do-organic-youtube-channel-promotion,20181030,2018,10,40.0,,,indro_m : I will do organic youtube channel promotion for $10 on www.fiverr.com,5.0,28,old_json,data/pilot/html-balanced/indro_m/20181030_do-organic-youtube-channel-promotion.html.gz
inflamelife,create-a-custom-4k-marketing-video,20181001,2018,10,0.0,0.0,25.0,inflamelife : I will make a custom 4k video to boost your sales for $25 on www.fiverr.com,5.0,6,old_json,data/pilot/html-balanced/inflamelife/20181001_create-a-custom-4k-marketing-video.html.gz
influencer_hunt,make-a-list-of-youtube-influencer-for-influencer-marketing,20201210,2020,12,10.0,20.0,35.0,I will make a list of youtube influencer for influencer marketing,5.0,8,packageList,data/pilot/html-balanced/influencer_hunt/20201210_make-a-list-of-youtube-influencer-for-influencer-marketing.html.gz
ingamar,narrate-your-fiction-or-nonfiction-audio-book,20231008,2023,10,50.0,1250.0,1750.0,Ingamar: I will narrate master and produce your audio book for acx audible for $50 on fiverr.com,5.0,2,packageList,data/pilot/html-balanced/ingamar/20231008_narrate-your-fiction-or-nonfiction-audio-book.html.gz
inpyohong,make-animation-for-game-character,20220102,2022,01,60.0,240.0,300.0,Inpyohong: I will make animation for 3d game character for $60 on fiverr.com,4.9,13,packageList,data/pilot/html-balanced/inpyohong/20220102_make-animation-for-game-character.html.gz
instagram_pix,find-best-instagram-influencer,20221020,2022,10,10.0,20.0,30.0,Instagram_pix: I will find best instagram influencer for $10 on fiverr.com,5.0,18,packageList,data/pilot/html-balanced/instagram_pix/20221020_find-best-instagram-influencer.html.gz
instawiz,create-2d-animated-video-2d-custom-video-2d-animation-2d-explainer-2d-animation,20210101,2021,01,25.0,45.0,65.0,I will write press release and distribute press release,4.8,185,packageList,data/pilot/html-balanced/instawiz/20210101_create-2d-animated-video-2d-custom-video-2d-animation-2d-explainer-2d-animation.html.gz
intel_007,provide-a-background-report-and-include-a-social-of-social-media,20220327,2022,03,80.0,200.0,400.0,Intel_007: I will be your licensed  private investigator for background checks retired fbi for $80 on fiverr.com,5.0,16,packageList,data/pilot/html-balanced/intel_007/20220327_provide-a-background-report-and-include-a-social-of-social-media.html.gz
intelicommerce,write-a-professional-brand-story-mission-vision-why-us,20241002,2024,10,30.0,95.0,195.0,"Intelicommerce: I will write a professional brand story, mission, vision, why us for $30 on fiverr.com",5.0,392,packageList,data/pilot/html-balanced/intelicommerce/20241002_write-a-professional-brand-story-mission-vision-why-us.html.gz
iqrahashmi46,customize-design-and-design-wix-website-professionally,20231003,2023,10,100.0,220.0,430.0,Iqrahashmi46: I will do wix website design and redesign existing wix website for $100 on fiverr.com,4.9,331,packageList,data/pilot/html-balanced/iqrahashmi46/20231003_customize-design-and-design-wix-website-professionally.html.gz
iramshahzaib,design-awesome-nft-website-or-landing-page-mobile-app-with-adobe-xd-figma-psd,20240401,2024,04,20.0,65.0,160.0,"Iramshahzaib: I will design awesome website or landing page in adobe xd, or figma for $20 on fiverr.com",4.9,109,packageList,data/pilot/html-balanced/iramshahzaib/20240401_design-awesome-nft-website-or-landing-page-mobile-app-with-adobe-xd-figma-psd.html.gz
irfan421,create-budget-friendly-2d-explainer-animation,20190612,2019,06,35.0,75.0,95.0,irfan421 : I will create budget friendly 2d explainer animation for $35 on www.fiverr.com,4.9,59,packageList,data/pilot/html-balanced/irfan421/20190612_create-budget-friendly-2d-explainer-animation.html.gz
irishcobbler,record-a-child-girl-voice-over,20240702,2024,07,20.0,,,"Irishcobbler: I will record a professional, american girl kid voice over for $20 on fiverr.com",5.0,354,packageList,data/pilot/html-balanced/irishcobbler/20240702_record-a-child-girl-voice-over.html.gz
isabellaker,create-nft-smart-contract-and-minting-site,20241125,2024,11,50.0,250.0,500.0,"Isabellaker: I will develop a professional nft minting website, dapp and smart contract for $50 on fiverr.com",4.9,63,packageList,data/pilot/html-balanced/isabellaker/20241125_create-nft-smart-contract-and-minting-site.html.gz
isabelpettibone,beta-read-and-line-edit-your-fantasy-novel,20220422,2022,04,70.0,120.0,230.0,Isabelpettibone: I will beta read and line edit your book or novel for $70 on fiverr.com,4.9,42,packageList,data/pilot/html-balanced/isabelpettibone/20220422_beta-read-and-line-edit-your-fantasy-novel.html.gz
iskmusic,record-saxophone-for-your-song,20210210,2021,02,65.0,,,I will record top quality saxophone for your project,5.0,401,packageList,data/pilot/html-balanced/iskmusic/20210210_record-saxophone-for-your-song.html.gz
isratzahanbd,product-add-upload-products-product-listing-shopify-product-woocommerce-product,20250126,2025,01,10.0,50.0,100.0,Isratzahanbd: I will product add or upload products to any ecommerce store for $10 on fiverr.com,4.9,89,packageList,data/pilot/html-balanced/isratzahanbd/20250126_product-add-upload-products-product-listing-shopify-product-woocommerce-product.html.gz
isusac,convert-trw-file-to-excel-or-csv,20190106,2019,01,40.0,80.0,120.0,isusac : I will convert trw tax delinquent file to excel or csv for $40 on www.fiverr.com,5.0,24,dollar_fallback,data/pilot/html-balanced/isusac/20190106_convert-trw-file-to-excel-or-csv.html.gz
its_diya,design-exceptional-brochure-business-proposal-with-indesign,20220610,2022,06,25.0,90.0,250.0,"Its_diya: I will design clean brochure, company profile, proposal, catalog for $25 on fiverr.com",4.9,161,packageList,data/pilot/html-balanced/its_diya/20220610_design-exceptional-brochure-business-proposal-with-indesign.html.gz
itsjukebox,custom-sound-design-mix-and-or-edit-audio,20200102,2020,01,20.0,40.0,75.0,itsjukebox : I will professionally create or fix all your audio needs for $20 on www.fiverr.com,4.7,117,packageList,data/pilot/html-balanced/itsjukebox/20200102_custom-sound-design-mix-and-or-edit-audio.html.gz
itssabbirbd,do-youtube-seo-to-improve-video-ranking,20230330,2023,03,10.0,50.0,150.0,Itssabbirbd: I will do best youtube video SEO to rank on the top page for $10 on fiverr.com,5.0,451,packageList,data/pilot/html-balanced/itssabbirbd/20230330_do-youtube-seo-to-improve-video-ranking.html.gz
iuliabarton,be-your-personal-italian-stylist,20210309,2021,03,20.0,40.0,75.0,Iuliabarton: I will be your personal italian stylist for $20 on fiverr.com,5.0,1,packageList,data/pilot/html-balanced/iuliabarton/20210309_be-your-personal-italian-stylist.html.gz
jackiejd,edit-and-proofread-your-document-5cca,20240401,2024,04,15.0,35.0,55.0,Jackiejd: I will edit and proofread your document for $15 on fiverr.com,5.0,559,packageList,data/pilot/html-balanced/jackiejd/20240401_edit-and-proofread-your-document-5cca.html.gz
jacob21,do-seo-analysis-of-your-website,20230710,2023,07,185.0,,,Jacob21: I will 150 SEO backlinks high da authority link building service for google ranking for $185 on fiverr.com,5.0,1989,packageList,data/pilot/html-balanced/jacob21/20230710_do-seo-analysis-of-your-website.html.gz
jacob_floor,write-the-story-of-your-brand,20220101,2022,01,100.0,150.0,200.0,Jacob_floor: I will write the story of your brand for $100 on fiverr.com,5.0,320,packageList,data/pilot/html-balanced/jacob_floor/20220101_write-the-story-of-your-brand.html.gz
jadens_,grow-onlyfans-business-adult-web-link-promotion-via-reddit-marketing-and-twitter,20231230,2023,12,15.0,80.0,150.0,Jadens_: I will grow onlyfans business adult web link promotion via reddit marketing and twitter for $15 on fiverr.com,4.7,19,packageList,data/pilot/html-balanced/jadens_/20231230_grow-onlyfans-business-adult-web-link-promotion-via-reddit-marketing-and-twitter.html.gz
jahangirclick,do-clickable-html-email-signature,20240119,2024,01,15.0,25.0,65.0,Jahangirclick: I will design clickable html email signature and animated email signature for $15 on fiverr.com,5.0,328,packageList,data/pilot/html-balanced/jahangirclick/20240119_do-clickable-html-email-signature.html.gz
jakeeck,write-professional-sales-copy-with-my-enterprise-experience,20191003,2019,10,105.0,180.0,325.0,jakeeck : I will provide professional copywriting for SEO website content and article writing for $105 on www.fiverr.com,4.9,307,packageList,data/pilot/html-balanced/jakeeck/20191003_write-professional-sales-copy-with-my-enterprise-experience.html.gz
jakub_junek,3d-print-and-ship-parts-to-you,20251124,2025,11,15.0,25.0,60.0,Jakub_junek: I will do 3d printing and small series production for $15 on fiverr.com,4.9,332,packageList,data/pilot/html-balanced/jakub_junek/20251124_3d-print-and-ship-parts-to-you.html.gz
jamal_khalis,design-a-stunning-website-for-your-service-based-business,20260101,2026,01,100.0,,,Jamal_khalis: I will design a stunning website for your service based business for $100 on fiverr.com,,,packageList,data/pilot/html-balanced/jamal_khalis/20260101_design-a-stunning-website-for-your-service-based-business.html.gz
jamalrafi,optimize-youtube-video-seo-for-channel-growth-manager,20251115,2025,11,5.0,35.0,70.0,Jamalrafi: I will do best youtube video SEO for top ranking with vidiq for $5 on fiverr.com,5.0,1,packageList,data/pilot/html-balanced/jamalrafi/20251115_optimize-youtube-video-seo-for-channel-growth-manager.html.gz
jamedeveloper,fix-wordpress-woocommerce-issue-error-problem-bug-responsive,20210822,2021,08,20.0,50.0,100.0,Jamedeveloper: I will fix and customization wordpress website issue and errors for $20 on fiverr.com,5.0,110,packageList,data/pilot/html-balanced/jamedeveloper/20210822_fix-wordpress-woocommerce-issue-error-problem-bug-responsive.html.gz
jamesmajin,proofread-and-correct-your-english-to-native-level-fast,20240126,2024,01,5.0,10.0,15.0,Jamesmajin: I will professionally proofread and edit any text fast for $5 on fiverr.com,5.0,690,packageList,data/pilot/html-balanced/jamesmajin/20240126_proofread-and-correct-your-english-to-native-level-fast.html.gz
jamiulhasan,3-niche-quality-pr-guest-post-seo-rank-traffic-grow,20200804,2020,08,5.0,15.0,35.0,jamiulhasan : I will do 5800 contextual backlinks with SEO ranking for $5 on fiverr.com,4.8,30,packageList,data/pilot/html-balanced/jamiulhasan/20200804_3-niche-quality-pr-guest-post-seo-rank-traffic-grow.html.gz
janakakumara991,do-cartoon-and-hand-drawn-illustration-for-you,20201005,2020,10,15.0,25.0,45.0,I will do cartoon and hand drawn illustration for you,5.0,51,packageList,data/pilot/html-balanced/janakakumara991/20201005_do-cartoon-and-hand-drawn-illustration-for-you.html.gz
janlynwilliams,record-a-professional-female-voice-over-in-american-english,20190321,2019,03,10.0,10.0,10.0,janlynwilliams : I will record a professional female voice over in american english for $20 on www.fiverr.com,5.0,786,old_json,data/pilot/html-balanced/janlynwilliams/20190321_record-a-professional-female-voice-over-in-american-english.html.gz
jarrrrr07,add-synced-subtitle-for-japanese-or-english-videos,20210102,2021,01,5.0,15.0,30.0,I will add synced subtitle for japanese or english videos,4.9,22,packageList,data/pilot/html-balanced/jarrrrr07/20210102_add-synced-subtitle-for-japanese-or-english-videos.html.gz
javedzahid,do-any-file-conversion-into-dst-pes-emb,20201001,2020,10,5.0,,,"I will do embroidery conversion into dst,pes, emb file in 1 hour",4.9,122,packageList,data/pilot/html-balanced/javedzahid/20201001_do-any-file-conversion-into-dst-pes-emb.html.gz
javeriahjaved,design-a-unique-sports-mascot-esports-and-gaming-logo,20210407,2021,04,10.0,25.0,50.0,"Javeriahjaved: I will design a unique sports, mascot, esports and gaming logo for $10 on fiverr.com",4.9,2869,packageList,data/pilot/html-balanced/javeriahjaved/20210407_design-a-unique-sports-mascot-esports-and-gaming-logo.html.gz
javeriahjaved,design-a-unique-sports-mascot-esports-and-gaming-logo,20230402,2023,04,10.0,25.0,50.0,"Javeriahjaved: I will design a unique sports, mascot, esports and gaming logo for $10 on fiverr.com",4.9,5248,packageList,data/pilot/html-balanced/javeriahjaved/20230402_design-a-unique-sports-mascot-esports-and-gaming-logo.html.gz
javeriausman76,wordpress-install-and-theme-with-demo-content,20181001,2018,10,10.0,30.0,50.0,javeriausman76 : I will install wordpress theme installation with demo content for $10 on www.fiverr.com,5.0,54,dollar_fallback,data/pilot/html-balanced/javeriausman76/20181001_wordpress-install-and-theme-with-demo-content.html.gz
jayaraj5955,do-5-pages-pdf-to-word-excel-file,20251230,2025,12,5.0,5.0,5.0,jayaraj5955 : I will create fillable and interactive pdf for $5 on www.fiverr.com,10.0,448,old_json,data/pilot/html-balanced/jayaraj5955/20251230_do-5-pages-pdf-to-word-excel-file.html.gz
jaylucy,build-the-cult-high-quality-backlinks-seo-services,20250131,2025,01,300.0,400.0,500.0,Jaylucy: I will build the cult high quality backlinks SEO services for $300 on fiverr.com,5.0,12,packageList,data/pilot/html-balanced/jaylucy/20250131_build-the-cult-high-quality-backlinks-seo-services.html.gz
jaymediageek,be-your-music-marketing-mentor,20210717,2021,07,65.0,125.0,200.0,Jaymediageek: I will be your music marketing mentor for $65 on fiverr.com,5.0,29,packageList,data/pilot/html-balanced/jaymediageek/20210717_be-your-music-marketing-mentor.html.gz
jaystevens192,write-and-produce-parody-songs-80s-rock-jingles-radio-bits,20200701,2020,07,10.0,,,jaystevens192 : I will write and produce Parody Songs 80s Rock Jingles Radio bits for $10 on fiverr.com,5.0,408,packageList,data/pilot/html-balanced/jaystevens192/20200701_write-and-produce-parody-songs-80s-rock-jingles-radio-bits.html.gz
jbricout,design-your-mobile-app,20190831,2019,08,25.0,125.0,220.0,jbricout : I will design your mobile app UI for $25 on www.fiverr.com,5.0,9,packageList,data/pilot/html-balanced/jbricout/20190831_design-your-mobile-app.html.gz
jeenfer,setup-google-ads-display-campaign,20200429,2020,04,50.0,110.0,210.0,jeenfer : I will setup google ads display campaign for $50 on fiverr.com,5.0,4,packageList,data/pilot/html-balanced/jeenfer/20200429_setup-google-ads-display-campaign.html.gz
jelkin,create-clickbank-affiliate-website-for-passive-profits,20211205,2021,12,35.0,60.0,100.0,jelkin : I will create clickbank affiliate website for passive profits for $35 on fiverr.com,5.0,279,packageList,data/pilot/html-balanced/jelkin/20211205_create-clickbank-affiliate-website-for-passive-profits.html.gz
jelle161994,add-dutch-or-english-subtitles-to-your-video-in-a-srt-file,20240727,2024,07,5.0,15.0,20.0,Jelle161994: I will add dutch or english subtitles to your video hardcode srt for $5 on fiverr.com,5.0,313,packageList,data/pilot/html-balanced/jelle161994/20240727_add-dutch-or-english-subtitles-to-your-video-in-a-srt-file.html.gz
jenajenny,create-infographics-within-24-hours,20190831,2019,08,5.0,30.0,90.0,jenajenny : I will design professional unique infographic for $5 on www.fiverr.com,4.9,4329,packageList,data/pilot/html-balanced/jenajenny/20190831_create-infographics-within-24-hours.html.gz
jennamatthews12,write-edit-your-executive-cv-resume-cover-letter,20250130,2025,01,45.0,105.0,135.0,"Jennamatthews12: I will write, edit your executive CV, resume, cover letter for $45 on fiverr.com",4.9,1462,packageList,data/pilot/html-balanced/jennamatthews12/20250130_write-edit-your-executive-cv-resume-cover-letter.html.gz
jerinshop,create-animated-ads-in-html-5-for-google-display-ads,20190512,2019,05,10.0,35.0,75.0,jerinshop : I will create animated google display ads in HTML5 for $10 on www.fiverr.com,4.8,66,packageList,data/pilot/html-balanced/jerinshop/20190512_create-animated-ads-in-html-5-for-google-display-ads.html.gz
jessica56,do-guest-post-da50-pa50-fashion-blogs,20201006,2020,10,5.0,25.0,50.0,I will do guest post on da61 and dr71 fashion blog,4.9,73,packageList,data/pilot/html-balanced/jessica56/20201006_do-guest-post-da50-pa50-fashion-blogs.html.gz
jessicahepburn,be-your-american-female-professional-voice-over-narrator,20200406,2020,04,5.0,,,jessicahepburn : I will be your professional american female voice over narrator for $5 on fiverr.com,4.9,153,packageList,data/pilot/html-balanced/jessicahepburn/20200406_be-your-american-female-professional-voice-over-narrator.html.gz
jesusdude,have-jesus-say-anything-you-want-in-an-hd-video,20211003,2021,10,10.0,15.0,20.0,Jesusdude: I will say anything as jesus in an HD video for $10 on fiverr.com,5.0,210,packageList,data/pilot/html-balanced/jesusdude/20211003_have-jesus-say-anything-you-want-in-an-hd-video.html.gz
jesusenramirez,help-you-with-your-c-linux-or-others-programming-works,20191004,2019,10,5.0,25.0,60.0,"jesusenramirez : I will help you with your  c,cpp and linux programming works for $5 on www.fiverr.com",4.9,171,packageList,data/pilot/html-balanced/jesusenramirez/20191004_help-you-with-your-c-linux-or-others-programming-works.html.gz
jesusrdguz,make-a-great-drone-video-in-mexico-city,20220101,2022,01,10.0,15.0,20.0,Jesusrdguz: I will make a great drone video in mexico city and towns outside for $10 on fiverr.com,5.0,3,packageList,data/pilot/html-balanced/jesusrdguz/20220101_make-a-great-drone-video-in-mexico-city.html.gz
jewel_mir,expertly-grow-and-marketing-your-instagram-account,20190929,2019,09,20.0,45.0,90.0,jewel_mir : I will expertly grow and marketing your instagram account for $20 on www.fiverr.com,4.8,84,packageList,data/pilot/html-balanced/jewel_mir/20190929_expertly-grow-and-marketing-your-instagram-account.html.gz
jhana_ellard,install-the-facebook-pixel-on-to-your-site,20190929,2019,09,15.0,30.0,60.0,jhana_ellard : I will install the facebook pixel on to your site for $15 on www.fiverr.com,5.0,7,packageList,data/pilot/html-balanced/jhana_ellard/20190929_install-the-facebook-pixel-on-to-your-site.html.gz
jimistudios,master-your-music-professionally,20230714,2023,07,35.0,125.0,200.0,Jimistudios: I will master your music with analog gear for $35 on fiverr.com,5.0,800,packageList,data/pilot/html-balanced/jimistudios/20230714_master-your-music-professionally.html.gz
jingyeong123,translate-english-to-korean,20231006,2023,10,10.0,15.0,20.0,Jingyeong123: I will translate english to korean for $10 on fiverr.com,5.0,249,packageList,data/pilot/html-balanced/jingyeong123/20231006_translate-english-to-korean.html.gz
jit_compliance,do-prepare-technical-file-assist-you-to-get-product-certified-in-global-market,20240425,2024,04,60.0,80.0,100.0,"Jit_compliance: I will prepare technical file, assist you to get product certified in gma for $60 on fiverr.com",5.0,6,packageList,data/pilot/html-balanced/jit_compliance/20240425_do-prepare-technical-file-assist-you-to-get-product-certified-in-global-market.html.gz
jiteshjadwani,write-apt-lyrics-and-vocal-melody-for-your-song-or-jingle,20200709,2020,07,25.0,45.0,75.0,jiteshjadwani : I will write apt lyrics and vocal melody for your song or jingle for $25 on fiverr.com,5.0,30,packageList,data/pilot/html-balanced/jiteshjadwani/20200709_write-apt-lyrics-and-vocal-melody-for-your-song-or-jingle.html.gz
jjvera26,develop-wordpress-ecommerce-website-perfect-for-you,20221124,2022,11,85.0,175.0,195.0,Jjvera26: I will build design or redesign ecommerce wordpress website for you for $85 on fiverr.com,5.0,44,packageList,data/pilot/html-balanced/jjvera26/20221124_develop-wordpress-ecommerce-website-perfect-for-you.html.gz
jjvera26,develop-wordpress-ecommerce-website-perfect-for-you,20250824,2025,08,165.0,395.0,465.0,Jjvera26: I will design or redesign ecommerce business website in wordpress for $165 on fiverr.com,4.9,220,packageList,data/pilot/html-balanced/jjvera26/20250824_develop-wordpress-ecommerce-website-perfect-for-you.html.gz
jmcrm_,set-up-pipedrive-with-automations-to-save-you-time-7077,20230101,2023,01,10.0,90.0,125.0,"Jmcrm_: I will consult, setup, or automate pipedrive CRM for $10 on fiverr.com",5.0,117,packageList,data/pilot/html-balanced/jmcrm_/20230101_set-up-pipedrive-with-automations-to-save-you-time-7077.html.gz
joaomino,translate-up-to-500-words-from-english-to-portuguese,20190929,2019,09,10.0,,,joaomino : I will translate up to 500 words from english to portuguese for $10 on www.fiverr.com,5.0,883,packageList,data/pilot/html-balanced/joaomino/20190929_translate-up-to-500-words-from-english-to-portuguese.html.gz
jobmunene,tag-annotate-and-label-all-those-images-within-a-short-time,20250427,2025,04,5.0,40.0,125.0,"Jobmunene: I will tag, annotate and label your images to bring ai to life for $5 on fiverr.com",4.9,284,packageList,data/pilot/html-balanced/jobmunene/20250427_tag-annotate-and-label-all-those-images-within-a-short-time.html.gz
jogodish_barman,do-shopify-speed-optimization-to-reduce-bounce-rate,20240904,2024,09,30.0,50.0,100.0,Jogodish_barman: I will do squarespace webflow shopify wix speed up optimization for $30 on fiverr.com,,,packageList,data/pilot/html-balanced/jogodish_barman/20240904_do-shopify-speed-optimization-to-reduce-bounce-rate.html.gz
jonaskaudio,do-a-german-voice-over-for-your-project,20230827,2023,08,20.0,,,Jonaskaudio: I will record a german voice over for your project for $20 on fiverr.com,5.0,467,packageList,data/pilot/html-balanced/jonaskaudio/20230827_do-a-german-voice-over-for-your-project.html.gz
jonathancg24,create-an-instrumental-song-on-fl-studio,20200101,2020,01,10.0,20.0,30.0,jonathancg24 : I will remake instrumental of any song on fl studio  msg me before for $10 on www.fiverr.com,5.0,521,packageList,data/pilot/html-balanced/jonathancg24/20200101_create-an-instrumental-song-on-fl-studio.html.gz
joncartervo,provide-you-with-a-world-class-professional-voice-over,20200726,2020,07,175.0,,,joncartervo : I will provide you with a world class professional voice over for $175 on fiverr.com,5.0,42,packageList,data/pilot/html-balanced/joncartervo/20200726_provide-you-with-a-world-class-professional-voice-over.html.gz
jonkimpoy,editorial-cartoons,20180726,2018,07,10.0,10.0,10.0,jonkimpoy : I will draw black and white line art or editorial cartoons for $5 on www.fiverr.com,10.0,930,old_json,data/pilot/html-balanced/jonkimpoy/20180726_editorial-cartoons.html.gz
jonnwang,make-beautiful-animated-gif-sticker-for-you-to-send-friends-and-family,20200722,2020,07,10.0,35.0,50.0,jonnwang : I will make the beautiful animated GIF stickers for you for $10 on fiverr.com,5.0,95,packageList,data/pilot/html-balanced/jonnwang/20200722_make-beautiful-animated-gif-sticker-for-you-to-send-friends-and-family.html.gz
jordanresume,review-format-and-edit-your-resume,20211001,2021,10,35.0,,,"Jordanresume: I will review your resume, rewrite, and edit it to a professional format for $35 on fiverr.com",4.9,276,packageList,data/pilot/html-balanced/jordanresume/20211001_review-format-and-edit-your-resume.html.gz
jorgealvarezvoz,record-neutral-spanish-professional-voice-over-for-you,20240808,2024,08,5.0,,,Jorgealvarezvoz: I will record professional neutral spanish voice over and acting for $5 on fiverr.com,5.0,279,packageList,data/pilot/html-balanced/jorgealvarezvoz/20240808_record-neutral-spanish-professional-voice-over-for-you.html.gz
jorgleach,mentor-you-to-become-a-pro-copywriter,20221018,2022,10,125.0,165.0,195.0,Jorgleach: I will mentor you to become a pro copywriter for $125 on fiverr.com,5.0,3,packageList,data/pilot/html-balanced/jorgleach/20221018_mentor-you-to-become-a-pro-copywriter.html.gz
josenroy,do-youtube-video-promotion,20230719,2023,07,10.0,80.0,250.0,Josenroy: I will do youtube video promotion by google ads for $10 on fiverr.com,4.9,2344,packageList,data/pilot/html-balanced/josenroy/20230719_do-youtube-video-promotion.html.gz
josesalazar19,illustrate-an-awesome-3-panels-storyboard,20201206,2020,12,10.0,15.0,20.0,I will illustrate an awesome 3 panel storyboard for you,5.0,31,packageList,data/pilot/html-balanced/josesalazar19/20201206_illustrate-an-awesome-3-panels-storyboard.html.gz
josh_business,send-you-a-guide-on-how-to-generate-190k-real-instagram-followers-in-3-months,20230316,2023,03,10.0,55.0,60.0,Josh_business: I will teach you how to get over 100k followers on instagram organically for $10 on fiverr.com,4.9,145,packageList,data/pilot/html-balanced/josh_business/20230316_send-you-a-guide-on-how-to-generate-190k-real-instagram-followers-in-3-months.html.gz
joshpaulino,sing-pro-raspy-harsh-pop-eletronic-vocals-for-your-song,20230725,2023,07,90.0,120.0,160.0,Joshpaulino: I will sing unique male vocals for your song soft raspy pop metal for $90 on fiverr.com,5.0,67,packageList,data/pilot/html-balanced/joshpaulino/20230725_sing-pro-raspy-harsh-pop-eletronic-vocals-for-your-song.html.gz
journalbyjr,do-professional-fashion-illustration-for-you,20220101,2022,01,30.0,50.0,75.0,Journalbyjr: I will draw custom colorful fashion illustration drawing or sketch for $30 on fiverr.com,5.0,149,packageList,data/pilot/html-balanced/journalbyjr/20220101_do-professional-fashion-illustration-for-you.html.gz
joyfeliza,create-handwritten-personal-signature-calligraphy-or-brand-signature-logo,20260116,2026,01,15.0,30.0,60.0,"Joyfeliza: I will create handwritten personal signature, calligraphy, or brand signature logo for $15 on fiverr.com",4.9,121,packageList,data/pilot/html-balanced/joyfeliza/20260116_create-handwritten-personal-signature-calligraphy-or-brand-signature-logo.html.gz
joyh97,do-british-voice-over-narration,20221001,2022,10,10.0,,,Joyh97: I will record 100 words of studio quality british female voice over for $10 on fiverr.com,5.0,2625,packageList,data/pilot/html-balanced/joyh97/20221001_do-british-voice-over-narration.html.gz
joyh97,do-british-voice-over-narration,20250929,2025,09,10.0,,,Joyh97: I will record 100 words of studio quality british female voice over for $10 on fiverr.com,5.0,3316,packageList,data/pilot/html-balanced/joyh97/20250929_do-british-voice-over-narration.html.gz
jsdeveloper_,web3-ethereum-smartcontract-blockchain-nft-erc20-erc721,20231001,2023,10,100.0,200.0,500.0,"Jsdeveloper_: I will do web3  solidity smart contract erc20, 721 erc1155 ,staking , minting dapp for $100 on fiverr.com",4.9,112,packageList,data/pilot/html-balanced/jsdeveloper_/20231001_web3-ethereum-smartcontract-blockchain-nft-erc20-erc721.html.gz
jsjim05,do-modern-minimalist-logo-design-for-your-business,20250124,2025,01,25.0,45.0,85.0,Jsjim05: I will do modern minimalist logo design for your business for $25 on fiverr.com,,,packageList,data/pilot/html-balanced/jsjim05/20250124_do-modern-minimalist-logo-design-for-your-business.html.gz
jtengle,create-two-unique-and-professional-banner-ads--2,20180717,2018,07,10.0,40.0,10.0,jtengle : I will create one unique and professional banner ad for $20 on www.fiverr.com,9.0,,old_json,data/pilot/html-balanced/jtengle/20180717_create-two-unique-and-professional-banner-ads--2.html.gz
juandiazpro,design-you-an-attractive-flyer-for-your-product-or-event,20190815,2019,08,35.0,45.0,85.0,juandiazpro : I will design you an attractive flyer for your product or event for $35 on www.fiverr.com,5.0,405,packageList,data/pilot/html-balanced/juandiazpro/20190815_design-you-an-attractive-flyer-for-your-product-or-event.html.gz
juanps96,provide-a-professional-music-analysis,20240201,2024,02,35.0,60.0,90.0,Juanps96: I will provide a professional music analysis for $35 on fiverr.com,5.0,18,packageList,data/pilot/html-balanced/juanps96/20240201_provide-a-professional-music-analysis.html.gz
jubimax,promotion-youtube-channel-with-180k-people,20210722,2021,07,20.0,50.0,80.0,Jubimax: I will promotion youtube channel with 180k subscribed for $20 on fiverr.com,4.9,253,packageList,data/pilot/html-balanced/jubimax/20210722_promotion-youtube-channel-with-180k-people.html.gz
judeameh,manage-your-virtual-business-and-do-social-media-marketing,20240701,2024,07,75.0,150.0,180.0,Judeameh: I will be your social media marketing manager and brand advocate for $75 on fiverr.com,4.9,374,packageList,data/pilot/html-balanced/judeameh/20240701_manage-your-virtual-business-and-do-social-media-marketing.html.gz
juiceex,write-a-terms-and-conditions-agreement-for-your-website,20200224,2020,02,5.0,15.0,25.0,juiceex : I will write a terms of service and privacy policy for your website for $5 on www.fiverr.com,4.9,1838,packageList,data/pilot/html-balanced/juiceex/20200224_write-a-terms-and-conditions-agreement-for-your-website.html.gz
juliamcgiv3ron,assist-you-in-planning-marketing-and-promoting-your-event,20230715,2023,07,70.0,100.0,150.0,Juliamcgiv3ron: I will assist you in promoting and marketing your event for $70 on fiverr.com,5.0,27,packageList,data/pilot/html-balanced/juliamcgiv3ron/20230715_assist-you-in-planning-marketing-and-promoting-your-event.html.gz
juliasolomakha,translateenglish-to-russian-manually,20230819,2023,08,10.0,60.0,120.0,Juliasolomakha: I will manually translate english to russian and russian to english for $10 on fiverr.com,5.0,532,packageList,data/pilot/html-balanced/juliasolomakha/20230819_translateenglish-to-russian-manually.html.gz
julie_williams,write-an-exceptional-500-words-seo-article-blog-post-or-web-page,20180823,2018,08,5.0,25.0,50.0,julie_williams : I will write an exceptional SEO article and blog post in 24 hours for $5 on www.fiverr.com,5.0,64,dollar_fallback,data/pilot/html-balanced/julie_williams/20180823_write-an-exceptional-500-words-seo-article-blog-post-or-web-page.html.gz
juliettepecaut,proofread-and-edit-up-to-1500-words,20190929,2019,09,5.0,10.0,25.0,"juliettepecaut : I will proofread and edit your essay, article, or short story for $5 on www.fiverr.com",4.9,149,packageList,data/pilot/html-balanced/juliettepecaut/20190929_proofread-and-edit-up-to-1500-words.html.gz
juliyakorneeva,design-an-awesome-cv-and-a-covering-letter-for-you,20230101,2023,01,15.0,25.0,35.0,"Juliyakorneeva: I will design a professional resume, CV, cover letter template for $15 on fiverr.com",5.0,486,packageList,data/pilot/html-balanced/juliyakorneeva/20230101_design-an-awesome-cv-and-a-covering-letter-for-you.html.gz
jumeproductions,signed-at-major-label-mix-and-master-with-broadcast-quality,20210722,2021,07,45.0,95.0,145.0,"Jumeproductions: I will as signed producer, mix and master your song, radio quality for $45 on fiverr.com",5.0,796,packageList,data/pilot/html-balanced/jumeproductions/20210722_signed-at-major-label-mix-and-master-with-broadcast-quality.html.gz
jurgenvincke,translate-any-text-from-french-into-dutch-and-vice-versa,20190607,2019,06,5.0,,,jurgenvincke : I will translate any text from french into dutch for $5 on www.fiverr.com,5.0,60,packageList,data/pilot/html-balanced/jurgenvincke/20190607_translate-any-text-from-french-into-dutch-and-vice-versa.html.gz
juryia,do-weapon-icons-and-items-for-your-games,20220403,2022,04,20.0,,,Juryia: I will do weapon icons and items for your games for $20 on fiverr.com,5.0,171,packageList,data/pilot/html-balanced/juryia/20220403_do-weapon-icons-and-items-for-your-games.html.gz
justindjoseph04,audit-your-youtube-channel-and-optimize-for-organic-growth,20240401,2024,04,300.0,1000.0,1600.0,Justindjoseph04: I will audit your youtube channel and optimize for organic growth for $300 on fiverr.com,5.0,2,packageList,data/pilot/html-balanced/justindjoseph04/20240401_audit-your-youtube-channel-and-optimize-for-organic-growth.html.gz
juuhanda,create-a-2d-animation-with-the-best-quality-from-a-photo-or-painting,20230805,2023,08,5.0,10.0,15.0,"Juuhanda: I will create a 2d animation from a photo, painting and anime art for $5 on fiverr.com",5.0,11,packageList,data/pilot/html-balanced/juuhanda/20230805_create-a-2d-animation-with-the-best-quality-from-a-photo-or-painting.html.gz
kaboki,create-a-fantastic-video-your-product-or-service,20221203,2022,12,400.0,600.0,950.0,Kaboki: I will create a realistic 3d product animation for your product for $400 on fiverr.com,4.9,173,packageList,data/pilot/html-balanced/kaboki/20221203_create-a-fantastic-video-your-product-or-service.html.gz
kainat__,write-products-description-for-your-shopify-store,20190318,2019,03,5.0,10.0,15.0,kainat__ : I will write killer SEO optimized product description for $5 on www.fiverr.com,4.8,61,packageList,data/pilot/html-balanced/kainat__/20190318_write-products-description-for-your-shopify-store.html.gz
kaiser794,proofread-and-edit-500-words-within-24-hours,20191117,2019,11,5.0,10.0,15.0,"kaiser794 : I will proofread and edit 5,000 words within 24 hours for $5 on www.fiverr.com",5.0,1311,packageList,data/pilot/html-balanced/kaiser794/20191117_proofread-and-edit-500-words-within-24-hours.html.gz
kajal0505,manage-google-ads-grants-account-create-a-converting-crowdfunding-ads,20220103,2022,01,50.0,75.0,140.0,"Kajal0505: I will setup google grants account, create a converting fundraising ads for $50 on fiverr.com",5.0,43,packageList,data/pilot/html-balanced/kajal0505/20220103_manage-google-ads-grants-account-create-a-converting-crowdfunding-ads.html.gz
kamal_writer,write-perfect-sales-copy-that-sells-instantly,20191109,2019,11,5.0,15.0,30.0,kamal_writer : I will write perfect sales copy that sells instantly for $5 on www.fiverr.com,5.0,16,packageList,data/pilot/html-balanced/kamal_writer/20191109_write-perfect-sales-copy-that-sells-instantly.html.gz
kamchuan,providetranscription-for-chinese-or-malay-audio-and-video,20210927,2021,09,5.0,,,Kamchuan: I will provide transcription for chinese or malay audio and video for $5 on fiverr.com,5.0,35,packageList,data/pilot/html-balanced/kamchuan/20210927_providetranscription-for-chinese-or-malay-audio-and-video.html.gz
kamrulhasan90,develop-a-wordpress-ecommerce-website,20190331,2019,03,45.0,240.0,310.0,kamrulhasan90 : I will build ecommerce website in wordpress woocommerce for $45 on www.fiverr.com,5.0,8,dollar_fallback,data/pilot/html-balanced/kamrulhasan90/20190331_develop-a-wordpress-ecommerce-website.html.gz
kamrulhasan90,develop-and-design-ios-and-android-native-and-hybrid-apps,20250128,2025,01,630.0,720.0,980.0,I will develop and design IOS and android native and hybrid apps,4.6,11,packageList,data/pilot/html-balanced/kamrulhasan90/20250128_develop-and-design-ios-and-android-native-and-hybrid-apps.html.gz
kanishkaseo11,setup-google-analytics-search-console-and-add-spam-filters,20200701,2020,07,5.0,10.0,20.0,"kanishkaseo11 : I will setup google analytics,search console, and add spam filters for $5 on fiverr.com",4.9,162,packageList,data/pilot/html-balanced/kanishkaseo11/20200701_setup-google-analytics-search-console-and-add-spam-filters.html.gz
kaoutare,create-an-awesome-stinger-transition-for-obs-twitch-youtube,20210513,2021,05,100.0,,,Kaoutare: I will create 3 awesome stinger transition for obs twitch youtube for $100 on fiverr.com,5.0,79,packageList,data/pilot/html-balanced/kaoutare/20210513_create-an-awesome-stinger-transition-for-obs-twitch-youtube.html.gz
kareem66,an-onscreen-website-or-document-presentation,20191125,2019,11,5.0,15.0,30.0,kareem66 : I will an onscreen website or document presentation for $5 on www.fiverr.com,5.0,1,packageList,data/pilot/html-balanced/kareem66/20191125_an-onscreen-website-or-document-presentation.html.gz
kareem66,create-a-breaking-news-video,20210510,2021,05,5.0,15.0,35.0,Kareem66: I will create a breaking news video for $5 on fiverr.com,4.9,181,packageList,data/pilot/html-balanced/kareem66/20210510_create-a-breaking-news-video.html.gz
karimanasir,add-subtitles-and-captions-in-english-french-arabic-spanish,20221001,2022,10,10.0,20.0,30.0,"Karimanasir: I will add subtitles in 24h   english, french, arabic spanish for $10 on fiverr.com",5.0,83,packageList,data/pilot/html-balanced/karimanasir/20221001_add-subtitles-and-captions-in-english-french-arabic-spanish.html.gz
karlroque,remix-or-edit-your-song,20201106,2020,11,20.0,35.0,55.0,I will remix or edit your song,5.0,12,packageList,data/pilot/html-balanced/karlroque/20201106_remix-or-edit-your-song.html.gz
karnakzed,make-sky-clouds-video-intro,20190930,2019,09,5.0,10.0,20.0,karnakzed : I will customize intro from my collection for your logo for $5 on www.fiverr.com,5.0,1296,packageList,data/pilot/html-balanced/karnakzed/20190930_make-sky-clouds-video-intro.html.gz
kashyapvyaas,write-a-whitepaper-on-any-technology-topic,20240910,2024,09,150.0,250.0,350.0,Kashyapvyaas: I will write an insightful white paper on saas technology for $150 on fiverr.com,4.8,15,packageList,data/pilot/html-balanced/kashyapvyaas/20240910_write-a-whitepaper-on-any-technology-topic.html.gz
kasradesign,create-premium-3d-animation-by-award-winning-team,20200701,2020,07,5900.0,6900.0,8900.0,kasradesign : I will create premium 3d animation by award winning team for $5900 on fiverr.com,,,packageList,data/pilot/html-balanced/kasradesign/20200701_create-premium-3d-animation-by-award-winning-team.html.gz
katabelle,record-a-female-anime-or-kids-voiceover,20200401,2020,04,5.0,,,katabelle : I will record an anime or female kids child voiceover  or sing in studio for $5 on fiverr.com,4.9,257,packageList,data/pilot/html-balanced/katabelle/20200401_record-a-female-anime-or-kids-voiceover.html.gz
katewinslet,uploadshare-your-video-to-18-high-pr9-to-pr5-sites-approval-report-in-only-6-hours,20210217,2021,02,5.0,,,I will upload share your video to 20 plus page rank 9 to 2 sites,4.9,107,packageList,data/pilot/html-balanced/katewinslet/20210217_uploadshare-your-video-to-18-high-pr9-to-pr5-sites-approval-report-in-only-6-hours.html.gz
katieconsults,review-your-podcast-and-give-feedback,20200402,2020,04,5.0,10.0,15.0,katieconsults : I will review your podcast and give feedback for $5 on fiverr.com,4.8,11,packageList,data/pilot/html-balanced/katieconsults/20200402_review-your-podcast-and-give-feedback.html.gz
katiehowe,write-engaging-sales-copy,20200702,2020,07,15.0,45.0,75.0,katiehowe : I will write engaging sales copy for $15 on fiverr.com,5.0,1090,packageList,data/pilot/html-balanced/katiehowe/20200702_write-engaging-sales-copy.html.gz
katiejanner,edit-your-podcast-and-add-bumpers,20250130,2025,01,115.0,155.0,195.0,Katiejanner: I will edit your podcast and write show notes for $115 on fiverr.com,5.0,394,packageList,data/pilot/html-balanced/katiejanner/20250130_edit-your-podcast-and-add-bumpers.html.gz
kawsarrepon164,do-vista-print-moo-print-and-gold-foil-business-card-design,20230409,2023,04,10.0,20.0,30.0,Kawsarrepon164: I will do vista print moo print and gold foil business card design for $10 on fiverr.com,4.9,1460,packageList,data/pilot/html-balanced/kawsarrepon164/20230409_do-vista-print-moo-print-and-gold-foil-business-card-design.html.gz
kayleecarter,conduct-outstanding-market-and-deep-internet-research-for-you,20200924,2020,09,15.0,50.0,80.0,I will conduct outstanding market and internet research for you,4.7,30,packageList,data/pilot/html-balanced/kayleecarter/20200924_conduct-outstanding-market-and-deep-internet-research-for-you.html.gz
kdimerc,record-professional-voice-overs-in-just-one-day,20190502,2019,05,5.0,0.0,0.0,kdimerc : I will record professional voice overs in just one day for $5 on www.fiverr.com,5.0,1751,old_json,data/pilot/html-balanced/kdimerc/20190502_record-professional-voice-overs-in-just-one-day.html.gz
kdofficial,create-perfect-and-creative-flyers-and-posters-in-5hrs,20190105,2019,01,5.0,10.0,30.0,kdofficial : I will design eye catching event  flyer poster cover in few hours for $5 on www.fiverr.com,5.0,430,dollar_fallback,data/pilot/html-balanced/kdofficial/20190105_create-perfect-and-creative-flyers-and-posters-in-5hrs.html.gz
kdrewsaxton,write-google-ads-copy,20211202,2021,12,10.0,30.0,60.0,Kdrewsaxton: I will write pay per click expanded text ad copy for google or bing for $10 on fiverr.com,5.0,70,packageList,data/pilot/html-balanced/kdrewsaxton/20211202_write-google-ads-copy.html.gz
kecosocialmedia,be-your-excellent-social-media-marketing-manager,20210117,2021,01,60.0,200.0,380.0,"I will be your social media manager,social media marketing",4.9,358,packageList,data/pilot/html-balanced/kecosocialmedia/20210117_be-your-excellent-social-media-marketing-manager.html.gz
kelelowor,illustrate-anything-using-pen-and-ink-on-paper,20220101,2022,01,50.0,100.0,200.0,Kelelowor: I will create super artistic line art illustration for $50 on fiverr.com,4.9,682,packageList,data/pilot/html-balanced/kelelowor/20220101_illustrate-anything-using-pen-and-ink-on-paper.html.gz
kellab60,create-a-fully-produced-audio-ad,20230401,2023,04,50.0,75.0,115.0,Kellab60: I will create your youtube audio ad for $50 on fiverr.com,5.0,7,packageList,data/pilot/html-balanced/kellab60/20230401_create-a-fully-produced-audio-ad.html.gz
kellymcknigh473,create-ugc-tiktok-video-ads-as-your-personal-spoksperson-middle-age-mom,20231001,2023,10,60.0,100.0,175.0,"Kellymcknigh473: I will create ugc tiktok video ads as your personal spoksperson, middle age, mom for $60 on fiverr.com",5.0,173,packageList,data/pilot/html-balanced/kellymcknigh473/20231001_create-ugc-tiktok-video-ads-as-your-personal-spoksperson-middle-age-mom.html.gz
kelvinstan,write-a-killer-and-order-pulling-sales-letter-in-24hours-d0ed3d81-60c5-441e-82b1-1e6dec4fcb94,20180727,2018,07,0.0,0.0,70.0,kelvinstan : I will write killer soap opera sequence for you for $5 on www.fiverr.com,5.0,13,old_json,data/pilot/html-balanced/kelvinstan/20180727_write-a-killer-and-order-pulling-sales-letter-in-24hours-d0ed3d81-60c5-441e-82b1-1e6dec4fcb94.html.gz
kendra_esther,design-iv-hydration-website-iv-therapy-website-medical-website-wellness-website,20250430,2025,04,80.0,250.0,480.0,Kendra_esther: I will design iv hydration website iv therapy website medical website wellness website for $80 on fiverr.com,,,packageList,data/pilot/html-balanced/kendra_esther/20250430_design-iv-hydration-website-iv-therapy-website-medical-website-wellness-website.html.gz
kevin_ebook,design-an-awesome-wix-site-eac5f4aa-3aa8-4e01-8e39-5174cca21607,20181001,2018,10,20.0,80.0,190.0,kevin_ebook : I will design an awesome wix site for $20 on www.fiverr.com,5.0,105,dollar_fallback,data/pilot/html-balanced/kevin_ebook/20181001_design-an-awesome-wix-site-eac5f4aa-3aa8-4e01-8e39-5174cca21607.html.gz
khenz211,create-an-animated-storyboard-video-in-24hours,20190723,2019,07,5.0,15.0,50.0,khenz211 : I will create a professional storyboard for your project for $5 on www.fiverr.com,4.9,7,packageList,data/pilot/html-balanced/khenz211/20190723_create-an-animated-storyboard-video-in-24hours.html.gz
khista,provide-professional-web-design-and-create-you-a-great-website,20230407,2023,04,320.0,495.0,825.0,Khista: I will produce you a website with my quality web design skills for $320 on fiverr.com,5.0,176,packageList,data/pilot/html-balanced/khista/20230407_provide-professional-web-design-and-create-you-a-great-website.html.gz
kholland65,aes-gold-medal-engineer-master-your-song,20210418,2021,04,45.0,65.0,85.0,Kholland65: I will aes gold medal winning engineer master your song for $45 on fiverr.com,5.0,41,packageList,data/pilot/html-balanced/kholland65/20210418_aes-gold-medal-engineer-master-your-song.html.gz
kikiarianto,make-your-car-looks-awsome-with-my-style-of-art,20190121,2019,01,10.0,20.0,30.0,kikiarianto : I will make an illustration vector cars for $10 on www.fiverr.com,5.0,114,dollar_fallback,data/pilot/html-balanced/kikiarianto/20190121_make-your-car-looks-awsome-with-my-style-of-art.html.gz
kikiarianto,make-your-car-looks-awsome-with-my-style-of-art,20200117,2020,01,10.0,20.0,30.0,kikiarianto : I will draw a vector tracing car for $10 on www.fiverr.com,5.0,307,packageList,data/pilot/html-balanced/kikiarianto/20200117_make-your-car-looks-awsome-with-my-style-of-art.html.gz
kimberleyfalk,business-blog-writer-of-any-subject,20210416,2021,04,45.0,65.0,120.0,Kimberleyfalk: I will write your content marketing blogs for $45 on fiverr.com,4.9,225,packageList,data/pilot/html-balanced/kimberleyfalk/20210416_business-blog-writer-of-any-subject.html.gz
kingpirux,do-construct-3-videogames,20211019,2021,10,35.0,140.0,360.0,Kingpirux: I will do construct 3 videogames for $35 on fiverr.com,5.0,14,packageList,data/pilot/html-balanced/kingpirux/20211019_do-construct-3-videogames.html.gz
kirkemannik,translate-english-to-estonian,20220330,2022,03,30.0,50.0,100.0,Kirkemannik: I will write an SEO optimized article in estonian for $30 on fiverr.com,5.0,13,packageList,data/pilot/html-balanced/kirkemannik/20220330_translate-english-to-estonian.html.gz
kisabeldemure,make-ai-spokesperson-video-in-any-language,20241001,2024,10,40.0,50.0,60.0,Kisabeldemure: I will make ai spokesperson video in any language for $40 on fiverr.com,5.0,1,packageList,data/pilot/html-balanced/kisabeldemure/20241001_make-ai-spokesperson-video-in-any-language.html.gz
klevitt70,promote-your-podcast-on-my-podcast,20221001,2022,10,45.0,60.0,75.0,Klevitt70: I will promote your podcast on iheart radio for $45 on fiverr.com,5.0,157,packageList,data/pilot/html-balanced/klevitt70/20221001_promote-your-podcast-on-my-podcast.html.gz
klevitt70,promote-your-business-on-my-podcast,20250119,2025,01,10.0,45.0,60.0,Klevitt70: I will promote your business on iheart radio for $10 on fiverr.com,5.0,5255,packageList,data/pilot/html-balanced/klevitt70/20250119_promote-your-business-on-my-podcast.html.gz
klouise635,help-your-video-go-viral-by-sharing-on-all-outlets,20181108,2018,11,5.0,,,klouise635 : I will help your video go viral by sharing on all outlets for $5 on www.fiverr.com,5.0,18,old_json,data/pilot/html-balanced/klouise635/20181108_help-your-video-go-viral-by-sharing-on-all-outlets.html.gz
kmdesignz,design-a-stunning-album-art-or-cd-artwork,20190919,2019,09,5.0,25.0,35.0,kmdesignz : I will design stunning album art or album cover for $5 on www.fiverr.com,4.9,212,packageList,data/pilot/html-balanced/kmdesignz/20190919_design-a-stunning-album-art-or-cd-artwork.html.gz
knightsguard,play-your-song-regularly-live-on-radio,20190502,2019,05,10.0,25.0,5.0,knightsguard : I will play your song regularly live on a real radio station for $5 on www.fiverr.com,4.9,143,old_json,data/pilot/html-balanced/knightsguard/20190502_play-your-song-regularly-live-on-radio.html.gz
komdee,make-power-point-presentations-in-1-hour,20230402,2023,04,200.0,800.0,1200.0,Komdee: I will make business presentation and investor pitch deck for $200 on fiverr.com,5.0,559,packageList,data/pilot/html-balanced/komdee/20230402_make-power-point-presentations-in-1-hour.html.gz
kong_vector,ending-or-outro-screen-for-youtube-twitch,20250119,2025,01,30.0,,,"Kong_vector: I will design animated outro video, ending screen for kick youtube twitch for $30 on fiverr.com",5.0,967,packageList,data/pilot/html-balanced/kong_vector/20250119_ending-or-outro-screen-for-youtube-twitch.html.gz
kotunovjulian,create-art-and-character-desingn-for-your-game-or-animation,20210131,2021,01,15.0,30.0,50.0,I will create a 2d character design and art for you or your game,5.0,47,packageList,data/pilot/html-balanced/kotunovjulian/20210131_create-art-and-character-desingn-for-your-game-or-animation.html.gz
kptranslations,expertly-translate-between-german-and-english,20210708,2021,07,25.0,50.0,75.0,Kptranslations: I will translate and proofread english to german or german to english for $25 on fiverr.com,5.0,338,packageList,data/pilot/html-balanced/kptranslations/20210708_expertly-translate-between-german-and-english.html.gz
kristenjunne,write-your-social-media-captions,20241001,2024,10,100.0,130.0,150.0,Kristenjunne: I will write your social media captions for $100 on fiverr.com,5.0,208,packageList,data/pilot/html-balanced/kristenjunne/20241001_write-your-social-media-captions.html.gz
krystalpenney,design-your-surreal-vintage-album-cover-or-single-artwork,20220701,2022,07,75.0,85.0,165.0,Krystalpenney: I will design your surreal vintage professional album cover art for $75 on fiverr.com,5.0,276,packageList,data/pilot/html-balanced/krystalpenney/20220701_design-your-surreal-vintage-album-cover-or-single-artwork.html.gz
krystalpenney,design-your-surreal-vintage-album-cover-or-single-artwork,20230417,2023,04,105.0,115.0,185.0,Krystalpenney: I will design your surreal vintage professional album cover art for $105 on fiverr.com,5.0,383,packageList,data/pilot/html-balanced/krystalpenney/20230417_design-your-surreal-vintage-album-cover-or-single-artwork.html.gz
ksavrom,transcribe-guitar-tabs-for-a-song,20200703,2020,07,5.0,15.0,25.0,ksavrom : I will make accurate guitar tabs of a song for $5 on fiverr.com,5.0,11,packageList,data/pilot/html-balanced/ksavrom/20200703_transcribe-guitar-tabs-for-a-song.html.gz
kttchathuranga,design-amazing-professional-supplement-labels,20241001,2024,10,15.0,55.0,75.0,Kttchathuranga: I will design amazing professional supplement labels for $15 on fiverr.com,4.8,805,packageList,data/pilot/html-balanced/kttchathuranga/20241001_design-amazing-professional-supplement-labels.html.gz
kumailmehdi1272,design-minimal-logo-with-brand-style-guides,20260202,2026,02,35.0,75.0,145.0,Kumailmehdi1272: I will business logo design and branding kit for $35 on fiverr.com,5.0,2,packageList,data/pilot/html-balanced/kumailmehdi1272/20260202_design-minimal-logo-with-brand-style-guides.html.gz
kup1986,write-30-social-media-posts-with-up-to-20-images-included,20200402,2020,04,110.0,,,kup1986 : I will write 30 social media posts with up to 20 images included for $110 on fiverr.com,5.0,10,packageList,data/pilot/html-balanced/kup1986/20200402_write-30-social-media-posts-with-up-to-20-images-included.html.gz
kup1986,consult-with-or-review-your-marketing-initiatives,20230714,2023,07,50.0,100.0,150.0,Kup1986: I will be your digital marketing consultant for $50 on fiverr.com,5.0,78,packageList,data/pilot/html-balanced/kup1986/20230714_consult-with-or-review-your-marketing-initiatives.html.gz
l22design,make-cool-vj-loops-with-your-logo,20240101,2024,01,20.0,40.0,60.0,L22design: I will animate your logo in a vj loop video for $20 on fiverr.com,4.9,359,packageList,data/pilot/html-balanced/l22design/20240101_make-cool-vj-loops-with-your-logo.html.gz
lamspyrou,write-a-legal-contract,20210101,2021,01,15.0,35.0,50.0,I will expertly write your legal contract and agreement,5.0,32,packageList,data/pilot/html-balanced/lamspyrou/20210101_write-a-legal-contract.html.gz
larakaplash,do-presentation-design-in-accordance-with-you-brand-identity,20240401,2024,04,55.0,100.0,200.0,"Larakaplash: I will create custom, professional social media templates for $55 on fiverr.com",4.9,590,packageList,data/pilot/html-balanced/larakaplash/20240401_do-presentation-design-in-accordance-with-you-brand-identity.html.gz
laravell_expert,design-and-develop-a-complete-responsive-wordpress-website,20210404,2021,04,100.0,250.0,500.0,I will design  a complete  wordpress website using elementor pro,5.0,44,packageList,data/pilot/html-balanced/laravell_expert/20210404_design-and-develop-a-complete-responsive-wordpress-website.html.gz
largemedia,design-unique-product-labels-and-book-covers,20190825,2019,08,30.0,40.0,60.0,largemedia : I will do astonishing product label design or packaging design for $30 on www.fiverr.com,5.0,1085,packageList,data/pilot/html-balanced/largemedia/20190825_design-unique-product-labels-and-book-covers.html.gz
lasansandapa,create-a-kinetic-typography-video,20220802,2022,08,35.0,50.0,60.0,Lasansandapa: I will create a fabulous video commercial for $35 on fiverr.com,4.9,584,packageList,data/pilot/html-balanced/lasansandapa/20220802_create-a-kinetic-typography-video.html.gz
laserlife,write-and-edit-a-professional-introduction-and-biography-for-your-music-project-solo-artists-band-record-label-event-and-any-business-that-might-somehow-fit,20180729,2018,07,10.0,5.0,5.0,laserlife : I will write a pro bio or PR for artists and bands for $5 on www.fiverr.com,,,old_json,data/pilot/html-balanced/laserlife/20180729_write-and-edit-a-professional-introduction-and-biography-for-your-music-project-solo-artists-band-record-label-event-and-any-business-that-might-somehow-fit.html.gz
laserlife,write-and-edit-a-professional-introduction-and-biography-for-your-music-project-solo-artists-band-record-label-event-and-any-business-that-might-somehow-fit,20200519,2020,05,5.0,30.0,35.0,laserlife : I will write a killer bio or PR for artists and bands for $5 on fiverr.com,4.9,2506,packageList,data/pilot/html-balanced/laserlife/20200519_write-and-edit-a-professional-introduction-and-biography-for-your-music-project-solo-artists-band-record-label-event-and-any-business-that-might-somehow-fit.html.gz
lasthart,draw-cartoon-portrait-based-podcast-cover-art,20231009,2023,10,10.0,20.0,40.0,Lasthart: I will draw cartoon portrait based podcast cover art for $10 on fiverr.com,4.9,460,packageList,data/pilot/html-balanced/lasthart/20231009_draw-cartoon-portrait-based-podcast-cover-art.html.gz
lauraswanisit,unboxing-video-with-energy-and-great-reactions,20240131,2024,01,125.0,165.0,185.0,"Lauraswanisit: I will unboxing video with high energy or ugc video, demo, amazon for $125 on fiverr.com",5.0,94,packageList,data/pilot/html-balanced/lauraswanisit/20240131_unboxing-video-with-energy-and-great-reactions.html.gz
lauren_backlink,tested-guaranteed-biggest-seo-package-rankin-that-will-skyrocket-your-money,20210526,2021,05,35.0,70.0,130.0,Lauren_backlink: I will best guaranteed biggest SEO package website ranking for $35 on fiverr.com,5.0,5,packageList,data/pilot/html-balanced/lauren_backlink/20210526_tested-guaranteed-biggest-seo-package-rankin-that-will-skyrocket-your-money.html.gz
laurenabird,create-stunning-emails-for-your-marketing-ideas,20200701,2020,07,55.0,85.0,250.0,laurenabird : I will create powerful emails for your marketing ideas for $55 on fiverr.com,5.0,10,packageList,data/pilot/html-balanced/laurenabird/20200701_create-stunning-emails-for-your-marketing-ideas.html.gz
laurencampbell,write-good-quality-transcriptions,20190125,2019,01,10.0,10.0,5.0,laurencampbell : I will write good quality transcriptions for $5 on www.fiverr.com,5.0,172,old_json,data/pilot/html-balanced/laurencampbell/20190125_write-good-quality-transcriptions.html.gz
laurentaylor65,write-and-rewrite-a-unique-seo-website-content,20180904,2018,09,0.0,0.0,15.0,"laurentaylor65 : I will be your original website content writer, website content for $20 on www.fiverr.com",5.0,61,old_json,data/pilot/html-balanced/laurentaylor65/20180904_write-and-rewrite-a-unique-seo-website-content.html.gz
lawrencejcooper,create-high-quality-voice-over-recordings,20230419,2023,04,10.0,,,"Lawrencejcooper: I will record a professional, engaging, british male voice over for $10 on fiverr.com",5.0,613,packageList,data/pilot/html-balanced/lawrencejcooper/20230419_create-high-quality-voice-over-recordings.html.gz
lawvargas,create-complete-sales-funnel,20190107,2019,01,30.0,80.0,150.0,lawvargas : I will create complete sales funnel for $30 on www.fiverr.com,4.9,37,dollar_fallback,data/pilot/html-balanced/lawvargas/20190107_create-complete-sales-funnel.html.gz
lbstevens,ghostwrite-a-blog-post,20190821,2019,08,170.0,325.0,575.0,lbstevens : I will ghostwrite your business blog post for $170 on www.fiverr.com,,1,packageList,data/pilot/html-balanced/lbstevens/20190821_ghostwrite-a-blog-post.html.gz
lcirkot,write-100-video-prompt-ideas-about-astrology-for-tiktok-reels-youtube,20241006,2024,10,5.0,20.0,40.0,Lcirkot: I will provide trending video ideas for any industry for $5 on fiverr.com,4.9,329,packageList,data/pilot/html-balanced/lcirkot/20241006_write-100-video-prompt-ideas-about-astrology-for-tiktok-reels-youtube.html.gz
leap_studio,create-a-colorful-and-vibrant-crowdfunding-video-for-you,20221013,2022,10,10.0,20.0,50.0,Leap_studio: I will create a colorful and vibrant crowdfunding video for you for $10 on fiverr.com,4.9,19,packageList,data/pilot/html-balanced/leap_studio/20221013_create-a-colorful-and-vibrant-crowdfunding-video-for-you.html.gz
learnwithziahas,edit-and-narrate-your-audiobook-for-acx-standards,20211027,2021,10,20.0,,,Learnwithziahas: I will edit and master audiobook for acx for $20 on fiverr.com,4.9,46,packageList,data/pilot/html-balanced/learnwithziahas/20211027_edit-and-narrate-your-audiobook-for-acx-standards.html.gz
leeli_lk,do-luxury-business-card-design,20200404,2020,04,30.0,40.0,50.0,leeli_lk : I will create luxury business card design for $30 on fiverr.com,4.9,1673,packageList,data/pilot/html-balanced/leeli_lk/20200404_do-luxury-business-card-design.html.gz
leemrg,press-release-distribution-custom-media-list-built,20190105,2019,01,5.0,5.0,0.0,leemrg : I will provide press release distribution for $40 on www.fiverr.com,4.9,302,old_json,data/pilot/html-balanced/leemrg/20190105_press-release-distribution-custom-media-list-built.html.gz
lenasemenkova,design-your-band-a-gig-poster,20240102,2024,01,85.0,105.0,145.0,Lenasemenkova: I will design you a unique poster for $85 on fiverr.com,5.0,3084,packageList,data/pilot/html-balanced/lenasemenkova/20240102_design-your-band-a-gig-poster.html.gz
leo_mar,create-animated-nft-art-loop-your-nft-image-3d-dynamic-nft,20230101,2023,01,40.0,100.0,220.0,"Leo_mar: I will create animated nft art, loop your nft image, 3d dynamic nft for $40 on fiverr.com",4.9,109,packageList,data/pilot/html-balanced/leo_mar/20230101_create-animated-nft-art-loop-your-nft-image-3d-dynamic-nft.html.gz
leorbel,create-a-professional-video-from-your-footage,20190509,2019,05,265.0,520.0,910.0,leorbel : I will edit a cutting edge  video from your footage for $265 on www.fiverr.com,5.0,1,packageList,data/pilot/html-balanced/leorbel/20190509_create-a-professional-video-from-your-footage.html.gz
levmusic,create-hebrew-explainer-and-promotion-video,20190930,2019,09,120.0,160.0,200.0,levmusic : I will create explainer video in hebrew for $120 on www.fiverr.com,5.0,14,packageList,data/pilot/html-balanced/levmusic/20190930_create-hebrew-explainer-and-promotion-video.html.gz
lexdesign,make-custom-cinematic-intro-trailer-teaser-promo-video,20240123,2024,01,30.0,50.0,80.0,"Lexdesign: I will create a cinematic intro, trailer, and teaser video for $30 on fiverr.com",4.9,184,packageList,data/pilot/html-balanced/lexdesign/20240123_make-custom-cinematic-intro-trailer-teaser-promo-video.html.gz
liamperkins215,watercolour-hand-drawn-style-animation-for-documentary-websites-youtube,20240331,2024,03,1200.0,,,Liamperkins215: I will watercolour hand drawn style animation for documentary websites youtube for $1200 on fiverr.com,,,packageList,data/pilot/html-balanced/liamperkins215/20240331_watercolour-hand-drawn-style-animation-for-documentary-websites-youtube.html.gz
libbytidley,write-you-an-original-song,20190507,2019,05,15.0,25.0,50.0,libbytidley : I will write you an original song for $15 on www.fiverr.com,4.9,56,packageList,data/pilot/html-balanced/libbytidley/20190507_write-you-an-original-song.html.gz
lilly_lu,make-a-fashion-illustration,20220413,2022,04,200.0,350.0,550.0,Lilly_lu: I will design your advertisement or fashion illustration for $200 on fiverr.com,5.0,35,packageList,data/pilot/html-balanced/lilly_lu/20220413_make-a-fashion-illustration.html.gz
lilychinadancer,create-sexy-silhouette-dance-for-any-music,20240701,2024,07,15.0,35.0,45.0,Lilychinadancer: I will do silhouette dance for your song for $15 on fiverr.com,5.0,299,packageList,data/pilot/html-balanced/lilychinadancer/20240701_create-sexy-silhouette-dance-for-any-music.html.gz
linis16,design-custom-editable-and-pritable-template-label,20240724,2024,07,40.0,80.0,140.0,Linis16: I will design post and story templates for instagram and facebook for $40 on fiverr.com,4.9,713,packageList,data/pilot/html-balanced/linis16/20240724_design-custom-editable-and-pritable-template-label.html.gz
link68,animate-your-2d-illustration,20250122,2025,01,10.0,20.0,30.0,"Link68: I will animate your 2d picture, anime, art for $10 on fiverr.com",5.0,542,packageList,data/pilot/html-balanced/link68/20250122_animate-your-2d-illustration.html.gz
linneas88,record-any-voice-over-today,20200401,2020,04,10.0,,,"linneas88 : I will record any female voice over, today for $10 on fiverr.com",5.0,29114,packageList,data/pilot/html-balanced/linneas88/20200401_record-any-voice-over-today.html.gz
lizyy_lyrics,do-blockchain-or-cryptocurrency-promotional-video,20231022,2023,10,25.0,75.0,100.0,Lizyy_lyrics: I will create blockchain or cryptocurrency promotional video for $25 on fiverr.com,4.9,46,packageList,data/pilot/html-balanced/lizyy_lyrics/20231022_do-blockchain-or-cryptocurrency-promotional-video.html.gz
lmasten99,create-a-branded-office-spokesperson-video,20250824,2025,08,100.0,240.0,460.0,Lmasten99: I will film a branded office spokesperson video 4k for $100 on fiverr.com,5.0,2285,packageList,data/pilot/html-balanced/lmasten99/20250824_create-a-branded-office-spokesperson-video.html.gz
lmvadesign,create-a-fully-custom-wix-website,20190705,2019,07,600.0,1300.0,2500.0,lmvadesign : I will create a fully custom wix website for $600 on www.fiverr.com,4.8,8,packageList,data/pilot/html-balanced/lmvadesign/20190705_create-a-fully-custom-wix-website.html.gz
locutorco,anunciare-tu-gig-en-mi-podcast,20241007,2024,10,55.0,240.0,695.0,Locutorco: I will promote you in my tech podcast in spanish for $55 on fiverr.com,4.8,13,packageList,data/pilot/html-balanced/locutorco/20241007_anunciare-tu-gig-en-mi-podcast.html.gz
loftydesignshop,do-modern-minimalist-logo-design-for-your-business,20251003,2025,10,110.0,210.0,310.0,Loftydesignshop: I will design a creative minimalist logo for $110 on fiverr.com,4.9,11847,packageList,data/pilot/html-balanced/loftydesignshop/20251003_do-modern-minimalist-logo-design-for-your-business.html.gz
logaga,research-and-make-fashion-market-analysis-comp-shop-trend-report,20210927,2021,09,50.0,,,Logaga: I will make fashion market research analysis trend report for $50 on fiverr.com,5.0,1,packageList,data/pilot/html-balanced/logaga/20210927_research-and-make-fashion-market-analysis-comp-shop-trend-report.html.gz
loganbaldwin,professionally-edit-clean-up-and-eq-your-audio-in-24-hrs,20200701,2020,07,5.0,15.0,30.0,"loganbaldwin : I will edit, clean and restore your dialogue audio in 24 hrs for $5 on fiverr.com",5.0,3,packageList,data/pilot/html-balanced/loganbaldwin/20200701_professionally-edit-clean-up-and-eq-your-audio-in-24-hrs.html.gz
logoai,create-a-modern-minimalist-and-luxury-logo-design,20250704,2025,07,25.0,55.0,90.0,Logoai: I will create luxury modern minimalist logo design for your business for $25 on fiverr.com,4.8,403,packageList,data/pilot/html-balanced/logoai/20250704_create-a-modern-minimalist-and-luxury-logo-design.html.gz
logoanintro,create-10-epic-video-intro-fire-electric-glitch-logo-animation-in-24-hours,20190502,2019,05,10.0,15.0,30.0,logoanintro : I will create 5 epic video intro and fire logo reveal youtube intro for $10 on www.fiverr.com,4.9,478,packageList,data/pilot/html-balanced/logoanintro/20190502_create-10-epic-video-intro-fire-electric-glitch-logo-animation-in-24-hours.html.gz
logomoko,create-steampunk-themed-logo,20250513,2025,05,10.0,50.0,120.0,Logomoko: I will create steampunk themed logo for $10 on fiverr.com,4.9,1053,packageList,data/pilot/html-balanced/logomoko/20250513_create-steampunk-themed-logo.html.gz
lokeshrathi826,make-podcast-show-notes-with-a-timestamp-for-you,20200412,2020,04,5.0,10.0,15.0,lokeshrathi826 : I will make podcast show notes with a timestamp for you for $5 on fiverr.com,5.0,1,packageList,data/pilot/html-balanced/lokeshrathi826/20200412_make-podcast-show-notes-with-a-timestamp-for-you.html.gz
lonehellan,translate-english-to-norwegian,20220803,2022,08,5.0,30.0,100.0,Lonehellan: I will translate english to norwegian fast for $5 on fiverr.com,5.0,647,packageList,data/pilot/html-balanced/lonehellan/20220803_translate-english-to-norwegian.html.gz
loulalove,create-singing-affirmations-with-beautiful-music,20190930,2019,09,10.0,20.0,30.0,loulalove : I will create singing affirmations with beautiful music for $10 on www.fiverr.com,,320,packageList,data/pilot/html-balanced/loulalove/20190930_create-singing-affirmations-with-beautiful-music.html.gz
lowkeeboy,perform-a-french-rap-on-your-beat-for-a-lincoln,20240701,2024,07,70.0,80.0,110.0,Lowkeeboy: I will perform a french rap on your beat for $70 on fiverr.com,5.0,84,packageList,data/pilot/html-balanced/lowkeeboy/20240701_perform-a-french-rap-on-your-beat-for-a-lincoln.html.gz
lucyp_designs,design-shopify-etsy-digital-product-print-on-demand-printful-printify-etsy-shop,20250114,2025,01,10.0,100.0,200.0,"Lucyp_designs: I will design etsy digital product with etsy shop setup, etsy listing, etsy shop SEO for $10 on fiverr.com",4.8,55,packageList,data/pilot/html-balanced/lucyp_designs/20250114_design-shopify-etsy-digital-product-print-on-demand-printful-printify-etsy-shop.html.gz
lunayves,record-a-natural-soft-american-female-voice-over-today,20201017,2020,10,10.0,,,I will record a natural young american female voice over,5.0,44,packageList,data/pilot/html-balanced/lunayves/20201017_record-a-natural-soft-american-female-voice-over-today.html.gz
lupariamusic,design-synth-sounds-and-presets-for-you,20230714,2023,07,10.0,20.0,40.0,Lupariamusic: I will design synth sounds and presets for you for $10 on fiverr.com,5.0,54,packageList,data/pilot/html-balanced/lupariamusic/20230714_design-synth-sounds-and-presets-for-you.html.gz
lurevs,proofread-discuss-and-edit-your-personal-statement,20220102,2022,01,10.0,200.0,300.0,Lurevs: I will help perfect your personal statement for $10 on fiverr.com,5.0,254,packageList,data/pilot/html-balanced/lurevs/20220102_proofread-discuss-and-edit-your-personal-statement.html.gz
lwisjammy,design-or-redesign-squarespace-website,20210731,2021,07,120.0,240.0,380.0,Lwisjammy: I will design or redesign squarespace website for $120 on fiverr.com,5.0,10,packageList,data/pilot/html-balanced/lwisjammy/20210731_design-or-redesign-squarespace-website.html.gz
lydiamutono,transcribe-your-christian-podcast,20220701,2022,07,50.0,75.0,100.0,Lydiamutono: I will transcribe and proofread your podcast for $50 on fiverr.com,5.0,3,packageList,data/pilot/html-balanced/lydiamutono/20220701_transcribe-your-christian-podcast.html.gz
lytra_,draw-cute-cartoon-portrait-couple-or-family-illustrations,20251201,2025,12,20.0,25.0,30.0,"Lytra_: I will draw cute cartoon portrait, couple or family illustration, cute gift for $20 on fiverr.com",5.0,276,packageList,data/pilot/html-balanced/lytra_/20251201_draw-cute-cartoon-portrait-couple-or-family-illustrations.html.gz
m_webs,create-a-professional-wordpress-website-within-your-budget,20240527,2024,05,195.0,495.0,795.0,M_webs: I will develop responsive wordpress website design for $195 on fiverr.com,5.0,560,packageList,data/pilot/html-balanced/m_webs/20240527_create-a-professional-wordpress-website-within-your-budget.html.gz
macdejiy,viral-amazon-book-promotion-kindle-book-marketing-ebook-advertising-book-sales,20250803,2025,08,10.0,30.0,200.0,"Macdejiy: I will do viral crowdfunding campaign creation, promotion on gofundme kickstarter for $10 on fiverr.com",4.7,1,packageList,data/pilot/html-balanced/macdejiy/20250803_viral-amazon-book-promotion-kindle-book-marketing-ebook-advertising-book-sales.html.gz
magickaren,create-custom-website-design,20240214,2024,02,200.0,350.0,500.0,Magickaren: I will create custom website design for $200 on fiverr.com,4.9,1197,packageList,data/pilot/html-balanced/magickaren/20240214_create-custom-website-design.html.gz
mahabub_1993,300-seo-backlinks-white-hat-manual-link-building-service-for-google-ranking,20201128,2020,11,15.0,30.0,45.0,I will 300 SEO backlinks white hat manual link building service for google ranking,,,packageList,data/pilot/html-balanced/mahabub_1993/20201128_300-seo-backlinks-white-hat-manual-link-building-service-for-google-ranking.html.gz
mahadikhan1,slideshow-video-photo-slideshow-photo-video-wedding-slideshow-text-and-music,20220721,2022,07,5.0,15.0,25.0,Mahadikhan1: I will do an amazing photo slideshow video with music and text for $5 on fiverr.com,5.0,23,packageList,data/pilot/html-balanced/mahadikhan1/20220721_slideshow-video-photo-slideshow-photo-video-wedding-slideshow-text-and-music.html.gz
mahakarachi,your-social-media-marketing-manager-and-content-creator,20251102,2025,11,50.0,150.0,250.0,Mahakarachi: I will be your posts creator and humble social media  manager for $50 on fiverr.com,5.0,11,packageList,data/pilot/html-balanced/mahakarachi/20251102_your-social-media-marketing-manager-and-content-creator.html.gz
mahmoudfathiali,create-3d-character-for-games-or-animation,20200401,2020,04,50.0,150.0,300.0,mahmoudfathiali : I will create 3d character  for games or animation for $50 on fiverr.com,4.9,177,packageList,data/pilot/html-balanced/mahmoudfathiali/20200401_create-3d-character-for-games-or-animation.html.gz
mahsan162,find-hot-winning-shopify-products-for-aliexpress-dropshipping-website-store,20231219,2023,12,30.0,50.0,100.0,Mahsan162: I will find hot winning shopify products for aliexpress dropshipping website store for $30 on fiverr.com,4.9,305,packageList,data/pilot/html-balanced/mahsan162/20231219_find-hot-winning-shopify-products-for-aliexpress-dropshipping-website-store.html.gz
mahurdx,create-custom-3d-art-for-nft-crypto-art,20220829,2022,08,90.0,170.0,250.0,Mahurdx: I will create custom 3d nfts cryptoart GIF and videos for $90 on fiverr.com,5.0,24,packageList,data/pilot/html-balanced/mahurdx/20220829_create-custom-3d-art-for-nft-crypto-art.html.gz
majesticseo24x7,create-high-da-super-whitehat-backlinks-monthly-seo-service,20210401,2021,04,55.0,100.0,250.0,"I will create high da super whitehat backlinks, monthly SEO service",5.0,43,packageList,data/pilot/html-balanced/majesticseo24x7/20210401_create-high-da-super-whitehat-backlinks-monthly-seo-service.html.gz
majidhassan,help-you-generating-bulk-content-via-chatgpt-in-spanish,20240415,2024,04,5.0,10.0,45.0,Majidhassan: I will help you generating bulk content via chatgpt in spanish for $5 on fiverr.com,5.0,6,packageList,data/pilot/html-balanced/majidhassan/20240415_help-you-generating-bulk-content-via-chatgpt-in-spanish.html.gz
makesomenoise,professionally-edit-and-improve-your-audio,20220627,2022,06,15.0,20.0,30.0,Makesomenoise: I will professionally edit and improve your audio for $15 on fiverr.com,5.0,1363,packageList,data/pilot/html-balanced/makesomenoise/20220627_professionally-edit-and-improve-your-audio.html.gz
malevoicetalent,voice-and-produce-a-podcast-open-and-close,20210515,2021,05,30.0,50.0,95.0,Malevoicetalent: I will voice and produce your podcast intro and outro today for $30 on fiverr.com,5.0,461,packageList,data/pilot/html-balanced/malevoicetalent/20210515_voice-and-produce-a-podcast-open-and-close.html.gz
maliksaad684,add-alex-hormozi-subtitles-to-your-short-videos,20230226,2023,02,5.0,10.0,20.0,Maliksaad684: I will add alex hormozi subtitles to your short videos for $5 on fiverr.com,4.9,17,packageList,data/pilot/html-balanced/maliksaad684/20230226_add-alex-hormozi-subtitles-to-your-short-videos.html.gz
malikusama447,do-rendering-and-animation-on-solidworks,20211225,2021,12,20.0,50.0,90.0,"Malikusama447: I will do 3d modelling, rendering and animation on solidworks for $20 on fiverr.com",5.0,52,packageList,data/pilot/html-balanced/malikusama447/20211225_do-rendering-and-animation-on-solidworks.html.gz
marcelomascetti,professionally-mix-and-master-your-song-or-album,20230714,2023,07,110.0,580.0,1500.0,Marcelomascetti: I will professionally mix and master your song or album for $110 on fiverr.com,5.0,283,packageList,data/pilot/html-balanced/marcelomascetti/20230714_professionally-mix-and-master-your-song-or-album.html.gz
marcorovinelli,the-right-drum-track-for-your-music,20230907,2023,09,30.0,60.0,85.0,Marcorovinelli: I will record the perfect acoustic drum track for your music for $30 on fiverr.com,5.0,136,packageList,data/pilot/html-balanced/marcorovinelli/20230907_the-right-drum-track-for-your-music.html.gz
marcus_mark,write-ad-copy-that-could-sell-water-to-a-fish,20240905,2024,09,5.0,10.0,15.0,Marcus_mark: I will write high converting ad copy for $5 on fiverr.com,4.8,106,packageList,data/pilot/html-balanced/marcus_mark/20240905_write-ad-copy-that-could-sell-water-to-a-fish.html.gz
marcusjaatinen,do-a-high-quality-english-to-finnish-translation,20200828,2020,08,5.0,35.0,95.0,marcusjaatinen : I will translate your text from english to finnish professionally for $5 on fiverr.com,5.0,173,packageList,data/pilot/html-balanced/marcusjaatinen/20200828_do-a-high-quality-english-to-finnish-translation.html.gz
margauxpaul,write-you-a-funny-and-personal-best-man-speech,20240401,2024,04,50.0,60.0,70.0,Margauxpaul: I will write you a funny and personal best man speech for $50 on fiverr.com,5.0,77,packageList,data/pilot/html-balanced/margauxpaul/20240401_write-you-a-funny-and-personal-best-man-speech.html.gz
mariaagoudet,transcribe-and-translate-your-audios,20200117,2020,01,10.0,30.0,80.0,mariaagoudet : I will professionally transcribe and translate your audios for $10 on www.fiverr.com,4.8,4,packageList,data/pilot/html-balanced/mariaagoudet/20200117_transcribe-and-translate-your-audios.html.gz
mariacpozo1313,design-a-banner-billboard-rollups-for-you,20240102,2024,01,35.0,45.0,55.0,"Mariacpozo1313: I will design a banner, billboard, rollups for you for $35 on fiverr.com",5.0,122,packageList,data/pilot/html-balanced/mariacpozo1313/20240102_design-a-banner-billboard-rollups-for-you.html.gz
marileh,write-the-best-reels-and-tiktok-ideas-for-your-social-media,20230101,2023,01,15.0,40.0,70.0,Marileh: I will write the best reels and tiktok scripts 4 your social media for $15 on fiverr.com,5.0,40,packageList,data/pilot/html-balanced/marileh/20230101_write-the-best-reels-and-tiktok-ideas-for-your-social-media.html.gz
marionaadames,record-female-voice-tag-and-dj-drops-in-english-or-spanish,20230109,2023,01,15.0,25.0,50.0,Marionaadames: I will record female voice tag and dj drops in english or spanish for $15 on fiverr.com,4.9,107,packageList,data/pilot/html-balanced/marionaadames/20230109_record-female-voice-tag-and-dj-drops-in-english-or-spanish.html.gz
markauther,design-real-estate-logo,20220702,2022,07,20.0,40.0,70.0,Markauther: I will design real estate logo and branding kit for $20 on fiverr.com,4.9,2839,packageList,data/pilot/html-balanced/markauther/20220702_design-real-estate-logo.html.gz
marki0315,make-a-cartoon-of-your-portrait,20190501,2019,05,10.0,10.0,50.0,marki0315 : I will make a realistic colourful cartoon portrait from your photo for $5 on www.fiverr.com,5.0,710,old_json,data/pilot/html-balanced/marki0315/20190501_make-a-cartoon-of-your-portrait.html.gz
markkh,do-viral-affiliate-marketing-and-promotion,20191002,2019,10,10.0,50.0,100.0,"markkh : I will promote affiliate link clickbank, affiliate marketing promotion for $10 on www.fiverr.com",4.5,12,packageList,data/pilot/html-balanced/markkh/20191002_do-viral-affiliate-marketing-and-promotion.html.gz
markmasonbeast,do-1-month-seo-for-your-website-or-blog,20210503,2021,05,55.0,75.0,95.0,Markmasonbeast: I will deploy the best backlinking SEO strategy in the solar system for $55 on fiverr.com,4.9,476,packageList,data/pilot/html-balanced/markmasonbeast/20210503_do-1-month-seo-for-your-website-or-blog.html.gz
marscreative,write-a-complete-amazon-listing-with-keyword-research,20210531,2021,05,100.0,150.0,200.0,Marscreative: I will write an optimized amazon listing that sells for $100 on fiverr.com,5.0,76,packageList,data/pilot/html-balanced/marscreative/20210531_write-a-complete-amazon-listing-with-keyword-research.html.gz
marthadata,build-amazing-marketing-strategy-plan,20220724,2022,07,250.0,1500.0,1900.0,Marthadata: I will build amazing marketing strategy plan for $250 on fiverr.com,4.9,37,packageList,data/pilot/html-balanced/marthadata/20220724_build-amazing-marketing-strategy-plan.html.gz
martijnkoedam,be-your-dutch-male-voiceover,20190509,2019,05,25.0,,,martijnkoedam : I will be your dutch voice over for $25 on www.fiverr.com,4.9,462,packageList,data/pilot/html-balanced/martijnkoedam/20190509_be-your-dutch-male-voiceover.html.gz
martink19,transcribe-your-german-audio-and-video-files,20220207,2022,02,5.0,10.0,15.0,Martink19: I will manual transcribe your german audio and video files for $5 on fiverr.com,4.9,25,packageList,data/pilot/html-balanced/martink19/20220207_transcribe-your-german-audio-and-video-files.html.gz
mary_jobs55,write-federal-resume-government-military-veteran-executive-usajobs-ksa-respons,20241121,2024,11,15.0,40.0,75.0,Mary_jobs55: I will offer top federal resume for civilian military government usajobs veteran CEO cv for $15 on fiverr.com,,,packageList,data/pilot/html-balanced/mary_jobs55/20241121_write-federal-resume-government-military-veteran-executive-usajobs-ksa-respons.html.gz
mary_jobs55,write-perfect-software-engineering-tech-it-faang-cybersecurity-resume-writing,20250426,2025,04,15.0,45.0,70.0,"Mary_jobs55: I will do software engineering, asana, tech, IT faang, ai cybersecurity, resume writing for $15 on fiverr.com",5.0,1,packageList,data/pilot/html-balanced/mary_jobs55/20250426_write-perfect-software-engineering-tech-it-faang-cybersecurity-resume-writing.html.gz
mary_matty,setup-honeybook-automations-dubsado-and-workflows,20221013,2022,10,10.0,40.0,60.0,"Mary_matty: I will setup honeybook automations, dubsado and workflows for $10 on fiverr.com",5.0,1,packageList,data/pilot/html-balanced/mary_matty/20221013_setup-honeybook-automations-dubsado-and-workflows.html.gz
mary_matty,setup-honeybook-automations-dubsado-and-workflows,20231002,2023,10,10.0,80.0,150.0,"Mary_matty: I will setup honeybook automations, dubsado and workflows for $10 on fiverr.com",5.0,28,packageList,data/pilot/html-balanced/mary_matty/20231002_setup-honeybook-automations-dubsado-and-workflows.html.gz
maryam_fatima94,create-ui-ux-design-for-website-or-mobile-app-with-prototype,20250811,2025,08,75.0,250.0,400.0,"Maryam_fatima94: I will do figma website design, website ui ux design, figma ui ux, figma design website for $75 on fiverr.com",5.0,74,packageList,data/pilot/html-balanced/maryam_fatima94/20250811_create-ui-ux-design-for-website-or-mobile-app-with-prototype.html.gz
masabzaheer,do-anything-in-adobe-after-effect-and-animate-cc,20231122,2023,11,15.0,50.0,125.0,Masabzaheer: I will do anything in adobe after effects and animate cc for $15 on fiverr.com,4.9,777,packageList,data/pilot/html-balanced/masabzaheer/20231122_do-anything-in-adobe-after-effect-and-animate-cc.html.gz
masdeny,create-a-drone-video-in-malang-indonesia,20231001,2023,10,15.0,25.0,40.0,Masdeny: I will record street walk video of indonesia for $15 on fiverr.com,4.8,23,packageList,data/pilot/html-balanced/masdeny/20231001_create-a-drone-video-in-malang-indonesia.html.gz
mashiro787,draw-a-cute-avatar-cartoon-of-your-photo-58f67956-d4ee-4399-9fba-5175b125a89c,20250803,2025,08,10.0,15.0,20.0,Mashiro787: I will draw a cute cartoon of your photo for $10 on fiverr.com,4.9,1844,packageList,data/pilot/html-balanced/mashiro787/20250803_draw-a-cute-avatar-cartoon-of-your-photo-58f67956-d4ee-4399-9fba-5175b125a89c.html.gz
mashudurnehad,organic-growth-instagram-marketing-increase-followers-promotion-super-fast,20250814,2025,08,10.0,30.0,60.0,"Mashudurnehad: I will do instagram marketing, instagram organic growth and  increase followers for $10 on fiverr.com",2.3,1,packageList,data/pilot/html-balanced/mashudurnehad/20250814_organic-growth-instagram-marketing-increase-followers-promotion-super-fast.html.gz
master_editer,design-3d-models-in-solidworks,20201128,2020,11,40.0,90.0,140.0,"I will do 3d cad designs, cad modelling, product design and cad drawings",5.0,104,packageList,data/pilot/html-balanced/master_editer/20201128_design-3d-models-in-solidworks.html.gz
masterrobs,do-quality-soundcloud-music-promotion,20180726,2018,07,5.0,5.0,20.0,masterrobs : I will do quality soundcloud promotion for $10 on www.fiverr.com,,490,old_json,data/pilot/html-balanced/masterrobs/20180726_do-quality-soundcloud-music-promotion.html.gz
masumbillah54,do-creative-logo-design-web-or-brand,20220621,2022,06,10.0,25.0,50.0,Masumbillah54: I will design creative minimalist logo with free vector files for $10 on fiverr.com,5.0,209,packageList,data/pilot/html-balanced/masumbillah54/20220621_do-creative-logo-design-web-or-brand.html.gz
mateusbl,design-creative-website-editable-in-xd-and-psd,20210410,2021,04,100.0,150.0,250.0,Mateusbl: I will design creative website layout editable in xd and PSD for $100 on fiverr.com,4.9,93,packageList,data/pilot/html-balanced/mateusbl/20210410_design-creative-website-editable-in-xd-and-psd.html.gz
matiasra,provide-relaxing-background-music-royalty-free-business-use,20241008,2024,10,20.0,50.0,80.0,Matiasra: I will 100 relaxing meditation music royalty free business use for $20 on fiverr.com,5.0,814,packageList,data/pilot/html-balanced/matiasra/20241008_provide-relaxing-background-music-royalty-free-business-use.html.gz
matsmusic,compose-and-produce-perfect-music-for-your-ad-film-game,20221008,2022,10,20.0,30.0,90.0,"Matsmusic: I will produce cyberpunk, synthwave, dark synth music for $20 on fiverr.com",5.0,89,packageList,data/pilot/html-balanced/matsmusic/20221008_compose-and-produce-perfect-music-for-your-ad-film-game.html.gz
mattbailey411,review-hip-hop-albums-eps-and-beat-tapes,20230630,2023,06,35.0,45.0,55.0,"Mattbailey411: I will review tracks, music videos, albums, eps and beat tapes for $35 on fiverr.com",5.0,97,packageList,data/pilot/html-balanced/mattbailey411/20230630_review-hip-hop-albums-eps-and-beat-tapes.html.gz
mattbrettprod,one-person-for-everything-you-need-to-make-a-song,20240224,2024,02,50.0,100.0,150.0,Mattbrettprod: I will be your music producer and songwriter in any genre or style for $50 on fiverr.com,5.0,274,packageList,data/pilot/html-balanced/mattbrettprod/20240224_one-person-for-everything-you-need-to-make-a-song.html.gz
matte_black__,create-a-beautiful-looping-abstract-animation,20240131,2024,01,175.0,375.0,475.0,Matte_black__: I will create a beautiful 3d cgi animation for your next project for $175 on fiverr.com,5.0,27,packageList,data/pilot/html-balanced/matte_black__/20240131_create-a-beautiful-looping-abstract-animation.html.gz
mattheweveringh,clean-up-and-restore-poorly-recorded-audio,20231001,2023,10,25.0,50.0,90.0,"Mattheweveringh: I will edit, clean, repair and fix your audio with top quality treatment for $25 on fiverr.com",5.0,474,packageList,data/pilot/html-balanced/mattheweveringh/20231001_clean-up-and-restore-poorly-recorded-audio.html.gz
matthewiharvey,edit-your-admissions-essay,20190213,2019,02,145.0,225.0,495.0,matthewiharvey : I will edit your admissions essay or personal statement for $145 on www.fiverr.com,5.0,6,dollar_fallback,data/pilot/html-balanced/matthewiharvey/20190213_edit-your-admissions-essay.html.gz
matthewtw,provide-british-narration-for-your-audiobook,20250215,2025,02,55.0,,,Matthewtw: I will provide british male audiobook production for $55 on fiverr.com,4.9,7,packageList,data/pilot/html-balanced/matthewtw/20250215_provide-british-narration-for-your-audiobook.html.gz
mattmacintosh,write-marketing-emails-designed-to-convert,20181112,2018,11,40.0,150.0,450.0,mattmacintosh : I will write marketing emails designed to convert for $150 on www.fiverr.com,5.0,6,dollar_fallback,data/pilot/html-balanced/mattmacintosh/20181112_write-marketing-emails-designed-to-convert.html.gz
mattservey,do-initial-seo-setup-for-your-new-website,20180717,2018,07,40.0,0.0,0.0,mattservey : I will do onpage seo for shopify store for $10 on www.fiverr.com,10.0,,old_json,data/pilot/html-balanced/mattservey/20180717_do-initial-seo-setup-for-your-new-website.html.gz
mattvopro,evaluate-and-consult-your-podcast-or-audio-sound-quality,20241001,2024,10,100.0,,,Mattvopro: I will help solve your podcast problems for $100 on fiverr.com,5.0,11,packageList,data/pilot/html-balanced/mattvopro/20241001_evaluate-and-consult-your-podcast-or-audio-sound-quality.html.gz
maverickdigital,create-custom-infographic-design-with-free-revisions,20180717,2018,07,10.0,30.0,50.0,maverickdigital : I will design custom infographics with free unlimited revisions for $10 on www.fiverr.com,10.0,133,dollar_fallback,data/pilot/html-balanced/maverickdigital/20180717_create-custom-infographic-design-with-free-revisions.html.gz
max_vision,design-awesome-facebook-ads,20200101,2020,01,10.0,30.0,60.0,max_vision : I will design engaging facebook ads for $10 on www.fiverr.com,4.9,328,packageList,data/pilot/html-balanced/max_vision/20200101_design-awesome-facebook-ads.html.gz
maximilianmende,setup-an-optimized-german-deutsch-google-ads-campaign,20200709,2020,07,150.0,260.0,500.0,maximilianmende : I will setup an optimized german deutsch google ads campaign for $150 on fiverr.com,5.0,22,packageList,data/pilot/html-balanced/maximilianmende/20200709_setup-an-optimized-german-deutsch-google-ads-campaign.html.gz
mayamiko,provide-you-with-full-rap-song-lyrics-on-any-themesubject,20230402,2023,04,55.0,155.0,360.0,Mayamiko: I will ghostwrite your hip hop or rap song  in 24 hours for $55 on fiverr.com,4.9,1356,packageList,data/pilot/html-balanced/mayamiko/20230402_provide-you-with-full-rap-song-lyrics-on-any-themesubject.html.gz
mayankpatel293,ios-development-mobile-apps-development,20190609,2019,06,350.0,750.0,995.0,mayankpatel293 : I will do ios mobile app development for $350 on www.fiverr.com,5.0,208,packageList,data/pilot/html-balanced/mayankpatel293/20190609_ios-development-mobile-apps-development.html.gz
mayasinger,lead-you-in-your-singing-journey,20200701,2020,07,5.0,15.0,30.0,mayasinger : I will teach you how to sing for $5 on fiverr.com,5.0,4,packageList,data/pilot/html-balanced/mayasinger/20200701_lead-you-in-your-singing-journey.html.gz
mbarichard,write-you-a-mind-blowing-story,20201001,2020,10,20.0,400.0,700.0,I will professionally ghostwrite your book or novel of any length,4.9,13,packageList,data/pilot/html-balanced/mbarichard/20201001_write-you-a-mind-blowing-story.html.gz
mbarichard,write-an-awesome-script-for-you,20221009,2022,10,30.0,150.0,300.0,"Mbarichard: I will write you an amazing poem,spoken word,song lyric,rap for $30 on fiverr.com",5.0,58,packageList,data/pilot/html-balanced/mbarichard/20221009_write-an-awesome-script-for-you.html.gz
mcaddesign,do-jewelry-designing-in-quick-time,20240726,2024,07,15.0,30.0,50.0,Mcaddesign: I will design 3d printable jewelry design for $15 on fiverr.com,5.0,298,packageList,data/pilot/html-balanced/mcaddesign/20240726_do-jewelry-designing-in-quick-time.html.gz
mclabzsolutions,create-an-amazing-animated-gif-banner,20200418,2020,04,5.0,20.0,70.0,mclabzsolutions : I will create amazing animated gif or flash banner for $5 on fiverr.com,4.9,3088,packageList,data/pilot/html-balanced/mclabzsolutions/20200418_create-an-amazing-animated-gif-banner.html.gz
mclabzsolutions,create-an-amazing-animated-gif-banner,20230401,2023,04,10.0,20.0,70.0,Mclabzsolutions: I will create amazing animated gifs for $10 on fiverr.com,4.9,4044,packageList,data/pilot/html-balanced/mclabzsolutions/20230401_create-an-amazing-animated-gif-banner.html.gz
mcralph,edit-your-profile-pictures-for-tinder-and-other-dating-apps,20231005,2023,10,25.0,60.0,100.0,Mcralph: I will create the best tinder profile for you with the best photos for $25 on fiverr.com,5.0,1031,packageList,data/pilot/html-balanced/mcralph/20231005_edit-your-profile-pictures-for-tinder-and-other-dating-apps.html.gz
md_jobair,complete-omnisend-automation-for-shopify-store,20210129,2021,01,30.0,60.0,95.0,I will complete omnisend email automation for shopify store,5.0,61,packageList,data/pilot/html-balanced/md_jobair/20210129_complete-omnisend-automation-for-shopify-store.html.gz
mdkaosar236,do-exclusive-flyer-and-brochure-design,20191001,2019,10,20.0,75.0,165.0,"mdkaosar236 : I will make flyer,poster, brochure,booklet,catalog design for $20 on www.fiverr.com",5.0,90,packageList,data/pilot/html-balanced/mdkaosar236/20191001_do-exclusive-flyer-and-brochure-design.html.gz
mdnafiulalam,remove-green-screen-and-replace-background-in-any-video,20200701,2020,07,10.0,20.0,30.0,mdnafiulalam : I will remove green screen and replace background in video or photo for $10 on fiverr.com,5.0,47,packageList,data/pilot/html-balanced/mdnafiulalam/20200701_remove-green-screen-and-replace-background-in-any-video.html.gz
mdshamsc,design-engaging-responsive-website-for-business,20190114,2019,01,0.0,200.0,150.0,mdshamsc : I will design engaging landing page for $200 on www.fiverr.com,5.0,2,old_json,data/pilot/html-balanced/mdshamsc/20190114_design-engaging-responsive-website-for-business.html.gz
mdyasul,do-any-excel-job-within-hours-24h7d-with-excellence,20240916,2024,09,50.0,75.0,125.0,"Mdyasul: I will do excel spreadsheet, excel vba, data entry, excel functions for $50 on fiverr.com",5.0,563,packageList,data/pilot/html-balanced/mdyasul/20240916_do-any-excel-job-within-hours-24h7d-with-excellence.html.gz
medbakka,build-funnels-in-clickfunnels-sales-funnel-and-landing-page,20230724,2023,07,250.0,370.0,550.0,Medbakka: I will build sales funnel in clickfunnels 2 or gohighlevel for $250 on fiverr.com,5.0,513,packageList,data/pilot/html-balanced/medbakka/20230724_build-funnels-in-clickfunnels-sales-funnel-and-landing-page.html.gz
mediamonarch,send-your-song-to-genre-specific-radio-stations-c03e,20230423,2023,04,5.0,10.0,15.0,Mediamonarch: I will send your song to genre specific radio stations for $5 on fiverr.com,4.9,232,packageList,data/pilot/html-balanced/mediamonarch/20230423_send-your-song-to-genre-specific-radio-stations-c03e.html.gz
mediamonarch,send-your-song-up-to-550-usa-radio-stations-6b16,20240316,2024,03,5.0,10.0,15.0,Mediamonarch: I will send your song to up to 550 USA radio stations for $5 on fiverr.com,4.8,433,packageList,data/pilot/html-balanced/mediamonarch/20240316_send-your-song-up-to-550-usa-radio-stations-6b16.html.gz
meerazzum,do-landing-hero-lottie-and-svg-animation-for-your-website,20221229,2022,12,40.0,100.0,180.0,Meerazzum: I will do landing hero  lottie and svg animation for your website for $40 on fiverr.com,5.0,29,packageList,data/pilot/html-balanced/meerazzum/20221229_do-landing-hero-lottie-and-svg-animation-for-your-website.html.gz
meganluke_1,make-twitch-stream-intros-animated-screens-and-alerts,20220701,2022,07,20.0,55.0,110.0,Meganluke_1: I will make twitch stream intros animated screens and alerts for $20 on fiverr.com,4.9,254,packageList,data/pilot/html-balanced/meganluke_1/20220701_make-twitch-stream-intros-animated-screens-and-alerts.html.gz
mehboob86,build-automated-digistore24-affiliate-system-with-followup-emails-in-healt-niche,20210412,2021,04,65.0,95.0,145.0,Mehboob86: I will build automated digistore24 affiliate system with followup email in health niche for $65 on fiverr.com,4.9,19,packageList,data/pilot/html-balanced/mehboob86/20210412_build-automated-digistore24-affiliate-system-with-followup-emails-in-healt-niche.html.gz
mehedi2220,design-and-develop-wordpress-ecommerce-website-or-online-store,20260103,2026,01,80.0,180.0,280.0,Mehedi2220: I will build best responsive ecommerce website or  customize woocommerce website for $80 on fiverr.com,5.0,3,packageList,data/pilot/html-balanced/mehedi2220/20260103_design-and-develop-wordpress-ecommerce-website-or-online-store.html.gz
mehedihassan500,create-professional-whiteboard-animation,20220703,2022,07,100.0,175.0,275.0,Mehedihassan500: I will create an animated 2d explainer video for $100 on fiverr.com,4.9,1526,packageList,data/pilot/html-balanced/mehedihassan500/20220703_create-professional-whiteboard-animation.html.gz
meherali_,write-script-for-your-video-that-makes-sales,20221112,2022,11,5.0,15.0,20.0,Meherali_: I will write script for your business video that make sales for $5 on fiverr.com,4.9,313,packageList,data/pilot/html-balanced/meherali_/20221112_write-script-for-your-video-that-makes-sales.html.gz
mehrali155,promote-your-youtube-video-in-usa-and-canada,20210707,2021,07,20.0,55.0,115.0,Mehrali155: I will do organic promotion of your youtube video for $20 on fiverr.com,4.9,38,packageList,data/pilot/html-balanced/mehrali155/20210707_promote-your-youtube-video-in-usa-and-canada.html.gz
mehrose786,listen-and-review-your-podcast-content,20211001,2021,10,15.0,30.0,50.0,Mehrose786: I will listen and review your podcast content for $15 on fiverr.com,5.0,2,packageList,data/pilot/html-balanced/mehrose786/20211001_listen-and-review-your-podcast-content.html.gz
meishathigpen,send-15-podcast-intro-script-templates,20220401,2022,04,10.0,,,Meishathigpen: I will send 15 podcast intro script templates for $10 on fiverr.com,4.9,45,packageList,data/pilot/html-balanced/meishathigpen/20220401_send-15-podcast-intro-script-templates.html.gz
mek_4real,write-rap-and-record-a-song-cover-or-verse,20230511,2023,05,50.0,100.0,125.0,"Mek_4real: I will write, rap, and record a song, cover, or verse for $50 on fiverr.com",4.9,43,packageList,data/pilot/html-balanced/mek_4real/20230511_write-rap-and-record-a-song-cover-or-verse.html.gz
melonmarketing_,create-a-google-ads-remarketing-campaign,20211001,2021,10,100.0,,,Melonmarketing_: I will setup google ads  remarketing for $100 on fiverr.com,5.0,26,packageList,data/pilot/html-balanced/melonmarketing_/20211001_create-a-google-ads-remarketing-campaign.html.gz
melrhyinst,mix-and-master-your-song-with-extra-audio-edit-on-your-music,20211018,2021,10,30.0,75.0,95.0,Melrhyinst: I will mix and master your song with extra audio edit on your music for $30 on fiverr.com,5.0,15,packageList,data/pilot/html-balanced/melrhyinst/20211018_mix-and-master-your-song-with-extra-audio-edit-on-your-music.html.gz
melrock,promo-your-kindle-free-days-to-my-huge-social-network-twitter-fb-pin-and-blog,20200402,2020,04,10.0,20.0,40.0,melrock : I will promote your kindle book on my book marketing network for $10 on fiverr.com,5.0,1069,packageList,data/pilot/html-balanced/melrock/20200402_promo-your-kindle-free-days-to-my-huge-social-network-twitter-fb-pin-and-blog.html.gz
melvinmusanta,draw-cool-skull-illustration,20240131,2024,01,185.0,,,"Melvinmusanta: I will create cool beer packaging, craft beer, beer label, beverage can, packaging for $185 on fiverr.com",5.0,193,packageList,data/pilot/html-balanced/melvinmusanta/20240131_draw-cool-skull-illustration.html.gz
memo_mubarak2,make-an-innovative-whiteboard-animated-videos,20190930,2019,09,10.0,20.0,60.0,memo_mubarak2 : I will make an innovative whiteboard animated videos for $10 on www.fiverr.com,5.0,98,packageList,data/pilot/html-balanced/memo_mubarak2/20190930_make-an-innovative-whiteboard-animated-videos.html.gz
mera_noor,expertly-design-pdf-fillable-form,20260105,2026,01,10.0,20.0,30.0,Mera_noor: I will design pdf fillable form in adobe acrobat within 24 hrs for $10 on fiverr.com,5.0,189,packageList,data/pilot/html-balanced/mera_noor/20260105_expertly-design-pdf-fillable-form.html.gz
merijanevska,write-seo-amazon-listing-product-description-that-sells,20210101,2021,01,30.0,40.0,50.0,I will write SEO amazon listing product description that sells,5.0,238,packageList,data/pilot/html-balanced/merijanevska/20210101_write-seo-amazon-listing-product-description-that-sells.html.gz
merowemusic,cinematic-music-for-your-video-project,20200402,2020,04,15.0,30.0,50.0,merowemusic : I will compose original music for your project for $15 on fiverr.com,4.9,113,packageList,data/pilot/html-balanced/merowemusic/20200402_cinematic-music-for-your-video-project.html.gz
merrillz,seo-backlinks-through-high-da-guest-posts-high-authority-link-building,20230110,2023,01,20.0,40.0,80.0,Merrillz: I will publish dofollow guest post articles on google news approved sites for $20 on fiverr.com,5.0,25,packageList,data/pilot/html-balanced/merrillz/20230110_seo-backlinks-through-high-da-guest-posts-high-authority-link-building.html.gz
methodmike,promote-your-romance-book-to-4700-engaged-readers,20191002,2019,10,20.0,,,methodmike : I will promote your romance book to thousands of engaged readers for $20 on www.fiverr.com,4.9,184,packageList,data/pilot/html-balanced/methodmike/20191002_promote-your-romance-book-to-4700-engaged-readers.html.gz
metrocreative,create-cinematic-fashion-videos,20230827,2023,08,4995.0,6200.0,11400.0,Metrocreative: I will create a cinematic fashion video for $4995 on fiverr.com,5.0,1,packageList,data/pilot/html-balanced/metrocreative/20230827_create-cinematic-fashion-videos.html.gz
meyoutech,professionally-mix-and-master-your-music,20200724,2020,07,40.0,60.0,80.0,meyoutech : I will professionally mix and master your music for $40 on fiverr.com,5.0,14,packageList,data/pilot/html-balanced/meyoutech/20200724_professionally-mix-and-master-your-music.html.gz
meyoutech,professionally-mix-and-master-your-music,20201012,2020,10,40.0,60.0,80.0,I will professionally mix and master your music,5.0,61,packageList,data/pilot/html-balanced/meyoutech/20201012_professionally-mix-and-master-your-music.html.gz
mht177,create-invoice-design-within-24-hours,20190407,2019,04,5.0,10.0,15.0,mht177 : I will create invoice design within 24 hours for $5 on www.fiverr.com,5.0,51,dollar_fallback,data/pilot/html-balanced/mht177/20190407_create-invoice-design-within-24-hours.html.gz
miamimarketer,build-your-webinar-funnel,20190719,2019,07,400.0,500.0,800.0,miamimarketer : I will build your webinar funnel for $400 on www.fiverr.com,,142,packageList,data/pilot/html-balanced/miamimarketer/20190719_build-your-webinar-funnel.html.gz
mian_khan_,remove-and-replace-objects-from-your-photo-or-video,20230714,2023,07,10.0,80.0,100.0,Mian_khan_: I will remove unnecessary objects from your video fast for $10 on fiverr.com,4.9,29,packageList,data/pilot/html-balanced/mian_khan_/20230714_remove-and-replace-objects-from-your-photo-or-video.html.gz
miandaniyalkhan,create-a-powerful-subliminal-affirmations-music,20220313,2022,03,10.0,20.0,30.0,Miandaniyalkhan: I will compose custom subliminal affirmations audio in 24 hours for $10 on fiverr.com,5.0,286,packageList,data/pilot/html-balanced/miandaniyalkhan/20220313_create-a-powerful-subliminal-affirmations-music.html.gz
michael7878,master-your-song-in-1-day,20231001,2023,10,25.0,150.0,275.0,Michael7878: I will professionally master your song in 24 hours or less for $25 on fiverr.com,5.0,4731,packageList,data/pilot/html-balanced/michael7878/20231001_master-your-song-in-1-day.html.gz
michaeljonesdvd,do-holiday-video-greeting-from-jamaica-beach,20210719,2021,07,10.0,20.0,30.0,Michaeljonesdvd: I will do unique holiday video greeting from jamaica beach for $10 on fiverr.com,5.0,210,packageList,data/pilot/html-balanced/michaeljonesdvd/20210719_do-holiday-video-greeting-from-jamaica-beach.html.gz
michaelkravc512,record-an-overhead-video-of-any-piece-on-piano,20241001,2024,10,20.0,,,Michaelkravc512: I will record an overhead video of any piece on piano for $20 on fiverr.com,5.0,32,packageList,data/pilot/html-balanced/michaelkravc512/20241001_record-an-overhead-video-of-any-piece-on-piano.html.gz
michealfaith1,design-and-redesign-revamp-wordpress-website-development,20250514,2025,05,150.0,250.0,350.0,Michealfaith1: I will design and redesign revamp wordpress website development for $150 on fiverr.com,,,packageList,data/pilot/html-balanced/michealfaith1/20250514_design-and-redesign-revamp-wordpress-website-development.html.gz
michelmlara,do-3d-models-for-3d-printing-detailed-sculpture-models,20230826,2023,08,15.0,50.0,120.0,Michelmlara: I will do 3d models detailed sculpture models for $15 on fiverr.com,4.9,403,packageList,data/pilot/html-balanced/michelmlara/20230826_do-3d-models-for-3d-printing-detailed-sculpture-models.html.gz
mickcreatiphy,design-your-product-logo-and-package-in-24hrs,20181009,2018,10,80.0,115.0,150.0,mickcreatiphy : I will design your product logo and packages for $80 on www.fiverr.com,10.0,102,dollar_fallback,data/pilot/html-balanced/mickcreatiphy/20181009_design-your-product-logo-and-package-in-24hrs.html.gz
mickelboos,create-professional-flyer-design,20260106,2026,01,85.0,150.0,250.0,Mickelboos: I will do wix website design or wix redesign for $85 on fiverr.com,4.9,749,packageList,data/pilot/html-balanced/mickelboos/20260106_create-professional-flyer-design.html.gz
mickey185,build-a-wordpress-website-design-responsive-wordpress,20240706,2024,07,70.0,150.0,210.0,Mickey185: I will build wordpress website design or redesign wordpress website for $70 on fiverr.com,4.9,132,packageList,data/pilot/html-balanced/mickey185/20240706_build-a-wordpress-website-design-responsive-wordpress.html.gz
mickey185,build-a-wordpress-website-design-responsive-wordpress,20250120,2025,01,70.0,150.0,210.0,Mickey185: I will build wordpress website design or redesign wordpress website for $70 on fiverr.com,4.9,154,packageList,data/pilot/html-balanced/mickey185/20250120_build-a-wordpress-website-design-responsive-wordpress.html.gz
mikebushseo,write-a-cold-call-sales-pitch-for-you,20240401,2024,04,35.0,65.0,95.0,Mikebushseo: I will write a highly customized cold call sales script for you for $35 on fiverr.com,4.9,291,packageList,data/pilot/html-balanced/mikebushseo/20240401_write-a-cold-call-sales-pitch-for-you.html.gz
mikedmooney,music-transcription-from-audio-to-sheet-music,20220213,2022,02,5.0,,,Mikedmooney: I will provide  transcription from audio to sheet music for $5 on fiverr.com,4.9,54,packageList,data/pilot/html-balanced/mikedmooney/20220213_music-transcription-from-audio-to-sheet-music.html.gz
mikeimburgia,make-a-customized-video-as-the-devil-sworn-enemy-of-the-jesus,20190105,2019,01,10.0,20.0,40.0,mikeimburgia : I will enjoy making your silly epic video as devil lucifer foe of the jesus for $10 on fiverr.com,4.9,94,packageList,data/pilot/html-balanced/mikeimburgia/20190105_make-a-customized-video-as-the-devil-sworn-enemy-of-the-jesus.html.gz
mikenardi,write-compelling-sales-and-marketing-emails-for-your-business,20251017,2025,10,100.0,270.0,400.0,Mikenardi: I will write email marketing and sales emails for your business for $100 on fiverr.com,4.9,293,packageList,data/pilot/html-balanced/mikenardi/20251017_write-compelling-sales-and-marketing-emails-for-your-business.html.gz
mikeporter,record-a-male-london-accent-dry-voice-over,20191103,2019,11,5.0,,,mikeporter : I will record a professional male british voiceover today for $5 on www.fiverr.com,5.0,2905,packageList,data/pilot/html-balanced/mikeporter/20191103_record-a-male-london-accent-dry-voice-over.html.gz
mikethemerc,teach-you-how-to-teach-yourself-japanese-to-fluency,20220409,2022,04,50.0,,,Mikethemerc: I will teach you how to teach yourself japanese to fluency for $50 on fiverr.com,5.0,6,packageList,data/pilot/html-balanced/mikethemerc/20220409_teach-you-how-to-teach-yourself-japanese-to-fluency.html.gz
mikeyfive,turn-500-word-article-or-text-into-a-video,20190512,2019,05,0.0,30.0,5.0,mikeyfive : I will do a screencast instructional or tutorial video for $45 on www.fiverr.com,5.0,71,old_json,data/pilot/html-balanced/mikeyfive/20190512_turn-500-word-article-or-text-into-a-video.html.gz
mikeywrites0010,create-a-personalized-mashup-of-two-songs-of-your-choice,20240725,2024,07,15.0,25.0,50.0,Mikeywrites0010: I will create a personalized mashup of any songs of your choice for $15 on fiverr.com,5.0,176,packageList,data/pilot/html-balanced/mikeywrites0010/20240725_create-a-personalized-mashup-of-two-songs-of-your-choice.html.gz
mikkelgriffin,do-expert-amazon-private-label-product-research-fba,20240705,2024,07,100.0,165.0,195.0,Mikkelgriffin: I will do product research for amazon private label fba for $100 on fiverr.com,4.9,2513,packageList,data/pilot/html-balanced/mikkelgriffin/20240705_do-expert-amazon-private-label-product-research-fba.html.gz
milasun,design-wow-banner-ad-instagram-promotion-ad-and-facebook-ad-banner,20200108,2020,01,15.0,20.0,40.0,"milasun : I will design wow banner ad, facebook banner ad, instagram ad banner for $15 on www.fiverr.com",4.9,432,packageList,data/pilot/html-balanced/milasun/20200108_design-wow-banner-ad-instagram-promotion-ad-and-facebook-ad-banner.html.gz
milkarubtsova,make-any-music-sheet-for-piano,20250214,2025,02,5.0,10.0,15.0,Milkarubtsova: I will transcribe composition to sheet music for piano for $5 on fiverr.com,5.0,2896,packageList,data/pilot/html-balanced/milkarubtsova/20250214_make-any-music-sheet-for-piano.html.gz
millysa,design-templates-for-your-business-documents,20230106,2023,01,35.0,85.0,150.0,"Millysa: I will design opt in freebies, worksheets, business pdfs for $35 on fiverr.com",5.0,277,packageList,data/pilot/html-balanced/millysa/20230106_design-templates-for-your-business-documents.html.gz
milovanm,help-you-with-your-gtm-and-conversion-tracking-needs,20230402,2023,04,150.0,200.0,245.0,Milovanm: I will help you with your google tag manager and conversion tracking needs for $150 on fiverr.com,5.0,66,packageList,data/pilot/html-balanced/milovanm/20230402_help-you-with-your-gtm-and-conversion-tracking-needs.html.gz
mind_booster,transcribe-15-minutes-audio-and-video,20200125,2020,01,10.0,20.0,30.0,mind_booster : I will transcribe 15 minutes audio and video for $10 on www.fiverr.com,,,packageList,data/pilot/html-balanced/mind_booster/20200125_transcribe-15-minutes-audio-and-video.html.gz
mindfulnas,help-you-interpret-your-dreams,20220509,2022,05,5.0,,,Mindfulnas: I will help you interpret your dreams for $5 on fiverr.com,5.0,21,packageList,data/pilot/html-balanced/mindfulnas/20220509_help-you-interpret-your-dreams.html.gz
mindofdme,boom-bap-classic-hip-hop-beat-and-urban-latin-reggaeton,20190930,2019,09,20.0,70.0,100.0,mindofdme : I will produce a boom bap classic hip hop beat for $20 on www.fiverr.com,4.8,5,packageList,data/pilot/html-balanced/mindofdme/20190930_boom-bap-classic-hip-hop-beat-and-urban-latin-reggaeton.html.gz
mindstalker85,do-a-german-voiceover-as-a-native-speaker,20240705,2024,07,5.0,,,Mindstalker85: I will record a german male voice over as native speaker for $5 on fiverr.com,5.0,718,packageList,data/pilot/html-balanced/mindstalker85/20240705_do-a-german-voiceover-as-a-native-speaker.html.gz
minh6a0,do-roblox-gfx-banner-and-profile-pictures,20260206,2026,02,5.0,10.0,20.0,Minh6a0: I will make you an astonishing roblox gfx banner for youtube for $5 on fiverr.com,4.9,603,packageList,data/pilot/html-balanced/minh6a0/20260206_do-roblox-gfx-banner-and-profile-pictures.html.gz
miranda_davis,white-hat-dofollow-seo-backlinks,20250903,2025,09,95.0,195.0,295.0,Miranda_davis: I will skyrocket ranking with high quality dofollow SEO backlinks for $95 on fiverr.com,4.9,3454,packageList,data/pilot/html-balanced/miranda_davis/20250903_white-hat-dofollow-seo-backlinks.html.gz
mircoianese,create-a-bot-that-scrapes-usernames-from-supergroups-on-telegram,20190504,2019,05,0.0,10.0,10.0,mircoianese : I will create a bot that scrapes usernames from supergroups on telegram for $30 on www.fiverr.com,5.0,30,old_json,data/pilot/html-balanced/mircoianese/20190504_create-a-bot-that-scrapes-usernames-from-supergroups-on-telegram.html.gz
miredia,help-you-set-up-obs-on-twitch-youtube-or-mixer,20210411,2021,04,5.0,20.0,40.0,Miredia: I will help you set up obs on twitch or youtube for $5 on fiverr.com,5.0,27,packageList,data/pilot/html-balanced/miredia/20210411_help-you-set-up-obs-on-twitch-youtube-or-mixer.html.gz
mirhisham,write-lyrics-for-your-rock-black-or-death-metal-song,20240401,2024,04,10.0,15.0,25.0,"Mirhisham: I will write lyrics for your rock, black or death metal song for $10 on fiverr.com",5.0,54,packageList,data/pilot/html-balanced/mirhisham/20240401_write-lyrics-for-your-rock-black-or-death-metal-song.html.gz
mishazhang,translate-500-words-from-english-or-russian-to-chinese,20201105,2020,11,5.0,10.0,15.0,I will translate english to chinese mandarin or chinese to english,5.0,631,packageList,data/pilot/html-balanced/mishazhang/20201105_translate-500-words-from-english-or-russian-to-chinese.html.gz
missninajones,create-a-bespoke-sensual-asmr-audio-clip-for-you,20200819,2020,08,15.0,30.0,45.0,missninajones : I will create a bespoke sensual asmr audio clip for you for $15 on fiverr.com,5.0,9,packageList,data/pilot/html-balanced/missninajones/20200819_create-a-bespoke-sensual-asmr-audio-clip-for-you.html.gz
misstranscript,transcribe-your-webinars-transcripts-express,20211130,2021,11,5.0,20.0,30.0,Misstranscript: I will transcribe your webinars transcripts express for $5 on fiverr.com,4.9,159,packageList,data/pilot/html-balanced/misstranscript/20211130_transcribe-your-webinars-transcripts-express.html.gz
mitch_cman,record-a-500-word-british-male-voice-over-narration,20200418,2020,04,5.0,,,mitch_cman : I will record a 250 word british male voice over narration for $5 on fiverr.com,5.0,1414,packageList,data/pilot/html-balanced/mitch_cman/20200418_record-a-500-word-british-male-voice-over-narration.html.gz
mitsumightous,draw-your-book-map-in-photoshop,20250804,2025,08,60.0,95.0,120.0,Mitsumightous: I will draw your book or fantasy map in photoshop for $60 on fiverr.com,4.9,264,packageList,data/pilot/html-balanced/mitsumightous/20250804_draw-your-book-map-in-photoshop.html.gz
mixedbyhill,master-your-music-at-red-factory-studios,20210504,2021,05,25.0,125.0,275.0,Mixedbyhill: I will professionally master your music in a world class studio for $25 on fiverr.com,5.0,95,packageList,data/pilot/html-balanced/mixedbyhill/20210504_master-your-music-at-red-factory-studios.html.gz
mmarket,produce-an-awesome-facebook-instagram-video-ad,20180717,2018,07,3.0,5.0,15.0,mmarket : I will produce an awesome facebook instagram video ad for $5 on www.fiverr.com,10.0,,dollar_fallback,data/pilot/html-balanced/mmarket/20180717_produce-an-awesome-facebook-instagram-video-ad.html.gz
mmartist,make-an-infographic,20200419,2020,04,5.0,,,mmartist : I will make you an infographic for $5 on fiverr.com,5.0,832,packageList,data/pilot/html-balanced/mmartist/20200419_make-an-infographic.html.gz
modernmarvel,design-2-modern-minimalist-logo,20250818,2025,08,20.0,45.0,95.0,Modernmarvel: I will design creative minimalist logo design for $20 on fiverr.com,4.9,15700,packageList,data/pilot/html-balanced/modernmarvel/20250818_design-2-modern-minimalist-logo.html.gz
mofazzul_wp,install-wordpress-setup-theme-do-customization,20201001,2020,10,10.0,20.0,35.0,"I will install wordpress, setup theme, do customization",5.0,673,packageList,data/pilot/html-balanced/mofazzul_wp/20201001_install-wordpress-setup-theme-do-customization.html.gz
mohaimenul017,design-and-develop-fillable-pdf-form,20220901,2022,09,5.0,10.0,15.0,Mohaimenul017: I will design and develop fillable PDF form for $5 on fiverr.com,5.0,178,packageList,data/pilot/html-balanced/mohaimenul017/20220901_design-and-develop-fillable-pdf-form.html.gz
mohamedegyforex,make-mql4-coding-job,20190110,2019,01,10.0,5.0,10.0,mohamedegyforex : I will code a metatrader 4 forex indicator mq4 mql4 for $5 on www.fiverr.com,5.0,82,old_json,data/pilot/html-balanced/mohamedegyforex/20190110_make-mql4-coding-job.html.gz
mohamedsaif228,make-any-3d-fashion-designs-patterns-and-tech-pack,20230714,2023,07,15.0,30.0,45.0,"Mohamedsaif228: I will make any 3d fashion designs, patterns and tech pack for $15 on fiverr.com",4.9,225,packageList,data/pilot/html-balanced/mohamedsaif228/20230714_make-any-3d-fashion-designs-patterns-and-tech-pack.html.gz
mohammadali04,design-attractive-modern-professional-magazine-cover-layout-or-print-newsletter,20250214,2025,02,40.0,140.0,280.0,Mohammadali04: I will design and layout professional magazine and print newsletter for $40 on fiverr.com,5.0,405,packageList,data/pilot/html-balanced/mohammadali04/20250214_design-attractive-modern-professional-magazine-cover-layout-or-print-newsletter.html.gz
mohammadarif75,build-niche-targeted-email-list-for-email-marketing,20250114,2025,01,5.0,20.0,35.0,Mohammadarif75: I will build niche targeted email list for email marketing for $5 on fiverr.com,5.0,1,packageList,data/pilot/html-balanced/mohammadarif75/20250114_build-niche-targeted-email-list-for-email-marketing.html.gz
mohdminhajuddin,do-json-ld-schema-via-google-tag-manager-on-wordpress,20220402,2022,04,10.0,125.0,185.0,Mohdminhajuddin: I will setup advance schema markup rich snippet structured data for $10 on fiverr.com,5.0,88,packageList,data/pilot/html-balanced/mohdminhajuddin/20220402_do-json-ld-schema-via-google-tag-manager-on-wordpress.html.gz
mohid_afaq,do-product-photo-editing-photo-retouching-and-enhancement,20231011,2023,10,5.0,45.0,90.0,Mohid_afaq: I will do product image editing photo retouching photoshop editing for $5 on fiverr.com,5.0,1653,packageList,data/pilot/html-balanced/mohid_afaq/20231011_do-product-photo-editing-photo-retouching-and-enhancement.html.gz
mohiminul12,do-amazing-coloring-book-page-and-illustration-for-kids-and-adults-in-hour,20250701,2025,07,5.0,10.0,25.0,Mohiminul12: I will draw unique coloring book pages for children and adults for $5 on fiverr.com,4.8,30,packageList,data/pilot/html-balanced/mohiminul12/20250701_do-amazing-coloring-book-page-and-illustration-for-kids-and-adults-in-hour.html.gz
mohinkhan007,design-awesome-letterhead-for-your-business,20230101,2023,01,25.0,50.0,75.0,Mohinkhan007: I will design awesome branding stationary for your business for $25 on fiverr.com,5.0,2751,packageList,data/pilot/html-balanced/mohinkhan007/20230101_design-awesome-letterhead-for-your-business.html.gz
mohzein,do-3d-cad-model-jewelry-design,20221001,2022,10,10.0,15.0,20.0,Mohzein: I will do 3d cad model jewelry design for $10 on fiverr.com,5.0,378,packageList,data/pilot/html-balanced/mohzein/20221001_do-3d-cad-model-jewelry-design.html.gz
mona_cooper,provide-a-faultless-english-to-french-or-french-to-english-translation,20210302,2021,03,10.0,20.0,40.0,Mona_cooper: I will provide a faultless english to french or french to english translation for $10 on fiverr.com,5.0,10,packageList,data/pilot/html-balanced/mona_cooper/20210302_provide-a-faultless-english-to-french-or-french-to-english-translation.html.gz
monir_hosan,design-junk-removal-transport-logo-with-copyright,20250817,2025,08,25.0,50.0,80.0,Monir_hosan: I will design junk removal logo with copyright for $25 on fiverr.com,5.0,44,packageList,data/pilot/html-balanced/monir_hosan/20250817_design-junk-removal-transport-logo-with-copyright.html.gz
monlee_mane,write-love-song-inspirational-song-any-topic,20231001,2023,10,100.0,150.0,230.0,"Monlee_mane: I will be your male singer songwriter for love, heartbreak song for $100 on fiverr.com",5.0,68,packageList,data/pilot/html-balanced/monlee_mane/20231001_write-love-song-inspirational-song-any-topic.html.gz
montespaz,create-subtitles-for-your-videos,20210411,2021,04,30.0,,,Montespaz: I will subtitle your videos in english or spanish for $30 on fiverr.com,5.0,29,packageList,data/pilot/html-balanced/montespaz/20210411_create-subtitles-for-your-videos.html.gz
moonllght,animate-for-you-the-best-wallpaper-for-wallpaper-engine,20211007,2021,10,10.0,15.0,20.0,Moonllght: I will animate for you the best wallpaper for wallpaper engine for $10 on fiverr.com,4.9,137,packageList,data/pilot/html-balanced/moonllght/20211007_animate-for-you-the-best-wallpaper-for-wallpaper-engine.html.gz
morena2003,create-riveting-social-media-copy,20230616,2023,06,100.0,125.0,150.0,Morena2003: I will write your social media captions for $100 on fiverr.com,4.9,35,packageList,data/pilot/html-balanced/morena2003/20230616_create-riveting-social-media-copy.html.gz
mosesistheone,transcribe-20-minutes-of-audio-for-you,20241002,2024,10,5.0,35.0,100.0,Mosesistheone: I will do your audio or video transcription for $5 on fiverr.com,4.9,1774,packageList,data/pilot/html-balanced/mosesistheone/20241002_transcribe-20-minutes-of-audio-for-you.html.gz
mosharraf_ho,produce-a-killer-video-sales-letter-vsl-that-boost-your-sales,20240101,2024,01,15.0,30.0,45.0,Mosharraf_ho: I will produce a killer video sales letter vsl that boost your sales for $15 on fiverr.com,5.0,46,packageList,data/pilot/html-balanced/mosharraf_ho/20240101_produce-a-killer-video-sales-letter-vsl-that-boost-your-sales.html.gz
mostafas14,make-3d-modelling-visualisation-and-cad,20230112,2023,01,20.0,50.0,120.0,Mostafas14: I will make product and concept 3d modeling and rendering for $20 on fiverr.com,5.0,635,packageList,data/pilot/html-balanced/mostafas14/20230112_make-3d-modelling-visualisation-and-cad.html.gz
mostynbooks,create-a-linkedin-profile-for-you,20230402,2023,04,140.0,300.0,750.0,Mostynbooks: I will create a linkedin profile for you for $140 on fiverr.com,4.9,30,packageList,data/pilot/html-balanced/mostynbooks/20230402_create-a-linkedin-profile-for-you.html.gz
motion_artist99,create-isometric-animation-explainer-video-52b9,20220701,2022,07,40.0,140.0,200.0,Motion_artist99: I will create isometric animation explainer video for $40 on fiverr.com,5.0,13,packageList,data/pilot/html-balanced/motion_artist99/20220701_create-isometric-animation-explainer-video-52b9.html.gz
motion_people,create-hand-drawn-lyric-video,20200820,2020,08,50.0,200.0,290.0,motion_people : I will create hand drawn lyric video for $50 on fiverr.com,4.8,45,packageList,data/pilot/html-balanced/motion_people/20200820_create-hand-drawn-lyric-video.html.gz
motionbrainart,create-realistic-product-animation-in-3d,20191030,2019,10,15.0,75.0,280.0,motionbrainart : I will create realistic product model and animation for $15 on www.fiverr.com,5.0,1,packageList,data/pilot/html-balanced/motionbrainart/20191030_create-realistic-product-animation-in-3d.html.gz
motiongrapherr,create-custom-logo-intro-outro-animation-for-your-video,20241217,2024,12,470.0,660.0,1600.0,"Motiongrapherr: I will create a custom animated logo intro video 2d or 3d, outro for $470 on fiverr.com",5.0,58,packageList,data/pilot/html-balanced/motiongrapherr/20241217_create-custom-logo-intro-outro-animation-for-your-video.html.gz
motionlads,create-animated-gif-lottie-json-animation-for-web-mobile,20240101,2024,01,10.0,50.0,200.0,"Motionlads: I will create animated gif, lottie json animation for web, mobile for $10 on fiverr.com",4.9,311,packageList,data/pilot/html-balanced/motionlads/20240101_create-animated-gif-lottie-json-animation-for-web-mobile.html.gz
mousumi8697,write-astonishing-travel-articles,20181001,2018,10,10.0,50.0,100.0,mousumi8697 : I will write captivating product descriptions for $10 on www.fiverr.com,5.0,18,dollar_fallback,data/pilot/html-balanced/mousumi8697/20181001_write-astonishing-travel-articles.html.gz
mozid72063,promote-your-business-by-facebook-marketing,20250119,2025,01,30.0,80.0,250.0,Mozid72063: I will do expansion your business by facebook ads campaigns for $30 on fiverr.com,,,packageList,data/pilot/html-balanced/mozid72063/20250119_promote-your-business-by-facebook-marketing.html.gz
mr12rounds,audio-mixing-and-mastering,20190629,2019,06,30.0,75.0,200.0,mr12rounds : I will professionally mix and master your audio for $30 on www.fiverr.com,,,packageList,data/pilot/html-balanced/mr12rounds/20190629_audio-mixing-and-mastering.html.gz
mr_ponu,fix-any-kinds-wordpress-issue,20250426,2025,04,10.0,40.0,80.0,I will solve any bug or issue of your wordpress website,5.0,9,packageList,data/pilot/html-balanced/mr_ponu/20250426_fix-any-kinds-wordpress-issue.html.gz
mr_quick_sound,record-a-professional-spanish-voice-over-for-you,20221020,2022,10,5.0,10.0,20.0,Mr_quick_sound: I will record a professional spanish voice over for you for $5 on fiverr.com,5.0,1,packageList,data/pilot/html-balanced/mr_quick_sound/20221020_record-a-professional-spanish-voice-over-for-you.html.gz
mr_wajidmaster,do-data-entry-data-mining-web-scraping-and-copy-paste,20221001,2022,10,30.0,70.0,150.0,"Mr_wajidmaster: I will do data entry, data mining, web scraping and copy paste for $30 on fiverr.com",5.0,286,packageList,data/pilot/html-balanced/mr_wajidmaster/20221001_do-data-entry-data-mining-web-scraping-and-copy-paste.html.gz
mrbilalw,design-web-and-mobile-app,20211014,2021,10,250.0,450.0,625.0,Mrbilalw: I will design web and mobile app for $250 on fiverr.com,5.0,161,packageList,data/pilot/html-balanced/mrbilalw/20211014_design-web-and-mobile-app.html.gz
mrdabster,optimize-blogger-website-speed-to-increase-page-speed-and-improve-performance,20250831,2025,08,30.0,35.0,45.0,Mrdabster: I will boost blogspot blogger website load speed with pagespeed insights optimization for $30 on fiverr.com,5.0,5,packageList,data/pilot/html-balanced/mrdabster/20250831_optimize-blogger-website-speed-to-increase-page-speed-and-improve-performance.html.gz
mrdesigner11,customize-your-wordpress-website,20211224,2021,12,20.0,130.0,220.0,"Mrdesigner11: I will revamp, redesign, customize and fix issues  wordpress website for $20 on fiverr.com",4.9,461,packageList,data/pilot/html-balanced/mrdesigner11/20211224_customize-your-wordpress-website.html.gz
mrfares2,create-awesome-animated-twitch-alert-for-your-stream,20200701,2020,07,5.0,15.0,35.0,mrfares2 : I will create awesome animated twitch alert for your stream for $5 on fiverr.com,4.9,26,packageList,data/pilot/html-balanced/mrfares2/20200701_create-awesome-animated-twitch-alert-for-your-stream.html.gz
mrfoton,convert-sheet-music-into-midi-file,20180829,2018,08,5.0,10.0,15.0,mrfoton : I will convert sheet music into midi file for $5 on www.fiverr.com,5.0,10,dollar_fallback,data/pilot/html-balanced/mrfoton/20180829_convert-sheet-music-into-midi-file.html.gz
mrhamim73,create-professional-html-email-signature,20220111,2022,01,10.0,20.0,30.0,Mrhamim73: I will design clickable HTML email signature for $10 on fiverr.com,4.7,3,packageList,data/pilot/html-balanced/mrhamim73/20220111_create-professional-html-email-signature.html.gz
mrkrok,animate-your-pictures-and-paintings,20250725,2025,07,50.0,75.0,95.0,Mrkrok: I will animate your pictures and paintings for $50 on fiverr.com,5.0,807,packageList,data/pilot/html-balanced/mrkrok/20250725_animate-your-pictures-and-paintings.html.gz
mrmike79,record-your-voice-over-project-the-way-you-want-me-to,20200507,2020,05,5.0,,,mrmike79 : I will record any american adult male voiceover for $5 on fiverr.com,5.0,46,packageList,data/pilot/html-balanced/mrmike79/20200507_record-your-voice-over-project-the-way-you-want-me-to.html.gz
mrquotenexus,edit-your-videos-for-social-media-youtube-and-more,20250125,2025,01,40.0,80.0,150.0,"Mrquotenexus: I will edit your videos for social media, youtube, and more for $40 on fiverr.com",,,packageList,data/pilot/html-balanced/mrquotenexus/20250125_edit-your-videos-for-social-media-youtube-and-more.html.gz
mrrobnewton,plan-and-manage-an-event-marketing-campaign,20191126,2019,11,125.0,130.0,200.0,mrrobnewton : I will produce an event marketing campaign plan for $125 on www.fiverr.com,5.0,21,packageList,data/pilot/html-balanced/mrrobnewton/20191126_plan-and-manage-an-event-marketing-campaign.html.gz
mrtaaj,do-a-flawless-video-transcription-and-transcribe-audio-in-24-hours,20200929,2020,09,5.0,15.0,30.0,I will do audio and video transcription in 24 hours,5.0,35,packageList,data/pilot/html-balanced/mrtaaj/20200929_do-a-flawless-video-transcription-and-transcribe-audio-in-24-hours.html.gz
mrtaaj,do-a-flawless-video-transcription-and-transcribe-audio-in-24-hours,20210128,2021,01,5.0,15.0,30.0,I will do audio and video transcription in 24 hours,5.0,53,packageList,data/pilot/html-balanced/mrtaaj/20210128_do-a-flawless-video-transcription-and-transcribe-audio-in-24-hours.html.gz
mrtranscendence,develop-a-website-design,20200701,2020,07,245.0,495.0,785.0,mrtranscendence : I will develop a website design for $245 on fiverr.com,5.0,71,packageList,data/pilot/html-balanced/mrtranscendence/20200701_develop-a-website-design.html.gz
msaqibghouri,custom-animated-twitch-overlay-intros,20210412,2021,04,15.0,40.0,75.0,Msaqibghouri: I will custom animated twitch overlay intros for $15 on fiverr.com,4.9,149,packageList,data/pilot/html-balanced/msaqibghouri/20210412_custom-animated-twitch-overlay-intros.html.gz
msboss,promote-your-product-or-service-on-my-podcast,20201011,2020,10,50.0,75.0,95.0,I will promote your product or service on my podcast,,,packageList,data/pilot/html-balanced/msboss/20201011_promote-your-product-or-service-on-my-podcast.html.gz
msbpro1,set-up-and-do-pinterest-marketing-for-your-ecommerce-store,20210110,2021,01,10.0,20.0,100.0,I will set up and do pinterest marketing for your ecommerce store,5.0,8,packageList,data/pilot/html-balanced/msbpro1/20210110_set-up-and-do-pinterest-marketing-for-your-ecommerce-store.html.gz
mslailalopez,give-you-an-instagram-shoutout-on-19k-real-audience,20190501,2019,05,25.0,40.0,65.0,mslailalopez : I will give you an instagram shoutout on 21k real audience for $25 on www.fiverr.com,4.9,33,packageList,data/pilot/html-balanced/mslailalopez/20190501_give-you-an-instagram-shoutout-on-19k-real-audience.html.gz
mubashar_mentor,make-youtube-high-quality-intro-or-outro,20240706,2024,07,5.0,10.0,15.0,Mubashar_mentor: I will create youtube intro and outro for you for $5 on fiverr.com,4.9,429,packageList,data/pilot/html-balanced/mubashar_mentor/20240706_make-youtube-high-quality-intro-or-outro.html.gz
mubashir356,setup-manage-and-optimize-amazon-ppc-campaigns-fba-ppc-ads,20240706,2024,07,20.0,50.0,100.0,"Mubashir356: I will setup manage and optimize amazon ppc campaigns, fba ppc ads for $20 on fiverr.com",5.0,58,packageList,data/pilot/html-balanced/mubashir356/20240706_setup-manage-and-optimize-amazon-ppc-campaigns-fba-ppc-ads.html.gz
mubeenanime,do-seamless-restaurant-menu-tv-screen-animation,20260102,2026,01,25.0,,,Mubeenanime: I will do seamless restaurant animated menu tv screens for $25 on fiverr.com,5.0,21,packageList,data/pilot/html-balanced/mubeenanime/20260102_do-seamless-restaurant-menu-tv-screen-animation.html.gz
muhammadhfayas,create1080p-wedding-and-anniversary-video,20190126,2019,01,5.0,,,"muhammadhfayas : I will do wedding anniversary,happy birthday,mothers day,save the date videos for $5 on fiverr.com",5.0,39,packageList,data/pilot/html-balanced/muhammadhfayas/20190126_create1080p-wedding-and-anniversary-video.html.gz
muhammadsaim11,do-accounting-ms-office-and-social-media-related-work,20210716,2021,07,20.0,40.0,60.0,Muhammadsaim11: I will be your virtual assistant to save your time and money for $20 on fiverr.com,5.0,112,packageList,data/pilot/html-balanced/muhammadsaim11/20210716_do-accounting-ms-office-and-social-media-related-work.html.gz
mumer212,setup-and-manage-your-google-ads-adwords-grants-campaigns,20240110,2024,01,10.0,80.0,120.0,Mumer212: I will setup and manage your google ads adwords grants campaigns for $10 on fiverr.com,5.0,29,packageList,data/pilot/html-balanced/mumer212/20240110_setup-and-manage-your-google-ads-adwords-grants-campaigns.html.gz
mumutahena07,design-postcard-eddm-standard,20210224,2021,02,10.0,30.0,45.0,I will design postcard eddm standard express 24h,4.9,17,packageList,data/pilot/html-balanced/mumutahena07/20210224_design-postcard-eddm-standard.html.gz
munenej,write-human-resource-articles,20230111,2023,01,20.0,30.0,40.0,Munenej: I will write engaging human resource and business articles for $20 on fiverr.com,4.9,14,packageList,data/pilot/html-balanced/munenej/20230111_write-human-resource-articles.html.gz
muntashirm2000,do-wordpress-malware-removal-and-fix-hacked-website,20250514,2025,05,15.0,25.0,50.0,Muntashirm2000: I will do wordpress malware removal and fix hacked website for $15 on fiverr.com,,,packageList,data/pilot/html-balanced/muntashirm2000/20250514_do-wordpress-malware-removal-and-fix-hacked-website.html.gz
muqaddus,unfollow-unwanted-instagram-followers-fast,20251223,2025,12,5.0,10.0,15.0,"Muqaddus: I will unfollow instagram followings, remove fake followers fast for $5 on fiverr.com",4.9,255,packageList,data/pilot/html-balanced/muqaddus/20251223_unfollow-unwanted-instagram-followers-fast.html.gz
muriellevoice,record-german-voice-over-for-your-projects,20240119,2024,01,15.0,,,Muriellevoice: I will record female german voice over for your projects for $15 on fiverr.com,5.0,466,packageList,data/pilot/html-balanced/muriellevoice/20240119_record-german-voice-over-for-your-projects.html.gz
musamada,create-hand-drawn-grunge-cybersigilsm-design-for-merchandise,20241222,2024,12,10.0,40.0,60.0,Musamada: I will create hand drawn grunge cybersigilsm design for merchandise for $10 on fiverr.com,5.0,2,packageList,data/pilot/html-balanced/musamada/20241222_create-hand-drawn-grunge-cybersigilsm-design-for-merchandise.html.gz
mustaaqeem,be-your-professional-graphic-designer,20250119,2025,01,15.0,30.0,50.0,Mustaaqeem: I will be your professional graphic designer for $15 on fiverr.com,4.9,347,packageList,data/pilot/html-balanced/mustaaqeem/20250119_be-your-professional-graphic-designer.html.gz
mustafizur_r,setup-bing-ads-ppc-campaign,20230728,2023,07,10.0,95.0,125.0,Mustafizur_r: I will setup bing ads PPC campaign for $10 on fiverr.com,5.0,299,packageList,data/pilot/html-balanced/mustafizur_r/20230728_setup-bing-ads-ppc-campaign.html.gz
mustasimbillah,design-an-amazing-roll-up-banner-in-6-hours,20241002,2024,10,20.0,35.0,65.0,"Mustasimbillah: I will do roll up banner, retractable, sign billboard design in 6hr for $20 on fiverr.com",4.9,850,packageList,data/pilot/html-balanced/mustasimbillah/20241002_design-an-amazing-roll-up-banner-in-6-hours.html.gz
mutunemunyaka,write-cloud-computing-and-cyber-security-whitepapers,20260101,2026,01,50.0,110.0,150.0,Mutunemunyaka: I will write cloud computing and cyber security whitepapers for $50 on fiverr.com,4.2,118,packageList,data/pilot/html-balanced/mutunemunyaka/20260101_write-cloud-computing-and-cyber-security-whitepapers.html.gz
muzamilahmad990,add-captions-or-subtitles-to-your-tiktoks-reels-and-shorts,20250120,2025,01,10.0,15.0,30.0,Muzamilahmad990: I will do instagram reels editing tiktok video editing and youtube shorts with captions for $10 on fiverr.com,4.9,307,packageList,data/pilot/html-balanced/muzamilahmad990/20250120_add-captions-or-subtitles-to-your-tiktoks-reels-and-shorts.html.gz
mvstake,ghost-produce-dubstep-trap-or-future-bass-track-music,20211002,2021,10,75.0,130.0,220.0,"Mvstake: I will ghost produce dubstep, riddim, trap or future bass track for $75 on fiverr.com",4.9,55,packageList,data/pilot/html-balanced/mvstake/20211002_ghost-produce-dubstep-trap-or-future-bass-track-music.html.gz
mwaqar56666,do-product-label-design-and-bottle-label-packaging,20220329,2022,03,50.0,75.0,100.0,Mwaqar56666: I will do product label design and bottle label packaging for $50 on fiverr.com,4.9,38,packageList,data/pilot/html-balanced/mwaqar56666/20220329_do-product-label-design-and-bottle-label-packaging.html.gz
mwaqar56666,do-product-label-design-and-bottle-label-packaging,20220402,2022,04,50.0,75.0,100.0,Mwaqar56666: I will do product label design and bottle label packaging for $50 on fiverr.com,4.9,39,packageList,data/pilot/html-balanced/mwaqar56666/20220402_do-product-label-design-and-bottle-label-packaging.html.gz
mwaqash,format-your-ebook-to-createspace-or-kindle,20241002,2024,10,25.0,50.0,75.0,Mwaqash: I will do ebook formatting paperback formatting for amazon kindle for $25 on fiverr.com,4.9,1759,packageList,data/pilot/html-balanced/mwaqash/20241002_format-your-ebook-to-createspace-or-kindle.html.gz
myblue,design-restaurant-menu-for-you,20200101,2020,01,10.0,25.0,40.0,myblue : I will design all sized editable restaurant menu for $10 on www.fiverr.com,5.0,651,packageList,data/pilot/html-balanced/myblue/20200101_design-restaurant-menu-for-you.html.gz
myblue,design-restaurant-menu-for-you,20250121,2025,01,20.0,50.0,75.0,Myblue: I will do editable restaurant menu design digital menus price list for $20 on fiverr.com,4.9,1848,packageList,data/pilot/html-balanced/myblue/20250121_design-restaurant-menu-for-you.html.gz
nabilandak,draw-vector-portrait-from-your-photos,20250902,2025,09,10.0,15.0,25.0,Nabilandak: I will draw vector portrait from your photos for $10 on fiverr.com,5.0,8,packageList,data/pilot/html-balanced/nabilandak/20250902_draw-vector-portrait-from-your-photos.html.gz
nacholede,chart-any-song-you-like-for-rocksmith-2014-from-a-tab,20221001,2022,10,10.0,15.0,20.0,Nacholede: I will chart any song you like for rocksmith 2014 from a tab for $10 on fiverr.com,5.0,57,packageList,data/pilot/html-balanced/nacholede/20221001_chart-any-song-you-like-for-rocksmith-2014-from-a-tab.html.gz
nadeemzafar786,organic-youtube-video-promotion-marketing-seo-channel-viral-result-top-service,20241002,2024,10,40.0,75.0,110.0,Nadeemzafar786: I will create youtube channel 12hr meditation music videos run live for $40 on fiverr.com,4.9,181,packageList,data/pilot/html-balanced/nadeemzafar786/20241002_organic-youtube-video-promotion-marketing-seo-channel-viral-result-top-service.html.gz
naim_keys,record-professional-piano-for-your-song,20210101,2021,01,15.0,35.0,60.0,"I will do a high quality, professional piano recording",5.0,103,packageList,data/pilot/html-balanced/naim_keys/20210101_record-professional-piano-for-your-song.html.gz
najibfatikhun,vectorize-tracing-redraw-your-sketch-or-logo-or-image,20250123,2025,01,5.0,,,Najibfatikhun: I will draw simple black and white illustration for you for $5 on fiverr.com,4.9,266,packageList,data/pilot/html-balanced/najibfatikhun/20250123_vectorize-tracing-redraw-your-sketch-or-logo-or-image.html.gz
nakawsar,build-optimized-airtable-bases-and-automate-with-block-zapier,20231002,2023,10,50.0,350.0,800.0,"Nakawsar: I will build optimized airtable bases and automate with block,zapier for $50 on fiverr.com",5.0,125,packageList,data/pilot/html-balanced/nakawsar/20231002_build-optimized-airtable-bases-and-automate-with-block-zapier.html.gz
nandan_roy,design-professional-business-cards,20250514,2025,05,15.0,25.0,35.0,Nandan_roy: I will design professional business card within 24 hours for $15 on fiverr.com,4.9,948,packageList,data/pilot/html-balanced/nandan_roy/20250514_design-professional-business-cards.html.gz
naomirobins,do-amazon-translation-between-english-french-spanish-german-or-italian,20190609,2019,06,15.0,25.0,40.0,"naomirobins : I will translate your amazon listing into english, french, spanish, german or italian for $15 on www.fiverr.com",5.0,71,packageList,data/pilot/html-balanced/naomirobins/20190609_do-amazon-translation-between-english-french-spanish-german-or-italian.html.gz
naraudio,do-sound-design-for-visual-media,20190503,2019,05,30.0,60.0,120.0,"naraudio : I will do professional sound design for films, games, ads, youtube for $30 on www.fiverr.com",5.0,70,packageList,data/pilot/html-balanced/naraudio/20190503_do-sound-design-for-visual-media.html.gz
nashonaosiggins,write-a-powerful-and-compelling-mission-statement-for-your-vision,20201105,2020,11,5.0,,,I will write a powerful and compelling mission statement for your vision,5.0,1,packageList,data/pilot/html-balanced/nashonaosiggins/20201105_write-a-powerful-and-compelling-mission-statement-for-your-vision.html.gz
nasimasarder007,create-your-new-book-promo-video,20250426,2025,04,5.0,10.0,20.0,Nasimasarder007: I will create your new book promotional video for $5 on fiverr.com,4.9,125,packageList,data/pilot/html-balanced/nasimasarder007/20250426_create-your-new-book-promo-video.html.gz
nasir715,modern-iconic-logo-design,20250426,2025,04,75.0,200.0,500.0,Nasir715: I will design simple minimalist logo quickly for $75 on fiverr.com,,,packageList,data/pilot/html-balanced/nasir715/20250426_modern-iconic-logo-design.html.gz
nata_gvozd,draw-2d-game-art-props-items-icons,20211004,2021,10,20.0,100.0,180.0,"Nata_gvozd: I will draw 2d game art props, objects, icons for $20 on fiverr.com",5.0,48,packageList,data/pilot/html-balanced/nata_gvozd/20211004_draw-2d-game-art-props-items-icons.html.gz
natasha035,create-a-whiteboard-explainer-video-or-elearning-course,20240101,2024,01,20.0,40.0,210.0,Natasha035: I will create an animated video for your elearning courses for $20 on fiverr.com,5.0,61,packageList,data/pilot/html-balanced/natasha035/20240101_create-a-whiteboard-explainer-video-or-elearning-course.html.gz
nate_s,record-a-professional-youtube-voice-over-for-you,20230101,2023,01,5.0,,,Nate_s: I will record a professional youtube voice over for you for $5 on fiverr.com,5.0,825,packageList,data/pilot/html-balanced/nate_s/20230101_record-a-professional-youtube-voice-over-for-you.html.gz
natethacomposer,produce-a-custom-beat-for-your-media-related-projects,20220403,2022,04,20.0,50.0,95.0,Natethacomposer: I will produce a custom beat for your media related projects for $20 on fiverr.com,5.0,1,packageList,data/pilot/html-balanced/natethacomposer/20220403_produce-a-custom-beat-for-your-media-related-projects.html.gz
natharodriguez,design-menu-board-or-digital-menu,20230109,2023,01,15.0,30.0,40.0,Natharodriguez: I will design menu board or digital menu for $15 on fiverr.com,5.0,166,packageList,data/pilot/html-balanced/natharodriguez/20230109_design-menu-board-or-digital-menu.html.gz
naturallyrp,record-a-professional-british-voice-over,20220403,2022,04,20.0,,,Naturallyrp: I will record a professional british english male voice over for $20 on fiverr.com,5.0,2776,packageList,data/pilot/html-balanced/naturallyrp/20220403_record-a-professional-british-voice-over.html.gz
nature_shine,do-unique-and-amazing-professional-business-card,20250115,2025,01,10.0,20.0,30.0,Nature_shine: I will do unique and amazing professional business card for $10 on fiverr.com,,,packageList,data/pilot/html-balanced/nature_shine/20250115_do-unique-and-amazing-professional-business-card.html.gz
nayeemhossain20,do-promote-apple-podcast-and-get-many-downloads,20221018,2022,10,5.0,60.0,120.0,Nayeemhossain20: I will do promote apple podcast and get many downloads for $5 on fiverr.com,5.0,2,packageList,data/pilot/html-balanced/nayeemhossain20/20221018_do-promote-apple-podcast-and-get-many-downloads.html.gz
nazmul90,provide-you-creative-modern-corporate-flyer-design,20200403,2020,04,25.0,45.0,70.0,nazmul90 : I will design professional flyer faster for $25 on fiverr.com,5.0,380,packageList,data/pilot/html-balanced/nazmul90/20200403_provide-you-creative-modern-corporate-flyer-design.html.gz
nazmulnuman,create-eye-catching-infographics-for-you,20210417,2021,04,15.0,30.0,45.0,Nazmulnuman: I will create eye catching infographics for you for $15 on fiverr.com,4.9,448,packageList,data/pilot/html-balanced/nazmulnuman/20210417_create-eye-catching-infographics-for-you.html.gz
nebxd1,design-and-develop-fully-responsive-website,20211001,2021,10,320.0,540.0,1300.0,Nebxd1: I will design or redesign your website with webflow for $320 on fiverr.com,5.0,540,packageList,data/pilot/html-balanced/nebxd1/20211001_design-and-develop-fully-responsive-website.html.gz
nekochin,draw-amazing-custom-youtube-thumbnail,20250817,2025,08,20.0,30.0,55.0,Nekochin: I will draw cool cute custom thumbnail for youtube for $20 on fiverr.com,5.0,881,packageList,data/pilot/html-balanced/nekochin/20250817_draw-amazing-custom-youtube-thumbnail.html.gz
nelly_ivanova,design-amazon-package-design-in-24-hours,20211001,2021,10,90.0,150.0,200.0,Nelly_ivanova: I will design amazon product package box in 24 hours for $90 on fiverr.com,5.0,452,packageList,data/pilot/html-balanced/nelly_ivanova/20211001_design-amazon-package-design-in-24-hours.html.gz
nerdmilkstudios,professionally-mix-your-song-or-audio-in-less-than-24-hours,20230524,2023,05,25.0,50.0,75.0,"Nerdmilkstudios: I will mix and master your song to professional, label quality for $25 on fiverr.com",4.9,696,packageList,data/pilot/html-balanced/nerdmilkstudios/20230524_professionally-mix-your-song-or-audio-in-less-than-24-hours.html.gz
nevlin18,design-and-code-your-html-marketing-email,20181002,2018,10,100.0,140.0,180.0,nevlin18 : I will design and code your HTML marketing email for $100 on www.fiverr.com,5.0,3,dollar_fallback,data/pilot/html-balanced/nevlin18/20181002_design-and-code-your-html-marketing-email.html.gz
nevlin18,design-and-code-your-html-marketing-email,20211001,2021,10,180.0,280.0,350.0,Nevlin18: I will design and code HTML email template for $180 on fiverr.com,4.9,135,packageList,data/pilot/html-balanced/nevlin18/20211001_design-and-code-your-html-marketing-email.html.gz
nevlin18,design-and-code-your-html-marketing-email,20230213,2023,02,150.0,280.0,380.0,Nevlin18: I will design and code custom HTML email template for $150 on fiverr.com,4.9,183,packageList,data/pilot/html-balanced/nevlin18/20230213_design-and-code-your-html-marketing-email.html.gz
nevlin18,design-and-code-your-html-marketing-email,20230830,2023,08,150.0,280.0,380.0,Nevlin18: I will design and code custom HTML email template for $150 on fiverr.com,4.9,209,packageList,data/pilot/html-balanced/nevlin18/20230830_design-and-code-your-html-marketing-email.html.gz
nevlin18,design-and-code-your-mailchimp-email,20250721,2025,07,280.0,380.0,580.0,Nevlin18: I will build bespoke mailchimp email template design for $280 on fiverr.com,5.0,336,packageList,data/pilot/html-balanced/nevlin18/20250721_design-and-code-your-mailchimp-email.html.gz
newaj058,create-motion-graphic-and-compositing-for-your-video-project,20240701,2024,07,15.0,30.0,75.0,Newaj058: I will create motion graphic and compositing for your video project for $15 on fiverr.com,5.0,185,packageList,data/pilot/html-balanced/newaj058/20240701_create-motion-graphic-and-compositing-for-your-video-project.html.gz
newsmike,deliver-a-voice-over-for-tv-or-radio-that-motivates,20211004,2021,10,120.0,,,Newsmike: I will record a deep american male voice over for $120 on fiverr.com,5.0,80,packageList,data/pilot/html-balanced/newsmike/20211004_deliver-a-voice-over-for-tv-or-radio-that-motivates.html.gz
nhpasha,build-and-integrate-travel-and-tour-booking-apis-for-your-business,20250805,2025,08,1500.0,,,"Nhpasha: I will develop professional hotel, travel agency, and tour booking website for $1500 on fiverr.com",,,packageList,data/pilot/html-balanced/nhpasha/20250805_build-and-integrate-travel-and-tour-booking-apis-for-your-business.html.gz
nickj2013,pen-an-eye-catching-logline-for-your-film-or-book,20201001,2020,10,45.0,75.0,120.0,"I will write an outstanding synopsis, logline or bio for you",4.9,170,packageList,data/pilot/html-balanced/nickj2013/20201001_pen-an-eye-catching-logline-for-your-film-or-book.html.gz
nickjohnson1,build-your-professional-dropshipping-shopify-store,20251209,2025,12,325.0,595.0,795.0,Nickjohnson1: I will build your professional dropshipping shopify store for $325 on fiverr.com,5.0,2043,packageList,data/pilot/html-balanced/nickjohnson1/20251209_build-your-professional-dropshipping-shopify-store.html.gz
nicolecarino,deliver-a-pro-voiceover-in-english-or-spanish,20200101,2020,01,25.0,,,nicolecarino : I will record your phone system IVR voicemail in english or spanish for $25 on www.fiverr.com,5.0,63,packageList,data/pilot/html-balanced/nicolecarino/20200101_deliver-a-pro-voiceover-in-english-or-spanish.html.gz
nifraz89,fix-or-set-up-google-analytics-and-tag-manager-in-24-hours,20210101,2021,01,5.0,10.0,15.0,I will fix or set up google analytics and tag manager in 24 hours,5.0,86,packageList,data/pilot/html-balanced/nifraz89/20210101_fix-or-set-up-google-analytics-and-tag-manager-in-24-hours.html.gz
niiikola,make-3d-model-from-your-product-sketch,20211027,2021,10,150.0,,,Niiikola: I will do 3d modeling and image rendering of your product for $150 on fiverr.com,4.9,218,packageList,data/pilot/html-balanced/niiikola/20211027_make-3d-model-from-your-product-sketch.html.gz
nikandco,be-your-professional-video-spokesperson,20200105,2020,01,5.0,35.0,65.0,nikandco : I will be your professional video spokesperson for $5 on www.fiverr.com,5.0,554,packageList,data/pilot/html-balanced/nikandco/20200105_be-your-professional-video-spokesperson.html.gz
nikerssg,create-cool-custom-logo-animation,20221105,2022,11,15.0,30.0,50.0,Nikerssg: I will create a custom logo animation intro for $15 on fiverr.com,4.9,1152,packageList,data/pilot/html-balanced/nikerssg/20221105_create-cool-custom-logo-animation.html.gz
nikholub,create-instrumental-for-your-song-or-remake-any-song,20210921,2021,09,40.0,60.0,80.0,Nikholub: I will remake instrumental or produce a song of any style for $40 on fiverr.com,5.0,76,packageList,data/pilot/html-balanced/nikholub/20210921_create-instrumental-for-your-song-or-remake-any-song.html.gz
nikkibeautyboss,advertise-your-product-or-business-on-my-true-crime-podcast,20210410,2021,04,10.0,,,Nikkibeautyboss: I will advertise your product or business on my true crime podcast for $10 on fiverr.com,5.0,39,packageList,data/pilot/html-balanced/nikkibeautyboss/20210410_advertise-your-product-or-business-on-my-true-crime-podcast.html.gz
nikolaaus,create-svg-loader-animation-not-gif-for-your-web-from-illustration,20221001,2022,10,25.0,100.0,200.0,"Nikolaaus: I will do animation and design solutions for your logo, loader, icon for $25 on fiverr.com",4.9,186,packageList,data/pilot/html-balanced/nikolaaus/20221001_create-svg-loader-animation-not-gif-for-your-web-from-illustration.html.gz
nikolaaus,do-svg-animation-for-your-web-diagram-infografic-interactive-map-from-vector,20230401,2023,04,30.0,120.0,250.0,Nikolaaus: I will do svg isometric or flat animation for website and app for $30 on fiverr.com,5.0,155,packageList,data/pilot/html-balanced/nikolaaus/20230401_do-svg-animation-for-your-web-diagram-infografic-interactive-map-from-vector.html.gz
nikopaul_cwr,animate-your-photos-and-artwork,20240530,2024,05,45.0,65.0,100.0,Nikopaul_cwr: I will creatively animate your photos and artwork for $45 on fiverr.com,5.0,23,packageList,data/pilot/html-balanced/nikopaul_cwr/20240530_animate-your-photos-and-artwork.html.gz
nimrayar384,compose-a-speech-at-any-topic-of-your-choice,20241002,2024,10,10.0,20.0,30.0,"Nimrayar384: I will write a powerful, insightful, and convincing speech in 24hrs for $10 on fiverr.com",5.0,136,packageList,data/pilot/html-balanced/nimrayar384/20241002_compose-a-speech-at-any-topic-of-your-choice.html.gz
nipunx,prepare-and-provide-youtube-videos-ready-to-upload,20230714,2023,07,5.0,20.0,35.0,Nipunx: I will prepare and provide youtube videos ready to upload for $5 on fiverr.com,5.0,18,packageList,data/pilot/html-balanced/nipunx/20230714_prepare-and-provide-youtube-videos-ready-to-upload.html.gz
niruscabin,remix-your-song-in-professionally-and-epic-club-house-remix-and-party-remix,20220403,2022,04,10.0,15.0,20.0,Niruscabin: I will remix your song in epic club house party remix style for $10 on fiverr.com,4.9,21,packageList,data/pilot/html-balanced/niruscabin/20220403_remix-your-song-in-professionally-and-epic-club-house-remix-and-party-remix.html.gz
nisaralii786,create-wix-website-design-redesign-wix-website,20210326,2021,03,15.0,40.0,70.0,"Nisaralii786: I will create wix website design, redesign wix website for $15 on fiverr.com",4.8,57,packageList,data/pilot/html-balanced/nisaralii786/20210326_create-wix-website-design-redesign-wix-website.html.gz
nitinkumarhp007,design-and-develop-android-and-iphone-native-apps,20190116,2019,01,5.0,200.0,550.0,nitinkumarhp007 : I will design and develop android and iphone native apps for $5 on www.fiverr.com,4.9,130,packageList,data/pilot/html-balanced/nitinkumarhp007/20190116_design-and-develop-android-and-iphone-native-apps.html.gz
nitinkumarhp007,design-and-develop-android-and-iphone-native-apps,20220701,2022,07,100.0,200.0,350.0,Nitinkumarhp007: I will ios app developer iphone app android mobile app development for $100 on fiverr.com,5.0,551,packageList,data/pilot/html-balanced/nitinkumarhp007/20220701_design-and-develop-android-and-iphone-native-apps.html.gz
nivedithaj14,research-and-write-podcast-episodes-and-show-notes,20220621,2022,06,20.0,35.0,50.0,Nivedithaj14: I will research and write your podcast script and show notes for $20 on fiverr.com,5.0,49,packageList,data/pilot/html-balanced/nivedithaj14/20220621_research-and-write-podcast-episodes-and-show-notes.html.gz
njaumoses,image-and-video-annotation-c6dd,20230225,2023,02,5.0,60.0,125.0,"Njaumoses: I will precisely annotate images, videos and maps for your ai model for $5 on fiverr.com",5.0,145,packageList,data/pilot/html-balanced/njaumoses/20230225_image-and-video-annotation-c6dd.html.gz
noaniemusic,we-will-write-produce-sing-a-super-catchy-jingle-for-you,20200401,2020,04,75.0,225.0,325.0,noaniemusic : I will produce a pro quality  jingle in any genre for $75 on fiverr.com,5.0,213,packageList,data/pilot/html-balanced/noaniemusic/20200401_we-will-write-produce-sing-a-super-catchy-jingle-for-you.html.gz
noirparliament,create-30-business-name-brand-name-company-name-ideas,20230402,2023,04,195.0,340.0,390.0,"Noirparliament: I will create a killer brand name, product name, domain or slogan for $195 on fiverr.com",4.9,262,packageList,data/pilot/html-balanced/noirparliament/20230402_create-30-business-name-brand-name-company-name-ideas.html.gz
noisecontroller,extract-acapella-vocal-or-create-a-instrumental-from-a-song,20190502,2019,05,5.0,10.0,15.0,noisecontroller : I will remove or isolate vocals from a song acapella karaoke free preview for $5 on www.fiverr.com,4.9,67,packageList,data/pilot/html-balanced/noisecontroller/20190502_extract-acapella-vocal-or-create-a-instrumental-from-a-song.html.gz
nola_b,do-ecommerce-shopify-marketing-boost-shopify-sales-shopify-store-manager,20241112,2024,11,30.0,150.0,250.0,"Nola_b: I will do ecommerce shopify marketing, boost shopify sales, shopify store manager for $30 on fiverr.com",,,packageList,data/pilot/html-balanced/nola_b/20241112_do-ecommerce-shopify-marketing-boost-shopify-sales-shopify-store-manager.html.gz
nooraaiin,do-3d-timeless-modern-business-logo-design-in-24-hours,20250513,2025,05,20.0,40.0,75.0,Nooraaiin: I will create professional minimalist business logo design for $20 on fiverr.com,4.9,111,packageList,data/pilot/html-balanced/nooraaiin/20250513_do-3d-timeless-modern-business-logo-design-in-24-hours.html.gz
nougatbox,give-cheap-shoutout-promotion-on-a-100k-instagram-page,20210417,2021,04,10.0,20.0,30.0,Nougatbox: I will do shoutout promotion on a 121k art niche instagram page for $10 on fiverr.com,4.8,78,packageList,data/pilot/html-balanced/nougatbox/20210417_give-cheap-shoutout-promotion-on-a-100k-instagram-page.html.gz
nouman211,do-realistic-3d-product-animation-video,20210102,2021,01,100.0,250.0,350.0,I will do realistic 3d product animation video ads,5.0,34,packageList,data/pilot/html-balanced/nouman211/20210102_do-realistic-3d-product-animation-video.html.gz
novaillustr,illustrate-you-as-anime-chibi-style,20201125,2020,11,20.0,30.0,40.0,I will illustrate you as an anime chibi style,5.0,355,packageList,data/pilot/html-balanced/novaillustr/20201125_illustrate-you-as-anime-chibi-style.html.gz
noyonalibd,do-setup-tailwind-and-be-your-pinterest-marketing-manager-2080,20250924,2025,09,40.0,70.0,130.0,Noyonalibd: I will do create pin and manage pinterest by using tailwind for $40 on fiverr.com,4.9,421,packageList,data/pilot/html-balanced/noyonalibd/20250924_do-setup-tailwind-and-be-your-pinterest-marketing-manager-2080.html.gz
nschell1,create-ugc-tiktoks-or-reels-of-your-product,20220818,2022,08,75.0,100.0,120.0,Nschell1: I will create user generated content ugc tiktoks or reels for $75 on fiverr.com,5.0,26,packageList,data/pilot/html-balanced/nschell1/20220818_create-ugc-tiktoks-or-reels-of-your-product.html.gz
nuelect_promo,do-organic-soundcloud-promotion-and-more,20191117,2019,11,10.0,20.0,40.0,nuelect_promo : I will promote your track on 500k follower soundcloud channels for $10 on www.fiverr.com,4.7,86,packageList,data/pilot/html-balanced/nuelect_promo/20191117_do-organic-soundcloud-promotion-and-more.html.gz
numan_choudhary,do-seo-optimization-of-your-website-that-will-increase-ranking,20201001,2020,10,10.0,40.0,100.0,I will do SEO optimization of your website that will increase ranking,4.9,129,packageList,data/pilot/html-balanced/numan_choudhary/20201001_do-seo-optimization-of-your-website-that-will-increase-ranking.html.gz
nuraroni,design-best-custom-twitch-sub-badges-in-24-hours,20250119,2025,01,5.0,30.0,40.0,Nuraroni: I will create custom twitch emotes or sub badges for your stream for $5 on fiverr.com,4.9,4601,packageList,data/pilot/html-balanced/nuraroni/20250119_design-best-custom-twitch-sub-badges-in-24-hours.html.gz
nurnobi_n,do-the-google-analytics-and-provide-keyword-targeted-usa-web-traffic,20210605,2021,06,5.0,15.0,30.0,Nurnobi_n: I will provide unique targeted USA web traffic for $5 on fiverr.com,5.0,1,packageList,data/pilot/html-balanced/nurnobi_n/20210605_do-the-google-analytics-and-provide-keyword-targeted-usa-web-traffic.html.gz
nwc_digital,manage-your-amazon-ppc-campaigns,20260108,2026,01,300.0,475.0,875.0,"Nwc_digital: I will setup, manage, and optimize your amazon PPC campaigns for $300 on fiverr.com",5.0,92,packageList,data/pilot/html-balanced/nwc_digital/20260108_manage-your-amazon-ppc-campaigns.html.gz
odiesenesh,guide-you-on-maximizing-your-instagram-marketing-strategy,20210315,2021,03,150.0,330.0,400.0,Odiesenesh: I will teach you everything on  maximizing your instagram marketing strategy for $150 on fiverr.com,5.0,3,packageList,data/pilot/html-balanced/odiesenesh/20210315_guide-you-on-maximizing-your-instagram-marketing-strategy.html.gz
olansile_apex,expert-shopify-store-setup-design-redesign-branded-and-custom-online-store,20250426,2025,04,10.0,40.0,80.0,"Olansile_apex: I will expert shopify store setup design, redesign branded and custom online store for $10 on fiverr.com",,,packageList,data/pilot/html-balanced/olansile_apex/20250426_expert-shopify-store-setup-design-redesign-branded-and-custom-online-store.html.gz
oleksandr_hazze,guitar-recording-mixing-and-mastering-c975,20241121,2024,11,30.0,50.0,85.0,"Oleksandr_hazze: I will guitar recording, mixing and mastering for $30 on fiverr.com",,,packageList,data/pilot/html-balanced/oleksandr_hazze/20241121_guitar-recording-mixing-and-mastering-c975.html.gz
olgagorbenko,female-edm-pop-indie-singer-and-songwriter,20230101,2023,01,50.0,175.0,275.0,"Olgagorbenko: I will be your edm, pop female singer and songwriter for $50 on fiverr.com",5.0,485,packageList,data/pilot/html-balanced/olgagorbenko/20230101_female-edm-pop-indie-singer-and-songwriter.html.gz
oliverswinburne,design-a-modern-minimal-logo,20250816,2025,08,150.0,190.0,250.0,Oliverswinburne: I will design a minimalist and modern logo for $150 on fiverr.com,4.8,679,packageList,data/pilot/html-balanced/oliverswinburne/20250816_design-a-modern-minimal-logo.html.gz
olivia_seo,create-30-000-gsa-quality-backlinks-for-seo,20230129,2023,01,30.0,55.0,80.0,Olivia_seo: I will create white hat contextual google ranking tier1 and tier2 SEO backlinks for $30 on fiverr.com,4.9,2216,packageList,data/pilot/html-balanced/olivia_seo/20230129_create-30-000-gsa-quality-backlinks-for-seo.html.gz
olyasr,do-russian-transcription-of-audios-and-videos-in-one-day,20230105,2023,01,5.0,10.0,40.0,Olyasr: I will do russian transcription of audios and videos in one day for $5 on fiverr.com,5.0,126,packageList,data/pilot/html-balanced/olyasr/20230105_do-russian-transcription-of-audios-and-videos-in-one-day.html.gz
omnihelix,edit-and-master-your-audiobook-for-acx-and-audible,20230714,2023,07,30.0,40.0,45.0,Omnihelix: I will edit and master your audiobook for acx and audible for $30 on fiverr.com,5.0,40,packageList,data/pilot/html-balanced/omnihelix/20230714_edit-and-master-your-audiobook-for-acx-and-audible.html.gz
ondadevoz,cunas-de-radio-publicidad-audiolibros-doblaje,20231001,2023,10,10.0,,,Ondadevoz: I will record a professional spanish voice over for $10 on fiverr.com,5.0,28,packageList,data/pilot/html-balanced/ondadevoz/20231001_cunas-de-radio-publicidad-audiolibros-doblaje.html.gz
oneplanmedia,dramatize-your-urban-fiction-audiobook,20240101,2024,01,600.0,800.0,1000.0,Oneplanmedia: I will dramatize your urban fiction audiobook for $600 on fiverr.com,5.0,10,packageList,data/pilot/html-balanced/oneplanmedia/20240101_dramatize-your-urban-fiction-audiobook.html.gz
onoffmusic,be-your-female-singer-songwriter-in-english-and-in-french,20210417,2021,04,100.0,150.0,250.0,Onoffmusic: I will be your female singer songwriter in english and in french for $100 on fiverr.com,5.0,8,packageList,data/pilot/html-balanced/onoffmusic/20210417_be-your-female-singer-songwriter-in-english-and-in-french.html.gz
orcatek,female-medical-spokesperson-video,20230523,2023,05,10.0,30.0,90.0,Orcatek: I will film female medical spokesperson video for $10 on fiverr.com,5.0,260,packageList,data/pilot/html-balanced/orcatek/20230523_female-medical-spokesperson-video.html.gz
osamaashraf,create-live-action-video-commercial-and-advertisement,20181001,2018,10,40.0,0.0,0.0,osamaashraf : I will create live action video commercial and advertisement for $20 on www.fiverr.com,4.9,8,old_json,data/pilot/html-balanced/osamaashraf/20181001_create-live-action-video-commercial-and-advertisement.html.gz
oscarcorsini,write-your-message-or-create-your-logo-with-lanterns,20181024,2018,10,10.0,,,oscarcorsini : I will write your message or your logo with lanterns for $10 on www.fiverr.com,5.0,92,packageList,data/pilot/html-balanced/oscarcorsini/20181024_write-your-message-or-create-your-logo-with-lanterns.html.gz
oskhan,design-prospectus-brochure-magazine-book-cover-menu-card,20210104,2021,01,5.0,50.0,100.0,"I will design prospectus, brochure, magazine, book cover, menu card",4.9,24,packageList,data/pilot/html-balanced/oskhan/20210104_design-prospectus-brochure-magazine-book-cover-menu-card.html.gz
oskhan,design-prospectus-brochure-magazine-book-cover-menu-card,20230402,2023,04,15.0,100.0,200.0,"Oskhan: I will design prospectus, brochure, magazine, book cover, menu card for $15 on fiverr.com",5.0,104,packageList,data/pilot/html-balanced/oskhan/20230402_design-prospectus-brochure-magazine-book-cover-menu-card.html.gz
osmproduction,make-this-professional-cinematic-trailer-promo,20180726,2018,07,5.0,0.0,5.0,osmproduction : I will make this cinematic trailer for $5 on www.fiverr.com,10.0,148,old_json,data/pilot/html-balanced/osmproduction/20180726_make-this-professional-cinematic-trailer-promo.html.gz
ouizxz,produce-professional-pop-trap-drill-beats,20240101,2024,01,15.0,35.0,60.0,"Ouizxz: I will produce professional original trap, rnb, drill, afro beats for $15 on fiverr.com",5.0,54,packageList,data/pilot/html-balanced/ouizxz/20240101_produce-professional-pop-trap-drill-beats.html.gz
palvashayyy,craft-your-brand-mission-vision-statement-and-brand-story,20220110,2022,01,45.0,90.0,170.0,Palvashayyy: I will write your brand story and mission statement for $45 on fiverr.com,5.0,16,packageList,data/pilot/html-balanced/palvashayyy/20220110_craft-your-brand-mission-vision-statement-and-brand-story.html.gz
pamelalee009,do-guest-post-in-tf-28-and-da-28-technology-blog,20181111,2018,11,5.0,10.0,5.0,pamelalee009 : I will publish do guest post in da 52 business blog for $5 on www.fiverr.com,5.0,146,old_json,data/pilot/html-balanced/pamelalee009/20181111_do-guest-post-in-tf-28-and-da-28-technology-blog.html.gz
pangaksama,create-cool-trippy-mixed-animation-music-video,20211111,2021,11,250.0,380.0,850.0,Pangaksama: I will create cool trippy mixed animation music video for $250 on fiverr.com,5.0,1,packageList,data/pilot/html-balanced/pangaksama/20211111_create-cool-trippy-mixed-animation-music-video.html.gz
paranoiasound,homemake-a-folder-of-crazy-samples-for-your-hiphop-songs,20240402,2024,04,50.0,100.0,200.0,Paranoiasound: I will make a folder of crazy samples or drum loops for your songs for $50 on fiverr.com,4.9,5,packageList,data/pilot/html-balanced/paranoiasound/20240402_homemake-a-folder-of-crazy-samples-for-your-hiphop-songs.html.gz
parkerhansen,proofread-and-copy-edit-within-24-hours,20221116,2022,11,10.0,15.0,20.0,Parkerhansen: I will proofread and copy edit within 24 hours for $10 on fiverr.com,4.9,150,packageList,data/pilot/html-balanced/parkerhansen/20221116_proofread-and-copy-edit-within-24-hours.html.gz
partyongroup,add-your-song-to-my-station-playlist,20200313,2020,03,5.0,10.0,30.0,partyongroup : I will play your song on our radio show for $5 on fiverr.com,5.0,16,packageList,data/pilot/html-balanced/partyongroup/20200313_add-your-song-to-my-station-playlist.html.gz
paulagrueso,dance-for-your-social-media-fb-ig,20190504,2019,05,10.0,,,paulagrueso : I will dance for your social media facebook instagram for $10 on www.fiverr.com,5.0,17,packageList,data/pilot/html-balanced/paulagrueso/20190504_dance-for-your-social-media-fb-ig.html.gz
paulcopywriter,be-your-email-swipe-copywriter,20240712,2024,07,5.0,15.0,25.0,Paulcopywriter: I will be your email swipe copywriter for $5 on fiverr.com,3.4,5,packageList,data/pilot/html-balanced/paulcopywriter/20240712_be-your-email-swipe-copywriter.html.gz
paulvirlan,create-unique-illustrations-for-your-business,20210515,2021,05,450.0,900.0,1500.0,Paulvirlan: I will create unique artistic illustrations for $450 on fiverr.com,5.0,4,packageList,data/pilot/html-balanced/paulvirlan/20210515_create-unique-illustrations-for-your-business.html.gz
pazilon,name-your-german-and-english-brand-product-or-domain,20211001,2021,10,70.0,160.0,275.0,Pazilon: I will create magnetic brand name with trademark and domain check for $70 on fiverr.com,4.9,121,packageList,data/pilot/html-balanced/pazilon/20211001_name-your-german-and-english-brand-product-or-domain.html.gz
pblose,write-an-elevator-pitch-for-your-business-or-nonprofit,20210119,2021,01,75.0,90.0,110.0,I will write an elevator pitch for your business or nonprofit,5.0,152,packageList,data/pilot/html-balanced/pblose/20210119_write-an-elevator-pitch-for-your-business-or-nonprofit.html.gz
pblose,write-a-winning-fundraising-letter,20210313,2021,03,75.0,90.0,105.0,Pblose: I will write a winning fundraising letter for $75 on fiverr.com,5.0,798,packageList,data/pilot/html-balanced/pblose/20210313_write-a-winning-fundraising-letter.html.gz
pblose,write-an-elevator-pitch-for-your-business-or-nonprofit,20220108,2022,01,95.0,115.0,135.0,Pblose: I will write an elevator pitch for your business or nonprofit for $95 on fiverr.com,5.0,197,packageList,data/pilot/html-balanced/pblose/20220108_write-an-elevator-pitch-for-your-business-or-nonprofit.html.gz
peace_pro123,do-facebook-ads-campaign-run-instagram-marketing-meta-advertising-shopify-fb-ads,20250427,2025,04,15.0,100.0,150.0,"Peace_pro123: I will do facebook ads campaign,run instagram marketing,meta advertising,shopify fb ads for $15 on fiverr.com",,,packageList,data/pilot/html-balanced/peace_pro123/20250427_do-facebook-ads-campaign-run-instagram-marketing-meta-advertising-shopify-fb-ads.html.gz
peacenic,push-my-aged-domain-names-with-no-drop-history-to-your-godaddy-account,20210820,2021,08,100.0,250.0,500.0,Peacenic: I will provide aged domain names with no drop history for $100 on fiverr.com,5.0,17,packageList,data/pilot/html-balanced/peacenic/20210820_push-my-aged-domain-names-with-no-drop-history-to-your-godaddy-account.html.gz
pedrobalta,professionally-translate-spanish-english-portuguese,20221022,2022,10,5.0,30.0,80.0,"Pedrobalta: I will professionally translate spanish, english, portuguese for $5 on fiverr.com",5.0,301,packageList,data/pilot/html-balanced/pedrobalta/20221022_professionally-translate-spanish-english-portuguese.html.gz
pencilbleed,draw-you-or-your-character-in-cartoon-or-chibi-style,20181006,2018,10,10.0,25.0,55.0,pencilbleed : I will draw you a cute anime chibi for $10 on www.fiverr.com,5.0,330,dollar_fallback,data/pilot/html-balanced/pencilbleed/20181006_draw-you-or-your-character-in-cartoon-or-chibi-style.html.gz
penprosam,write-voiceover-scripts-for-your-voice-over-demo,20210417,2021,04,10.0,20.0,30.0,Penprosam: I will write commercial voiceover scripts for your demo or ad for $10 on fiverr.com,5.0,23,packageList,data/pilot/html-balanced/penprosam/20210417_write-voiceover-scripts-for-your-voice-over-demo.html.gz
penpupen,draw-or-design-characters-reference-sheet,20250926,2025,09,175.0,275.0,375.0,Penpupen: I will draw or design characters reference sheet for your oc or vtuber for $175 on fiverr.com,5.0,140,packageList,data/pilot/html-balanced/penpupen/20250926_draw-or-design-characters-reference-sheet.html.gz
perfect_queen,boost-your-spotify-music,20210316,2021,03,20.0,45.0,95.0,Perfect_queen: I will best organic spotify promotion for $20 on fiverr.com,5.0,57,packageList,data/pilot/html-balanced/perfect_queen/20210316_boost-your-spotify-music.html.gz
perfectdesigns7,design-a-watercolor-or-professional-logo-design,20250426,2025,04,5.0,15.0,25.0,Perfectdesigns7: I will design a creative and natural professional logo for $5 on fiverr.com,4.8,6,packageList,data/pilot/html-balanced/perfectdesigns7/20250426_design-a-watercolor-or-professional-logo-design.html.gz
perfectoholic,create-a-marvelous-responsive-wordpress-website,20240401,2024,04,95.0,195.0,375.0,Perfectoholic: I will build a mobile responsive wordpress website design for your business for $95 on fiverr.com,5.0,1309,packageList,data/pilot/html-balanced/perfectoholic/20240401_create-a-marvelous-responsive-wordpress-website.html.gz
pernilleandreas,do-danish-transcription-for-your-video-and-audio,20201215,2020,12,5.0,,,I will provide danish and english transcriptions for you,5.0,7,packageList,data/pilot/html-balanced/pernilleandreas/20201215_do-danish-transcription-for-your-video-and-audio.html.gz
perocha,design-a-minimalist-brand-identity,20210702,2021,07,675.0,1500.0,1725.0,Perocha: I will design a unique brand identity for $675 on fiverr.com,5.0,75,packageList,data/pilot/html-balanced/perocha/20210702_design-a-minimalist-brand-identity.html.gz
petark777,make-a-full-hd-karaoke-style-or-lyrics-video-for-any-song,20250820,2025,08,10.0,15.0,25.0,Petark777: I will make a full HD karaoke style or lyrics singalong video for $10 on fiverr.com,5.0,838,packageList,data/pilot/html-balanced/petark777/20250820_make-a-full-hd-karaoke-style-or-lyrics-video-for-any-song.html.gz
peterfrog,build-responsive-wordpress-website-design,20220101,2022,01,280.0,380.0,480.0,Peterfrog: I will build responsive wordpress website design for $280 on fiverr.com,5.0,858,packageList,data/pilot/html-balanced/peterfrog/20220101_build-responsive-wordpress-website-design.html.gz
peterfrxbot,give-you-forex-robot-nasdaq-trading-robot-for-consistence-profit-nasdaq-ea,20250426,2025,04,450.0,700.0,1200.0,Peterfrxbot: I will give you forex robot nasdaq trading robot for consistence profit nasdaq ea for $450 on fiverr.com,,,packageList,data/pilot/html-balanced/peterfrxbot/20250426_give-you-forex-robot-nasdaq-trading-robot-for-consistence-profit-nasdaq-ea.html.gz
peterlamiel29,create-a-full-acoustic-instrumental-for-your-song-or-cover,20251202,2025,12,25.0,50.0,75.0,Peterlamiel29: I will create a full acoustic instrumental for your song or cover for $25 on fiverr.com,5.0,84,packageList,data/pilot/html-balanced/peterlamiel29/20251202_create-a-full-acoustic-instrumental-for-your-song-or-cover.html.gz
petetheguy,implement-conversion-optimization-on-shopify,20191030,2019,10,60.0,100.0,135.0,petetheguy : I will implement conversion optimization on shopify for $60 on www.fiverr.com,4.8,10,packageList,data/pilot/html-balanced/petetheguy/20191030_implement-conversion-optimization-on-shopify.html.gz
petiot13,explain-you-everything-about-veve-collectibles-in-english-or-french,20220831,2022,08,50.0,,,Petiot13: I will explain you everything about veve collectibles in english or french for $50 on fiverr.com,,,packageList,data/pilot/html-balanced/petiot13/20220831_explain-you-everything-about-veve-collectibles-in-english-or-french.html.gz
pew_die_pie,create-a-science-video-for-you-42fa,20200313,2020,03,20.0,30.0,35.0,pew_die_pie : I will create a science or an educational video for $20 on fiverr.com,5.0,10,packageList,data/pilot/html-balanced/pew_die_pie/20200313_create-a-science-video-for-you-42fa.html.gz
pft_president,send-a-wedding-budget-expense-planner-spreadsheet,20221121,2022,11,10.0,,,Pft_president: I will send a wedding budget expense planner excel spreadsheet for $10 on fiverr.com,4.9,14,packageList,data/pilot/html-balanced/pft_president/20221121_send-a-wedding-budget-expense-planner-spreadsheet.html.gz
philivix,create-original-or-fan-art-female-manga-or-anime-character,20220110,2022,01,20.0,,,Philivix: I will make japanese anime or manga art character illustration for $20 on fiverr.com,5.0,565,packageList,data/pilot/html-balanced/philivix/20220110_create-original-or-fan-art-female-manga-or-anime-character.html.gz
philrowe461,record-your-welsh-accent-voice-over-e25f,20230727,2023,07,20.0,,,Philrowe461: I will record your welsh accent voice over for $20 on fiverr.com,5.0,30,packageList,data/pilot/html-balanced/philrowe461/20230727_record-your-welsh-accent-voice-over-e25f.html.gz
phoenixfm,play-your-song-on-my-radio-show,20190929,2019,09,5.0,50.0,100.0,phoenixfm : I will play your song on my fm radio station for $5 on www.fiverr.com,5.0,284,packageList,data/pilot/html-balanced/phoenixfm/20190929_play-your-song-on-my-radio-show.html.gz
photoediting2,do-professional-photoshop-editing-for-you,20231224,2023,12,10.0,25.0,50.0,Photoediting2: I will photoshop edit and high end photo retouching for $10 on fiverr.com,5.0,1887,packageList,data/pilot/html-balanced/photoediting2/20231224_do-professional-photoshop-editing-for-you.html.gz
pichuuuu,remix-or-flip-any-sample-or-song-into-a-drill-beat,20230513,2023,05,10.0,15.0,20.0,Pichuuuu: I will flip any sample or song into a trap or drill beat for $10 on fiverr.com,5.0,32,packageList,data/pilot/html-balanced/pichuuuu/20230513_remix-or-flip-any-sample-or-song-into-a-drill-beat.html.gz
pickera,customize-this-great-business-success-video-commercial,20260202,2026,02,75.0,95.0,125.0,Pickera: I will create funny video ads for $75 on fiverr.com,5.0,691,packageList,data/pilot/html-balanced/pickera/20260202_customize-this-great-business-success-video-commercial.html.gz
pj_wycech,teach-you-facebook-ads,20230714,2023,07,130.0,170.0,220.0,Pj_wycech: I will teach you facebook ads for $130 on fiverr.com,5.0,66,packageList,data/pilot/html-balanced/pj_wycech/20230714_teach-you-facebook-ads.html.gz
pjeristudent,design-corporate-flyer-or-brochure,20190109,2019,01,10.0,20.0,10.0,"pjeristudent : I will design business, corporate flyer for $30 on www.fiverr.com",5.0,377,old_json,data/pilot/html-balanced/pjeristudent/20190109_design-corporate-flyer-or-brochure.html.gz
plrvault,give-you-6000-plr-ebooks-videos-and-new-ones-twice-a-month,20190929,2019,09,25.0,,,plrvault : I will give you 6000 plr ebooks videos and new ones twice a month for $25 on www.fiverr.com,5.0,22,packageList,data/pilot/html-balanced/plrvault/20190929_give-you-6000-plr-ebooks-videos-and-new-ones-twice-a-month.html.gz
plusaziz,drive-traffic-via-blog-posts-7dab2592-887c-4334-8dc9-210b05085a07,20200116,2020,01,150.0,250.0,350.0,plusaziz : I will write SEO focused blog articles for $150 on www.fiverr.com,,2,packageList,data/pilot/html-balanced/plusaziz/20200116_drive-traffic-via-blog-posts-7dab2592-887c-4334-8dc9-210b05085a07.html.gz
pocohontas,spanish-voice-over-for-all-your-needs,20190128,2019,01,5.0,,,pocohontas : I will do professional spanish voiceover or english voice over for $5 on www.fiverr.com,5.0,3749,packageList,data/pilot/html-balanced/pocohontas/20190128_spanish-voice-over-for-all-your-needs.html.gz
poisonstudios,make-polished-3d-props-for-your-game-or-film,20220403,2022,04,45.0,75.0,150.0,Poisonstudios: I will create exquisite stylized assets for your game or film for $45 on fiverr.com,5.0,31,packageList,data/pilot/html-balanced/poisonstudios/20220403_make-polished-3d-props-for-your-game-or-film.html.gz
polashsinha,do-creative-banner-design,20190924,2019,09,5.0,,,polashsinha : I will design professional print and web banner within 2 hours for $5 on www.fiverr.com,5.0,722,packageList,data/pilot/html-balanced/polashsinha/20190924_do-creative-banner-design.html.gz
poliedricsimo,make-unique-ukulele-arrangements-of-every-song,20230520,2023,05,15.0,50.0,70.0,Poliedricsimo: I will record unique ukulele arrangement of any song for $15 on fiverr.com,5.0,152,packageList,data/pilot/html-balanced/poliedricsimo/20230520_make-unique-ukulele-arrangements-of-every-song.html.gz
poojarajendr615,create-customized-dance-choreographies-and-dance-fitness-videos,20230720,2023,07,25.0,35.0,50.0,Poojarajendr615: I will create customized dance choreographies and dance fitness videos for $25 on fiverr.com,5.0,13,packageList,data/pilot/html-balanced/poojarajendr615/20230720_create-customized-dance-choreographies-and-dance-fitness-videos.html.gz
poojay2015,type-equation-editor-for-mathematics,20250113,2025,01,5.0,,,"I will educational typer for math, science",5.0,1,packageList,data/pilot/html-balanced/poojay2015/20250113_type-equation-editor-for-mathematics.html.gz
pookiezz,design-a-youtube-banner-and-icon-for-you,20210710,2021,07,50.0,65.0,100.0,Pookiezz: I will design a youtube banner for you for $50 on fiverr.com,5.0,1738,packageList,data/pilot/html-balanced/pookiezz/20210710_design-a-youtube-banner-and-icon-for-you.html.gz
pooyamehri,optimize-wordpress-site-a90-pagespeed-or-yslow-on-gtmetrix,20181108,2018,11,20.0,35.0,45.0,"pooyamehri : I will speed up wordpress optimization, google page insights and gtmetrix for $20 on www.fiverr.com",4.8,476,packageList,data/pilot/html-balanced/pooyamehri/20181108_optimize-wordpress-site-a90-pagespeed-or-yslow-on-gtmetrix.html.gz
posthumousccs,transcribe-any-song-into-sheet-or-midi,20210101,2021,01,5.0,15.0,30.0,"I will transcribe any instrument into midi file, tab or sheet music",5.0,431,packageList,data/pilot/html-balanced/posthumousccs/20210101_transcribe-any-song-into-sheet-or-midi.html.gz
prashanta921,edit-your-bigcommerce-or-shopify-website,20190519,2019,05,20.0,0.0,0.0,prashanta921 : I will edit your bigcommerce or shopify website for $10 on www.fiverr.com,4.9,450,old_json,data/pilot/html-balanced/prashanta921/20190519_edit-your-bigcommerce-or-shopify-website.html.gz
prdiva218,create-an-electronic-press-kit-for-your-brand,20210701,2021,07,150.0,300.0,450.0,Prdiva218: I will create an electronic press kit for your brand for $150 on fiverr.com,5.0,1,packageList,data/pilot/html-balanced/prdiva218/20210701_create-an-electronic-press-kit-for-your-brand.html.gz
preciouschidera,record-a-professional-video-testimonial-for-you,20191004,2019,10,5.0,30.0,60.0,preciouschidera : I will be your amazing professional female video spokesperson for $5 on www.fiverr.com,4.9,152,packageList,data/pilot/html-balanced/preciouschidera/20191004_record-a-professional-video-testimonial-for-you.html.gz
press__agency,write-press-release-with-guaranteed-media-coverage,20190929,2019,09,10.0,45.0,65.0,press__agency : I will write press release with guaranteed media coverage for $10 on www.fiverr.com,5.0,62,packageList,data/pilot/html-balanced/press__agency/20190929_write-press-release-with-guaranteed-media-coverage.html.gz
principalmike,write-and-design-a-great-cv-or-cover-letter,20250815,2025,08,85.0,120.0,150.0,"Principalmike: I will write and upgrade your resume, CV, cover letter, linkedin for $85 on fiverr.com",4.9,826,packageList,data/pilot/html-balanced/principalmike/20250815_write-and-design-a-great-cv-or-cover-letter.html.gz
prithvirajp99,be-your-creative-youtube-video-editor,20250426,2025,04,70.0,90.0,110.0,Prithvirajp99: I will professionally edit your youtube video for $70 on fiverr.com,4.9,2193,packageList,data/pilot/html-balanced/prithvirajp99/20250426_be-your-creative-youtube-video-editor.html.gz
priyamkakati46,do-deep-learning-project,20230808,2023,08,270.0,500.0,1500.0,Priyamkakati46: I will do deep learning project for $270 on fiverr.com,,,packageList,data/pilot/html-balanced/priyamkakati46/20230808_do-deep-learning-project.html.gz
pro_design37,design-a-professional-book-cover,20211202,2021,12,10.0,40.0,80.0,"Pro_design37: I will design professional ebook cover, ebook cover design for $10 on fiverr.com",5.0,467,packageList,data/pilot/html-balanced/pro_design37/20211202_design-a-professional-book-cover.html.gz
prof_olusegun,optimize-your-crypto-portfolio,20250104,2025,01,50.0,180.0,330.0,Prof_olusegun: I will optimize your crypto portfolio for $50 on fiverr.com,,,packageList,data/pilot/html-balanced/prof_olusegun/20250104_optimize-your-crypto-portfolio.html.gz
professionart,do-youtube-end-card-outro,20181001,2018,10,0.0,0.0,5.0,professionart : I will do youtube end card outro for $5 on www.fiverr.com,4.9,19,old_json,data/pilot/html-balanced/professionart/20181001_do-youtube-end-card-outro.html.gz
propixelz,do-professional-ebook-formatting-layout-and-design,20180727,2018,07,0.0,15.0,,"propixelz : I will do ebook formatting for kindle, createspace,pdf, ingramspark for $5 on www.fiverr.com",10.0,233,old_json,data/pilot/html-balanced/propixelz/20180727_do-professional-ebook-formatting-layout-and-design.html.gz
provideouk,provide-professional-video-editing,20200102,2020,01,5.0,20.0,100.0,provideouk : I will provide professional video editing within few hours for $5 on www.fiverr.com,5.0,1030,packageList,data/pilot/html-balanced/provideouk/20200102_provide-professional-video-editing.html.gz
pslove,write-email-marketing-campaigns,20220101,2022,01,265.0,650.0,1560.0,Pslove: I will write email marketing copy for $265 on fiverr.com,4.9,30,packageList,data/pilot/html-balanced/pslove/20220101_write-email-marketing-campaigns.html.gz
psychic_natalia,cast-extremely-powerful-arabic-djinns-love-spell-obsession-spell,20201001,2020,10,10.0,30.0,50.0,"I will cast extremely powerful arabic djinns love spell, obsession spell",5.0,6,packageList,data/pilot/html-balanced/psychic_natalia/20201001_cast-extremely-powerful-arabic-djinns-love-spell-obsession-spell.html.gz
ptyangel,translate-any-text-from-english-to-spanish,20190406,2019,04,5.0,20.0,40.0,"ptyangel : I will translate any text, up to 1000 words, from english to spanish for $5 on www.fiverr.com",5.0,668,old_json,data/pilot/html-balanced/ptyangel/20190406_translate-any-text-from-english-to-spanish.html.gz
pujovski,design-a-professional-logo-for-your-business,20250116,2025,01,290.0,470.0,650.0,"Pujovski: I will create a clean, minimal logo design for $290 on fiverr.com",5.0,2260,packageList,data/pilot/html-balanced/pujovski/20250116_design-a-professional-logo-for-your-business.html.gz
purebd_sojib,create-responsive-landing-page-or-squeeze-page,20200305,2020,03,15.0,60.0,150.0,purebd_sojib : I will create a wordpress landing page and html landing page for $15 on fiverr.com,4.9,3,packageList,data/pilot/html-balanced/purebd_sojib/20200305_create-responsive-landing-page-or-squeeze-page.html.gz
pussyacat,recreate-your-logo-or-image-in-vector-asap,20231001,2023,10,5.0,10.0,30.0,Pussyacat: I will perfectly trace logo or image in vector for $5 on fiverr.com,5.0,8186,packageList,data/pilot/html-balanced/pussyacat/20231001_recreate-your-logo-or-image-in-vector-asap.html.gz
pussyacat,recreate-your-logo-or-image-in-vector-asap,20241002,2024,10,5.0,10.0,30.0,Pussyacat: I will perfectly trace logo or image in vector for $5 on fiverr.com,5.0,9896,packageList,data/pilot/html-balanced/pussyacat/20241002_recreate-your-logo-or-image-in-vector-asap.html.gz
pzuh88,create-high-quality-game-title-or-logo-for-your-video-games,20251203,2025,12,30.0,50.0,75.0,Pzuh88: I will create high quality game title or logo for your video games for $30 on fiverr.com,4.9,561,packageList,data/pilot/html-balanced/pzuh88/20251203_create-high-quality-game-title-or-logo-for-your-video-games.html.gz
qhaqha,do-social-media-template,20221031,2022,10,70.0,100.0,150.0,Qhaqha: I will do a complete branding kit handwritten signature logo for $70 on fiverr.com,5.0,180,packageList,data/pilot/html-balanced/qhaqha/20221031_do-social-media-template.html.gz
qisthebest,translate-chinese-to-english-or-vice-versa,20190929,2019,09,5.0,10.0,15.0,qisthebest : I will translate chinese to english or english to chinese for $5 on www.fiverr.com,5.0,460,packageList,data/pilot/html-balanced/qisthebest/20190929_translate-chinese-to-english-or-vice-versa.html.gz
qrolic,convert-psd-jpg-png-ai-to-html-wordpress-shopify,20210321,2021,03,20.0,75.0,80.0,"Qrolic: I will convert psd, jpg, xd, ai to html, wordpress, shopify for $20 on fiverr.com",4.9,139,packageList,data/pilot/html-balanced/qrolic/20210321_convert-psd-jpg-png-ai-to-html-wordpress-shopify.html.gz
qualitylover,do-soundcloud-spotify-music-promotion-to-increase-streams,20190116,2019,01,10.0,30.0,60.0,"qualitylover : I will do soundcloud, spotify music promotion to increase streams for $10 on www.fiverr.com",4.7,337,packageList,data/pilot/html-balanced/qualitylover/20190116_do-soundcloud-spotify-music-promotion-to-increase-streams.html.gz
qualitysound,mix-edit-clean-and-master-your-podcast,20200702,2020,07,10.0,25.0,50.0,"qualitysound : I will mix, edit, clean, and master your podcast for $10 on fiverr.com",5.0,39,packageList,data/pilot/html-balanced/qualitysound/20200702_mix-edit-clean-and-master-your-podcast.html.gz
queenofgrafiks,design-perfect-logo-for-your-business-df1a,20240609,2024,06,15.0,40.0,60.0,Queenofgrafiks: I will design creative minimalist logo for $15 on fiverr.com,4.9,8392,packageList,data/pilot/html-balanced/queenofgrafiks/20240609_design-perfect-logo-for-your-business-df1a.html.gz
quenysubong,make-illustrations-for-comic-book-graphic-novels-and-books,20251204,2025,12,15.0,25.0,30.0,"Quenysubong: I will make illustrations for comic book, graphic novels, and books for $15 on fiverr.com",5.0,61,packageList,data/pilot/html-balanced/quenysubong/20251204_make-illustrations-for-comic-book-graphic-novels-and-books.html.gz
quickteam24,design-professional-letterhead-in-editable-word-format-4-hours,20220105,2022,01,5.0,15.0,30.0,I will design professional letterhead in editable word format 4 hours,4.9,99,packageList,data/pilot/html-balanced/quickteam24/20220105_design-professional-letterhead-in-editable-word-format-4-hours.html.gz
quratulainazhar,create-an-effective-digital-marketing-strategy-for-you,20220130,2022,01,30.0,80.0,100.0,Quratulainazhar: I will create digital marketing strategy tailored for your business for $30 on fiverr.com,4.9,146,packageList,data/pilot/html-balanced/quratulainazhar/20220130_create-an-effective-digital-marketing-strategy-for-you.html.gz
quratulainazhar,create-an-effective-digital-marketing-strategy-for-you,20220810,2022,08,80.0,100.0,150.0,Quratulainazhar: I will create digital marketing strategy tailored for your business for $80 on fiverr.com,4.8,153,packageList,data/pilot/html-balanced/quratulainazhar/20220810_create-an-effective-digital-marketing-strategy-for-you.html.gz
rabia_tariq,perform-web-scraping-email-lists-data-mining,20231002,2023,10,15.0,30.0,50.0,"Rabia_tariq: I will perform web scraping, email extraction and contacts for $15 on fiverr.com",4.9,238,packageList,data/pilot/html-balanced/rabia_tariq/20231002_perform-web-scraping-email-lists-data-mining.html.gz
rabiayounas,create-awesome-wix-website-design-for-mobile-and-desktop-wix-website,20201001,2020,10,25.0,95.0,175.0,I will create awesome wix website design for mobile and desktop wix website,4.9,100,packageList,data/pilot/html-balanced/rabiayounas/20201001_create-awesome-wix-website-design-for-mobile-and-desktop-wix-website.html.gz
rabiulbdit,be-your-social-media-marketing-manager-create-page,20200928,2020,09,5.0,15.0,25.0,I will be your social media marketing manager create page,,,packageList,data/pilot/html-balanced/rabiulbdit/20200928_be-your-social-media-marketing-manager-create-page.html.gz
rachel_ngochau,create-cute-cartoon-illustrations,20250513,2025,05,30.0,60.0,95.0,"Rachel_ngochau: I will create cute cartoon illustrations, lofi art, anime, nft, ghibli for $30 on fiverr.com",4.9,379,packageList,data/pilot/html-balanced/rachel_ngochau/20250513_create-cute-cartoon-illustrations.html.gz
rachel_ngochau,create-cute-cartoon-illustrations,20260101,2026,01,30.0,60.0,95.0,"Rachel_ngochau: I will create cute cartoon illustrations, lofi art, anime, nft, ghibli for $30 on fiverr.com",4.9,379,packageList,data/pilot/html-balanced/rachel_ngochau/20260101_create-cute-cartoon-illustrations.html.gz
rachellesass89,give-you-100-ebooks-on-social-media,20181001,2018,10,5.0,5.0,10.0,rachellesass89 : I will send the power of focus full online course with plr for $5 on www.fiverr.com,5.0,17,old_json,data/pilot/html-balanced/rachellesass89/20181001_give-you-100-ebooks-on-social-media.html.gz
radiofrenz,record-what-you-want-in-italian,20210927,2021,09,50.0,,,"Radiofrenz: I will record a professional italian voice over, with italian voice for $50 on fiverr.com",5.0,358,packageList,data/pilot/html-balanced/radiofrenz/20210927_record-what-you-want-in-italian.html.gz
radiostreamlive,play-your-song-on-miami-beach-radio,20240706,2024,07,55.0,85.0,155.0,"Radiostreamlive: I will play your song on miami beach radio, promote your music with intro for $55 on fiverr.com",5.0,320,packageList,data/pilot/html-balanced/radiostreamlive/20240706_play-your-song-on-miami-beach-radio.html.gz
rafayat_rakib,edit-and-modify-your-videos-professionally,20221018,2022,10,15.0,50.0,80.0,"Rafayat_rakib: I will do professional video edit, youtube video editing in 24 hr for $15 on fiverr.com",5.0,88,packageList,data/pilot/html-balanced/rafayat_rakib/20221018_edit-and-modify-your-videos-professionally.html.gz
rafiq64460,make-hd-screencast-how-to-use-website-or-app-video,20200701,2020,07,5.0,20.0,35.0,rafiq64460 : I will make HD screencast how to use website or app video for $5 on fiverr.com,4.9,12,packageList,data/pilot/html-balanced/rafiq64460/20200701_make-hd-screencast-how-to-use-website-or-app-video.html.gz
ragavendran2016,create-awesome-slideshow-video-in-full-hd,20220706,2022,07,5.0,15.0,25.0,"Ragavendran2016: I will create awesome slideshow, colorful photo slideshow promo video for $5 on fiverr.com",5.0,1093,packageList,data/pilot/html-balanced/ragavendran2016/20220706_create-awesome-slideshow-video-in-full-hd.html.gz
ragil_studio,draw-nft-art-mascot-cartoon-avatar-illustration,20230401,2023,04,30.0,230.0,630.0,Ragil_studio: I will custom nft art avatar cartoon character illustration up to 10k collection for $30 on fiverr.com,5.0,187,packageList,data/pilot/html-balanced/ragil_studio/20230401_draw-nft-art-mascot-cartoon-avatar-illustration.html.gz
rahima09,do-christmas-ugly-sweater-and-t-shirt-in-24-hour,20180717,2018,07,5.0,10.0,20.0,rahima09 : I will do outstanding and creative t shirt design for $5 on www.fiverr.com,10.0,806,dollar_fallback,data/pilot/html-balanced/rahima09/20180717_do-christmas-ugly-sweater-and-t-shirt-in-24-hour.html.gz
rahuldatta,make-a-stylish-product-promotional-video,20220702,2022,07,20.0,35.0,50.0,I will create product video ads for facebook instagram and amazon,4.9,21,packageList,data/pilot/html-balanced/rahuldatta/20220702_make-a-stylish-product-promotional-video.html.gz
rahulkajla1,create-whiteboard-animation-in-4-hours,20180914,2018,09,10.0,10.0,50.0,rahulkajla1 : I will create amazing 2d animation video for $75 on www.fiverr.com,5.0,237,old_json,data/pilot/html-balanced/rahulkajla1/20180914_create-whiteboard-animation-in-4-hours.html.gz
rainbow_shade,real-estate-construction-property-investment-logo,20200225,2020,02,15.0,45.0,75.0,rainbow_shade : I will real estate construction property investment logo for $15 on fiverr.com,5.0,15,packageList,data/pilot/html-balanced/rainbow_shade/20200225_real-estate-construction-property-investment-logo.html.gz
rainerj,play-the-perfect-piano-or-keyboard-track-to-your-song,20181206,2018,12,20.0,5.0,10.0,rainerj : I will play the best keyboard track to your song or your bucks back for $5 on www.fiverr.com,5.0,75,old_json,data/pilot/html-balanced/rainerj/20181206_play-the-perfect-piano-or-keyboard-track-to-your-song.html.gz
rainquorra,draw-cartoon-characters-for-comics-newspaper-or-blog-posts,20190519,2019,05,10.0,20.0,40.0,"rainquorra : I will draw cartoon characters for comics, newspapers or blog posts for $10 on fiverr.com",4.9,87,packageList,data/pilot/html-balanced/rainquorra/20190519_draw-cartoon-characters-for-comics-newspaper-or-blog-posts.html.gz
raj2016,make-high-quality-graphics-custom-explainer-video,20191003,2019,10,150.0,250.0,350.0,raj2016 : I will create fully custom explainer video for you for $150 on www.fiverr.com,4.9,451,packageList,data/pilot/html-balanced/raj2016/20191003_make-high-quality-graphics-custom-explainer-video.html.gz
raj2016,make-high-quality-graphics-custom-explainer-video,20240401,2024,04,150.0,280.0,380.0,Raj2016: I will create fully custom 2d animated explainer video for you for $150 on fiverr.com,4.9,1061,packageList,data/pilot/html-balanced/raj2016/20240401_make-high-quality-graphics-custom-explainer-video.html.gz
rajuana2,be-your-expert-facebook-ads-manager,20250120,2025,01,5.0,20.0,45.0,Rajuana2: I will grow facebook page organically and promote page for $5 on fiverr.com,,,packageList,data/pilot/html-balanced/rajuana2/20250120_be-your-expert-facebook-ads-manager.html.gz
rakadesign,design-you-3-youtube-thumbnails,20251124,2025,11,15.0,40.0,65.0,Rakadesign: I will design you professional youtube thumbnails for $15 on fiverr.com,5.0,5311,packageList,data/pilot/html-balanced/rakadesign/20251124_design-you-3-youtube-thumbnails.html.gz
rakibmiha,design-your-resume-and-cv-in-google-docs-or-ms-word,20230101,2023,01,10.0,15.0,20.0,Rakibmiha: I will design your resume and cv in google docs or ms word for $10 on fiverr.com,4.9,231,packageList,data/pilot/html-balanced/rakibmiha/20230101_design-your-resume-and-cv-in-google-docs-or-ms-word.html.gz
ralphie2,give-you-a-step-by-step-digital-marketing-plan,20190519,2019,05,5.0,5.0,5.0,"ralphie2 : I will give you a step by step, digital marketing plan for $5 on www.fiverr.com",4.9,57,old_json,data/pilot/html-balanced/ralphie2/20190519_give-you-a-step-by-step-digital-marketing-plan.html.gz
ralphong2001,add-or-create-subtitles-in-english-or-chinese,20211223,2021,12,5.0,10.0,20.0,"Ralphong2001: I will add chinese subtitles to english videos, vice versa for $5 on fiverr.com",5.0,78,packageList,data/pilot/html-balanced/ralphong2001/20211223_add-or-create-subtitles-in-english-or-chinese.html.gz
ralphwie,write-your-privacy-and-gdpr-data-protection-policy,20220720,2022,07,15.0,30.0,45.0,Ralphwie: I will write your privacy and gdpr data protection policy for $15 on fiverr.com,5.0,905,packageList,data/pilot/html-balanced/ralphwie/20220720_write-your-privacy-and-gdpr-data-protection-policy.html.gz
ramconstok,premiere-your-track-on-a-well-known-music-blog,20230101,2023,01,20.0,30.0,45.0,Ramconstok: I will feature your music on a well known blog for $20 on fiverr.com,5.0,1814,packageList,data/pilot/html-balanced/ramconstok/20230101_premiere-your-track-on-a-well-known-music-blog.html.gz
ramisa67,customize-fix-issues-redesign-wordpress-website,20230101,2023,01,25.0,375.0,650.0,"Ramisa67: I will redesign wordpress website, customize website, fix issues for $25 on fiverr.com",5.0,793,packageList,data/pilot/html-balanced/ramisa67/20230101_customize-fix-issues-redesign-wordpress-website.html.gz
ramjanur,create-photorealistic-architectural-rendering,20211123,2021,11,400.0,600.0,1200.0,Ramjanur: I will create photorealistic architectural 3d rendering for $400 on fiverr.com,4.1,6,packageList,data/pilot/html-balanced/ramjanur/20211123_create-photorealistic-architectural-rendering.html.gz
ranafaheem990,make-your-assignments-in-swift-xcode,20230313,2023,03,25.0,,,Ranafaheem990: I will do ios work in swift xcode for $25 on fiverr.com,4.9,114,packageList,data/pilot/html-balanced/ranafaheem990/20230313_make-your-assignments-in-swift-xcode.html.gz
ranahassan7755,provide-french-link-building-with-high-da-dofollow-french-seo-backlinks,20260201,2026,02,5.0,45.0,85.0,Ranahassan7755: I will provide french link building with high da dofollow french SEO backlinks for $5 on fiverr.com,4.9,66,packageList,data/pilot/html-balanced/ranahassan7755/20260201_provide-french-link-building-with-high-da-dofollow-french-seo-backlinks.html.gz
randyshannon,create-an-outstanding-audio-ad,20210730,2021,07,25.0,35.0,50.0,Randyshannon: I will create an outstanding audio ad for $25 on fiverr.com,5.0,8,packageList,data/pilot/html-balanced/randyshannon/20210730_create-an-outstanding-audio-ad.html.gz
rangamadushi91,do-amazing-youtube-channel-promotion,20190113,2019,01,5.0,5.0,,rangamadushi91 : I will do amazing youtube channel promotion for $10 on www.fiverr.com,4.8,32,old_json,data/pilot/html-balanced/rangamadushi91/20190113_do-amazing-youtube-channel-promotion.html.gz
ranjanbarman,teach-you-complete-digital-marketing,20240604,2024,06,10.0,100.0,150.0,Ranjanbarman: I will teach you complete digital marketing for $10 on fiverr.com,4.9,88,packageList,data/pilot/html-balanced/ranjanbarman/20240604_teach-you-complete-digital-marketing.html.gz
ranjanbarman,teach-you-complete-digital-marketing,20251229,2025,12,10.0,100.0,150.0,Ranjanbarman: I will teach you complete digital marketing for $10 on fiverr.com,4.9,89,packageList,data/pilot/html-balanced/ranjanbarman/20251229_teach-you-complete-digital-marketing.html.gz
rank_champ,be-your-front-end-web-developer-using-html-css-bootstrap-gsap-react-js-jquery,20241001,2024,10,150.0,350.0,700.0,"Rank_champ: I will build, rebuild website development as full stack developer, front end developer for $150 on fiverr.com",5.0,71,packageList,data/pilot/html-balanced/rank_champ/20241001_be-your-front-end-web-developer-using-html-css-bootstrap-gsap-react-js-jquery.html.gz
raoulvanh,set-up-google-analytics-for-prestashop,20180717,2018,07,150.0,295.0,575.0,raoulvanh : I will set up google analytics for prestashop for $150 on www.fiverr.com,,,dollar_fallback,data/pilot/html-balanced/raoulvanh/20180717_set-up-google-analytics-for-prestashop.html.gz
rasel2k21,fix-or-setup-facebook-pixel-catalog-events-custom-audience-dynamic-ads,20231005,2023,10,30.0,130.0,230.0,Rasel2k21: I will setup facebook pixel conversion API google analytics 4 or ga4 ecommerce tracking for $30 on fiverr.com,4.9,378,packageList,data/pilot/html-balanced/rasel2k21/20231005_fix-or-setup-facebook-pixel-catalog-events-custom-audience-dynamic-ads.html.gz
rasel3465,do-html-landing-page-psd-xd-sketch-figma-to-html-convert,20230702,2023,07,10.0,35.0,65.0,"Rasel3465: I will do html landing page psd, xd, sketch, figma to html convert for $10 on fiverr.com",,,packageList,data/pilot/html-balanced/rasel3465/20230702_do-html-landing-page-psd-xd-sketch-figma-to-html-convert.html.gz
raselhasan904,photoshop-white-or-transparent-background,20230429,2023,04,5.0,15.0,50.0,"Raselhasan904: I will photo editing background removal, white or transparent for $5 on fiverr.com",5.0,1310,packageList,data/pilot/html-balanced/raselhasan904/20230429_photoshop-white-or-transparent-background.html.gz
rashidmahmood87,design-app-screenshots-for-app-store-and-play-store,20251130,2025,11,5.0,10.0,15.0,Rashidmahmood87: I will design app screenshots for app store and play store for $5 on fiverr.com,5.0,1,packageList,data/pilot/html-balanced/rashidmahmood87/20251130_design-app-screenshots-for-app-store-and-play-store.html.gz
rasika_madushan,create-2d-animation-video-for-you,20191003,2019,10,30.0,60.0,120.0,rasika_madushan : I will create 2d animation video for you for $30 on www.fiverr.com,4.9,26,packageList,data/pilot/html-balanced/rasika_madushan/20191003_create-2d-animation-video-for-you.html.gz
ravenm123,subtitle-and-translate-your-spanish-video,20220709,2022,07,5.0,10.0,15.0,Ravenm123: I will subtitle and translate your spanish video for $5 on fiverr.com,5.0,47,packageList,data/pilot/html-balanced/ravenm123/20220709_subtitle-and-translate-your-spanish-video.html.gz
raventl,make-a-funny-star-wars-birthday-video,20200720,2020,07,5.0,,,raventl : I will make a funny star wars happy birthday video for $5 on fiverr.com,5.0,141,packageList,data/pilot/html-balanced/raventl/20200720_make-a-funny-star-wars-birthday-video.html.gz
rayanwilliams,reserach-and-find-best-keywords-for-app-niche-market,20190105,2019,01,0.0,5.0,5.0,rayanwilliams : I will reserach and find best keywords for app niche market for $5 on www.fiverr.com,4.7,19,old_json,data/pilot/html-balanced/rayanwilliams/20190105_reserach-and-find-best-keywords-for-app-niche-market.html.gz
rayyandesign,do-any-attractive-flyer-posters-in-12-hours,20210712,2021,07,20.0,30.0,40.0,"Rayyandesign: I will do any attractive event flyer, posters in 12 hours for $20 on fiverr.com",5.0,2305,packageList,data/pilot/html-balanced/rayyandesign/20210712_do-any-attractive-flyer-posters-in-12-hours.html.gz
realglinton,do-real-soundcloud-promotion-to-united-states-music-lovers,20181001,2018,10,0.0,10.0,15.0,realglinton : I will do real soundcloud promotion to united states music lovers for $15 on www.fiverr.com,4.9,106,old_json,data/pilot/html-balanced/realglinton/20181001_do-real-soundcloud-promotion-to-united-states-music-lovers.html.gz
realglinton,do-organic-soundcloud-playlist-promotion,20210713,2021,07,70.0,100.0,130.0,Realglinton: I will soundcloud promotion for album or ep for $70 on fiverr.com,4.9,347,packageList,data/pilot/html-balanced/realglinton/20210713_do-organic-soundcloud-playlist-promotion.html.gz
reaz_ahmed01,recompose-your-zoom-interviews-remote-podcasts-and-webinars-video,20240402,2024,04,15.0,40.0,50.0,Reaz_ahmed01: I will recompose your zoom interviews remote podcasts and webinars video for $15 on fiverr.com,5.0,258,packageList,data/pilot/html-balanced/reaz_ahmed01/20240402_recompose-your-zoom-interviews-remote-podcasts-and-webinars-video.html.gz
rebeccamurena,ugc-video-ads-for-tiktok-user-generated-content,20240101,2024,01,100.0,170.0,200.0,"Rebeccamurena: I will create ugc video ads for tiktok, instagram or facebook for $100 on fiverr.com",5.0,198,packageList,data/pilot/html-balanced/rebeccamurena/20240101_ugc-video-ads-for-tiktok-user-generated-content.html.gz
redflagadvisors,promote-on-my-podcast,20220416,2022,04,25.0,,,Redflagadvisors: I will promote on my podcast for $25 on fiverr.com,5.0,2,packageList,data/pilot/html-balanced/redflagadvisors/20220416_promote-on-my-podcast.html.gz
reeneferg1,be-your-business-video-spokesperson,20181001,2018,10,50.0,20.0,5.0,reeneferg1 : I will be your business video spokesperson for $5 on www.fiverr.com,5.0,1151,old_json,data/pilot/html-balanced/reeneferg1/20181001_be-your-business-video-spokesperson.html.gz
reesewms,develop-your-brand-voice-identity-and-content-strategy,20250426,2025,04,160.0,450.0,600.0,"Reesewms: I will develop your brand voice, identity, and content strategy for $160 on fiverr.com",5.0,9,packageList,data/pilot/html-balanced/reesewms/20250426_develop-your-brand-voice-identity-and-content-strategy.html.gz
rehmanali944,create-telegram-bot-telegram-client-using-telegram-api,20240101,2024,01,50.0,180.0,400.0,Rehmanali944: I will create telegram bot using telegram API for $50 on fiverr.com,5.0,45,packageList,data/pilot/html-balanced/rehmanali944/20240101_create-telegram-bot-telegram-client-using-telegram-api.html.gz
reimarketingpro,do-text-marketing-for-your-real-estate-wholesale-business,20230515,2023,05,20.0,,,"Reimarketingpro: I will do text marketing, sms marketing for your real estate wholesale business for $20 on fiverr.com",5.0,6,packageList,data/pilot/html-balanced/reimarketingpro/20230515_do-text-marketing-for-your-real-estate-wholesale-business.html.gz
remix_ignoranti,transform-your-funny-audio-into-a-unique-remix,20240715,2024,07,15.0,20.0,25.0,Remix_ignoranti: I will transform your funny audio into a unique remix for $15 on fiverr.com,5.0,65,packageList,data/pilot/html-balanced/remix_ignoranti/20240715_transform-your-funny-audio-into-a-unique-remix.html.gz
renzyq19,record-a-british-male-voice-over,20180726,2018,07,5.0,0.0,5.0,renzyq19 : I will record a british male voice over for $5 on www.fiverr.com,10.0,229,old_json,data/pilot/html-balanced/renzyq19/20180726_record-a-british-male-voice-over.html.gz
rezaulrobi,do-slider-hero-image-hero-images-header-banner-web-ads-fb-cover-youtube-cover,20241005,2024,10,15.0,40.0,70.0,"Rezaulrobi: I will do shopify store banner any web banners, hero image design for $15 on fiverr.com",4.9,1236,packageList,data/pilot/html-balanced/rezaulrobi/20241005_do-slider-hero-image-hero-images-header-banner-web-ads-fb-cover-youtube-cover.html.gz
rhodiumruwan,edit-and-refresh-your-podcast-audio,20210222,2021,02,10.0,,,"I will edit, refresh and master your podcast audio",5.0,38,packageList,data/pilot/html-balanced/rhodiumruwan/20210222_edit-and-refresh-your-podcast-audio.html.gz
rhythmxrecords,mix-and-master-your-music-professionally,20240816,2024,08,60.0,85.0,110.0,Rhythmxrecords: I will mix and master your music professionally for $60 on fiverr.com,4.9,690,packageList,data/pilot/html-balanced/rhythmxrecords/20240816_mix-and-master-your-music-professionally.html.gz
ria2522,design-canva-ebook-lead-magnet-workbook-pdf-amazon-kdp-indesign,20260101,2026,01,15.0,35.0,50.0,"Ria2522: I will design canva ebook, lead magnet, workbook, brochure, report, pdf, indesign for $15 on fiverr.com",4.5,42,packageList,data/pilot/html-balanced/ria2522/20260101_design-canva-ebook-lead-magnet-workbook-pdf-amazon-kdp-indesign.html.gz
richardm277,research-and-write-a-script-for-your-youtube-video,20240101,2024,01,40.0,75.0,110.0,Richardm277: I will research and write a script for your youtube video for $40 on fiverr.com,5.0,380,packageList,data/pilot/html-balanced/richardm277/20240101_research-and-write-a-script-for-your-youtube-video.html.gz
richellb,design-book-interior-layouts-book-covers-and-ebooks,20211001,2021,10,55.0,95.0,135.0,"Richellb: I will design a professional book cover, book formatting and ebook for $55 on fiverr.com",4.9,498,packageList,data/pilot/html-balanced/richellb/20211001_design-book-interior-layouts-book-covers-and-ebooks.html.gz
richportercrew,write-a-rap-song-like-drake-in-24-hours,20190509,2019,05,5.0,25.0,35.0,richportercrew : I will write a rap song like drake in 24 hours for $5 on www.fiverr.com,5.0,115,packageList,data/pilot/html-balanced/richportercrew/20190509_write-a-rap-song-like-drake-in-24-hours.html.gz
rickaredough,review-your-architecture-portfolio,20220402,2022,04,10.0,25.0,100.0,Rickaredough: I will review your architecture portfolio for $10 on fiverr.com,5.0,11,packageList,data/pilot/html-balanced/rickaredough/20220402_review-your-architecture-portfolio.html.gz
rileyhorbacio,create-a-catchy-custom-intro-and-outro-for-your-podcast,20251023,2025,10,75.0,125.0,200.0,Rileyhorbacio: I will create custom high quality music for your podcast or project for $75 on fiverr.com,5.0,199,packageList,data/pilot/html-balanced/rileyhorbacio/20251023_create-a-catchy-custom-intro-and-outro-for-your-podcast.html.gz
rimuss,create-an-explainer-or-promo-video-for-your-business,20250111,2025,01,10.0,60.0,120.0,Rimuss: I will create an engaging brand explainer or commercial video ads for $10 on fiverr.com,4.8,1414,packageList,data/pilot/html-balanced/rimuss/20250111_create-an-explainer-or-promo-video-for-your-business.html.gz
rishaat,design-professional-responsive-email-template,20210410,2021,04,20.0,30.0,40.0,Rishaat: I will design responsive mailchimp email template for $20 on fiverr.com,5.0,240,packageList,data/pilot/html-balanced/rishaat/20210410_design-professional-responsive-email-template.html.gz
rishaat,design-professional-responsive-email-template,20241002,2024,10,30.0,50.0,80.0,Rishaat: I will design professional mailchimp email newsletter template for $30 on fiverr.com,4.9,374,packageList,data/pilot/html-balanced/rishaat/20241002_design-professional-responsive-email-template.html.gz
riyad0097,design-any-sports-flyer-within-24-hours,20231022,2023,10,80.0,160.0,200.0,"Riyad0097: I will create vehicle wrap design for any car, van, truck, trailer for $80 on fiverr.com",4.9,222,packageList,data/pilot/html-balanced/riyad0097/20231022_design-any-sports-flyer-within-24-hours.html.gz
riyadbiswas,design-gift-card-gift-voucher-and-business-card,20230718,2023,07,10.0,15.0,25.0,"Riyadbiswas: I will design gift card, gift voucher and loyalty card for $10 on fiverr.com",4.9,349,packageList,data/pilot/html-balanced/riyadbiswas/20230718_design-gift-card-gift-voucher-and-business-card.html.gz
rizabudiarto,make-vintage-style-hand-draw-illustration-for-your-brand,20240706,2024,07,50.0,80.0,100.0,Rizabudiarto: I will do hand drawn vintage illustration for your brand for $50 on fiverr.com,4.9,898,packageList,data/pilot/html-balanced/rizabudiarto/20240706_make-vintage-style-hand-draw-illustration-for-your-brand.html.gz
rizwan_design70,do-everything-about-graphic-design-and-digital-art-for-you,20221001,2022,10,15.0,75.0,135.0,Rizwan_design70: I will do graphic design work and digital art for you for $15 on fiverr.com,4.9,421,packageList,data/pilot/html-balanced/rizwan_design70/20221001_do-everything-about-graphic-design-and-digital-art-for-you.html.gz
rizwan_shabbir,create-pdf-word-and-excel-fillable-forms,20241004,2024,10,10.0,20.0,30.0,"Rizwan_shabbir: I will create fillable pdf forms, word forms, excel forms for $10 on fiverr.com",4.9,159,packageList,data/pilot/html-balanced/rizwan_shabbir/20241004_create-pdf-word-and-excel-fillable-forms.html.gz
rizwanmba7,create-custom-excel-spreadsheet-with-formulas-and-dashboard,20220205,2022,02,5.0,30.0,75.0,"Rizwanmba7: I will create custom excel spreadsheet with formulas, macro and dashboard for $5 on fiverr.com",4.9,401,packageList,data/pilot/html-balanced/rizwanmba7/20220205_create-custom-excel-spreadsheet-with-formulas-and-dashboard.html.gz
rmckein,do-organic-spotify-music-promotion,20210801,2021,08,25.0,50.0,90.0,Rmckein: I will do real music promotion for your song for $25 on fiverr.com,4.9,99,packageList,data/pilot/html-balanced/rmckein/20210801_do-organic-spotify-music-promotion.html.gz
rntprince,change-over-psd-to-html,20220610,2022,06,5.0,60.0,350.0,I will change PSD to responsive HTML5 css3 via bootstrap 3,5.0,9,packageList,data/pilot/html-balanced/rntprince/20220610_change-over-psd-to-html.html.gz
robinbd679,do-professional-business-card-design,20250820,2025,08,15.0,25.0,40.0,Robinbd679: I will design custom print ready business card for $15 on fiverr.com,5.0,20,packageList,data/pilot/html-balanced/robinbd679/20250820_do-professional-business-card-design.html.gz
robinoo,professionally-proofread-1000-words,20210411,2021,04,25.0,225.0,1000.0,Robinoo: I will professionally proofread your document for $25 on fiverr.com,4.9,3950,packageList,data/pilot/html-balanced/robinoo/20210411_professionally-proofread-1000-words.html.gz
rockstar_of_seo,provide-you-100-0oo-mobile-phone-numbers-for-sms-marketing,20191002,2019,10,30.0,100.0,220.0,"rockstar_of_seo : I will provide you 100,000 mobile phone numbers from any region for $30 on www.fiverr.com",4.6,17,packageList,data/pilot/html-balanced/rockstar_of_seo/20191002_provide-you-100-0oo-mobile-phone-numbers-for-sms-marketing.html.gz
rodchenko,design-a-professional-album-cover,20190227,2019,02,20.0,10.0,15.0,rodchenko : I will design a professional album cover for $5 on www.fiverr.com,4.9,230,old_json,data/pilot/html-balanced/rodchenko/20190227_design-a-professional-album-cover.html.gz
rodchenko,design-a-professional-album-cover,20200703,2020,07,5.0,20.0,45.0,rodchenko : I will design a professional album cover for $5 on fiverr.com,4.9,323,packageList,data/pilot/html-balanced/rodchenko/20200703_design-a-professional-album-cover.html.gz
rodguinnan,create-your-sewing-video-tutorials-for-social-media,20250115,2025,01,65.0,90.0,130.0,Rodguinnan: I will create your sewing video tutorials for social media for $65 on fiverr.com,,,packageList,data/pilot/html-balanced/rodguinnan/20250115_create-your-sewing-video-tutorials-for-social-media.html.gz
rohitck007,test-your-mobile-app-of-android-ios-or-windows,20210412,2021,04,5.0,95.0,175.0,Rohitck007: I will test your mobile app of android or ios for $5 on fiverr.com,5.0,410,packageList,data/pilot/html-balanced/rohitck007/20210412_test-your-mobile-app-of-android-ios-or-windows.html.gz
romario007,clean-up-repair-fix-and-restore-audio-recordings-your-podcast-audio-from-v,20240828,2024,08,20.0,30.0,60.0,"Romario007: I will clean up, repair, fix and restore audio recordings, podcast, audio from video for $20 on fiverr.com",4.9,60,packageList,data/pilot/html-balanced/romario007/20240828_clean-up-repair-fix-and-restore-audio-recordings-your-podcast-audio-from-v.html.gz
romariomartinus,make-professional-hololive-cover-song,20240731,2024,07,20.0,30.0,50.0,Romariomartinus: I will train a rvc v2 voice model for you for $20 on fiverr.com,4.5,4,packageList,data/pilot/html-balanced/romariomartinus/20240731_make-professional-hololive-cover-song.html.gz
romeo_10,do-fast-organic-instagram-growth,20220721,2022,07,30.0,85.0,175.0,Romeo_10: I will do super fast organic instagram growth for $30 on fiverr.com,5.0,294,packageList,data/pilot/html-balanced/romeo_10/20220721_do-fast-organic-instagram-growth.html.gz
romibarba,sing-harmonies-and-backing-vocals-in-spanish,20231008,2023,10,10.0,,,Romibarba: I will sing harmonies and backing vocals in english or spanish for $10 on fiverr.com,5.0,471,packageList,data/pilot/html-balanced/romibarba/20231008_sing-harmonies-and-backing-vocals-in-spanish.html.gz
rosannaener,be-your-singer-and-songwriter-on-your-track,20200713,2020,07,120.0,270.0,400.0,rosannaener : I will be your singer and songwriter on your track for $120 on fiverr.com,5.0,100,packageList,data/pilot/html-balanced/rosannaener/20200713_be-your-singer-and-songwriter-on-your-track.html.gz
rosecrack,manual-google-map-citations-with-geotagged-images-no1-local-seo-rank,20200412,2020,04,20.0,45.0,90.0,rosecrack : I will map citations with geotagged images no1 local SEO rank for $20 on fiverr.com,5.0,298,packageList,data/pilot/html-balanced/rosecrack/20200412_manual-google-map-citations-with-geotagged-images-no1-local-seo-rank.html.gz
roselyncherish,do-transcription-for-10-days,20221003,2022,10,25.0,75.0,125.0,Roselyncherish: I will do customer care support for $25 on fiverr.com,5.0,1,packageList,data/pilot/html-balanced/roselyncherish/20221003_do-transcription-for-10-days.html.gz
rostimunthe,create-3-glitch-logo-intro-animation-videos,20241106,2024,11,5.0,10.0,15.0,Rostimunthe: I will create 3 glitch logo intro animation videos for $5 on fiverr.com,,,packageList,data/pilot/html-balanced/rostimunthe/20241106_create-3-glitch-logo-intro-animation-videos.html.gz
route_56,produce-presets-for-serum-spire-arturia-spitfire-audio,20220616,2022,06,15.0,55.0,115.0,"Route_56: I will produce presets for serum, spire, arturia, spitfire audio for $15 on fiverr.com",,,packageList,data/pilot/html-balanced/route_56/20220616_produce-presets-for-serum-spire-arturia-spitfire-audio.html.gz
roxanam84,ghostwrite-your-fiction-ebook-5-pages,20210709,2021,07,100.0,,,Roxanam84: I will do book proofreading 100usd flat rate unlimited words for $100 on fiverr.com,4.9,758,packageList,data/pilot/html-balanced/roxanam84/20210709_ghostwrite-your-fiction-ebook-5-pages.html.gz
roxanam84,ghostwrite-your-fiction-ebook-5-pages,20230222,2023,02,500.0,,,Roxanam84: I will do book editing and proofreading for a flat rate for $500 on fiverr.com,4.9,799,packageList,data/pilot/html-balanced/roxanam84/20230222_ghostwrite-your-fiction-ebook-5-pages.html.gz
roxane_s,record-piano-piano-covers-song-parts-keyboards-rhodes-beautiful-melodies,20221001,2022,10,100.0,145.0,175.0,"Roxane_s: I will record premium piano, piano cover, will be your piano player, pianist for $100 on fiverr.com",5.0,84,packageList,data/pilot/html-balanced/roxane_s/20221001_record-piano-piano-covers-song-parts-keyboards-rhodes-beautiful-melodies.html.gz
rpereus,write-a-cold-call-or-telemarketing-script-cold-calling-is-not-dead,20190306,2019,03,75.0,10.0,5.0,rpereus : I will write a cold call or telemarketing script cold calling is not dead for $100 on www.fiverr.com,5.0,364,old_json,data/pilot/html-balanced/rpereus/20190306_write-a-cold-call-or-telemarketing-script-cold-calling-is-not-dead.html.gz
rshidashrf,fix-any-issue-or-create-php-codeigniter-website,20220315,2022,03,35.0,175.0,885.0,"Rshidashrf: I will fix and develop php, laravel, codeigniter vue js, react js website for $35 on fiverr.com",5.0,442,packageList,data/pilot/html-balanced/rshidashrf/20220315_fix-any-issue-or-create-php-codeigniter-website.html.gz
rubelsql,solve-your-sql-problems,20181031,2018,10,5.0,,,rubelsql : I will solve your any sql server or access database problems for $5 on www.fiverr.com,5.0,65,packageList,data/pilot/html-balanced/rubelsql/20181031_solve-your-sql-problems.html.gz
rumapaik,design-amazon-kdp-a-plus-content-for-your-book,20250513,2025,05,10.0,15.0,25.0,Rumapaik: I will design amazon KDP a plus content for your book for $10 on fiverr.com,,,packageList,data/pilot/html-balanced/rumapaik/20250513_design-amazon-kdp-a-plus-content-for-your-book.html.gz
rundumel,design-a-solid-and-refined-logo-for-your-business,20201001,2020,10,1170.0,1770.0,2635.0,I will design a solid and refined logo for your business,5.0,30,packageList,data/pilot/html-balanced/rundumel/20201001_design-a-solid-and-refined-logo-for-your-business.html.gz
russ41burg,write-a-great-description-of-your-book-for-kindle,20190506,2019,05,10.0,25.0,50.0,russ41burg : I will write a great description for your book which will sell it for $10 on www.fiverr.com,4.9,2498,packageList,data/pilot/html-balanced/russ41burg/20190506_write-a-great-description-of-your-book-for-kindle.html.gz
ryanberlin874,set-up-a-brilliant-google-ads-campaign-for-your-company,20240502,2024,05,150.0,250.0,400.0,Ryanberlin874: I will be your google ads manager for $150 on fiverr.com,5.0,27,packageList,data/pilot/html-balanced/ryanberlin874/20240502_set-up-a-brilliant-google-ads-campaign-for-your-company.html.gz
ryfkriefky,make-some-illustration-and-graphic-design,20210609,2021,06,30.0,80.0,120.0,Ryfkriefky: I will make digital hand drawn illustrations for $30 on fiverr.com,4.6,171,packageList,data/pilot/html-balanced/ryfkriefky/20210609_make-some-illustration-and-graphic-design.html.gz
ryjones,be-your-composer-and-producer,20191030,2019,10,10.0,50.0,120.0,ryjones : I will be your composer and producer for $10 on www.fiverr.com,5.0,127,packageList,data/pilot/html-balanced/ryjones/20191030_be-your-composer-and-producer.html.gz
saadabdullah160,do-professional-amazing-video-editing-a1f08333-8322-48cc-b7bf-9bbfb81c7a3f,20200611,2020,06,5.0,10.0,15.0,saadabdullah160 : I will do professional amazing video editing for $5 on fiverr.com,4.9,162,packageList,data/pilot/html-balanced/saadabdullah160/20200611_do-professional-amazing-video-editing-a1f08333-8322-48cc-b7bf-9bbfb81c7a3f.html.gz
saaddennis,make-your-kinetic-typography-lyric-video,20220403,2022,04,50.0,100.0,150.0,Saaddennis: I will make a kinetic typography lyric video for $50 on fiverr.com,5.0,382,packageList,data/pilot/html-balanced/saaddennis/20220403_make-your-kinetic-typography-lyric-video.html.gz
saadrustum,originate-and-design-crypto-white-paper-for-cryptocurrency-and-blockchain-cc49,20240101,2024,01,50.0,100.0,200.0,Saadrustum: I will write and design a crypto whitepaper for blockchain for $50 on fiverr.com,5.0,25,packageList,data/pilot/html-balanced/saadrustum/20240101_originate-and-design-crypto-white-paper-for-cryptocurrency-and-blockchain-cc49.html.gz
saalif_art,design-minimalist-flat-line-vector-avatar-of-you,20200401,2020,04,5.0,15.0,35.0,saalif_art : I will design minimalist flat line vector avatar of you for $5 on fiverr.com,4.9,2476,packageList,data/pilot/html-balanced/saalif_art/20200401_design-minimalist-flat-line-vector-avatar-of-you.html.gz
saalif_art,design-minimalist-flat-line-vector-avatar-of-you,20230305,2023,03,5.0,15.0,30.0,Saalif_art: I will design minimalist flat line vector avatar of you for $5 on fiverr.com,4.9,3537,packageList,data/pilot/html-balanced/saalif_art/20230305_design-minimalist-flat-line-vector-avatar-of-you.html.gz
sabashahid448,design-you-some-marvelous-hand-sketch-jewelry,20210206,2021,02,15.0,25.0,45.0,I will design you amazing hand sketch jewellery,4.9,78,packageList,data/pilot/html-balanced/sabashahid448/20210206_design-you-some-marvelous-hand-sketch-jewelry.html.gz
sabrin593,do-boost-your-youtube-account-with-google-ads,20240523,2024,05,25.0,35.0,50.0,Sabrin593: I will do boost your youtube account with google ads for $25 on fiverr.com,,,packageList,data/pilot/html-balanced/sabrin593/20240523_do-boost-your-youtube-account-with-google-ads.html.gz
sadiaakterskd2,do-3-professional-creative-modern-minimalist-logo-creation-for-your-business,20250426,2025,04,5.0,30.0,80.0,Sadiaakterskd2: I will do 3 professional creative modern minimalist logo creation for your business for $5 on fiverr.com,5.0,2,packageList,data/pilot/html-balanced/sadiaakterskd2/20250426_do-3-professional-creative-modern-minimalist-logo-creation-for-your-business.html.gz
safyanbajwa,do-great-infographics-work-full-satisfaction,20190501,2019,05,5.0,20.0,35.0,"safyanbajwa : I will create custom, professional infographic design in 12 hours for $5 on www.fiverr.com",5.0,294,dollar_fallback,data/pilot/html-balanced/safyanbajwa/20190501_do-great-infographics-work-full-satisfaction.html.gz
sagyaron,create-your-social-media-branding-1417,20220323,2022,03,100.0,535.0,1000.0,Sagyaron: I will create your social media posts for $100 on fiverr.com,,,packageList,data/pilot/html-balanced/sagyaron/20220323_create-your-social-media-branding-1417.html.gz
sahed_sharif,do-3d-modeling-with-photorealistic-rendering,20220403,2022,04,30.0,100.0,250.0,Sahed_sharif: I will do 3d modeling with photorealistic rendering for $30 on fiverr.com,4.9,315,packageList,data/pilot/html-balanced/sahed_sharif/20220403_do-3d-modeling-with-photorealistic-rendering.html.gz
sahilhaider,add-professional-vfx-to-your-video-in-12-hours,20190930,2019,09,5.0,15.0,100.0,sahilhaider : I will do all sorts of special effects in video for $5 on www.fiverr.com,4.9,190,packageList,data/pilot/html-balanced/sahilhaider/20190930_add-professional-vfx-to-your-video-in-12-hours.html.gz
saifullahali999,do-funny-big-head-cartoon-caricatures-for-you,20190929,2019,09,30.0,50.0,100.0,saifullahali999 : I will do cartoon caricature for you for $30 on www.fiverr.com,5.0,353,packageList,data/pilot/html-balanced/saifullahali999/20190929_do-funny-big-head-cartoon-caricatures-for-you.html.gz
sajeebnatore,reskin-or-setup-codecanyon-android-and-php-projects,20230402,2023,04,40.0,60.0,120.0,"Sajeebnatore: I will reskin, rebrand, customize codecanyon ios, android app for $40 on fiverr.com",5.0,143,packageList,data/pilot/html-balanced/sajeebnatore/20230402_reskin-or-setup-codecanyon-android-and-php-projects.html.gz
salasmedia,be-the-best-deep-spanish-voice-over,20211115,2021,11,25.0,,,Salasmedia: I will record a spanish deep voice over today for $25 on fiverr.com,4.9,7,packageList,data/pilot/html-balanced/salasmedia/20211115_be-the-best-deep-spanish-voice-over.html.gz
saleheddin,make-from-your-video-a-piece-of-art,20241001,2024,10,40.0,50.0,60.0,Saleheddin: I will make from your video a piece of art for $40 on fiverr.com,,,packageList,data/pilot/html-balanced/saleheddin/20241001_make-from-your-video-a-piece-of-art.html.gz
sam_parker,name-your-product-or-company-and-write-4-tagline-options,20180727,2018,07,650.0,,,sam_parker : I will name your product or company and write 4 tagline options for $650 on www.fiverr.com,5.0,3,packageList,data/pilot/html-balanced/sam_parker/20180727_name-your-product-or-company-and-write-4-tagline-options.html.gz
samdotdesign,do-social-page-marketing,20200516,2020,05,95.0,175.0,330.0,samdotdesign : I will do expert facebook instagram paid ads marketing for $95 on fiverr.com,4.9,34,packageList,data/pilot/html-balanced/samdotdesign/20200516_do-social-page-marketing.html.gz
samee50,do-pipe-sizing-and-design-any-plumbing-system,20251230,2025,12,30.0,50.0,75.0,"Samee50: I will design total plumbing system with calculations and quality 2d, 3d drafting for $30 on fiverr.com",4.7,10,packageList,data/pilot/html-balanced/samee50/20251230_do-pipe-sizing-and-design-any-plumbing-system.html.gz
sameerkh3,review-your-website-or-android-app-for-quality-ui-ux,20180926,2018,09,5.0,15.0,25.0,"sameerkh3 : I will test your website or android app testing for quality UI , ux for $5 on www.fiverr.com",4.8,10,dollar_fallback,data/pilot/html-balanced/sameerkh3/20180926_review-your-website-or-android-app-for-quality-ui-ux.html.gz
samilislam10,design-photography-logo-watermark-and-signature-with-camera,20260112,2026,01,15.0,40.0,60.0,Samilislam10: I will design photography logo watermark or signature  with camera for $15 on fiverr.com,4.9,503,packageList,data/pilot/html-balanced/samilislam10/20260112_design-photography-logo-watermark-and-signature-with-camera.html.gz
samincipient,be-your-full-stack-developer-monthly-basis,20211001,2021,10,700.0,2700.0,4000.0,Samincipient: I will be your full stack developer  vue js nuxt js react js laravel for $700 on fiverr.com,5.0,50,packageList,data/pilot/html-balanced/samincipient/20211001_be-your-full-stack-developer-monthly-basis.html.gz
samituru,record-funk-guitar-track-for-your-song,20200101,2020,01,10.0,,,samituru : I will record funk guitar track for your song for $10 on www.fiverr.com,5.0,251,packageList,data/pilot/html-balanced/samituru/20200101_record-funk-guitar-track-for-your-song.html.gz
sammsdannette,provide-quality-transcription-for-10mins-of-audio-or-video,20200511,2020,05,35.0,,,sammsdannette : I will professionally transcribe audio and video file accurately for $35 on fiverr.com,4.9,334,packageList,data/pilot/html-balanced/sammsdannette/20200511_provide-quality-transcription-for-10mins-of-audio-or-video.html.gz
samn0701,draw-2d-floor-plan-house-plan-elevations-and-3ds-in-archicad,20250112,2025,01,5.0,,,"Samn0701: I will draw 2d floor plan, house plan, elevations, and 3ds in archicad for $5 on fiverr.com",,,packageList,data/pilot/html-balanced/samn0701/20250112_draw-2d-floor-plan-house-plan-elevations-and-3ds-in-archicad.html.gz
sampresenter,create-a-branded-office-spokesperson-video-with-3d-logo-in-hd,20200823,2020,08,5.0,10.0,15.0,sampresenter : I will create a branded office spokesperson video with 3d logo for $5 on fiverr.com,5.0,671,packageList,data/pilot/html-balanced/sampresenter/20200823_create-a-branded-office-spokesperson-video-with-3d-logo-in-hd.html.gz
samsidd,create-a-professional-2d-animation-video,20210102,2021,01,90.0,135.0,190.0,I will make 2d animated explainer video for business and sales,4.9,293,packageList,data/pilot/html-balanced/samsidd/20210102_create-a-professional-2d-animation-video.html.gz
samwrightwrites,book-ghostwriter-ghostwriting-service,20240708,2024,07,50.0,75.0,100.0,Samwrightwrites: I will be your children book editor for $50 on fiverr.com,5.0,479,packageList,data/pilot/html-balanced/samwrightwrites/20240708_book-ghostwriter-ghostwriting-service.html.gz
sanacme,build-your-salesfunnels-using-clickfunnels,20210904,2021,09,10.0,60.0,95.0,Sanacme: I will build your salesfunnels using clickfunnels and kartra expert for $10 on fiverr.com,5.0,35,packageList,data/pilot/html-balanced/sanacme/20210904_build-your-salesfunnels-using-clickfunnels.html.gz
sanda5,give-the-best-design,20191001,2019,10,25.0,40.0,60.0,"sanda5 : I will do print ready designs, 3 to 4 hrs for one flyer for $25 on www.fiverr.com",5.0,2075,packageList,data/pilot/html-balanced/sanda5/20191001_give-the-best-design.html.gz
sandaru11,create-premium-effect-house-ar-filters-for-tiktok,20240401,2024,04,20.0,50.0,80.0,Sandaru11: I will create premium effect house ar filters for tiktok for $20 on fiverr.com,5.0,63,packageList,data/pilot/html-balanced/sandaru11/20240401_create-premium-effect-house-ar-filters-for-tiktok.html.gz
sandra011,produce-awesome-children-music,20240828,2024,08,50.0,100.0,180.0,Sandra011: I will produce and sing children music and kids songs for $50 on fiverr.com,5.0,298,packageList,data/pilot/html-balanced/sandra011/20240828_produce-awesome-children-music.html.gz
sandrotsk,create-loop-animations-for-streamers-brb-starting-soon,20260110,2026,01,75.0,,,Sandrotsk: I will create loop animations for streamers brb starting soon for $75 on fiverr.com,4.9,815,packageList,data/pilot/html-balanced/sandrotsk/20260110_create-loop-animations-for-streamers-brb-starting-soon.html.gz
sandyp20,write-captions-and-content-for-your-social-media-accounts,20230101,2023,01,80.0,165.0,250.0,"Sandyp20: I will write your gofundme, kickstarter or indiegogo campaign pitch for $80 on fiverr.com",4.9,54,packageList,data/pilot/html-balanced/sandyp20/20230101_write-captions-and-content-for-your-social-media-accounts.html.gz
sanjidajahan339,do-seo-keyword-research-and-competitor-analysis,20250810,2025,08,10.0,20.0,30.0,Sanjidajahan339: I will do best SEO keyword research and competitor analysis for $10 on fiverr.com,,,packageList,data/pilot/html-balanced/sanjidajahan339/20250810_do-seo-keyword-research-and-competitor-analysis.html.gz
santiagobg,do-a-cartoon-portrait,20220429,2022,04,25.0,,,Santiagobg: I will do a cartoon portrait for $25 on fiverr.com,5.0,1007,packageList,data/pilot/html-balanced/santiagobg/20220429_do-a-cartoon-portrait.html.gz
santoshkumarsrv,create-videos-for-your-youtube-channel,20230401,2023,04,10.0,15.0,20.0,Santoshkumarsrv: I will transform your articles into engaging videos for $10 on fiverr.com,5.0,274,packageList,data/pilot/html-balanced/santoshkumarsrv/20230401_create-videos-for-your-youtube-channel.html.gz
sanu61,debug-php-wordpress-and-joomla-websites,20190407,2019,04,15.0,20.0,,"sanu61 : I will debug, fix, help, solve php, wordpress, wix and joomla website for $10 on www.fiverr.com",5.0,75,old_json,data/pilot/html-balanced/sanu61/20190407_debug-php-wordpress-and-joomla-websites.html.gz
sarawork,edit-professionally-your-video-in-a-movie-or-vlog-style,20200101,2020,01,15.0,50.0,100.0,sarawork : I will edit professionally your video in a movie or vlog style for $15 on www.fiverr.com,4.9,193,packageList,data/pilot/html-balanced/sarawork/20200101_edit-professionally-your-video-in-a-movie-or-vlog-style.html.gz
sasanka31,do-professional-real-estate-video-editing-in-24-hours,20210610,2021,06,15.0,25.0,40.0,Sasanka31: I will do professional real estate video editing in 24 hours for $15 on fiverr.com,5.0,605,packageList,data/pilot/html-balanced/sasanka31/20210610_do-professional-real-estate-video-editing-in-24-hours.html.gz
sashagu,interpret-between-chinese-and-english-over-the-phone,20241003,2024,10,60.0,80.0,150.0,Sashagu: I will interpret chinese meetings or calls for $60 on fiverr.com,5.0,70,packageList,data/pilot/html-balanced/sashagu/20241003_interpret-between-chinese-and-english-over-the-phone.html.gz
satwindernft,offer-local-seo-services-to-increase-online-visibility,20251204,2025,12,65.0,95.0,125.0,"Satwindernft: I will do local SEO, google business places, gbm ranking, apple map listing, citations for $65 on fiverr.com",,,packageList,data/pilot/html-balanced/satwindernft/20251204_offer-local-seo-services-to-increase-online-visibility.html.gz
savvystrategist,proofread-your-grad-school-or-med-school-personal-statement,20201229,2020,12,25.0,30.0,35.0,I will optimize your grad school or med school personal statement,5.0,75,packageList,data/pilot/html-balanced/savvystrategist/20201229_proofread-your-grad-school-or-med-school-personal-statement.html.gz
sawoda_sumi_29,create-label-design-hemp-oil-label-cbd-oil-label-bottle-label,20190611,2019,06,25.0,40.0,60.0,"sawoda_sumi_29 : I will do label design, cbd oil label, bottle label, supplement label for $25 on www.fiverr.com",5.0,13,packageList,data/pilot/html-balanced/sawoda_sumi_29/20190611_create-label-design-hemp-oil-label-cbd-oil-label-bottle-label.html.gz
sbbandara,do-modern-and-minimalist-business-logo-design,20221225,2022,12,45.0,90.0,145.0,Sbbandara: I will design a custom modern minimalist business logo for $45 on fiverr.com,5.0,1497,packageList,data/pilot/html-balanced/sbbandara/20221225_do-modern-and-minimalist-business-logo-design.html.gz
scientist9986,help-you-with-proofreading-and-editing-of-documents,20210101,2021,01,5.0,30.0,100.0,"I will proofread and edit scientific documents such as grants, manuscripts and patents",5.0,51,packageList,data/pilot/html-balanced/scientist9986/20210101_help-you-with-proofreading-and-editing-of-documents.html.gz
scorpiousss,write-an-engaging-ad-copy-for-your-dropshipping-facebook-ads,20221001,2022,10,10.0,15.0,20.0,Scorpiousss: I will write an engaging ad copy for your facebook ads for $10 on fiverr.com,5.0,1178,packageList,data/pilot/html-balanced/scorpiousss/20221001_write-an-engaging-ad-copy-for-your-dropshipping-facebook-ads.html.gz
screenhouse,do-high-impact-intro-for-you,20220401,2022,04,200.0,450.0,1000.0,Screenhouse: I will create a high impact intro or outro for you for $200 on fiverr.com,5.0,88,packageList,data/pilot/html-balanced/screenhouse/20220401_do-high-impact-intro-for-you.html.gz
sebapk,do-perfect-data-entry-excel-copy-paste-typing-web-scraping-web-research,20230102,2023,01,5.0,20.0,40.0,Sebapk: I will be administrative virtual assistant for all admin support tasks for $5 on fiverr.com,5.0,167,packageList,data/pilot/html-balanced/sebapk/20230102_do-perfect-data-entry-excel-copy-paste-typing-web-scraping-web-research.html.gz
sebastianevans,create-profitable-unique-shopify-website-store,20180824,2018,08,95.0,150.0,250.0,sebastianevans : I will create profitable automatic dropshipping website store of any niche for $95 on www.fiverr.com,5.0,82,dollar_fallback,data/pilot/html-balanced/sebastianevans/20180824_create-profitable-unique-shopify-website-store.html.gz
seeedmkt,review-your-shopify-store-and-provide-a-list-of-changes,20180907,2018,09,125.0,650.0,1500.0,seeedmkt : I will review your shopify store and provide a list of changes for $125 on www.fiverr.com,5.0,2,dollar_fallback,data/pilot/html-balanced/seeedmkt/20180907_review-your-shopify-store-and-provide-a-list-of-changes.html.gz
sehrishirfan,write-500-words-article-on-travelling,20211016,2021,10,5.0,15.0,100.0,Sehrishirfan: I will write an amazing 500 words article about travel and tourism for $5 on fiverr.com,4.9,99,packageList,data/pilot/html-balanced/sehrishirfan/20211016_write-500-words-article-on-travelling.html.gz
seiromem,listen-to-your-song-and-give-you-constructive-feedback,20230427,2023,04,5.0,10.0,15.0,Seiromem: I will give constructive feedback to your music for $5 on fiverr.com,5.0,3,packageList,data/pilot/html-balanced/seiromem/20230427_listen-to-your-song-and-give-you-constructive-feedback.html.gz
selena_vox,record-a-quality-american-or-uk-voice-over,20210304,2021,03,5.0,,,Selena_vox: I will record a pro american voice over fast for $5 on fiverr.com,5.0,112,packageList,data/pilot/html-balanced/selena_vox/20210304_record-a-quality-american-or-uk-voice-over.html.gz
selfmotive,do-data-entry-copy-paste-research-in-excel-or-other,20240801,2024,08,20.0,45.0,80.0,Selfmotive: I will do data entry and copy paste job for $20 on fiverr.com,5.0,1049,packageList,data/pilot/html-balanced/selfmotive/20240801_do-data-entry-copy-paste-research-in-excel-or-other.html.gz
seo_king7,build-high-authority-backlinks-for-seo-ranking,20210702,2021,07,5.0,20.0,60.0,I will improve website ranking with high pr SEO dofollow backlinks,5.0,18,packageList,data/pilot/html-balanced/seo_king7/20210702_build-high-authority-backlinks-for-seo-ranking.html.gz
seo_mobi,contextual-dofollow-white-hat-seo-backlinks-authority-linkbuilding,20231019,2023,10,10.0,20.0,30.0,Seo_mobi: I will do high quality da SEO contextual backlinks through white hat link building for $10 on fiverr.com,5.0,91,packageList,data/pilot/html-balanced/seo_mobi/20231019_contextual-dofollow-white-hat-seo-backlinks-authority-linkbuilding.html.gz
seo_rankingdude,do-all-in-one-seo-service-monthly-pack-for-30-days-for-top5,20220707,2022,07,45.0,100.0,185.0,Seo_rankingdude: I will skyrocket your google rankings with 2022 monthly SEO service for $45 on fiverr.com,4.9,345,packageList,data/pilot/html-balanced/seo_rankingdude/20220707_do-all-in-one-seo-service-monthly-pack-for-30-days-for-top5.html.gz
seo_seller01,do-high-quality-da-80-to-90-permanent-white-hat-seo-dofollow-backlinks,20230913,2023,09,20.0,50.0,100.0,Seo_seller01: I will do high quality da 80 to 90 permanent white hat seo dofollow backlinks for $20 on fiverr.com,5.0,22,packageList,data/pilot/html-balanced/seo_seller01/20230913_do-high-quality-da-80-to-90-permanent-white-hat-seo-dofollow-backlinks.html.gz
seobacklinks9,increase-domain-authority-moz-da-50-plus-with-high-authority-seo-backlink,20230402,2023,04,50.0,90.0,150.0,Seobacklinks9: I will increase domain authority moz da ahrefs domain rating dr by authority backlinks for $50 on fiverr.com,5.0,243,packageList,data/pilot/html-balanced/seobacklinks9/20230402_increase-domain-authority-moz-da-50-plus-with-high-authority-seo-backlink.html.gz
seobyt,provide-high-authority-white-hat-dofollow-seo-backlinks-service,20250115,2025,01,70.0,120.0,200.0,Seobyt: I will provide high authority white hat dofollow SEO backlinks service for $70 on fiverr.com,4.9,77,packageList,data/pilot/html-balanced/seobyt/20250115_provide-high-authority-white-hat-dofollow-seo-backlinks-service.html.gz
seoguru26,do-seo-full-on-page-and-off-page-optimization-for-any-site,20191211,2019,12,5.0,15.0,25.0,seoguru26 : I will do SEO full on page and off page optimization for rankings for $5 on www.fiverr.com,4.9,91,packageList,data/pilot/html-balanced/seoguru26/20191211_do-seo-full-on-page-and-off-page-optimization-for-any-site.html.gz
seoguru26,do-seo-full-on-page-and-off-page-optimization-for-any-site,20200101,2020,01,5.0,15.0,25.0,seoguru26 : I will do SEO full on page and off page optimization for rankings for $5 on www.fiverr.com,4.9,96,packageList,data/pilot/html-balanced/seoguru26/20200101_do-seo-full-on-page-and-off-page-optimization-for-any-site.html.gz
seohelplinebd,write-and-publish-10-guest-post-on-high-trust-follow-sites,20201001,2020,10,25.0,45.0,100.0,I will write and publish 10 guest post on high trust follow sites,5.0,162,packageList,data/pilot/html-balanced/seohelplinebd/20201001_write-and-publish-10-guest-post-on-high-trust-follow-sites.html.gz
seosmmpro,promote-video-on-youtube-high-audience-and-marketing,20181001,2018,10,15.0,30.0,50.0,seosmmpro : I will promote video on youtube high audience and marketing for $15 on www.fiverr.com,5.0,21,dollar_fallback,data/pilot/html-balanced/seosmmpro/20181001_promote-video-on-youtube-high-audience-and-marketing.html.gz
seostreamer,review-your-youtube-analytics-for-optimal-channel-growth,20240131,2024,01,150.0,,,Seostreamer: I will review your youtube analytics for optimal channel growth for $150 on fiverr.com,,,packageList,data/pilot/html-balanced/seostreamer/20240131_review-your-youtube-analytics-for-optimal-channel-growth.html.gz
sergiykashetski,design-your-garden-and-make-2d-plans-of-garden,20210223,2021,02,30.0,75.0,120.0,I will design your garden and make 2d plans of garden,5.0,1,packageList,data/pilot/html-balanced/sergiykashetski/20210223_design-your-garden-and-make-2d-plans-of-garden.html.gz
serp_spark,create-high-authority-white-hat-contextual-dofollow-seo-backlinks,20250123,2025,01,15.0,25.0,50.0,Serp_spark: I will do high da contextual dofollow white hat SEO backlinks for google ranking for $15 on fiverr.com,4.9,288,packageList,data/pilot/html-balanced/serp_spark/20250123_create-high-authority-white-hat-contextual-dofollow-seo-backlinks.html.gz
serson,shoot-amazing-live-action-music-videos,20211001,2021,10,1500.0,2000.0,3000.0,Serson: I will shoot amazing live action music videos for $1500 on fiverr.com,5.0,5,packageList,data/pilot/html-balanced/serson/20211001_shoot-amazing-live-action-music-videos.html.gz
sessantasix,translate-from-french-to-italian,20210517,2021,05,5.0,10.0,15.0,Sessantasix: I will translate from french to italian and viceversa for $5 on fiverr.com,5.0,93,packageList,data/pilot/html-balanced/sessantasix/20210517_translate-from-french-to-italian.html.gz
seznumia,do-organic-twitter-marketing-for-grow-your-targeted-followers-organically,20240621,2024,06,20.0,50.0,80.0,Seznumia: I will do organic twitter marketing for grow your targeted followers organically for $20 on fiverr.com,,,packageList,data/pilot/html-balanced/seznumia/20240621_do-organic-twitter-marketing-for-grow-your-targeted-followers-organically.html.gz
shadowvo,create-your-podcast-intro-and-outro,20201209,2020,12,15.0,25.0,40.0,I will create a male or female podcast intro and outro,4.9,8,packageList,data/pilot/html-balanced/shadowvo/20201209_create-your-podcast-intro-and-outro.html.gz
shafayat_deo,do-data-formatting-and-cleansing-copy-paste-excel-data-entry-pdf-convertion,20231210,2023,12,35.0,55.0,70.0,"Shafayat_deo: I will do data formatting and cleansing, copy paste, excel data entry, pdf convertion for $35 on fiverr.com",4.9,13,packageList,data/pilot/html-balanced/shafayat_deo/20231210_do-data-formatting-and-cleansing-copy-paste-excel-data-entry-pdf-convertion.html.gz
shafin790,do-professional-videoediting-and-cinematography,20260202,2026,02,45.0,85.0,150.0,Shafin790: I will do professional video editing in 24 hours for $45 on fiverr.com,4.9,976,packageList,data/pilot/html-balanced/shafin790/20260202_do-professional-videoediting-and-cinematography.html.gz
shahab01,do-web-programing-responsive-website-fix-web-related-error,20240714,2024,07,250.0,475.0,695.0,Shahab01: I will build responsive website and do custom development for $250 on fiverr.com,5.0,250,packageList,data/pilot/html-balanced/shahab01/20240714_do-web-programing-responsive-website-fix-web-related-error.html.gz
shahadat_web92,wordpress-landing-page-elementor-create-landing-page-design-elementor-pro-web,20210823,2021,08,5.0,35.0,70.0,Shahadat_web92: I will design responsive wordpress landing page elementor or elementor pro landing page for $5 on fiverr.com,5.0,38,packageList,data/pilot/html-balanced/shahadat_web92/20210823_wordpress-landing-page-elementor-create-landing-page-design-elementor-pro-web.html.gz
shahalamkiron,make-an-editable-responsive-html-email-newsletter-template,20181001,2018,10,0.0,10.0,5.0,shahalamkiron : I will design and code responsive HTML email template for $10 on www.fiverr.com,5.0,142,old_json,data/pilot/html-balanced/shahalamkiron/20181001_make-an-editable-responsive-html-email-newsletter-template.html.gz
shahbazafzal,create-100-social-media-posts-with-curated-content,20220401,2022,04,75.0,145.0,185.0,Shahbazafzal: I will create 30 unique social media posts designs for whole month for $75 on fiverr.com,4.9,382,packageList,data/pilot/html-balanced/shahbazafzal/20220401_create-100-social-media-posts-with-curated-content.html.gz
shahg987,make-a-well-researched-whitepaper-on-ico-ido-defi-crypto-nfts-gaming,20221001,2022,10,50.0,120.0,200.0,"Shahg987: I will make a well researched whitepaper on ico, ido, defi, crypto, nfts, gaming for $50 on fiverr.com",5.0,9,packageList,data/pilot/html-balanced/shahg987/20221001_make-a-well-researched-whitepaper-on-ico-ido-defi-crypto-nfts-gaming.html.gz
shaileshputhran,create-a-full-logo-design-including-extras,20231105,2023,11,20.0,30.0,45.0,Shaileshputhran: I will recreate logo vector file convert png jpg pdf to ai  eps redraw fix svg image for $20 on fiverr.com,5.0,2146,packageList,data/pilot/html-balanced/shaileshputhran/20231105_create-a-full-logo-design-including-extras.html.gz
shajib_munna,design-wordpress-website-by-elementor-pro-page-builder-3736,20200415,2020,04,30.0,150.0,320.0,shajib_munna : I will design wordpress website by elementor pro page builder for $30 on fiverr.com,4.9,65,packageList,data/pilot/html-balanced/shajib_munna/20200415_design-wordpress-website-by-elementor-pro-page-builder-3736.html.gz
shakeel_joiya,do-custom-chat-gpt-prompt-for-openai-chat-gpt-bafa,20240701,2024,07,5.0,10.0,15.0,"Shakeel_joiya: I will write custom chat gpt prompt, refine and improve your chat gpt prompt for $5 on fiverr.com",1.6,4,packageList,data/pilot/html-balanced/shakeel_joiya/20240701_do-custom-chat-gpt-prompt-for-openai-chat-gpt-bafa.html.gz
shakibmarketer,be-your-best-instagram-influencer-for-your-instagram-marketing,20221013,2022,10,5.0,10.0,30.0,Shakibmarketer: I will research best instagram influencers for $5 on fiverr.com,,,packageList,data/pilot/html-balanced/shakibmarketer/20221013_be-your-best-instagram-influencer-for-your-instagram-marketing.html.gz
shaleshshekhar,create-ar-face-filter-on-instagram,20200717,2020,07,30.0,40.0,80.0,shaleshshekhar : I will create an augmented reality filter for instagram or fb for $30 on fiverr.com,,,html_span,data/pilot/html-balanced/shaleshshekhar/20200717_create-ar-face-filter-on-instagram.html.gz
shamsun_n,do-ticket-voucher-gift-visiting-card,20191126,2019,11,10.0,40.0,70.0,shamsun_n : I will do a ticket design or a voucher or a gift card for $10 on www.fiverr.com,4.8,38,packageList,data/pilot/html-balanced/shamsun_n/20191126_do-ticket-voucher-gift-visiting-card.html.gz
shanalevy,accurately-transcribe-audio-and-video-transcription,20220404,2022,04,5.0,15.0,35.0,Shanalevy: I will accurately transcribe audio and video transcription for $5 on fiverr.com,5.0,112,packageList,data/pilot/html-balanced/shanalevy/20220404_accurately-transcribe-audio-and-video-transcription.html.gz
shanto861,be-your-professional-digital-marketer,20251230,2025,12,30.0,60.0,150.0,Shanto861: I will be your digital marketing and social media manager for $30 on fiverr.com,,,packageList,data/pilot/html-balanced/shanto861/20251230_be-your-professional-digital-marketer.html.gz
sharifrif48,architect-floor-plans-2d-in-autocad,20251129,2025,11,10.0,15.0,65.0,Sharifrif48: I will make a beautiful architect floor plans 2d or 3d for $10 on fiverr.com,4.9,335,packageList,data/pilot/html-balanced/sharifrif48/20251129_architect-floor-plans-2d-in-autocad.html.gz
sharozjaved459,create-cinematic-trailer-of-movie-or-game,20210102,2021,01,5.0,15.0,30.0,I will create cinematic trailer of movie or game,4.9,56,packageList,data/pilot/html-balanced/sharozjaved459/20210102_create-cinematic-trailer-of-movie-or-game.html.gz
shawn_disney,drive-real-traffic-to-affiliate-link-via-viral-promotion,20200131,2020,01,5.0,15.0,55.0,shawn_disney : I will bring organic traffic to affiliate link via viral marketing for $5 on www.fiverr.com,4.8,41,packageList,data/pilot/html-balanced/shawn_disney/20200131_drive-real-traffic-to-affiliate-link-via-viral-promotion.html.gz
shawnjb75,set-up-and-optimizegoogle-ads-adwords-campaigns,20200217,2020,02,30.0,85.0,200.0,"shawnjb75 : I will create, setup, optimize, boost and manage google adwords campaigns for $30 on www.fiverr.com",5.0,12,packageList,data/pilot/html-balanced/shawnjb75/20200217_set-up-and-optimizegoogle-ads-adwords-campaigns.html.gz
shayaan_pro,fix-wordpress-error-issue-and-bugs,20210828,2021,08,20.0,60.0,150.0,"Shayaan_pro: I will fix wordpress issues, errors or do wordpress custom work for $20 on fiverr.com",5.0,805,packageList,data/pilot/html-balanced/shayaan_pro/20210828_fix-wordpress-error-issue-and-bugs.html.gz
shaymaareda,do-30-minutes-arabic-transcription,20190106,2019,01,5.0,10.0,20.0,shaymaareda : I will do 60 minutes arabic transcription in 1 day for $5 on www.fiverr.com,5.0,15,dollar_fallback,data/pilot/html-balanced/shaymaareda/20190106_do-30-minutes-arabic-transcription.html.gz
shayumi,create-2d-animations-for-kids,20200701,2020,07,30.0,70.0,130.0,shayumi : I will create awesome 2d animations for kids for $30 on fiverr.com,5.0,46,packageList,data/pilot/html-balanced/shayumi/20200701_create-2d-animations-for-kids.html.gz
shehryarshuj905,can-do-arduino-programming-arduino-code-and-projects-72e9,20210203,2021,02,5.0,25.0,75.0,I will do arduino projects with schematics and write arduino code,5.0,60,packageList,data/pilot/html-balanced/shehryarshuj905/20210203_can-do-arduino-programming-arduino-code-and-projects-72e9.html.gz
sheikhriad1185,well-researched-articles-for-your-niche,20251209,2025,12,10.0,25.0,30.0,"Sheikhriad1185: I will write SEO articles for your food, health and travel blog for $10 on fiverr.com",,,packageList,data/pilot/html-balanced/sheikhriad1185/20251209_well-researched-articles-for-your-niche.html.gz
sheikhsabaasif,efficient-and-error-free-programming-work-at-a-moderate-cost,20191004,2019,10,5.0,20.0,50.0,sheikhsabaasif : I will help you in python projects and python scripts for $5 on www.fiverr.com,5.0,32,packageList,data/pilot/html-balanced/sheikhsabaasif/20191004_efficient-and-error-free-programming-work-at-a-moderate-cost.html.gz
sherazandra,draw-1-superhero-cartoon,20180908,2018,09,0.0,0.0,5.0,sherazandra : I will draw superhero cartoon character drawing from photo for $30 on www.fiverr.com,5.0,10,old_json,data/pilot/html-balanced/sherazandra/20180908_draw-1-superhero-cartoon.html.gz
shibeshigemechu,translate-afan-oromo-amharic-english-and-vice-versa,20240612,2024,06,5.0,15.0,25.0,"Shibeshigemechu: I will translate english to afan oromo, amharic and vice versa for $5 on fiverr.com",5.0,4,packageList,data/pilot/html-balanced/shibeshigemechu/20240612_translate-afan-oromo-amharic-english-and-vice-versa.html.gz
shoaib_tub,do-viral-your-youtube-vedio,20230908,2023,09,10.0,35.0,85.0,Shoaib_tub: I will do organic youtube promotion for your videos and channel for $10 on fiverr.com,4.8,266,packageList,data/pilot/html-balanced/shoaib_tub/20230908_do-viral-your-youtube-vedio.html.gz
shochishams,mix-and-master-your-songs-to-the-industry-standard-quality,20230103,2023,01,40.0,55.0,70.0,"Shochishams: I will mix and master your audio, song to industry standard quality for $40 on fiverr.com",5.0,2084,packageList,data/pilot/html-balanced/shochishams/20230103_mix-and-master-your-songs-to-the-industry-standard-quality.html.gz
shohaag,do-animated-html5-banner-ads-that-boost-more-engagements,20220623,2022,06,60.0,110.0,200.0,Shohaag: I will convert static to animated HTML5 banner ads for $60 on fiverr.com,5.0,20,packageList,data/pilot/html-balanced/shohaag/20220623_do-animated-html5-banner-ads-that-boost-more-engagements.html.gz
shonchoykhan,create-dubstep-logo-reveal,20190607,2019,06,35.0,50.0,70.0,shonchoykhan : I will create clean glossy 3d logo intro for $35 on www.fiverr.com,4.9,524,packageList,data/pilot/html-balanced/shonchoykhan/20190607_create-dubstep-logo-reveal.html.gz
shopify_evelynn,build-8-figure-roi-digital-product-shopify-store-print-on-demand-shopify-store,20250115,2025,01,80.0,250.0,350.0,Shopify_evelynn: I will build 8 figure ROI digital product shopify store print on demand shopify store for $80 on fiverr.com,,,packageList,data/pilot/html-balanced/shopify_evelynn/20250115_build-8-figure-roi-digital-product-shopify-store-print-on-demand-shopify-store.html.gz
shopify_savvy78,do-airbnb-promotion-airbnb-listing-airbnb-booking-airbnb-marketing-vrbo,20250625,2025,06,10.0,30.0,70.0,"Shopify_savvy78: I will do airbnb promotion, airbnb listing, airbnb booking, airbnb marketing, vrbo for $10 on fiverr.com",,,packageList,data/pilot/html-balanced/shopify_savvy78/20250625_do-airbnb-promotion-airbnb-listing-airbnb-booking-airbnb-marketing-vrbo.html.gz
shopifyexpert11,make-an-awesome-shopify-pro-store-from-scratch,20210801,2021,08,45.0,120.0,180.0,Shopifyexpert11: I will design premium shopify dropshipping store or shopify website marketing for $45 on fiverr.com,4.9,432,packageList,data/pilot/html-balanced/shopifyexpert11/20210801_make-an-awesome-shopify-pro-store-from-scratch.html.gz
shubhambhard484,do-3d-modeling-and-rigging,20210627,2021,06,10.0,20.0,40.0,Shubhambhard484: I will do rigging in autodesk maya for animation and game engines for $10 on fiverr.com,4.9,177,packageList,data/pilot/html-balanced/shubhambhard484/20210627_do-3d-modeling-and-rigging.html.gz
shungha,help-you-find-rare-japanese-anime-goods,20191031,2019,10,25.0,50.0,100.0,shungha : I will do research in japanese on any topic or industry for $25 on www.fiverr.com,4.9,49,packageList,data/pilot/html-balanced/shungha/20191031_help-you-find-rare-japanese-anime-goods.html.gz
shutaidesu,make-an-exclusive-trap-rnb-hip-hop-beat,20191003,2019,10,5.0,10.0,20.0,shutaidesu : I will produce hip hop trap rnb and lofi beats for you for $5 on www.fiverr.com,5.0,2,packageList,data/pilot/html-balanced/shutaidesu/20191003_make-an-exclusive-trap-rnb-hip-hop-beat.html.gz
shuvo110224,design-a-yard-sign-billboard-and-signage,20250426,2025,04,20.0,35.0,50.0,"Shuvo110224: I will design modern billboard, yard sign, signage, and signboard for $20 on fiverr.com",4.9,73,packageList,data/pilot/html-balanced/shuvo110224/20250426_design-a-yard-sign-billboard-and-signage.html.gz
shuvosays,setup-complete-klaviyo-and-shopify-integration,20251210,2025,12,20.0,150.0,250.0,Shuvosays: I will setup advanced email marketing flows in klaviyo for $20 on fiverr.com,5.0,293,packageList,data/pilot/html-balanced/shuvosays/20251210_setup-complete-klaviyo-and-shopify-integration.html.gz
sianfergs,edit-proofread-and-critique-your-writing,20220401,2022,04,100.0,150.0,250.0,Sianfergs: I will edit and proofread your articles or posts for $100 on fiverr.com,5.0,140,packageList,data/pilot/html-balanced/sianfergs/20220401_edit-proofread-and-critique-your-writing.html.gz
sidedoormusic,mix-and-master-your-music-with-the-mindset-of-a-musician,20190118,2019,01,200.0,300.0,400.0,sidedoormusic : I will mix and master your music with the mindset of a musician for $200 on www.fiverr.com,5.0,1,dollar_fallback,data/pilot/html-balanced/sidedoormusic/20190118_mix-and-master-your-music-with-the-mindset-of-a-musician.html.gz
sightunseenpro,voice-and-produce-your-radio-or-podcast-commercial,20240720,2024,07,40.0,60.0,80.0,Sightunseenpro: I will produce a professional radio ad or podcast commercial for $40 on fiverr.com,5.0,58,packageList,data/pilot/html-balanced/sightunseenpro/20240720_voice-and-produce-your-radio-or-podcast-commercial.html.gz
silberma1976,write-300-words-of-rich-and-dymanic-seo-web-content,20200220,2020,02,35.0,100.0,150.0,silberma1976 : I will write 300 words of rich and dynamic SEO website content for $35 on www.fiverr.com,4.8,27,packageList,data/pilot/html-balanced/silberma1976/20200220_write-300-words-of-rich-and-dymanic-seo-web-content.html.gz
simiseo,seo-shopify-store-to-increase-the-sales,20180717,2018,07,5.0,20.0,40.0,simiseo : I will seo shopify store to increase the sales for $5 on www.fiverr.com,,134,dollar_fallback,data/pilot/html-balanced/simiseo/20180717_seo-shopify-store-to-increase-the-sales.html.gz
simon90t,transcript-your-german-dictations,20211008,2021,10,5.0,30.0,50.0,Simon90t: I will transcript your german audio and video files for $5 on fiverr.com,5.0,124,packageList,data/pilot/html-balanced/simon90t/20211008_transcript-your-german-dictations.html.gz
simone_va,successfully-update-and-manage-your-pinterest-account,20260101,2026,01,30.0,100.0,220.0,simone_va : I will successfully SEO optimize and manage your pinterest account for $30 on www.fiverr.com,5.0,25,packageList,data/pilot/html-balanced/simone_va/20260101_successfully-update-and-manage-your-pinterest-account.html.gz
simple_social,write-product-descriptions-that-convert-like-crazy,20240430,2024,04,30.0,70.0,250.0,Simple_social: I will write powerful amazon and shopify product descriptions for $30 on fiverr.com,4.9,2495,packageList,data/pilot/html-balanced/simple_social/20240430_write-product-descriptions-that-convert-like-crazy.html.gz
simplifiedseo,do-promote-and-organic-growth-in-your-instagram,20260105,2026,01,30.0,55.0,110.0,Simplifiedseo: I will be promotion instagram marketing for super fast organic growth for $30 on fiverr.com,,,packageList,data/pilot/html-balanced/simplifiedseo/20260105_do-promote-and-organic-growth-in-your-instagram.html.gz
simplybright,create-awesome-custom-coffee-mug-design,20191206,2019,12,5.0,15.0,30.0,simplybright : I will create an awesome custom coffee mug design for $5 on www.fiverr.com,5.0,322,packageList,data/pilot/html-balanced/simplybright/20191206_create-awesome-custom-coffee-mug-design.html.gz
simsidre,review-and-revise-your-kickstarter-campaign-story-profile,20191002,2019,10,50.0,110.0,165.0,"simsidre : I will review and revise your crowdfunding campaign, story, profile for $50 on www.fiverr.com",4.3,3,packageList,data/pilot/html-balanced/simsidre/20191002_review-and-revise-your-kickstarter-campaign-story-profile.html.gz
singurc,provide-award-winning-ppc-and-google-ads-services,20210705,2021,07,500.0,510.0,950.0,Singurc: I will provide award winning PPC and google ads services for $500 on fiverr.com,,,packageList,data/pilot/html-balanced/singurc/20210705_provide-award-winning-ppc-and-google-ads-services.html.gz
sinnsage,translate-to-brazilian-portuguese-japanese-or-english,20240101,2024,01,5.0,25.0,65.0,Sinnsage: I will manually translate from english to portuguese quickly for $5 on fiverr.com,5.0,230,packageList,data/pilot/html-balanced/sinnsage/20240101_translate-to-brazilian-portuguese-japanese-or-english.html.gz
siridhata,draw-cute-vector-cartoon-characters,20220727,2022,07,10.0,20.0,50.0,Siridhata: I will draw a cartoon character for $10 on fiverr.com,5.0,1720,packageList,data/pilot/html-balanced/siridhata/20220727_draw-cute-vector-cartoon-characters.html.gz
sk_explainers,create-a-professional-2d-animated-explainer-video,20250103,2025,01,35.0,70.0,150.0,Sk_explainers: I will create a professional 2d animated explainer video for $35 on fiverr.com,4.9,20,packageList,data/pilot/html-balanced/sk_explainers/20250103_create-a-professional-2d-animated-explainer-video.html.gz
sketchzone,design-creative-logo-and-cartoon-for-your-business,20220613,2022,06,20.0,50.0,75.0,Sketchzone: I will design creative mascot logo for $20 on fiverr.com,4.9,147,packageList,data/pilot/html-balanced/sketchzone/20220613_design-creative-logo-and-cartoon-for-your-business.html.gz
sketchzone,design-creative-logo-for-your-business,20220713,2022,07,20.0,50.0,80.0,Sketchzone: I will design cartoon and  mascot logo for $20 on fiverr.com,4.9,263,packageList,data/pilot/html-balanced/sketchzone/20220713_design-creative-logo-for-your-business.html.gz
sketchzone,design-creative-logo-and-cartoon-for-your-business,20241117,2024,11,20.0,50.0,75.0,Sketchzone: I will design creative mascot logo for $20 on fiverr.com,4.9,147,packageList,data/pilot/html-balanced/sketchzone/20241117_design-creative-logo-and-cartoon-for-your-business.html.gz
skmedia143,create-a-nursery-rhyme-animation-video,20220719,2022,07,10.0,50.0,100.0,Skmedia143: I will create kids learning video animation for $10 on fiverr.com,4.9,71,packageList,data/pilot/html-balanced/skmedia143/20220719_create-a-nursery-rhyme-animation-video.html.gz
skydesigner,do-flat-logo-logo,20250427,2025,04,120.0,200.0,300.0,Skydesigner: I will design minimalist flat business logo for $120 on fiverr.com,4.9,7355,packageList,data/pilot/html-balanced/skydesigner/20250427_do-flat-logo-logo.html.gz
skydesigner,make-you-awsome-logo-for-you-or-your-company,20260131,2026,01,120.0,200.0,300.0,Skydesigner: I will design creative logo with all files in 72h for $120 on fiverr.com,4.9,9912,packageList,data/pilot/html-balanced/skydesigner/20260131_make-you-awsome-logo-for-you-or-your-company.html.gz
skys_designer1,produce-professional-screens-twitch-logo-and-overlays-within-a-day,20251229,2025,12,5.0,40.0,95.0,Skys_designer1: I will animate professional twitch logo  overlay screens alerts for $5 on fiverr.com,4.9,42,packageList,data/pilot/html-balanced/skys_designer1/20251229_produce-professional-screens-twitch-logo-and-overlays-within-a-day.html.gz
slake2,write-music-for-your-lyrics-acoustic-and-full-band-songwriter,20231002,2023,10,80.0,150.0,210.0,"Slake2: I will be your songwriter, music for your lyrics for $80 on fiverr.com",5.0,353,packageList,data/pilot/html-balanced/slake2/20231002_write-music-for-your-lyrics-acoustic-and-full-band-songwriter.html.gz
slanuu,create-unique-professional-tattoo-design,20251122,2025,11,20.0,40.0,65.0,Slanuu: I will create your amazing custom tattoo sleeve design for $20 on fiverr.com,4.9,223,packageList,data/pilot/html-balanced/slanuu/20251122_create-unique-professional-tattoo-design.html.gz
smartkoncept1,setup-automations-workflows-and-management-on-apollo-io-instantly-ai,20251031,2025,10,30.0,300.0,500.0,Smartkoncept1: I will do management on  instantly ai and smartlead cold outreach for $30 on fiverr.com,4.9,41,packageList,data/pilot/html-balanced/smartkoncept1/20251031_setup-automations-workflows-and-management-on-apollo-io-instantly-ai.html.gz
smartservicerr,upload-product-in-shopify-amazon-magento-ebay-woocommerce,20200709,2020,07,5.0,40.0,95.0,"smartservicerr : I will upload product in shopify,amazon,magento,ebay,woocommerce for $5 on fiverr.com",4.8,31,packageList,data/pilot/html-balanced/smartservicerr/20200709_upload-product-in-shopify-amazon-magento-ebay-woocommerce.html.gz
smashradio,do-norwegian-voiceovers-and-commercials,20200305,2020,03,10.0,,,smashradio : I will be your professional norwegian voice over for $10 on fiverr.com,5.0,443,packageList,data/pilot/html-balanced/smashradio/20200305_do-norwegian-voiceovers-and-commercials.html.gz
smm_expert2,setup-manage-and-optimize-your-youtube-ads-campaign,20201124,2020,11,10.0,25.0,45.0,"I will setup, manage and optimize your youtube ads campaign",,,packageList,data/pilot/html-balanced/smm_expert2/20201124_setup-manage-and-optimize-your-youtube-ads-campaign.html.gz
smmnahidhasan,do-super-fast-instagram-organic-growth-to-grow-organically-be9c,20240626,2024,06,10.0,30.0,70.0,Smmnahidhasan: I will do super fast instagram organic growth to grow organically for $10 on fiverr.com,,,packageList,data/pilot/html-balanced/smmnahidhasan/20240626_do-super-fast-instagram-organic-growth-to-grow-organically-be9c.html.gz
smmrobin777,unfollow-instagram-followings-and-remove-inactive-fake-ghost-and-bot-followers,20241003,2024,10,5.0,15.0,30.0,Smmrobin777: I will unfollow instagram followings and remove ghost bot followers for $5 on fiverr.com,5.0,17,packageList,data/pilot/html-balanced/smmrobin777/20241003_unfollow-instagram-followings-and-remove-inactive-fake-ghost-and-bot-followers.html.gz
smondal,convert-ai-jpg-psd-to-html-5,20240707,2024,07,20.0,45.0,100.0,Smondal: I will convert psd xd figma to html I am front end web developer for $20 on fiverr.com,4.9,129,packageList,data/pilot/html-balanced/smondal/20240707_convert-ai-jpg-psd-to-html-5.html.gz
smsabbir19,vectorize-redraw-convert-your-logo-image-or-graphic-to-vector-files,20210720,2021,07,10.0,25.0,50.0,"Smsabbir19: I will vectorize,redraw,convert your logo, image or graphic to vector files for $10 on fiverr.com",4.9,486,packageList,data/pilot/html-balanced/smsabbir19/20210720_vectorize-redraw-convert-your-logo-image-or-graphic-to-vector-files.html.gz
smsmarketera,do-bulk-sms-marketing-of-usa,20220401,2022,04,10.0,60.0,120.0,Smsmarketera: I will do bulk sms marketing of USA for $10 on fiverr.com,4.3,7,packageList,data/pilot/html-balanced/smsmarketera/20220401_do-bulk-sms-marketing-of-usa.html.gz
snaifs,design-clickable-html-email-signature,20240101,2024,01,10.0,15.0,25.0,"Snaifs: I will make clickable HTML email signature for gmail, outlook, more for $10 on fiverr.com",4.9,1683,packageList,data/pilot/html-balanced/snaifs/20240101_design-clickable-html-email-signature.html.gz
sobujhasan226,do-professional-creative-minimalist-business-logo-design,20250118,2025,01,30.0,90.0,150.0,Sobujhasan226: I will design modern minimalist logo with brand style guides and brand identity for $30 on fiverr.com,5.0,147,packageList,data/pilot/html-balanced/sobujhasan226/20250118_do-professional-creative-minimalist-business-logo-design.html.gz
socialhonor,promote-your-rap-hiphop-music-to-120-000-fans,20230403,2023,04,35.0,65.0,100.0,Socialhonor: I will promote your rap hiphop alternative or rock music on soundcloud for $35 on fiverr.com,4.9,1128,packageList,data/pilot/html-balanced/socialhonor/20230403_promote-your-rap-hiphop-music-to-120-000-fans.html.gz
socialsolutiion,professionally-grow-and-market-your-instagram,20180717,2018,07,0.0,0.0,10.0,socialsolutiion : I will get you real instagram followers and engagement monthly for $55 on www.fiverr.com,10.0,,old_json,data/pilot/html-balanced/socialsolutiion/20180717_professionally-grow-and-market-your-instagram.html.gz
socksstudio,build-and-design-an-addicting-2d-game-for-you,20210918,2021,09,40.0,80.0,150.0,Socksstudio: I will build and design an addicting 2d game for you for $40 on fiverr.com,5.0,9,packageList,data/pilot/html-balanced/socksstudio/20210918_build-and-design-an-addicting-2d-game-for-you.html.gz
soft_solutionss,design-product-catalog-promotional-flyer-sell-sheet,20210605,2021,06,10.0,20.0,30.0,"Soft_solutionss: I will design product catalog, promotional flyer, sell sheet for $10 on fiverr.com",4.9,498,packageList,data/pilot/html-balanced/soft_solutionss/20210605_design-product-catalog-promotional-flyer-sell-sheet.html.gz
sohaibqureshi12,create-highly-attractive-pinterest-pins-in-12-hours,20191129,2019,11,5.0,10.0,35.0,sohaibqureshi12 : I will create highly attractive pinterest pins in 12 hours for $5 on www.fiverr.com,,56,packageList,data/pilot/html-balanced/sohaibqureshi12/20191129_create-highly-attractive-pinterest-pins-in-12-hours.html.gz
sohail1akbar,design-packaging-box-gift-box-and-custom-box,20190917,2019,09,35.0,55.0,75.0,sohail1akbar : I will design packaging box and gift box in 24 hours for $35 on www.fiverr.com,4.9,147,packageList,data/pilot/html-balanced/sohail1akbar/20190917_design-packaging-box-gift-box-and-custom-box.html.gz
sohumssk,user-test-your-website-or-app-with-video-feedback-and-review,20211018,2021,10,20.0,30.0,45.0,Sohumssk: I will user test your website with video feedback and review for $20 on fiverr.com,5.0,5,packageList,data/pilot/html-balanced/sohumssk/20211018_user-test-your-website-or-app-with-video-feedback-and-review.html.gz
sojib423,do-google-top-ranking-complete-seo-solution,20201103,2020,11,40.0,80.0,210.0,I will do google top ranking complete SEO solution,5.0,7,packageList,data/pilot/html-balanced/sojib423/20201103_do-google-top-ranking-complete-seo-solution.html.gz
solaiman_khan,110-live-usa-local-seo-citation,20191229,2019,12,15.0,,,solaiman_khan : I will 110 live USA local seo citation for $15 on www.fiverr.com,,43,packageList,data/pilot/html-balanced/solaiman_khan/20191229_110-live-usa-local-seo-citation.html.gz
solidcad,create-pro-shopify-website-design-or-build-shopify-dropshipping-store,20240105,2024,01,150.0,250.0,400.0,"Solidcad: I will design shopify ecommerce website, build shopify online store for $150 on fiverr.com",5.0,315,packageList,data/pilot/html-balanced/solidcad/20240105_create-pro-shopify-website-design-or-build-shopify-dropshipping-store.html.gz
sonagalstyan,add-animated-text-title-to-your-video,20260206,2026,02,15.0,25.0,50.0,Sonagalstyan: I will create an amazing text animation for your videos for $15 on fiverr.com,5.0,62,packageList,data/pilot/html-balanced/sonagalstyan/20260206_add-animated-text-title-to-your-video.html.gz
sonarish,build-profitable-shopify-website-shopify-store-with-fb-ads,20250514,2025,05,145.0,245.0,345.0,Sonarish: I will build a passive income shopify dropshipping store or shopify website for $145 on fiverr.com,4.9,3436,packageList,data/pilot/html-balanced/sonarish/20250514_build-profitable-shopify-website-shopify-store-with-fb-ads.html.gz
soniaparvinl,design-animated-gif-banner-ads-cover-post-in-3-hours-or-less,20220719,2022,07,5.0,20.0,40.0,"Soniaparvinl: I will design animated gif banner, ads, cover, post in 3 hours or less for $5 on fiverr.com",4.9,157,packageList,data/pilot/html-balanced/soniaparvinl/20220719_design-animated-gif-banner-ads-cover-post-in-3-hours-or-less.html.gz
sophiarose2,write-500-words-well-researched-seo-website-copy,20200128,2020,01,40.0,130.0,220.0,sophiarose2 : I will write 1 to 10 pages of well researched SEO website copy for $40 on www.fiverr.com,4.7,33,packageList,data/pilot/html-balanced/sophiarose2/20200128_write-500-words-well-researched-seo-website-copy.html.gz
sophiegfx,create-a-video-with-voiceover-from-your-sript-within-24-hours,20230101,2023,01,20.0,40.0,80.0,Sophiegfx: I will create video with voiceover from your script within 48 hours for $20 on fiverr.com,5.0,123,packageList,data/pilot/html-balanced/sophiegfx/20230101_create-a-video-with-voiceover-from-your-sript-within-24-hours.html.gz
sorathejapanese,record-japanese-make-voice-over-in-english-or-japnaese,20250514,2025,05,5.0,,,"Sorathejapanese: I will record a japanese or english voiceover, voice over for $5 on fiverr.com",5.0,2072,packageList,data/pilot/html-balanced/sorathejapanese/20250514_record-japanese-make-voice-over-in-english-or-japnaese.html.gz
soufianelfanany,draw-a-geometric-minimal-tattoo-design-by-hand-for-you,20251004,2025,10,30.0,50.0,80.0,Soufianelfanany: I will hand draw a geometric tattoo design in my style for $30 on fiverr.com,4.9,617,packageList,data/pilot/html-balanced/soufianelfanany/20251004_draw-a-geometric-minimal-tattoo-design-by-hand-for-you.html.gz
soundsandarts,record-voiceover-and-singing,20250513,2025,05,30.0,,,Soundsandarts: I will record top spanish english voiceover narration for $30 on fiverr.com,5.0,39,packageList,data/pilot/html-balanced/soundsandarts/20250513_record-voiceover-and-singing.html.gz
soydalin,do-an-unboxing-video-in-german-for-you,20201001,2020,10,10.0,20.0,70.0,I will do an unboxing video in german for you,5.0,2,packageList,data/pilot/html-balanced/soydalin/20201001_do-an-unboxing-video-in-german-for-you.html.gz
space_edge,make-a-cute-cartoon-thanksgiving-video-with-your-logo,20220706,2022,07,5.0,15.0,25.0,Space_edge: I will make an amazing 4th of july independence day video for $5 on fiverr.com,5.0,47,packageList,data/pilot/html-balanced/space_edge/20220706_make-a-cute-cartoon-thanksgiving-video-with-your-logo.html.gz
space_edge,make-a-cute-cartoon-thanksgiving-video-with-your-logo,20260130,2026,01,5.0,15.0,25.0,"Space_edge: I will do logo tracing, vectorize image, anything to vector for $5 on fiverr.com",5.0,64,packageList,data/pilot/html-balanced/space_edge/20260130_make-a-cute-cartoon-thanksgiving-video-with-your-logo.html.gz
spaikrv,rap-for-you-in-greek-to-have-something-special,20211202,2021,12,20.0,,,Spaikrv: I will rap for you in greek to have something special for $20 on fiverr.com,,,packageList,data/pilot/html-balanced/spaikrv/20211202_rap-for-you-in-greek-to-have-something-special.html.gz
spark4hope,install-wordpress-secure-and-necessary-plugins-and-modules,20190930,2019,09,5.0,10.0,25.0,"spark4hope : I will install wordpress, plugins, theme and add security for $5 on www.fiverr.com",4.9,617,packageList,data/pilot/html-balanced/spark4hope/20190930_install-wordpress-secure-and-necessary-plugins-and-modules.html.gz
spartak_b,edit-and-master-audiobook-for-acx,20190930,2019,09,40.0,60.0,120.0,spartak_b : I will edit and master audiobook for acx for $40 on www.fiverr.com,5.0,1,packageList,data/pilot/html-balanced/spartak_b/20190930_edit-and-master-audiobook-for-acx.html.gz
specialmonty,accurately-transcribe-your-audio-and-video-podcast,20200722,2020,07,5.0,10.0,15.0,specialmonty : I will accurately transcribe your audio and video podcast for $5 on fiverr.com,5.0,14,packageList,data/pilot/html-balanced/specialmonty/20200722_accurately-transcribe-your-audio-and-video-podcast.html.gz
spider_studio,make-3-amazing-logo-intro-videos,20210309,2021,03,15.0,25.0,35.0,Spider_studio: I will make 3 awesome logo intro videos for $15 on fiverr.com,4.9,184,packageList,data/pilot/html-balanced/spider_studio/20210309_make-3-amazing-logo-intro-videos.html.gz
spinnekop04,ghostwrite-your-fiction-stories-and-novels,20190504,2019,05,150.0,375.0,750.0,spinnekop04 : I will ghostwrite your fiction stories and novels for $150 on www.fiverr.com,5.0,12,packageList,data/pilot/html-balanced/spinnekop04/20190504_ghostwrite-your-fiction-stories-and-novels.html.gz
springbomb,animate-your-2d-game-character-in-spine-pro,20220421,2022,04,15.0,20.0,50.0,Springbomb: I will animate your 2d game character in spine pro for $15 on fiverr.com,5.0,92,packageList,data/pilot/html-balanced/springbomb/20220421_animate-your-2d-game-character-in-spine-pro.html.gz
sprolive,do-fiverr-gig-promotion-with-seo-strategy,20200125,2020,01,5.0,10.0,20.0,sprolive : I will do fiverr gig promotion with SEO strategy for $5 on www.fiverr.com,4.8,24,packageList,data/pilot/html-balanced/sprolive/20200125_do-fiverr-gig-promotion-with-seo-strategy.html.gz
sprolive,do-fiverr-gig-promotion-with-seo-strategy,20230918,2023,09,5.0,15.0,30.0,Sprolive: I will fiverr gig promotion with professionally written fiverr gig description for $5 on fiverr.com,4.8,688,packageList,data/pilot/html-balanced/sprolive/20230918_do-fiverr-gig-promotion-with-seo-strategy.html.gz
squbox,setup-an-amazing-discord-server-with-custom-design-and-bots,20220101,2022,01,395.0,,,Squbox: I will setup new or existing discord server for your community or nft project for $395 on fiverr.com,4.9,198,packageList,data/pilot/html-balanced/squbox/20220101_setup-an-amazing-discord-server-with-custom-design-and-bots.html.gz
ssjin3,create-animated-brb-intro-offline-screen-for-twitch,20201001,2020,10,30.0,40.0,45.0,"I will make animated twitch brb, starting soon, ending screens",4.8,50,packageList,data/pilot/html-balanced/ssjin3/20201001_create-animated-brb-intro-offline-screen-for-twitch.html.gz
stalinbd91,grow-your-tweeter-followers-and-do-instagram-marketing,20220702,2022,07,25.0,50.0,75.0,Stalinbd91: I will do your twitter marketing and promotion for grow followers for $25 on fiverr.com,4.9,245,packageList,data/pilot/html-balanced/stalinbd91/20220702_grow-your-tweeter-followers-and-do-instagram-marketing.html.gz
stdesigns,make-any-kind-of-logo-with-ai-eps-psd-free,20180726,2018,07,15.0,15.0,15.0,stdesigns : I will design eye catching minimal logo with free vector file for $10 on www.fiverr.com,10.0,,old_json,data/pilot/html-balanced/stdesigns/20180726_make-any-kind-of-logo-with-ai-eps-psd-free.html.gz
stdesigns,make-any-kind-of-logo-with-ai-eps-psd-free,20200101,2020,01,10.0,30.0,50.0,stdesigns : I will design outstanding logo with 3 concepts for $10 on www.fiverr.com,4.9,9075,packageList,data/pilot/html-balanced/stdesigns/20200101_make-any-kind-of-logo-with-ai-eps-psd-free.html.gz
steelydannyjg,convert-any-audio-into-midi,20181008,2018,10,20.0,5.0,5.0,steelydannyjg : I will convert any audio to midi for $5 on www.fiverr.com,5.0,20,old_json,data/pilot/html-balanced/steelydannyjg/20181008_convert-any-audio-into-midi.html.gz
stereoattack,do-a-studio-quality-mixing-and-mastering-in-24-hours,20221016,2022,10,10.0,20.0,30.0,Stereoattack: I will do music mixing and mastering and audio editing for $10 on fiverr.com,5.0,180,packageList,data/pilot/html-balanced/stereoattack/20221016_do-a-studio-quality-mixing-and-mastering-in-24-hours.html.gz
stevemossphd,create-a-professional-cv-resume-and-covering-letter,20240421,2024,04,55.0,180.0,210.0,"Stevemossphd: I will get you the job of your dreams through expert cv, resume, cover letter writing for $55 on fiverr.com",5.0,1725,packageList,data/pilot/html-balanced/stevemossphd/20240421_create-a-professional-cv-resume-and-covering-letter.html.gz
stevesexplainer,create-a-marketing-video-for-your-business,20210701,2021,07,85.0,135.0,170.0,Stevesexplainer: I will create an animated explainer or promo video for your business for $85 on fiverr.com,5.0,324,packageList,data/pilot/html-balanced/stevesexplainer/20210701_create-a-marketing-video-for-your-business.html.gz
stevethebook,premium-professional-spokesperson-video-package,20200410,2020,04,10.0,15.0,35.0,stevethebook : I will premium professional spokesperson video package for $10 on fiverr.com,5.0,38,packageList,data/pilot/html-balanced/stevethebook/20200410_premium-professional-spokesperson-video-package.html.gz
stevevz,make-batman-voice-any-message-in-a-3d-video-ecard-greeting-intro-or-promo-video,20190105,2019,01,15.0,30.0,125.0,stevevz : I will make a batman video greeting or spokesperson video for $15 on fiverr.com,5.0,71,packageList,data/pilot/html-balanced/stevevz/20190105_make-batman-voice-any-message-in-a-3d-video-ecard-greeting-intro-or-promo-video.html.gz
storygeekdom84,do-3-pages-of-storyboards,20240706,2024,07,30.0,50.0,85.0,Storygeekdom84: I will create storyboards for your film or animation or ad for $30 on fiverr.com,5.0,427,packageList,data/pilot/html-balanced/storygeekdom84/20240706_do-3-pages-of-storyboards.html.gz
studio_mosaic,design-screenshot-for-your-ios-and-android-app,20251004,2025,10,450.0,850.0,1200.0,Studio_mosaic: I will design app store screenshots for your android and ios app for $450 on fiverr.com,5.0,11,packageList,data/pilot/html-balanced/studio_mosaic/20251004_design-screenshot-for-your-ios-and-android-app.html.gz
studio_promo,custom-crowdfunding-kickstarter-promo-video,20230728,2023,07,30.0,,,Studio_promo: I will make crowdfunding kickstarter fundraising  promo video for $30 on fiverr.com,4.9,41,packageList,data/pilot/html-balanced/studio_promo/20230728_custom-crowdfunding-kickstarter-promo-video.html.gz
stylusink,proofread-and-lightly-copy-edit-1000-words-of-text,20221227,2022,12,10.0,,,Stylusink: I will copyedit and proofread 1000 words of text for $10 on fiverr.com,5.0,1970,packageList,data/pilot/html-balanced/stylusink/20221227_proofread-and-lightly-copy-edit-1000-words-of-text.html.gz
subhashsikde693,repair-your-stl-file-for-3d-printing-fast,20210701,2021,07,10.0,,,Subhashsikde693: I will repair your stl file for 3d printing fast for $10 on fiverr.com,4.9,54,packageList,data/pilot/html-balanced/subhashsikde693/20210701_repair-your-stl-file-for-3d-printing-fast.html.gz
suc4_5uca,create-your-own-unique-rap-trap-chill-hip-hop-beat,20230103,2023,01,5.0,15.0,25.0,"Suc4_5uca: I will create your unique rap, trap, chill, hip hop beat for $5 on fiverr.com",5.0,58,packageList,data/pilot/html-balanced/suc4_5uca/20230103_create-your-own-unique-rap-trap-chill-hip-hop-beat.html.gz
sufyan851,draw-2d-architectural-floor-plans-in-autocad,20260201,2026,02,30.0,60.0,80.0,Sufyan851: I will draw 2d architectural floor plans in autocad for $30 on fiverr.com,4.9,167,packageList,data/pilot/html-balanced/sufyan851/20260201_draw-2d-architectural-floor-plans-in-autocad.html.gz
sumiflame,provide-singapore-email-database,20181122,2018,11,10.0,20.0,30.0,sumiflame : I will provide singapore email database for $10 on www.fiverr.com,4.9,7,dollar_fallback,data/pilot/html-balanced/sumiflame/20181122_provide-singapore-email-database.html.gz
sumon369,design-facebook-ads-fb-cover-banner-or-post-images,20230802,2023,08,10.0,20.0,35.0,Sumon369: I will design premium facebook ads or post image in 24 hours for $10 on fiverr.com,4.9,2113,packageList,data/pilot/html-balanced/sumon369/20230802_design-facebook-ads-fb-cover-banner-or-post-images.html.gz
sundusshuja,create-3d-character-animation-for-kids-youtube-channel,20210102,2021,01,450.0,750.0,995.0,I will create 3d character animation for kids,5.0,35,packageList,data/pilot/html-balanced/sundusshuja/20210102_create-3d-character-animation-for-kids-youtube-channel.html.gz
sundythumbnail,teach-you-how-to-edit-in-filmora-x,20240101,2024,01,20.0,30.0,40.0,Sundythumbnail: I will teach you how to professionally edit in filmora 12 for $20 on fiverr.com,4.9,19,packageList,data/pilot/html-balanced/sundythumbnail/20240101_teach-you-how-to-edit-in-filmora-x.html.gz
sunnysylvester,create-an-animated-music-video,20190324,2019,03,25.0,50.0,75.0,sunnysylvester : I will create an animated lyric music video for $25 on fiverr.com,4.9,34,packageList,data/pilot/html-balanced/sunnysylvester/20190324_create-an-animated-music-video.html.gz
sunskilltechs,website-development-web-design-wordpress-customization-shopify-ecommerce-wix,20201014,2020,10,100.0,350.0,650.0,"I will do website development, wordpress customization , shopify , ecommerce , wix",5.0,149,packageList,data/pilot/html-balanced/sunskilltechs/20201014_website-development-web-design-wordpress-customization-shopify-ecommerce-wix.html.gz
superfast2017,do-photoshop-editing-face-or-head-swap-in-1-hour-skin-retouching,20250502,2025,05,5.0,30.0,55.0,Superfast2017: I will do car background removal for $5 on fiverr.com,4.7,5,packageList,data/pilot/html-balanced/superfast2017/20250502_do-photoshop-editing-face-or-head-swap-in-1-hour-skin-retouching.html.gz
superpummelo,write-an-original-post-for-your-website-500ish-words-on-any-subject-blog-or-seo,20191114,2019,11,5.0,20.0,75.0,superpummelo : I will create 250 words of innovative content for $5 on www.fiverr.com,5.0,3138,packageList,data/pilot/html-balanced/superpummelo/20191114_write-an-original-post-for-your-website-500ish-words-on-any-subject-blog-or-seo.html.gz
sushil_kumar40,wordpress-shopify-joomla-developer,20210428,2021,04,20.0,400.0,950.0,Sushil_kumar40: I will do any kind of joomla website tasks for $20 on fiverr.com,5.0,40,packageList,data/pilot/html-balanced/sushil_kumar40/20210428_wordpress-shopify-joomla-developer.html.gz
sushilsth,install-google-analytics-dynamic-remarketing-gtm,20230504,2023,05,10.0,35.0,90.0,"Sushilsth: I will install google analytics, dynamic remarketing, GTM for $10 on fiverr.com",4.9,44,packageList,data/pilot/html-balanced/sushilsth/20230504_install-google-analytics-dynamic-remarketing-gtm.html.gz
sushixpanda,chart-you-a-song-on-clone-hero,20200706,2020,07,10.0,15.0,25.0,sushixpanda : I will chart you a song on clone hero for $10 on fiverr.com,5.0,53,packageList,data/pilot/html-balanced/sushixpanda/20200706_chart-you-a-song-on-clone-hero.html.gz
sutashi17,make-a-fantasy-pet-portrait,20231112,2023,11,30.0,,,"Sutashi17: I will do a custom pet portrait, dog portrait, cat portrait for $30 on fiverr.com",5.0,1673,packageList,data/pilot/html-balanced/sutashi17/20231112_make-a-fantasy-pet-portrait.html.gz
suzane,animate-your-signature-from-start-to-finish-as-if-it-is-being-written-live,20200101,2020,01,5.0,10.0,15.0,suzane : I will do animation of your handwritten signature style logo or youtube intro for $5 on www.fiverr.com,5.0,374,packageList,data/pilot/html-balanced/suzane/20200101_animate-your-signature-from-start-to-finish-as-if-it-is-being-written-live.html.gz
swainlondon,create-an-amazing-short-video-for-your-business-or-project,20201001,2020,10,645.0,845.0,2445.0,I will create an amazing short video for your  business or project,,,packageList,data/pilot/html-balanced/swainlondon/20201001_create-an-amazing-short-video-for-your-business-or-project.html.gz
sweet_christine,make-a-cartoon-out-of-you,20211105,2021,11,10.0,15.0,20.0,Sweet_christine: I will make a cartoon caricature of you for $10 on fiverr.com,4.9,3672,packageList,data/pilot/html-balanced/sweet_christine/20211105_make-a-cartoon-out-of-you.html.gz
swetakumari891,edit-an-energetic-music-event-night-party-promo,20241001,2024,10,20.0,30.0,40.0,"Swetakumari891: I will create your dj, nightclub, music event promo video for $20 on fiverr.com",4.9,19,packageList,data/pilot/html-balanced/swetakumari891/20241001_edit-an-energetic-music-event-night-party-promo.html.gz
symlogik,fix-any-wordpress-issue-bug-problem-in-24-hours,20190930,2019,09,5.0,15.0,35.0,"symlogik : I will fix any wordpress issue, bug , problem in 24 hours for $5 on www.fiverr.com",5.0,21,packageList,data/pilot/html-balanced/symlogik/20190930_fix-any-wordpress-issue-bug-problem-in-24-hours.html.gz
szymon26,translate-any-text-between-polish-english-and-spanish,20181130,2018,11,5.0,10.0,15.0,"Szymon26: I will translate 650 words between polish, english and spanish for $5 on fiverr.com",5.0,131,packageList,data/pilot/html-balanced/szymon26/20181130_translate-any-text-between-polish-english-and-spanish.html.gz
taharafiq8,do-luxury-logo-animation,20221208,2022,12,5.0,10.0,20.0,Taharafiq8: I will create amazing luxury video intro logo animation for $5 on fiverr.com,5.0,1371,packageList,data/pilot/html-balanced/taharafiq8/20221208_do-luxury-logo-animation.html.gz
takakiso,offer-seo-friendly-translation-from-english-to-japanese,20231203,2023,12,20.0,45.0,80.0,"Takakiso: I will localize your app, game or website to japanese for $20 on fiverr.com",5.0,7,packageList,data/pilot/html-balanced/takakiso/20231203_offer-seo-friendly-translation-from-english-to-japanese.html.gz
takiskoroneos,record-rhythm-and-lead-guitar-tracks-for-your-song,20240701,2024,07,10.0,15.0,20.0,"Takiskoroneos: I will record solo, lead, and rhythm guitar for your song for $10 on fiverr.com",5.0,356,packageList,data/pilot/html-balanced/takiskoroneos/20240701_record-rhythm-and-lead-guitar-tracks-for-your-song.html.gz
talhadanial,do-sql-queries-database-projects-and-er-diagrams-for-you,20230718,2023,07,20.0,60.0,120.0,"Talhadanial: I will do sql queries, sql database project, er diagram for $20 on fiverr.com",5.0,350,packageList,data/pilot/html-balanced/talhadanial/20230718_do-sql-queries-database-projects-and-er-diagrams-for-you.html.gz
talukder,do-clothing-labels-barcode-label-label-tag-price-tag,20251225,2025,12,5.0,15.0,30.0,Talukder: I will do any barcode or qr code with label tags  sticker in 6 hours for $5 on fiverr.com,5.0,173,packageList,data/pilot/html-balanced/talukder/20251225_do-clothing-labels-barcode-label-label-tag-price-tag.html.gz
tamaramarkus,record-a-professional-dutch-ivr-or-voicemail-greeting,20200528,2020,05,15.0,,,tamaramarkus : I will record a professional dutch IVR or voicemail greeting for $15 on fiverr.com,5.0,17,packageList,data/pilot/html-balanced/tamaramarkus/20200528_record-a-professional-dutch-ivr-or-voicemail-greeting.html.gz
tamieaton,create-ugc-videos-for-your-tiktoks-and-other-social-medias,20250514,2025,05,120.0,160.0,200.0,Tamieaton: I will create ugc videos for your tiktok and other social medias for $120 on fiverr.com,5.0,242,packageList,data/pilot/html-balanced/tamieaton/20250514_create-ugc-videos-for-your-tiktoks-and-other-social-medias.html.gz
tanveerdogar223,transfer-wordpress-migrate-hosting-change-domain-name,20240401,2024,04,25.0,40.0,70.0,"Tanveerdogar223: I will migrate wordpress to new host, change domain name for $25 on fiverr.com",5.0,755,packageList,data/pilot/html-balanced/tanveerdogar223/20240401_transfer-wordpress-migrate-hosting-change-domain-name.html.gz
tanvir_hushan,do-your-youtube-video-seo-for-top-ranking-on-search-results,20250506,2025,05,10.0,30.0,45.0,Tanvir_hushan: I will do best youtube video SEO for top ranking for $10 on fiverr.com,4.9,39,packageList,data/pilot/html-balanced/tanvir_hushan/20250506_do-your-youtube-video-seo-for-top-ranking-on-search-results.html.gz
tanvirtech77,design-responsive-html-email-template,20240124,2024,01,20.0,30.0,40.0,Tanvirtech77: I will design responsive HTML email template for $20 on fiverr.com,4.9,73,packageList,data/pilot/html-balanced/tanvirtech77/20240124_design-responsive-html-email-template.html.gz
tark_vid94,add-french-or-english-subtitles-to-your-video,20220426,2022,04,5.0,10.0,15.0,"Tark_vid94: I will add english or french subtitles, srt files or youtube subtitle for $5 on fiverr.com",5.0,3,packageList,data/pilot/html-balanced/tark_vid94/20220426_add-french-or-english-subtitles-to-your-video.html.gz
taufik90design,design-repeat-vector-for-kids-clothing,20250105,2025,01,5.0,10.0,15.0,Taufik90design: I will design repeat vector for kids clothing for $5 on fiverr.com,,,packageList,data/pilot/html-balanced/taufik90design/20250105_design-repeat-vector-for-kids-clothing.html.gz
tcomasstudio,create-a-4k-music-video-with-stunning-footage,20240131,2024,01,600.0,750.0,900.0,Tcomasstudio: I will create an animated music video with stunning graphics for $600 on fiverr.com,5.0,9,packageList,data/pilot/html-balanced/tcomasstudio/20240131_create-a-4k-music-video-with-stunning-footage.html.gz
tcraven,mix-and-master-your-song-as-a-professional-mix-engineer,20230714,2023,07,185.0,300.0,425.0,"Tcraven: I will professionally mix and master your americana, rock, or indie rock song for $185 on fiverr.com",5.0,36,packageList,data/pilot/html-balanced/tcraven/20230714_mix-and-master-your-song-as-a-professional-mix-engineer.html.gz
teachersleep,mix-and-master-your-indie-pop-song,20220105,2022,01,15.0,60.0,70.0,Teachersleep: I will mix and master your indie pop song with free sample for $15 on fiverr.com,5.0,87,packageList,data/pilot/html-balanced/teachersleep/20220105_mix-and-master-your-indie-pop-song.html.gz
team_alliance20,create-setup-and-optimize-all-social-media-account-and-pages,20260210,2026,02,5.0,10.0,15.0,Team_alliance20: I will create setup and optimize all social media account and pages for $5 on fiverr.com,,,packageList,data/pilot/html-balanced/team_alliance20/20260210_create-setup-and-optimize-all-social-media-account-and-pages.html.gz
teamfairhead,guarantee-an-increased-conversion-rate-on-your-website,20190131,2019,01,995.0,3480.0,3485.0,teamfairhead : I will guarantee increased website conversion rate for $995 on www.fiverr.com,,7,packageList,data/pilot/html-balanced/teamfairhead/20190131_guarantee-an-increased-conversion-rate-on-your-website.html.gz
techmint1,design-creative-infographic-in-24-hours,20240101,2024,01,50.0,100.0,150.0,Techmint1: I will design a premium infographic for $50 on fiverr.com,4.9,680,packageList,data/pilot/html-balanced/techmint1/20240101_design-creative-infographic-in-24-hours.html.gz
technokisan,record-screencast-instructional-tutorial-and-explainer-video,20190723,2019,07,5.0,30.0,45.0,technokisan : I will record HD instructional screencast tutorial explainer video for $5 on www.fiverr.com,4.9,24,packageList,data/pilot/html-balanced/technokisan/20190723_record-screencast-instructional-tutorial-and-explainer-video.html.gz
techyapaul,create-best-twitch-overlay-and-logo-for-your-stream,20181015,2018,10,20.0,30.0,50.0,techyapaul : I will create best twitch overlay and logo for your stream for $20 on www.fiverr.com,4.7,9,dollar_fallback,data/pilot/html-balanced/techyapaul/20181015_create-best-twitch-overlay-and-logo-for-your-stream.html.gz
techyapaul,design-awesome-animated-twitch-overlays-for-your-stream,20220206,2022,02,45.0,75.0,110.0,Techyapaul: I will design awesome animated twitch overlays for your stream for $45 on fiverr.com,5.0,74,packageList,data/pilot/html-balanced/techyapaul/20220206_design-awesome-animated-twitch-overlays-for-your-stream.html.gz
techyapaul,design-awesome-animated-twitch-overlays-for-your-stream,20220707,2022,07,45.0,75.0,110.0,Techyapaul: I will design awesome animated twitch overlays for your stream for $45 on fiverr.com,5.0,81,packageList,data/pilot/html-balanced/techyapaul/20220707_design-awesome-animated-twitch-overlays-for-your-stream.html.gz
teguhsuwanda,do-concept-art-and-digital-illustration,20180717,2018,07,0.0,0.0,5.0,teguhsuwanda : I will do concept art and digital illustration for $5 on www.fiverr.com,10.0,165,old_json,data/pilot/html-balanced/teguhsuwanda/20180717_do-concept-art-and-digital-illustration.html.gz
teknovation,develop-web-applications-with-react-js-and-nodejs,20200319,2020,03,5.0,10.0,20.0,"teknovation : I will develop web and mobile apps with react js, react native, meteor js for $5 on fiverr.com",5.0,76,packageList,data/pilot/html-balanced/teknovation/20200319_develop-web-applications-with-react-js-and-nodejs.html.gz
teocom,convert-pdf-to-word-or-excel,20210315,2021,03,5.0,,,Teocom: I will convert PDF to excel or csv for $5 on fiverr.com,5.0,233,packageList,data/pilot/html-balanced/teocom/20210315_convert-pdf-to-word-or-excel.html.gz
terrancenibbles,certify-your-crypto-project-after-analytical-review,20250406,2025,04,100.0,195.0,295.0,Terrancenibbles: I will reveal all for your crypto web3 rwa meme project for $100 on fiverr.com,4.9,51,packageList,data/pilot/html-balanced/terrancenibbles/20250406_certify-your-crypto-project-after-analytical-review.html.gz
theadtwins,provide-a-realistic-testimonial-or-spokesperson-video,20200704,2020,07,25.0,65.0,100.0,theadtwins : I will create an attractive spokesperson video in 48 hours or less for $25 on fiverr.com,5.0,857,packageList,data/pilot/html-balanced/theadtwins/20200704_provide-a-realistic-testimonial-or-spokesperson-video.html.gz
thebackpacker,rewrite-and-optimize-your-linkedin-profile,20250814,2025,08,60.0,80.0,115.0,Thebackpacker: I will create an outstanding linkedin profile for $60 on fiverr.com,4.8,486,packageList,data/pilot/html-balanced/thebackpacker/20250814_rewrite-and-optimize-your-linkedin-profile.html.gz
thebrandninja,create-a-social-media-marketing-plan,20181001,2018,10,750.0,850.0,950.0,thebrandninja : I will create a social media marketing strategy for $750 on www.fiverr.com,4.6,6,dollar_fallback,data/pilot/html-balanced/thebrandninja/20181001_create-a-social-media-marketing-plan.html.gz
thebrass,record-an-amazing-live-horn-section-for-your-song-any-genre,20220101,2022,01,50.0,90.0,165.0,Thebrass: I will record an amazing live horn section for your song any genre for $50 on fiverr.com,5.0,635,packageList,data/pilot/html-balanced/thebrass/20220101_record-an-amazing-live-horn-section-for-your-song-any-genre.html.gz
thecvwizard,write-your-senior-executive-director-vp-or-svp-resume,20240109,2024,01,275.0,375.0,445.0,"Thecvwizard: I will write your senior, executive, director, vp or cxo resume for $275 on fiverr.com",5.0,159,packageList,data/pilot/html-balanced/thecvwizard/20240109_write-your-senior-executive-director-vp-or-svp-resume.html.gz
thegreatlewis,manage-your-onlyfans-and-twitter-accounts,20240619,2024,06,35.0,90.0,190.0,Thegreatlewis: I will manage your onlyfans and twitter accounts for $35 on fiverr.com,4.8,27,packageList,data/pilot/html-balanced/thegreatlewis/20240619_manage-your-onlyfans-and-twitter-accounts.html.gz
thegulshankumar,move-wordpress-to-vultr-cloud-vps,20190930,2019,09,5.0,30.0,100.0,thegulshankumar : I will move wordpress to vultr cloud vps for $5 on www.fiverr.com,5.0,45,packageList,data/pilot/html-balanced/thegulshankumar/20190930_move-wordpress-to-vultr-cloud-vps.html.gz
themckaye,build-60-of-the-best-uk-citations-to-boost-seo,20210502,2021,05,40.0,60.0,80.0,Themckaye: I will build up to 180 of the best uk citations to boost seo for $40 on fiverr.com,5.0,122,packageList,data/pilot/html-balanced/themckaye/20210502_build-60-of-the-best-uk-citations-to-boost-seo.html.gz
therealaurelian,teach-you-or-help-you-to-make-music-in-ableton-or-logic-pro,20201001,2020,10,10.0,15.0,25.0,I will teach you or help you to make music in ableton or logic pro,5.0,14,packageList,data/pilot/html-balanced/therealaurelian/20201001_teach-you-or-help-you-to-make-music-in-ableton-or-logic-pro.html.gz
therealaurelian,teach-you-or-help-you-to-make-music-in-ableton-or-logic-pro,20210701,2021,07,50.0,90.0,130.0,Therealaurelian: I will teach you or help you to make music in ableton or logic pro for $50 on fiverr.com,5.0,49,packageList,data/pilot/html-balanced/therealaurelian/20210701_teach-you-or-help-you-to-make-music-in-ableton-or-logic-pro.html.gz
theshstudio,help-you-get-irs-tax-return-transcript,20221223,2022,12,125.0,,,"Theshstudio: I will write CPA verification, ownership, self employment letter for $125 on fiverr.com",5.0,11,packageList,data/pilot/html-balanced/theshstudio/20221223_help-you-get-irs-tax-return-transcript.html.gz
thetoprated,create-this-stunning-commercial-video-using-10-live-actors,20181001,2018,10,0.0,0.0,10.0,thetoprated : I will create TV commercial ads with live actors for $5 on www.fiverr.com,4.8,80,old_json,data/pilot/html-balanced/thetoprated/20181001_create-this-stunning-commercial-video-using-10-live-actors.html.gz
thewritequeen,write-a-killer-amazon-description,20201002,2020,10,60.0,80.0,100.0,I will write a killer amazon listing product description,5.0,477,packageList,data/pilot/html-balanced/thewritequeen/20201002_write-a-killer-amazon-description.html.gz
thewriteraman,write-a-1000-words-seo-optimized-article-on-any-topic,20190929,2019,09,10.0,50.0,100.0,thewriteraman : I will be your SEO content writer on any topic for $10 on www.fiverr.com,4.9,127,packageList,data/pilot/html-balanced/thewriteraman/20190929_write-a-1000-words-seo-optimized-article-on-any-topic.html.gz
thextremewp,fix-hacked-wordpress-website-and-remove-malware,20190930,2019,09,15.0,25.0,95.0,thextremewp : I will fix and recover hacked wordpress website and remove malware for $15 on www.fiverr.com,5.0,357,packageList,data/pilot/html-balanced/thextremewp/20190930_fix-hacked-wordpress-website-and-remove-malware.html.gz
thinharch,create-3d-model-and-render-images-architecture-project,20211006,2021,10,80.0,120.0,180.0,Thinharch: I will create 3d model and render images architecture project for $80 on fiverr.com,5.0,1057,packageList,data/pilot/html-balanced/thinharch/20211006_create-3d-model-and-render-images-architecture-project.html.gz
thirueditz,create-professional-vsl-video-sales-letter,20220101,2022,01,15.0,20.0,75.0,Thirueditz: I will create professional vsl video sales letter for $15 on fiverr.com,5.0,46,packageList,data/pilot/html-balanced/thirueditz/20220101_create-professional-vsl-video-sales-letter.html.gz
three_web,design-redesign-shopify-store-shopify-dropshipping-store-shopify-website,20250818,2025,08,85.0,285.0,385.0,"Three_web: I will design, redesign shopify store, shopify dropshipping store, shopify website for $85 on fiverr.com",4.9,324,packageList,data/pilot/html-balanced/three_web/20250818_design-redesign-shopify-store-shopify-dropshipping-store-shopify-website.html.gz
thumarkevin,make-a-cinemagraph-animated-gif,20190930,2019,09,10.0,,,thumarkevin : I will make a cinemagraph for your image or video for $10 on www.fiverr.com,5.0,291,packageList,data/pilot/html-balanced/thumarkevin/20190930_make-a-cinemagraph-animated-gif.html.gz
tiana_funnel,build-clickbank-affiliate-marketing-sales-funnel-and-website-link-promotion,20240801,2024,08,10.0,30.0,80.0,Tiana_funnel: I will do clickbank affiliate marketing sales funnel clickbank affiliate link promotion for $10 on fiverr.com,1.7,10,packageList,data/pilot/html-balanced/tiana_funnel/20240801_build-clickbank-affiliate-marketing-sales-funnel-and-website-link-promotion.html.gz
tiarider,narrate-your-fiction-or-nonfiction-audiobook,20190930,2019,09,140.0,,,tiarider : I will narrate your fiction or nonfiction audiobook for $140 on www.fiverr.com,,14,packageList,data/pilot/html-balanced/tiarider/20190930_narrate-your-fiction-or-nonfiction-audiobook.html.gz
tim_haldorsson,look-over-your-current-google-ads-account-for-optimization,20201012,2020,10,125.0,250.0,300.0,"I will look over your google ads account for optimization in swedish, finnish",5.0,4,packageList,data/pilot/html-balanced/tim_haldorsson/20201012_look-over-your-current-google-ads-account-for-optimization.html.gz
timmoyo,edm-pop-singer-songwriter,20220703,2022,07,115.0,185.0,230.0,Timmoyo: I will be your edm pop singer songwriter for $115 on fiverr.com,5.0,102,packageList,data/pilot/html-balanced/timmoyo/20220703_edm-pop-singer-songwriter.html.gz
timothyp23,proofread-and-assist-you-with-your-project,20200101,2020,01,10.0,20.0,35.0,timothyp23 : I will proofread and assist you with your project for $10 on www.fiverr.com,5.0,216,packageList,data/pilot/html-balanced/timothyp23/20200101_proofread-and-assist-you-with-your-project.html.gz
timothyp23,proofread-and-assist-you-with-your-project,20240102,2024,01,35.0,70.0,140.0,"Timothyp23: I will copy edit and polish your project, including university application materials for $35 on fiverr.com",5.0,1232,packageList,data/pilot/html-balanced/timothyp23/20240102_proofread-and-assist-you-with-your-project.html.gz
tl0702,translate-amazon-product-listing-into-japanese,20210412,2021,04,20.0,40.0,75.0,Tl0702: I will translate amazon product listing into japanese for $20 on fiverr.com,5.0,24,packageList,data/pilot/html-balanced/tl0702/20210412_translate-amazon-product-listing-into-japanese.html.gz
tme2012,write-a-book-or-ebook-for-you-up-to-10k-words-long,20220101,2022,01,900.0,1750.0,3000.0,Tme2012: I will write a book or ebook of any length for you for $900 on fiverr.com,5.0,156,packageList,data/pilot/html-balanced/tme2012/20220101_write-a-book-or-ebook-for-you-up-to-10k-words-long.html.gz
tobiasf_,do-a-complete-google-ads-campaign-setup-for-leadgen-or-ecommerce,20221112,2022,11,50.0,90.0,110.0,Tobiasf_: I will do a full google ads campaign setup for leadgen or ecommerce for $50 on fiverr.com,5.0,11,packageList,data/pilot/html-balanced/tobiasf_/20221112_do-a-complete-google-ads-campaign-setup-for-leadgen-or-ecommerce.html.gz
tobiasjager,do-product-photography-for-amazon-etsy-and-instagram,20210210,2021,02,20.0,65.0,200.0,I will do product photography for amazon fast,5.0,7,packageList,data/pilot/html-balanced/tobiasjager/20210210_do-product-photography-for-amazon-etsy-and-instagram.html.gz
tomneale521,be-you-seo-consultant,20210415,2021,04,130.0,,,"Tomneale521: I will be your expert SEO consultant, giving you specialist advice for $130 on fiverr.com",5.0,70,packageList,data/pilot/html-balanced/tomneale521/20210415_be-you-seo-consultant.html.gz
tompeyton,be-your-linkedin-ads-and-marketing-consultant,20231001,2023,10,150.0,,,Tompeyton: I will be your linkedin ads campaign consultant for $150 on fiverr.com,5.0,30,packageList,data/pilot/html-balanced/tompeyton/20231001_be-your-linkedin-ads-and-marketing-consultant.html.gz
tomtypography,design-a-creative-typography-logo-with-vector-file,20241125,2024,11,45.0,80.0,100.0,Tomtypography: I will design a modern and unique hand drawn typography logo for $45 on fiverr.com,4.9,2282,packageList,data/pilot/html-balanced/tomtypography/20241125_design-a-creative-typography-logo-with-vector-file.html.gz
tonimarino,be-your-social-media-pro,20200405,2020,04,395.0,595.0,795.0,tonimarino : I will be your social media pro for $395 on fiverr.com,5.0,7,packageList,data/pilot/html-balanced/tonimarino/20200405_be-your-social-media-pro.html.gz
tonnibacklink24,build-500k-dofollow-seo-high-quality-backlinks,20231028,2023,10,5.0,45.0,500.0,Tonnibacklink24: I will build 500k dofollow SEO high quality backlinks for $5 on fiverr.com,4.9,22,packageList,data/pilot/html-balanced/tonnibacklink24/20231028_build-500k-dofollow-seo-high-quality-backlinks.html.gz
tool4design,promote-etsy-store-to-4-5-million-pinterest-viewers,20201212,2020,12,5.0,10.0,20.0,"I will promote etsy store to 4,5 million pinterest viewers",4.8,9,packageList,data/pilot/html-balanced/tool4design/20201212_promote-etsy-store-to-4-5-million-pinterest-viewers.html.gz
top_web_design,design-wix-website-redesign-wix-website-wix-ecommerce-website,20230404,2023,04,80.0,150.0,250.0,"Top_web_design: I will do wix website design, wix website redesign or wix ecommerce website for $80 on fiverr.com",5.0,111,packageList,data/pilot/html-balanced/top_web_design/20230404_design-wix-website-redesign-wix-website-wix-ecommerce-website.html.gz
topcreativemind,do-unique-professional-book-cover-design-and-ebook-cover,20250807,2025,08,50.0,75.0,95.0,Topcreativemind: I will do unique professional book cover design and ebook cover for $50 on fiverr.com,5.0,108,packageList,data/pilot/html-balanced/topcreativemind/20250807_do-unique-professional-book-cover-design-and-ebook-cover.html.gz
topgigs1,professionally-audit-your-google-adwords-ppc-account,20190929,2019,09,80.0,,,topgigs1 : I will professionally audit your google adwords PPC account for $80 on www.fiverr.com,,,packageList,data/pilot/html-balanced/topgigs1/20190929_professionally-audit-your-google-adwords-ppc-account.html.gz
topgigs1,promote-your-youtuhbe-video-to-my-exclusive-youtube-audience,20201009,2020,10,10.0,20.0,60.0,I will promote your youtube video to targeted you tube viewers,4.9,1894,packageList,data/pilot/html-balanced/topgigs1/20201009_promote-your-youtuhbe-video-to-my-exclusive-youtube-audience.html.gz
torekul2017,design-amazing-logo-within-24-hours,20250426,2025,04,10.0,,,Torekul2017: I will design amazing logo within 24 hours for $10 on fiverr.com,4.9,32,packageList,data/pilot/html-balanced/torekul2017/20250426_design-amazing-logo-within-24-hours.html.gz
tourifahassan,create-handwritten-animation-for-youtube-intro,20211206,2021,12,10.0,20.0,30.0,Tourifahassan: I will create handwritten intro outro animation for youtube videos for $10 on fiverr.com,4.9,195,packageList,data/pilot/html-balanced/tourifahassan/20211206_create-handwritten-animation-for-youtube-intro.html.gz
trade4real,teach-day-trading-or-forex-or-crypto-beginners-classes,20221001,2022,10,100.0,,,Trade4real: I will teach day trading or forex or crypto beginners classes for $100 on fiverr.com,5.0,114,packageList,data/pilot/html-balanced/trade4real/20221001_teach-day-trading-or-forex-or-crypto-beginners-classes.html.gz
traffic1master,install-google-analytics-and-tag-manager,20191002,2019,10,10.0,25.0,75.0,traffic1master : I will install google analytics and tag manager for $10 on www.fiverr.com,5.0,11,packageList,data/pilot/html-balanced/traffic1master/20191002_install-google-analytics-and-tag-manager.html.gz
transcriptlife,do-audio-transcription-or-video-transcription,20230101,2023,01,10.0,15.0,30.0,Transcriptlife: I will do high quality audio transcription or video transcription for $10 on fiverr.com,5.0,310,packageList,data/pilot/html-balanced/transcriptlife/20230101_do-audio-transcription-or-video-transcription.html.gz
translator001,translate-english-to-japanese-to-english-manually,20220424,2022,04,10.0,70.0,140.0,Translator001: I will do translate english to japanese manually for $10 on fiverr.com,4.9,327,packageList,data/pilot/html-balanced/translator001/20220424_translate-english-to-japanese-to-english-manually.html.gz
trilionbiz,help-you-sell-more-with-smashing-copywriting,20240101,2024,01,25.0,35.0,55.0,Trilionbiz: I will deliver converting sales copy or web content for $25 on fiverr.com,5.0,94,packageList,data/pilot/html-balanced/trilionbiz/20240101_help-you-sell-more-with-smashing-copywriting.html.gz
triologystudios,make-custom-animation-and-intro-for-your-logo,20180717,2018,07,15.0,35.0,60.0,triologystudios : I will design a perfect custom logo animation for $15 on www.fiverr.com,5.0,193,dollar_fallback,data/pilot/html-balanced/triologystudios/20180717_make-custom-animation-and-intro-for-your-logo.html.gz
tristanpiater,code-you-your-own-python-javascript-or-c-script,20230930,2023,09,10.0,75.0,500.0,Tristanpiater: I will develop your own script or program to make your life easier for $10 on fiverr.com,5.0,224,packageList,data/pilot/html-balanced/tristanpiater/20230930_code-you-your-own-python-javascript-or-c-script.html.gz
trustudios,create-a-stunning-nature-music-video-for-your-song,20191030,2019,10,5.0,15.0,25.0,trustudios : I will create a stunning nature music video for your song for $5 on www.fiverr.com,5.0,607,packageList,data/pilot/html-balanced/trustudios/20191030_create-a-stunning-nature-music-video-for-your-song.html.gz
trustudios,create-a-retro-cassette-video-for-your-music,20200401,2020,04,5.0,15.0,25.0,trustudios : I will create a retro cassette tape video for your song for $5 on fiverr.com,5.0,257,packageList,data/pilot/html-balanced/trustudios/20200401_create-a-retro-cassette-video-for-your-music.html.gz
trwtlo,be-your-songwriter-for-your-rap-or-rnb-song,20190216,2019,02,5.0,25.0,80.0,trwtlo : I will be your songwriter for your rap or rnb song for $5 on www.fiverr.com,5.0,129,dollar_fallback,data/pilot/html-balanced/trwtlo/20190216_be-your-songwriter-for-your-rap-or-rnb-song.html.gz
tscharr22,write-a-compelling-amazon-product-listing-that-sells,20181001,2018,10,60.0,90.0,120.0,tscharr22 : I will write a compelling amazon product listing that sells for $60 on www.fiverr.com,5.0,22,dollar_fallback,data/pilot/html-balanced/tscharr22/20181001_write-a-compelling-amazon-product-listing-that-sells.html.gz
tshahar,create-ai-art-for-your-business-and-personal-needs,20251003,2025,10,20.0,30.0,45.0,"Tshahar: I will create ai art using dall e, midjourney or stable diffusion for $20 on fiverr.com",,,packageList,data/pilot/html-balanced/tshahar/20251003_create-ai-art-for-your-business-and-personal-needs.html.gz
ttasev92,design-creative-facebook-ads,20251028,2025,10,35.0,65.0,95.0,Ttasev92: I will design creative facebook and instagram ad images or posts for $35 on fiverr.com,4.9,3607,packageList,data/pilot/html-balanced/ttasev92/20251028_design-creative-facebook-ads.html.gz
ttzachii,develop-mobile-app-for-company-business-website,20210105,2021,01,5.0,450.0,950.0,"I will develop mobile app for company, business, website",5.0,499,packageList,data/pilot/html-balanced/ttzachii/20210105_develop-mobile-app-for-company-business-website.html.gz
tulesh,do-excel-data-entry,20200706,2020,07,10.0,40.0,100.0,"tulesh : I will do excel data entry, copy paste, typing, data entry for $10 on fiverr.com",5.0,1439,packageList,data/pilot/html-balanced/tulesh/20200706_do-excel-data-entry.html.gz
tulytan,translate-en-to-th-500-words-less-than-24hrs,20230402,2023,04,10.0,15.0,20.0,Tulytan: I will translate english to thai in less than 24hrs for $10 on fiverr.com,5.0,950,packageList,data/pilot/html-balanced/tulytan/20230402_translate-en-to-th-500-words-less-than-24hrs.html.gz
tuneman,copywrite-you-a-powerful-headline-and-tagline-or-slogan-for-your-business,20180730,2018,07,10.0,20.0,40.0,tuneman : I will copywrite you a powerful headline and tagline or slogan for your business for $5 on www.fiverr.com,10.0,,old_json,data/pilot/html-balanced/tuneman/20180730_copywrite-you-a-powerful-headline-and-tagline-or-slogan-for-your-business.html.gz
turbiville,record-a-killer-voice-over,20210927,2021,09,150.0,,,Turbiville: I will record a natural conversational male voice over same day for $150 on fiverr.com,5.0,89,packageList,data/pilot/html-balanced/turbiville/20210927_record-a-killer-voice-over.html.gz
tushar391114,setup-super-profitable-ads-campaign-instagram-ads-google-adds,20201219,2020,12,10.0,30.0,60.0,I will setup facebook ads campaign for an increase sales,,,packageList,data/pilot/html-balanced/tushar391114/20201219_setup-super-profitable-ads-campaign-instagram-ads-google-adds.html.gz
twchisholmmrw,create-a-resume-and-linkedin-profile-that-provides-results,20211001,2021,10,550.0,650.0,850.0,"Twchisholmmrw: I will create a successful executive resume, linkedin profile, cover letter, and bio for $550 on fiverr.com",5.0,64,packageList,data/pilot/html-balanced/twchisholmmrw/20211001_create-a-resume-and-linkedin-profile-that-provides-results.html.gz
tweets_asap,tweet-your-message-to-my-500k-twitter-followers,20200701,2020,07,5.0,10.0,15.0,tweets_asap : I will tweet your website to my 330k twitter followers for $5 on fiverr.com,4.9,310,packageList,data/pilot/html-balanced/tweets_asap/20200701_tweet-your-message-to-my-500k-twitter-followers.html.gz
twittmarketing,do-music-promotion-to-thousands-fans-on-my-social-network,20200417,2020,04,120.0,170.0,250.0,twittmarketing : I will submit your song to music playlists for $120 on fiverr.com,5.0,75,packageList,data/pilot/html-balanced/twittmarketing/20200417_do-music-promotion-to-thousands-fans-on-my-social-network.html.gz
twitwimp,install-letsencrypt-free-ssl-on-wordpress-or-vps-with-greenpad-lock,20190108,2019,01,5.0,,,twitwimp : I will install letsencrypt free SSL certificate on any domain for $5 on www.fiverr.com,5.0,62,packageList,data/pilot/html-balanced/twitwimp/20190108_install-letsencrypt-free-ssl-on-wordpress-or-vps-with-greenpad-lock.html.gz
twto_tv,design-youtube-banner-art,20240701,2024,07,40.0,50.0,95.0,Twto_tv: I will design a perfect youtube banner for $40 on fiverr.com,5.0,6147,packageList,data/pilot/html-balanced/twto_tv/20240701_design-youtube-banner-art.html.gz
uaedubai874,record-arabic-screencast-explainer-video-or-app-video,20220220,2022,02,10.0,20.0,40.0,Uaedubai874: I will record arabic screen capture explainer video or app video for $10 on fiverr.com,5.0,12,packageList,data/pilot/html-balanced/uaedubai874/20220220_record-arabic-screencast-explainer-video-or-app-video.html.gz
ubaidchohan,create-a-eye-catchy-and-indelible-logo-for-your-business,20260211,2026,02,50.0,100.0,175.0,Ubaidchohan: I will design a logo or brand identity for $50 on fiverr.com,4.9,452,packageList,data/pilot/html-balanced/ubaidchohan/20260211_create-a-eye-catchy-and-indelible-logo-for-your-business.html.gz
ui_helen,design-photoshop-psd-web-template-or-psd-website-design-ui-ux-design-mobile-app-916b,20201001,2020,10,75.0,220.0,350.0,I will design photoshop web template or PSD website landing page UI UX,4.9,98,packageList,data/pilot/html-balanced/ui_helen/20201001_design-photoshop-psd-web-template-or-psd-website-design-ui-ux-design-mobile-app-916b.html.gz
ukseoguy,create-250-google-map-citations-to-help-your-uk-business-local-seo,20210508,2021,05,25.0,40.0,75.0,Ukseoguy: I will create 150 unique google map citations help your uk business for $25 on fiverr.com,5.0,83,packageList,data/pilot/html-balanced/ukseoguy/20210508_create-250-google-map-citations-to-help-your-uk-business-local-seo.html.gz
ukseoguy,create-250-google-map-citations-to-help-your-uk-business-local-seo,20221010,2022,10,40.0,50.0,80.0,Ukseoguy: I will create 150 unique google map citations help your uk business for $40 on fiverr.com,5.0,150,packageList,data/pilot/html-balanced/ukseoguy/20221010_create-250-google-map-citations-to-help-your-uk-business-local-seo.html.gz
ulllon,design-custom-drawn-youtube-thumbnails,20230102,2023,01,25.0,35.0,45.0,Ulllon: I will draw an illustrated youtube thumbnail for you for $25 on fiverr.com,4.9,340,packageList,data/pilot/html-balanced/ulllon/20230102_design-custom-drawn-youtube-thumbnails.html.gz
ultrabud,do-wix-seo-for-top-google-ranking,20200715,2020,07,5.0,30.0,60.0,ultrabud : I will do wix SEO for top google ranking for $5 on fiverr.com,5.0,87,packageList,data/pilot/html-balanced/ultrabud/20200715_do-wix-seo-for-top-google-ranking.html.gz
umair_88,virtual-assistant-shopify-web-research-email-word-data-entry-entry-web-excel,20201027,2020,10,10.0,95.0,240.0,I will be your virtual assistant for 30 hours,4.3,1,packageList,data/pilot/html-balanced/umair_88/20201027_virtual-assistant-shopify-web-research-email-word-data-entry-entry-web-excel.html.gz
umair_malik_1,design-youtube-banner-for-you,20230401,2023,04,20.0,,,Umair_malik_1: I will design professional youtube banner for you for $20 on fiverr.com,5.0,1500,packageList,data/pilot/html-balanced/umair_malik_1/20230401_design-youtube-banner-for-you.html.gz
umairali508,develop-website-with-codeigniter-laravel-symfony,20190606,2019,06,30.0,250.0,500.0,"umairali508 : I will develop website with codeigniter , laravel , symfony , PHP for $30 on www.fiverr.com",5.0,26,packageList,data/pilot/html-balanced/umairali508/20190606_develop-website-with-codeigniter-laravel-symfony.html.gz
umarkyousafzai9,make-your-end-to-end-machine-learning-application,20211021,2021,10,5.0,100.0,5000.0,Umarkyousafzai9: I will make your end to end machine learning project for $5 on fiverr.com,5.0,74,packageList,data/pilot/html-balanced/umarkyousafzai9/20211021_make-your-end-to-end-machine-learning-application.html.gz
umer_malik00,build-a-python-web-scraper-for-web-scraping-data-extraction,20210917,2021,09,5.0,20.0,60.0,Umer_malik00: I will build a python web scraper for web scraping data extraction for $5 on fiverr.com,5.0,18,packageList,data/pilot/html-balanced/umer_malik00/20210917_build-a-python-web-scraper-for-web-scraping-data-extraction.html.gz
umer_malik00,build-a-python-web-scraper-for-web-scraping-data-extraction,20221001,2022,10,10.0,40.0,100.0,Umer_malik00: I will build a python web scraper for web scraping data extraction for $10 on fiverr.com,4.9,269,packageList,data/pilot/html-balanced/umer_malik00/20221001_build-a-python-web-scraper-for-web-scraping-data-extraction.html.gz
umerkhan918,design-a-35-plus-slides-professional-presentation,20220102,2022,01,50.0,100.0,250.0,"Umerkhan918: I will create your powerpoint presentation, keynote, google slides for $50 on fiverr.com",4.9,1684,packageList,data/pilot/html-balanced/umerkhan918/20220102_design-a-35-plus-slides-professional-presentation.html.gz
underwoodbeats,make-you-an-emo-guitar-rap-trap-beat,20191223,2019,12,10.0,,,underwoodbeats : I will make you an emo guitar rap trap beat instrumental for $10 on www.fiverr.com,,,packageList,data/pilot/html-balanced/underwoodbeats/20191223_make-you-an-emo-guitar-rap-trap-beat.html.gz
uniquefivex,create-an-engaging-animated-explainer-video,20251117,2025,11,125.0,135.0,150.0,Uniquefivex: I will create an engaging animated explainer video for $125 on fiverr.com,5.0,570,packageList,data/pilot/html-balanced/uniquefivex/20251117_create-an-engaging-animated-explainer-video.html.gz
uplancemedia,create-content-for-your-social-media-accounts,20221023,2022,10,395.0,595.0,795.0,Uplancemedia: I will create content for your social media accounts monthly for $395 on fiverr.com,4.9,249,packageList,data/pilot/html-balanced/uplancemedia/20221023_create-content-for-your-social-media-accounts.html.gz
uri_iothreat,provide-cybersecurity-and-devops-services-on-aws,20230101,2023,01,500.0,1125.0,2125.0,Uri_iothreat: I will provide cybersecurity and devops services for $500 on fiverr.com,5.0,10,packageList,data/pilot/html-balanced/uri_iothreat/20230101_provide-cybersecurity-and-devops-services-on-aws.html.gz
url_indexing,optimize-google-maps-seo-and-gmb-ranking-for-your-business,20250113,2025,01,10.0,40.0,100.0,Url_indexing: I will optimize google maps SEO and gmb ranking for your business for $10 on fiverr.com,,,packageList,data/pilot/html-balanced/url_indexing/20250113_optimize-google-maps-seo-and-gmb-ranking-for-your-business.html.gz
us_bizguru,pen-internet-or-technology-it-support-social-media-write-up,20200101,2020,01,100.0,150.0,250.0,us_bizguru : I will pen internet or technology IT support social media write up for $100 on www.fiverr.com,,133,packageList,data/pilot/html-balanced/us_bizguru/20200101_pen-internet-or-technology-it-support-social-media-write-up.html.gz
usama_studio2,be-your-mobile-app-developer-or-do-android-app-development-in-android-studio,20231025,2023,10,100.0,200.0,450.0,Usama_studio2: I will be your android app developer or do android app development for $100 on fiverr.com,5.0,134,packageList,data/pilot/html-balanced/usama_studio2/20231025_be-your-mobile-app-developer-or-do-android-app-development-in-android-studio.html.gz
usamaajmal628,create-a-shopify-one-product-dropshipping-store,20200821,2020,08,40.0,60.0,100.0,"usamaajmal628 : I will create a  one product shopify store, dropshipping store for $40 on fiverr.com",5.0,114,packageList,data/pilot/html-balanced/usamaajmal628/20200821_create-a-shopify-one-product-dropshipping-store.html.gz
usamabinkhrshid,use-clickfunnel-to-build-your-audience,20240401,2024,04,100.0,295.0,445.0,"Usamabinkhrshid: I will design sales funnels, landing pages in kartra and clickfunnels, kajabi wesbites for $100 on fiverr.com",5.0,457,packageList,data/pilot/html-balanced/usamabinkhrshid/20240401_use-clickfunnel-to-build-your-audience.html.gz
usamatanveerw4,design-and-customize-a-wordpress-website,20230404,2023,04,150.0,350.0,500.0,Usamatanveerw4: I will build a responsive business wordpress website design for $150 on fiverr.com,5.0,384,packageList,data/pilot/html-balanced/usamatanveerw4/20230404_design-and-customize-a-wordpress-website.html.gz
usman_iffi,create-spreadsheet-formula-or-macro,20210428,2021,04,15.0,75.0,150.0,Usman_iffi: I will create excel spreadsheet with formula or macro for $15 on fiverr.com,4.9,651,packageList,data/pilot/html-balanced/usman_iffi/20210428_create-spreadsheet-formula-or-macro.html.gz
usman_tech12,develop-professional-wordpress-website-and-ecommerce-store,20250105,2025,01,80.0,160.0,250.0,Usman_tech12: I will develop professional wordpress website and ecommerce store for $80 on fiverr.com,1.7,5,packageList,data/pilot/html-balanced/usman_tech12/20250105_develop-professional-wordpress-website-and-ecommerce-store.html.gz
usman_tech12,develop-professional-wordpress-website-and-ecommerce-store,20250808,2025,08,80.0,160.0,250.0,Usman_tech12: I will develop professional wordpress website and ecommerce store for $80 on fiverr.com,1.7,5,packageList,data/pilot/html-balanced/usman_tech12/20250808_develop-professional-wordpress-website-and-ecommerce-store.html.gz
usmanale3,make-outstanding-anime-music-video-amv-for-you,20190105,2019,01,50.0,100.0,150.0,usmanale3 : I will make outstanding anime music video amv for you for $50 on www.fiverr.com,5.0,9,dollar_fallback,data/pilot/html-balanced/usmanale3/20190105_make-outstanding-anime-music-video-amv-for-you.html.gz
usmanasif11,be-your-front-end-react-js-developer-and-designer,20250922,2025,09,170.0,315.0,815.0,"Usmanasif11: I will be your expert react js, next js or a full stack developer for $170 on fiverr.com",5.0,122,packageList,data/pilot/html-balanced/usmanasif11/20250922_be-your-front-end-react-js-developer-and-designer.html.gz
usmanmauvia110,convert-all-type-of-file-conversion,20260111,2026,01,100.0,180.0,250.0,Usmanmauvia110: I will do facebook ads consultation for $100 on fiverr.com,5.0,10,packageList,data/pilot/html-balanced/usmanmauvia110/20260111_convert-all-type-of-file-conversion.html.gz
ustaad007,draw-a-podcast-cover-art-for-you,20210701,2021,07,15.0,25.0,45.0,Ustaad007: I will design a podcast cover art for $15 on fiverr.com,4.9,48,packageList,data/pilot/html-balanced/ustaad007/20210701_draw-a-podcast-cover-art-for-you.html.gz
uwanikoq,draw-cute-custom-emotes-or-badges-for-twitch-youtube-discord,20230810,2023,08,5.0,15.0,30.0,Uwanikoq: I will draw cute custom emotes or badges for twitch youtube discord for $5 on fiverr.com,5.0,852,packageList,data/pilot/html-balanced/uwanikoq/20230810_draw-cute-custom-emotes-or-badges-for-twitch-youtube-discord.html.gz
valentin_vffv,create-a-custom-and-high-quality-telegram-bot-for-you,20240401,2024,04,30.0,50.0,85.0,Valentin_vffv: I will create a custom and high quality telegram bot for you for $30 on fiverr.com,4.9,39,packageList,data/pilot/html-balanced/valentin_vffv/20240401_create-a-custom-and-high-quality-telegram-bot-for-you.html.gz
valeria1996,provide-a-professional-translation-en-it-fr,20191117,2019,11,5.0,,,"valeria1996 : I will provide a professional translation it, en, fr for $5 on www.fiverr.com",5.0,3,packageList,data/pilot/html-balanced/valeria1996/20191117_provide-a-professional-translation-en-it-fr.html.gz
valerio_morini,do-professional-color-grading-to-your-videos-to-give-it-a-cinematic-look,20240709,2024,07,100.0,215.0,650.0,Valerio_morini: I will do professional color grading to give your videos a cinematic look for $100 on fiverr.com,5.0,315,packageList,data/pilot/html-balanced/valerio_morini/20240709_do-professional-color-grading-to-your-videos-to-give-it-a-cinematic-look.html.gz
valiantprove,do-bulk-email-blast-for-your-email-campaign-email-marketing,20230625,2023,06,10.0,30.0,50.0,"Valiantprove: I will locate email addresses, contact information, do bulk email blast for $10 on fiverr.com",,,packageList,data/pilot/html-balanced/valiantprove/20230625_do-bulk-email-blast-for-your-email-campaign-email-marketing.html.gz
valleys2785,set-up-your-facebook-and-instagram-ads,20250725,2025,07,300.0,350.0,395.0,Valleys2785: I will set up facebook and instagram ads for leads and sales for $300 on fiverr.com,4.9,2167,packageList,data/pilot/html-balanced/valleys2785/20250725_set-up-your-facebook-and-instagram-ads.html.gz
vandersaim,create-a-basic-3d-animation,20240101,2024,01,100.0,250.0,450.0,Vandersaim: I will create stunning 3d visuals and motion graphics for $100 on fiverr.com,4.9,203,packageList,data/pilot/html-balanced/vandersaim/20240101_create-a-basic-3d-animation.html.gz
varjivarje,create-your-hd-3d-book-promotion-video,20211015,2021,10,10.0,15.0,25.0,Varjivarje: I will create an amazing video trailer for your book for $10 on fiverr.com,5.0,133,packageList,data/pilot/html-balanced/varjivarje/20211015_create-your-hd-3d-book-promotion-video.html.gz
vasily17,professionally-schedule-content-on-instagram,20190929,2019,09,155.0,285.0,545.0,vasily17 : I will professionally schedule content on instagram for $155 on www.fiverr.com,4.9,40,packageList,data/pilot/html-balanced/vasily17/20190929_professionally-schedule-content-on-instagram.html.gz
veasse,sing-your-song-with-backing-music-or-acapella,20180726,2018,07,0.0,5.0,5.0,veasse : I will sing your song with backing music or acapella for $5 on www.fiverr.com,10.0,40,old_json,data/pilot/html-balanced/veasse/20180726_sing-your-song-with-backing-music-or-acapella.html.gz
vector_mediaqo,do-youtube-video-promotion-to-boost-video-ranking,20251229,2025,12,10.0,20.0,30.0,Vector_mediaqo: I will do youtube video promotion to boost video ranking for $10 on fiverr.com,5.0,67,packageList,data/pilot/html-balanced/vector_mediaqo/20251229_do-youtube-video-promotion-to-boost-video-ranking.html.gz
vekser,create-a-frame-by-frame-animation,20230101,2023,01,40.0,55.0,105.0,Vekser: I will create a frame by frame animation for $40 on fiverr.com,4.9,105,packageList,data/pilot/html-balanced/vekser/20230101_create-a-frame-by-frame-animation.html.gz
velint,be-your-professional-copywriter-16818b08-6fcb-43a3-a48b-1b69e8a826f4,20200607,2020,06,5.0,,,velint : I will do creative writing and be your professional copywriter for $5 on fiverr.com,4.8,241,packageList,data/pilot/html-balanced/velint/20200607_be-your-professional-copywriter-16818b08-6fcb-43a3-a48b-1b69e8a826f4.html.gz
ventaizer,animate-your-still-picture,20201008,2020,10,10.0,15.0,20.0,"I will animate your images, pictures, drawings, photos, logo",4.9,269,packageList,data/pilot/html-balanced/ventaizer/20201008_animate-your-still-picture.html.gz
venturols,translate-english-to-italian-and-viceversa,20210701,2021,07,5.0,10.0,15.0,Venturols: I will translate english to italian and viceversa for $5 on fiverr.com,5.0,246,packageList,data/pilot/html-balanced/venturols/20210701_translate-english-to-italian-and-viceversa.html.gz
venusvargas,record-female-vocals-for-your-song,20190502,2019,05,60.0,75.0,150.0,"I will be your female singer, songwriter or vocalist in any genre",4.9,92,packageList,data/pilot/html-balanced/venusvargas/20190502_record-female-vocals-for-your-song.html.gz
vfx_sami,create-fully-animated-custom-steam-artwork-for-your-steam-profile-2cdb,20231001,2023,10,20.0,25.0,40.0,Vfx_sami: I will create fully animated custom steam artwork for your steam profile for $20 on fiverr.com,5.0,205,packageList,data/pilot/html-balanced/vfx_sami/20231001_create-fully-animated-custom-steam-artwork-for-your-steam-profile-2cdb.html.gz
vfxrz1,do-disintegration-animation-on-images,20240419,2024,04,100.0,300.0,700.0,Vfxrz1: I will do 3d and 2d animation for $100 on fiverr.com,5.0,13,packageList,data/pilot/html-balanced/vfxrz1/20240419_do-disintegration-animation-on-images.html.gz
vicky084,write-your-blogs-and-articles,20231001,2023,10,35.0,55.0,105.0,Vicky084: I will write your blogs and articles for $35 on fiverr.com,5.0,421,packageList,data/pilot/html-balanced/vicky084/20231001_write-your-blogs-and-articles.html.gz
vicky_motion,create-a-custom-logo-animation-and-intro-video,20240101,2024,01,50.0,100.0,150.0,Vicky_motion: I will create a custom logo animation and intro video for $50 on fiverr.com,4.9,267,packageList,data/pilot/html-balanced/vicky_motion/20240101_create-a-custom-logo-animation-and-intro-video.html.gz
vicmangraphix,design-an-excellent-podcast-art-cover-for-you,20260209,2026,02,25.0,35.0,45.0,Vicmangraphix: I will design luxury modern podcast cover art and logo for $25 on fiverr.com,5.0,5,packageList,data/pilot/html-balanced/vicmangraphix/20260209_design-an-excellent-podcast-art-cover-for-you.html.gz
victory080,be-your-content-writer-or-rewriter,20190206,2019,02,10.0,50.0,100.0,victory080 : I will be your website content writer or rewriter for $10 on www.fiverr.com,4.7,13,dollar_fallback,data/pilot/html-balanced/victory080/20190206_be-your-content-writer-or-rewriter.html.gz
vidalion,create-lowpoly-assets-in-blender-for-your-animation-or-game,20200101,2020,01,5.0,15.0,20.0,vidalion : I will create your low poly design for games or render for $5 on www.fiverr.com,4.7,4,packageList,data/pilot/html-balanced/vidalion/20200101_create-lowpoly-assets-in-blender-for-your-animation-or-game.html.gz
videofx01,create-this-book-promotion-video-trailer,20200812,2020,08,10.0,15.0,20.0,videofx01 : I will create this book promotion video trailer for $10 on fiverr.com,5.0,388,packageList,data/pilot/html-balanced/videofx01/20200812_create-this-book-promotion-video-trailer.html.gz
videoking101,record-a-1-minute-video-cry-about-anything-you-please,20190105,2019,01,5.0,10.0,15.0,videoking101 : I will record a 1 minute video cry about anything you please for $5 on www.fiverr.com,4.9,132,dollar_fallback,data/pilot/html-balanced/videoking101/20190105_record-a-1-minute-video-cry-about-anything-you-please.html.gz
videomaker0,create-an-amazing-promotional-and-explainer-video,20181001,2018,10,50.0,100.0,150.0,videomaker0 : I will create an amazing promotional and explainer video for $50 on www.fiverr.com,5.0,39,dollar_fallback,data/pilot/html-balanced/videomaker0/20181001_create-an-amazing-promotional-and-explainer-video.html.gz
videos_art,make-top-notch-cinematic-product-commercial-marketing-videos,20220103,2022,01,25.0,55.0,95.0,Videos_art: I will make top notch cinematic product commercial marketing videos for $25 on fiverr.com,5.0,1,packageList,data/pilot/html-balanced/videos_art/20220103_make-top-notch-cinematic-product-commercial-marketing-videos.html.gz
vidpr0,create-cinematic-book-trailer-video,20240524,2024,05,5.0,10.0,20.0,Vidpr0: I will create cinematic book trailer video for $5 on fiverr.com,4.8,26,packageList,data/pilot/html-balanced/vidpr0/20240524_create-cinematic-book-trailer-video.html.gz
vignesh_123,hts-codes-classification-import-export,20251225,2025,12,5.0,15.0,20.0,"Vignesh_123: I will provide import hs code, hts code, calculate tax,customs duty for your product for $5 on fiverr.com",4.9,485,packageList,data/pilot/html-balanced/vignesh_123/20251225_hts-codes-classification-import-export.html.gz
vikramsingh662,set-up-rank-math-with-90-seo-score,20240720,2024,07,15.0,75.0,100.0,Vikramsingh662: I will set up rank math SEO with 90 score for $15 on fiverr.com,5.0,344,packageList,data/pilot/html-balanced/vikramsingh662/20240720_set-up-rank-math-with-90-seo-score.html.gz
vilanpams,draw-cute-cartoon-characters-in-less-than-24-hours,20260105,2026,01,5.0,15.0,25.0,"Vilanpams: I will draw cute cartoon characters, animal in less than 24 hours for $5 on fiverr.com",4.9,466,packageList,data/pilot/html-balanced/vilanpams/20260105_draw-cute-cartoon-characters-in-less-than-24-hours.html.gz
vince_hua,create-professional-qr-codes,20210515,2021,05,5.0,10.0,20.0,Vince_hua: I will create professional qr code design with your logo for $5 on fiverr.com,5.0,762,packageList,data/pilot/html-balanced/vince_hua/20210515_create-professional-qr-codes.html.gz
vinctosc,create-a-manychat-bot-for-your-amazon-business-on-facebook,20240404,2024,04,75.0,100.0,125.0,Vinctosc: I will create a manychat bot for your amazon business on facebook for $75 on fiverr.com,4.9,234,packageList,data/pilot/html-balanced/vinctosc/20240404_create-a-manychat-bot-for-your-amazon-business-on-facebook.html.gz
vintage_valley,design-professional-business-logo,20250117,2025,01,35.0,85.0,135.0,"Vintage_valley: I will design modern minimalist, world, sports, and business logo for $35 on fiverr.com",4.9,192,packageList,data/pilot/html-balanced/vintage_valley/20250117_design-professional-business-logo.html.gz
viper2024,photograph-events-real-estate-and-portraits,20250127,2025,01,200.0,350.0,1000.0,"Viper2024: I will photograph events, real estate and portraits for $200 on fiverr.com",5.0,5,packageList,data/pilot/html-balanced/viper2024/20250127_photograph-events-real-estate-and-portraits.html.gz
virtualgirl2010,do-3-months-seo-package-offsite,20190607,2019,06,75.0,150.0,225.0,virtualgirl2010 : I will do 3 months SEO package offsite link building for $75 on www.fiverr.com,5.0,23,packageList,data/pilot/html-balanced/virtualgirl2010/20190607_do-3-months-seo-package-offsite.html.gz
visualsbypaola,create-your-youtube-intro-or-outro,20220101,2022,01,60.0,100.0,145.0,Visualsbypaola: I will do high quality custom youtube intro and outro for $60 on fiverr.com,5.0,165,packageList,data/pilot/html-balanced/visualsbypaola/20220101_create-your-youtube-intro-or-outro.html.gz
vitolic,help-you-setup-and-launch-a-podcast,20211017,2021,10,15.0,40.0,50.0,"Vitolic: I will setup and distribute your podcast to apple,spotify and more for $15 on fiverr.com",5.0,4,packageList,data/pilot/html-balanced/vitolic/20211017_help-you-setup-and-launch-a-podcast.html.gz
vitolic,help-you-setup-and-launch-a-podcast,20230101,2023,01,10.0,45.0,65.0,"Vitolic: I will setup and distribute your podcast to apple,spotify and more for $10 on fiverr.com",5.0,57,packageList,data/pilot/html-balanced/vitolic/20230101_help-you-setup-and-launch-a-podcast.html.gz
vivianne_,write-a-killer-explainer-video-script-or-commercial-script,20220728,2022,07,20.0,30.0,50.0,"Vivianne_: I will write a brand story, realtor bio or real estate agent bio for $20 on fiverr.com",4.9,814,packageList,data/pilot/html-balanced/vivianne_/20220728_write-a-killer-explainer-video-script-or-commercial-script.html.gz
vivienneb71,transcribe-your-audio-video-files-fast-and-accurately,20240101,2024,01,5.0,20.0,40.0,"Vivienneb71: I will transcribe your audio, video files fast and accurately for $5 on fiverr.com",5.0,1163,packageList,data/pilot/html-balanced/vivienneb71/20240101_transcribe-your-audio-video-files-fast-and-accurately.html.gz
vlad_ny,fix-any-issues-create-new-nodes-or-systems-for-buildbox,20201006,2020,10,10.0,50.0,125.0,"I will fix any issues, create new nodes or systems for buildbox",5.0,14,packageList,data/pilot/html-balanced/vlad_ny/20201006_fix-any-issues-create-new-nodes-or-systems-for-buildbox.html.gz
vladd3d,do-3d-modeling-and-rendering-for-your-product,20200401,2020,04,2500.0,,,"vladd3d : I will create your products the best digital portraits, on fiverr for $2500 on fiverr.com",5.0,17,packageList,data/pilot/html-balanced/vladd3d/20200401_do-3d-modeling-and-rendering-for-your-product.html.gz
voiceoverangela,record-and-produce-your-audiobook,20200703,2020,07,100.0,,,"voiceoverangela : I will narrate and produce your audiobook for acx,  audible for $100 on fiverr.com",5.0,55,packageList,data/pilot/html-balanced/voiceoverangela/20200703_record-and-produce-your-audiobook.html.gz
voiceoverden1,make-your-radio-ad-pop-with-a-professional-voice-over,20221207,2022,12,25.0,35.0,45.0,Voiceoverden1: I will make your radio ad pop with a professional voice over for $25 on fiverr.com,5.0,7,packageList,data/pilot/html-balanced/voiceoverden1/20221207_make-your-radio-ad-pop-with-a-professional-voice-over.html.gz
voidln,animate-anything-you-need-on-roblox,20231224,2023,12,10.0,15.0,25.0,Voidln: I will make you roblox animations for your game for $10 on fiverr.com,4.9,134,packageList,data/pilot/html-balanced/voidln/20231224_animate-anything-you-need-on-roblox.html.gz
volca123,create-stick-figure-animation,20220107,2022,01,15.0,30.0,50.0,Volca123: I will create stick figure animation or stickman animation for $15 on fiverr.com,4.9,140,packageList,data/pilot/html-balanced/volca123/20220107_create-stick-figure-animation.html.gz
voltdigitalco,build-a-facebook-messenger-chatbot-with-manychat,20211030,2021,10,250.0,500.0,750.0,Voltdigitalco: I will build a facebook messenger chatbot with manychat for $250 on fiverr.com,,,packageList,data/pilot/html-balanced/voltdigitalco/20211030_build-a-facebook-messenger-chatbot-with-manychat.html.gz
volusme,translate-any-text-from-english-to-italian,20180813,2018,08,5.0,10.0,10.0,volusme : I will translate up to 500 words from english to italian for $5 on www.fiverr.com,5.0,276,old_json,data/pilot/html-balanced/volusme/20180813_translate-any-text-from-english-to-italian.html.gz
vomatt,record-a-professional-american-voiceover,20220702,2022,07,25.0,,,Vomatt: I will record a pro american male voice over narration for $25 on fiverr.com,5.0,7335,packageList,data/pilot/html-balanced/vomatt/20220702_record-a-professional-american-voiceover.html.gz
vovkaslovesnyy,translate-between-english-russian-or-spanish,20210701,2021,07,5.0,25.0,50.0,Vovkaslovesnyy: I will perfectly translate from russian to english or from english to russian for $5 on fiverr.com,5.0,2641,packageList,data/pilot/html-balanced/vovkaslovesnyy/20210701_translate-between-english-russian-or-spanish.html.gz
voxelize,do-a-professional-video-editing-within-24-hours,20190108,2019,01,5.0,10.0,20.0,voxelize : I will do a professional video editing within 24 hours for $5 on www.fiverr.com,5.0,633,packageList,data/pilot/html-balanced/voxelize/20190108_do-a-professional-video-editing-within-24-hours.html.gz
vrcollins89,edit-your-romance-novel,20241002,2024,10,135.0,210.0,395.0,Vrcollins89: I will edit your romance novel for $135 on fiverr.com,4.9,96,packageList,data/pilot/html-balanced/vrcollins89/20241002_edit-your-romance-novel.html.gz
vungocduc,animate-your-game-character,20241217,2024,12,30.0,90.0,150.0,Vungocduc: I will create professional animation for 2d game character for $30 on fiverr.com,5.0,364,packageList,data/pilot/html-balanced/vungocduc/20241217_animate-your-game-character.html.gz
vusishongwe,create-a-microsoft-excel-project-management-dashboard,20220701,2022,07,25.0,45.0,65.0,Vusishongwe: I will create a microsoft excel project management dashboard for $25 on fiverr.com,5.0,24,packageList,data/pilot/html-balanced/vusishongwe/20220701_create-a-microsoft-excel-project-management-dashboard.html.gz
w3bdesignuk,design-and-build-a-beautiful-bespoke-website-da93,20181001,2018,10,800.0,1000.0,1200.0,"w3bdesignuk : I will design and build a beautiful, bespoke website for $800 on www.fiverr.com",5.0,2,dollar_fallback,data/pilot/html-balanced/w3bdesignuk/20181001_design-and-build-a-beautiful-bespoke-website-da93.html.gz
wajihafatima,proofread-and-edit-5-000-words-in-just-6-hours,20190929,2019,09,10.0,20.0,30.0,"wajihafatima : I will proofread and edit 5,000 words in just 6 hours for $10 on www.fiverr.com",4.9,76,packageList,data/pilot/html-balanced/wajihafatima/20190929_proofread-and-edit-5-000-words-in-just-6-hours.html.gz
waleed001,do-professional-video-editing-with-in-24-hours,20231127,2023,11,10.0,40.0,70.0,Waleed001: I will do professional video editing with in 24 hours for $10 on fiverr.com,5.0,1057,packageList,data/pilot/html-balanced/waleed001/20231127_do-professional-video-editing-with-in-24-hours.html.gz
waleed001,do-professional-video-editing-with-in-24-hours,20250514,2025,05,10.0,40.0,70.0,Waleed001: I will do professional video editing with in 24 hours for $10 on fiverr.com,4.9,1253,packageList,data/pilot/html-balanced/waleed001/20250514_do-professional-video-editing-with-in-24-hours.html.gz
waleednasir1,create-best-video-ad-for-social-media-business-or-website,20240101,2024,01,80.0,150.0,220.0,"Waleednasir1: I will create short video ads for social media, business or website for $80 on fiverr.com",4.9,465,packageList,data/pilot/html-balanced/waleednasir1/20240101_create-best-video-ad-for-social-media-business-or-website.html.gz
waleednasir1,create-best-video-ad-for-social-media-business-or-website,20240915,2024,09,90.0,160.0,250.0,"Waleednasir1: I will create short video ads for social media, business or website for $90 on fiverr.com",4.9,539,packageList,data/pilot/html-balanced/waleednasir1/20240915_create-best-video-ad-for-social-media-business-or-website.html.gz
waleedppcexpert,setup-manage-and-optimize-google-ads-adwords-ppc-campaigns,20230403,2023,04,35.0,185.0,450.0,"Waleedppcexpert: I will setup, manage and optimize google ads adwords ppc campaigns for $35 on fiverr.com",5.0,52,packageList,data/pilot/html-balanced/waleedppcexpert/20230403_setup-manage-and-optimize-google-ads-adwords-ppc-campaigns.html.gz
waleedview,create-fix-customize-your-wordpress-website,20250514,2025,05,250.0,370.0,470.0,"Waleedview: I will create, fix, customize, your wordpress website for $250 on fiverr.com",5.0,2673,packageList,data/pilot/html-balanced/waleedview/20250514_create-fix-customize-your-wordpress-website.html.gz
waqas___ahmad,build-a-fully-responsive-messenger-bot-for-your-fb-page,20210103,2021,01,10.0,40.0,70.0,I will create messenger chatbot using manychat or chatfuel,5.0,132,packageList,data/pilot/html-balanced/waqas___ahmad/20210103_build-a-fully-responsive-messenger-bot-for-your-fb-page.html.gz
wardashabbir201,convert-pdf-to-word-powerpoint-and-excel,20260101,2026,01,10.0,20.0,30.0,"Wardashabbir201: I will profesionally convert PDF to word, powerpoint, and excel for $10 on fiverr.com",4.9,8,packageList,data/pilot/html-balanced/wardashabbir201/20260101_convert-pdf-to-word-powerpoint-and-excel.html.gz
warraichgroup,make-top-notch-cinematic-commercial-book-trailer,20230714,2023,07,10.0,15.0,30.0,Warraichgroup: I will make top notch cinematic commercial book trailer for $10 on fiverr.com,5.0,212,packageList,data/pilot/html-balanced/warraichgroup/20230714_make-top-notch-cinematic-commercial-book-trailer.html.gz
waseem100,make-you-a-professional-attractive-power-point-presentation,20191002,2019,10,45.0,90.0,160.0,"waseem100 : I will make you a pro attractive,modern power point presentation for $45 on www.fiverr.com",4.9,189,packageList,data/pilot/html-balanced/waseem100/20191002_make-you-a-professional-attractive-power-point-presentation.html.gz
wasifbutt,provide-you-business-leads-email-for-marketing,20190109,2019,01,5.0,10.0,15.0,"wasifbutt : I will provide you business leads,contact and email for marketing for $5 on www.fiverr.com",4.9,798,dollar_fallback,data/pilot/html-balanced/wasifbutt/20190109_provide-you-business-leads-email-for-marketing.html.gz
wasifnisarx,make-top-10-youtube-videos-with-free-script-and-voice-over,20230427,2023,04,30.0,55.0,450.0,Wasifnisarx: I will do video creation and run youtube automation for $30 on fiverr.com,4.9,297,packageList,data/pilot/html-balanced/wasifnisarx/20230427_make-top-10-youtube-videos-with-free-script-and-voice-over.html.gz
waxcastlez,add-your-music-to-our-apple-music-60-minute-24-7-playlist-for-1-month,20190820,2019,08,5.0,10.0,15.0,waxcastlez : I will add your music to our apple music playlist for 1 month for $5 on www.fiverr.com,4.9,383,packageList,data/pilot/html-balanced/waxcastlez/20190820_add-your-music-to-our-apple-music-60-minute-24-7-playlist-for-1-month.html.gz
waziullah,design-brochure-product-catalog-booklet,20230714,2023,07,50.0,200.0,3000.0,"Waziullah: I will design brochure, product catalog, booklet for $50 on fiverr.com",4.9,259,packageList,data/pilot/html-balanced/waziullah/20230714_design-brochure-product-catalog-booklet.html.gz
web_chrome,do-wordpress-website-development-design-redesign-duplicate-wordpress-website,20241001,2024,10,100.0,295.0,495.0,Web_chrome: I will build or rebuild website development full stack developer create custom website for $100 on fiverr.com,5.0,176,packageList,data/pilot/html-balanced/web_chrome/20241001_do-wordpress-website-development-design-redesign-duplicate-wordpress-website.html.gz
web_spero,build-wordpress-website-custom-wordpress-website-business-website-development,20251128,2025,11,85.0,285.0,485.0,"Web_spero: I will build or rebuild website development as full stack web developer, custom website for $85 on fiverr.com",5.0,59,packageList,data/pilot/html-balanced/web_spero/20251128_build-wordpress-website-custom-wordpress-website-business-website-development.html.gz
webbrave_,design-redesign-shopify-store-shopify-dropshipping-store-shopify-website,20250514,2025,05,125.0,285.0,455.0,"Webbrave_: I will design, redesign shopify store, shopify dropshipping store, shopify website for $125 on fiverr.com",4.9,459,packageList,data/pilot/html-balanced/webbrave_/20250514_design-redesign-shopify-store-shopify-dropshipping-store-shopify-website.html.gz
webby_expert,create-a-complete-responsive-wordpress-website,20251201,2025,12,150.0,595.0,995.0,"Webby_expert: I will design wordpress website, development, wordpress redesign, fix or landing page for $150 on fiverr.com",4.9,754,packageList,data/pilot/html-balanced/webby_expert/20251201_create-a-complete-responsive-wordpress-website.html.gz
webexpert107,fix-and-develop-any-website-in-codeigniter,20180817,2018,08,0.0,0.0,50.0,webexpert107 : I will fix and develop any website in codeigniter or core php for $5 on www.fiverr.com,5.0,92,old_json,data/pilot/html-balanced/webexpert107/20180817_fix-and-develop-any-website-in-codeigniter.html.gz
webfivez,write-professional-press-release-and-do-premium-distribution,20230518,2023,05,20.0,145.0,190.0,Webfivez: I will write professional press release and do press release distribution for $20 on fiverr.com,5.0,227,packageList,data/pilot/html-balanced/webfivez/20230518_write-professional-press-release-and-do-premium-distribution.html.gz
webtechiess11,landing-page-wordpress-responsive-landing-page-design-single-page-website-design,20210823,2021,08,25.0,45.0,90.0,Webtechiess11: I will do wordpress landing page design or one page website for $25 on fiverr.com,4.9,52,packageList,data/pilot/html-balanced/webtechiess11/20210823_landing-page-wordpress-responsive-landing-page-design-single-page-website-design.html.gz
webtechiess11,landing-page-wordpress-responsive-landing-page-design-single-page-website-design,20250430,2025,04,185.0,345.0,485.0,Webtechiess11: I will do wordpress landing page design or one page website for $185 on fiverr.com,5.0,249,packageList,data/pilot/html-balanced/webtechiess11/20250430_landing-page-wordpress-responsive-landing-page-design-single-page-website-design.html.gz
weedstation,draw-simple-black-and-white-line-art-illustration-for-you,20200401,2020,04,10.0,,,weedstation : I will draw simple black and white line art illustration for you for $10 on fiverr.com,5.0,483,packageList,data/pilot/html-balanced/weedstation/20200401_draw-simple-black-and-white-line-art-illustration-for-you.html.gz
weperfectionist,do-minimalist-logo-design,20231002,2023,10,10.0,55.0,95.0,Weperfectionist: I will do 3 flat minimalist business logo for $10 on fiverr.com,4.9,14007,packageList,data/pilot/html-balanced/weperfectionist/20231002_do-minimalist-logo-design.html.gz
wewildmonkeys,add-facebook-messenger-whatsapp-chat-button-to-your-website,20190502,2019,05,5.0,,,"wewildmonkeys : I will add facebook messenger, whatsapp chat button to your website for $5 on www.fiverr.com",5.0,35,packageList,data/pilot/html-balanced/wewildmonkeys/20190502_add-facebook-messenger-whatsapp-chat-button-to-your-website.html.gz
weworefashion,give-you-shoutout-on-my-60k-fashion-instagram,20180903,2018,09,5.0,10.0,15.0,weworefashion : I will promote your brand on 75k fashion instagram page for $5 on www.fiverr.com,4.9,147,dollar_fallback,data/pilot/html-balanced/weworefashion/20180903_give-you-shoutout-on-my-60k-fashion-instagram.html.gz
wgerald87,write-a-blog-post-on-my-site-and-appeal-to-the-state-of-ohio,20200714,2020,07,10.0,,,wgerald87 : I will write a blog post on my USA street culture fashion website for $10 on fiverr.com,5.0,9,packageList,data/pilot/html-balanced/wgerald87/20200714_write-a-blog-post-on-my-site-and-appeal-to-the-state-of-ohio.html.gz
whiskeywriter,write-a-story-for-your-game,20181109,2018,11,25.0,50.0,100.0,whiskeywriter : I will write a unique story for your game for $25 on www.fiverr.com,5.0,74,packageList,data/pilot/html-balanced/whiskeywriter/20181109_write-a-story-for-your-game.html.gz
whiteelephantco,create-a-result-driven-content-marketing-strategy-for-you,20240708,2024,07,120.0,230.0,350.0,Whiteelephantco: I will create SEO content strategy for blog website content plan optimization for brand for $120 on fiverr.com,5.0,9,packageList,data/pilot/html-balanced/whiteelephantco/20240708_create-a-result-driven-content-marketing-strategy-for-you.html.gz
wild_and_free,consult-you-on-how-to-be-successful-on-facebook,20180915,2018,09,1100.0,600.0,350.0,wild_and_free : I will consult you on how to be successful on facebook for $350 on www.fiverr.com,5.0,44,packageList,data/pilot/html-balanced/wild_and_free/20180915_consult-you-on-how-to-be-successful-on-facebook.html.gz
wild_and_free,teach-you-facebook-ads,20220722,2022,07,500.0,,,Wild_and_free: I will teach you facebook ads for $500 on fiverr.com,5.0,39,packageList,data/pilot/html-balanced/wild_and_free/20220722_teach-you-facebook-ads.html.gz
willyespinoza94,do-sheet-music-transcrption-for-any-song,20241008,2024,10,10.0,25.0,40.0,Willyespinoza94: I will do sheet music transcription for any song for $10 on fiverr.com,4.9,464,packageList,data/pilot/html-balanced/willyespinoza94/20241008_do-sheet-music-transcrption-for-any-song.html.gz
winstongoh,create-a-shopify-one-product-dropshipping-store-free-vid-ad,20220104,2022,01,150.0,190.0,230.0,"Winstongoh: I will create one product shopify dropshipping store, website for $150 on fiverr.com",4.9,654,packageList,data/pilot/html-balanced/winstongoh/20220104_create-a-shopify-one-product-dropshipping-store-free-vid-ad.html.gz
wizard_of_oz,provide-online-consulting-for-immersive-game-design,20200404,2020,04,150.0,900.0,2500.0,wizard_of_oz : I will provide online consulting for immersive game design for $150 on fiverr.com,4.9,11,packageList,data/pilot/html-balanced/wizard_of_oz/20200404_provide-online-consulting-for-immersive-game-design.html.gz
wongsaetok,provide-50-expired-or-dead-blogspot-pa-27-and-above,20190502,2019,05,5.0,10.0,15.0,wongsaetok : I will provide 40 expired blogspot pa 15 until 19 in 6 hour for $5 on www.fiverr.com,5.0,51,dollar_fallback,data/pilot/html-balanced/wongsaetok/20190502_provide-50-expired-or-dead-blogspot-pa-27-and-above.html.gz
woofy31,create-an-actionable-30-or-100-page-complete-seo-analysis-report-of-your-website,20241113,2024,11,60.0,90.0,130.0,Woofy31: I will create an expert SEO audit report with long term action plan to rank high for $60 on fiverr.com,5.0,5581,packageList,data/pilot/html-balanced/woofy31/20241113_create-an-actionable-30-or-100-page-complete-seo-analysis-report-of-your-website.html.gz
word_fame,edit-and-proofread-content-to-perfection,20220305,2022,03,30.0,55.0,80.0,Word_fame: I will create the perfect script for your podcast for $30 on fiverr.com,5.0,6,packageList,data/pilot/html-balanced/word_fame/20220305_edit-and-proofread-content-to-perfection.html.gz
wordscollector,do-article-writing-of-500-words-in-24-hours,20211007,2021,10,80.0,180.0,250.0,Wordscollector: I will build shopify website shopify dropshipping store for $80 on fiverr.com,4.9,518,packageList,data/pilot/html-balanced/wordscollector/20211007_do-article-writing-of-500-words-in-24-hours.html.gz
workgroupseller,quick-3d-intro-video,20230112,2023,01,20.0,40.0,60.0,Workgroupseller: I will do 2d minimalist custom logo animation youtube for $20 on fiverr.com,4.9,174,packageList,data/pilot/html-balanced/workgroupseller/20230112_quick-3d-intro-video.html.gz
workwithmajai,create-a-custom-discord-bot-for-you,20240701,2024,07,30.0,80.0,150.0,Workwithmajai: I will create professional discord bot for you with custom commands for $30 on fiverr.com,5.0,352,packageList,data/pilot/html-balanced/workwithmajai/20240701_create-a-custom-discord-bot-for-you.html.gz
writemealetter,book-you-on-at-least-2-podcast-shows,20230402,2023,04,125.0,,,Writemealetter: I will book you on at least 3 podcast shows for $125 on fiverr.com,5.0,4,packageList,data/pilot/html-balanced/writemealetter/20230402_book-you-on-at-least-2-podcast-shows.html.gz
xar623,create-an-animted-gif,20201009,2020,10,45.0,55.0,80.0,I will create an animated character gif,5.0,87,packageList,data/pilot/html-balanced/xar623/20201009_create-an-animted-gif.html.gz
xboyzayan2000,do-any-graphic-design-job-in-6-hours,20191119,2019,11,10.0,20.0,30.0,xboyzayan2000 : I will do any graphic design job within 6 hours for $10 on www.fiverr.com,4.8,583,packageList,data/pilot/html-balanced/xboyzayan2000/20191119_do-any-graphic-design-job-in-6-hours.html.gz
xrender,create-awesome-3d-renderings-from-your-design,20251130,2025,11,500.0,,,xrender : I will create an awesome 3d render for $500 on fiverr.com,5.0,86,packageList,data/pilot/html-balanced/xrender/20251130_create-awesome-3d-renderings-from-your-design.html.gz
xuicat,do-a-german-voice-over-with-a-deep-female-voice,20210712,2021,07,10.0,,,Xuicat: I will do a passionate german voice over for $10 on fiverr.com,5.0,538,packageList,data/pilot/html-balanced/xuicat/20210712_do-a-german-voice-over-with-a-deep-female-voice.html.gz
y0utube12,help-in-monetizing-your-youtube-channel,20200707,2020,07,25.0,55.0,75.0,y0utube12 : I will do organic youtube promotion to get your channel monetized fast for $25 on fiverr.com,4.8,40,packageList,data/pilot/html-balanced/y0utube12/20200707_help-in-monetizing-your-youtube-channel.html.gz
yahyarazi,write-a-killer-ux-copy-for-your-website-or-app,20191228,2019,12,5.0,10.0,15.0,yahyarazi : I will write a killer UX copy for your website or app for $5 on www.fiverr.com,,,packageList,data/pilot/html-balanced/yahyarazi/20191228_write-a-killer-ux-copy-for-your-website-or-app.html.gz
yash5082,do-wordpress-speed-optimization-with-gtmetrix,20211009,2021,10,15.0,30.0,60.0,"Yash5082: I will do wordpress speed optimization, increase website page speed for $15 on fiverr.com",5.0,606,packageList,data/pilot/html-balanced/yash5082/20211009_do-wordpress-speed-optimization-with-gtmetrix.html.gz
yazz_d_ana,do-best-youtube-seo-for-improving-video-rank,20210811,2021,08,20.0,50.0,95.0,Yazz_d_ana: I will do best youtube channel SEO for improving video rank for $20 on fiverr.com,4.9,355,packageList,data/pilot/html-balanced/yazz_d_ana/20210811_do-best-youtube-seo-for-improving-video-rank.html.gz
yazz_d_ana,do-best-youtube-seo-for-improving-video-rank,20220407,2022,04,20.0,50.0,95.0,Yazz_d_ana: I will do best youtube channel SEO for improving video rank for $20 on fiverr.com,5.0,458,packageList,data/pilot/html-balanced/yazz_d_ana/20220407_do-best-youtube-seo-for-improving-video-rank.html.gz
yeasin_bhuyan,do-kinetic-typography-text-animation-video,20241002,2024,10,10.0,40.0,80.0,Yeasin_bhuyan: I will do kinetic typography text animation video for $10 on fiverr.com,4.8,15,packageList,data/pilot/html-balanced/yeasin_bhuyan/20241002_do-kinetic-typography-text-animation-video.html.gz
yilisha,create-beautiful-original-chinese-calligraphy,20231012,2023,10,5.0,15.0,25.0,Yilisha: I will create amazing personal chinese hieroglyph calligraphy for $5 on fiverr.com,5.0,16,packageList,data/pilot/html-balanced/yilisha/20231012_create-beautiful-original-chinese-calligraphy.html.gz
yourscreatively,write-your-podcast-show-notes-for-seo,20250130,2025,01,50.0,,,Yourscreatively: I will write your podcast show notes for SEO for $50 on fiverr.com,5.0,148,packageList,data/pilot/html-balanced/yourscreatively/20250130_write-your-podcast-show-notes-for-seo.html.gz
youtube_coach,be-your-youtube-video-seo-expert,20230714,2023,07,15.0,60.0,100.0,"Youtube_coach: I will write SEO title, description and tags for your youtube video for $15 on fiverr.com",5.0,887,packageList,data/pilot/html-balanced/youtube_coach/20230714_be-your-youtube-video-seo-expert.html.gz
ytoh1030,provide-top-quality-english-to-japanese-translation-3ab3d9cd-8243-41ac-9367-71af8666f6bd,20240102,2024,01,5.0,45.0,80.0,Ytoh1030: I will provide top quality english to japanese translation for $5 on fiverr.com,5.0,1820,packageList,data/pilot/html-balanced/ytoh1030/20240102_provide-top-quality-english-to-japanese-translation-3ab3d9cd-8243-41ac-9367-71af8666f6bd.html.gz
yukikanagawa,provide-real-japanese-translation,20180828,2018,08,5.0,10.0,20.0,yukikanagawa : I will provide real japanese translation for $5 on www.fiverr.com,5.0,131,dollar_fallback,data/pilot/html-balanced/yukikanagawa/20180828_provide-real-japanese-translation.html.gz
yunxin9802,create-converting-dropshipping-video-ads,20241004,2024,10,10.0,20.0,30.0,Yunxin9802: I will create converting dropshipping video ads for $10 on fiverr.com,4.9,2046,packageList,data/pilot/html-balanced/yunxin9802/20241004_create-converting-dropshipping-video-ads.html.gz
zaafirbaig,do-kindle-formatting-ebook-book-formatting-and-layout-design-for-kdp,20250903,2025,09,45.0,75.0,115.0,Zaafirbaig: I will do paperback kindle ebook book formatting and layout design for amazon KDP for $45 on fiverr.com,5.0,507,packageList,data/pilot/html-balanced/zaafirbaig/20250903_do-kindle-formatting-ebook-book-formatting-and-layout-design-for-kdp.html.gz
zachandco,make-a-canva-templates-for-your-social-media-posts,20251002,2025,10,25.0,40.0,55.0,Zachandco: I will design a canva templates for your social media posts for $25 on fiverr.com,5.0,1345,packageList,data/pilot/html-balanced/zachandco/20251002_make-a-canva-templates-for-your-social-media-posts.html.gz
zackdesi,design-4-stunning-snapchat-geofilters,20210119,2021,01,5.0,15.0,25.0,I will design a snapchat filter and geofilter for you,4.9,189,packageList,data/pilot/html-balanced/zackdesi/20210119_design-4-stunning-snapchat-geofilters.html.gz
zackreynolds,create-automatically-calculating-excel-or-google-spreadsheet,20220703,2022,07,75.0,140.0,270.0,Zackreynolds: I will build intuitive google sheets spreadsheet or fix your sheet for $75 on fiverr.com,5.0,351,packageList,data/pilot/html-balanced/zackreynolds/20220703_create-automatically-calculating-excel-or-google-spreadsheet.html.gz
zain1111,provide-bookkeeping-on-quickbooks-online,20230519,2023,05,25.0,,,"Zain1111: I will setup, catch up and do your bookkeeping in  quickbooks online for $25 on fiverr.com",5.0,561,packageList,data/pilot/html-balanced/zain1111/20230519_provide-bookkeeping-on-quickbooks-online.html.gz
zakariajuve,set-up-your-shopify-store-to-start-selling,20210906,2021,09,150.0,375.0,1275.0,Zakariajuve: I will set up shopify store to start selling for $150 on fiverr.com,5.0,133,packageList,data/pilot/html-balanced/zakariajuve/20210906_set-up-your-shopify-store-to-start-selling.html.gz
zakdesignz,design-modern-and-minimal-logo,20210131,2021,01,50.0,100.0,200.0,I will design professional modern and minimal logo,4.8,1291,packageList,data/pilot/html-balanced/zakdesignz/20210131_design-modern-and-minimal-logo.html.gz
zakdesignz,design-modern-minimalist-geometric-logo,20220721,2022,07,120.0,180.0,300.0,Zakdesignz: I will do a logo with brand style guides for $120 on fiverr.com,4.8,330,packageList,data/pilot/html-balanced/zakdesignz/20220721_design-modern-minimalist-geometric-logo.html.gz
zamarr,build-a-fully-featured-shopify-store-and-website,20190105,2019,01,0.0,0.0,100.0,zamarr : I will create a shopify store or shopify website for $200 on www.fiverr.com,5.0,78,old_json,data/pilot/html-balanced/zamarr/20190105_build-a-fully-featured-shopify-store-and-website.html.gz
zancthecreator,design-a-unique-vintage-style-bootleg-rap-tee-for-you,20250718,2025,07,30.0,40.0,60.0,Zancthecreator: I will design a unique vintage style bootleg rap tee for you for $30 on fiverr.com,5.0,394,packageList,data/pilot/html-balanced/zancthecreator/20250718_design-a-unique-vintage-style-bootleg-rap-tee-for-you.html.gz
zannatul_mitu,create-appealing-business-cards-for-you-with-elegant-design,20210205,2021,02,10.0,15.0,25.0,I will create appealing business cards for you with elegant design,4.9,198,packageList,data/pilot/html-balanced/zannatul_mitu/20210205_create-appealing-business-cards-for-you-with-elegant-design.html.gz
zarin599,write-unique-shopify-product-description,20200701,2020,07,10.0,35.0,50.0,"zarin599 : I will write shopify description, shopify product description for $10 on fiverr.com",4.9,299,packageList,data/pilot/html-balanced/zarin599/20200701_write-unique-shopify-product-description.html.gz
zazzbizz,record-edit-and-master-your-audiobook-narration-acx-approved,20200701,2020,07,25.0,50.0,100.0,zazzbizz : I will record edit and master your audiobook narration acx approved for $25 on fiverr.com,5.0,204,packageList,data/pilot/html-balanced/zazzbizz/20200701_record-edit-and-master-your-audiobook-narration-acx-approved.html.gz
zee086,make-the-video-from-your-pictures,20190502,2019,05,5.0,15.0,50.0,zee086 : I will make the video slideshow from 50 or more photos for $5 on www.fiverr.com,4.9,12,packageList,data/pilot/html-balanced/zee086/20190502_make-the-video-from-your-pictures.html.gz
zeeshanfaizan,do-projects-in-java-cpp-c-and-c-sharp,20190105,2019,01,5.0,15.0,30.0,"zeeshanfaizan : I will do projects in java,cpp, c and c sharp for $5 on www.fiverr.com",5.0,42,dollar_fallback,data/pilot/html-balanced/zeeshanfaizan/20190105_do-projects-in-java-cpp-c-and-c-sharp.html.gz
zelaluyolilelu,make-invitations-for-you,20180717,2018,07,0.0,10.0,0.0,zelaluyolilelu : I will make wedding invitation with bride and groom illustration for $5 on www.fiverr.com,10.0,515,old_json,data/pilot/html-balanced/zelaluyolilelu/20180717_make-invitations-for-you.html.gz
zenatta,provide-a-professional-british-voice-over,20260209,2026,02,50.0,,,Zenatta: I will record a neutral accent male voice over for $50 on fiverr.com,5.0,77,packageList,data/pilot/html-balanced/zenatta/20260209_provide-a-professional-british-voice-over.html.gz
zeshan5,create-2d-and-3d-animation-videos,20191003,2019,10,40.0,80.0,150.0,zeshan5 : I will create amazing 2d cartoon or 3d cartoon animation scene for $40 on www.fiverr.com,4.6,40,packageList,data/pilot/html-balanced/zeshan5/20191003_create-2d-and-3d-animation-videos.html.gz
zhankamax,design-custom-shaped-die-cut-weed-pouch-cannabis-mylar-bags-ea38,20250104,2025,01,15.0,30.0,40.0,"Zhankamax: I will design custom shaped die cut weed pouch, cannabis mylar bags for $15 on fiverr.com",1.7,2,packageList,data/pilot/html-balanced/zhankamax/20250104_design-custom-shaped-die-cut-weed-pouch-cannabis-mylar-bags-ea38.html.gz
zia_khan20,design-interactive-powerpoint-presentation,20190929,2019,09,50.0,90.0,130.0,zia_khan20 : I will design professional  powerpoint presentation for $50 on www.fiverr.com,4.9,14,packageList,data/pilot/html-balanced/zia_khan20/20190929_design-interactive-powerpoint-presentation.html.gz
zionike,do-wix-website-design-wix-n-wordpress-website,20200114,2020,01,50.0,150.0,300.0,zionike : I will do wordpress website design wix website ecommerce for $50 on www.fiverr.com,5.0,2,packageList,data/pilot/html-balanced/zionike/20200114_do-wix-website-design-wix-n-wordpress-website.html.gz
zkeren,write-vaping-marijuana-and-weed-content,20190106,2019,01,0.0,20.0,10.0,"zkeren : I will write awesome vaping, marijuana and cannabis content for $15 on www.fiverr.com",5.0,169,old_json,data/pilot/html-balanced/zkeren/20190106_write-vaping-marijuana-and-weed-content.html.gz
zombieatelier,create-and-edit-mogrt-lower-thirds-titles-for-premiere-pro,20230714,2023,07,80.0,250.0,400.0,"Zombieatelier: I will create and edit mogrt, lower thirds, titles for premiere pro for $80 on fiverr.com",5.0,11,packageList,data/pilot/html-balanced/zombieatelier/20230714_create-and-edit-mogrt-lower-thirds-titles-for-premiere-pro.html.gz
zona_creative,design-a-creative-and-effective-logo-for-your-business,20201219,2020,12,15.0,35.0,130.0,I will design a professional mascot cartoon logo,4.8,350,packageList,data/pilot/html-balanced/zona_creative/20201219_design-a-creative-and-effective-logo-for-your-business.html.gz
zoretheexplorer,create-whiteboard-animation-video,20220403,2022,04,25.0,45.0,85.0,Zoretheexplorer: I will create whiteboard or explainer animation video for $25 on fiverr.com,5.0,707,packageList,data/pilot/html-balanced/zoretheexplorer/20220403_create-whiteboard-animation-video.html.gz
zubair_designer,create-unique-and-color-full-whiteboard-animation,20190502,2019,05,0.0,10.0,5.0,zubair_designer : I will create  2d animation or 2d animated explainer video in HD for $35 on www.fiverr.com,4.7,83,old_json,data/pilot/html-balanced/zubair_designer/20190502_create-unique-and-color-full-whiteboard-animation.html.gz
zuri_d,create-powerful-real-estate-video-in-24-hours,20191003,2019,10,20.0,80.0,130.0,zuri_d : I will create powerful real estate live explainer video in 24 hours for $20 on www.fiverr.com,,230,packageList,data/pilot/html-balanced/zuri_d/20191003_create-powerful-real-estate-video-in-24-hours.html.gz
