timestamp	url	status	file_path	size
20180815135900	https://www.fiverr.com/alanletsgo/promote-advertise-and-get-you-around-10000-youtube-channel-views	200	data/pilot/html-balanced/alanletsgo/20180815_promote-advertise-and-get-you-around-10000-youtube-channel-views.html.gz	288519
20180727165928	https://www.fiverr.com/extra_ordinaire/send-you-links-of-where-to-complete-free-gift-card-offers	200	data/pilot/html-balanced/extra_ordinaire/20180727_send-you-links-of-where-to-complete-free-gift-card-offers.html.gz	255446
20180909103913	https://www.fiverr.com/harry_mathew/manage-and-promote-your-instagram-account	200	data/pilot/html-balanced/harry_mathew/20180909_manage-and-promote-your-instagram-account.html.gz	291390
20180913060335	https://www.fiverr.com/garrettlodge/create-an-original-royalty-free-edm-hip-hop-or-pop-beat	200	data/pilot/html-balanced/garrettlodge/20180913_create-an-original-royalty-free-edm-hip-hop-or-pop-beat.html.gz	192150
20180717211232	https://www.fiverr.com/socialsolutiion/professionally-grow-and-market-your-instagram	200	data/pilot/html-balanced/socialsolutiion/20180717_professionally-grow-and-market-your-instagram.html.gz	353850
20180728052427	https://www.fiverr.com/bongoneshian/manually-convert-any-page-document-to-any-ebook-format	200	data/pilot/html-balanced/bongoneshian/20180728_manually-convert-any-page-document-to-any-ebook-format.html.gz	354051
20180730071345	https://www.fiverr.com/coolanimate/design-and-create-fillable-pdf	200	data/pilot/html-balanced/coolanimate/20180730_design-and-create-fillable-pdf.html.gz	355883
20180817165459	https://www.fiverr.com/webexpert107/fix-and-develop-any-website-in-codeigniter	200	data/pilot/html-balanced/webexpert107/20180817_fix-and-develop-any-website-in-codeigniter.html.gz	337756
20180903000747	https://www.fiverr.com/weworefashion/give-you-shoutout-on-my-60k-fashion-instagram	200	data/pilot/html-balanced/weworefashion/20180903_give-you-shoutout-on-my-60k-fashion-instagram.html.gz	279590
20180717201029	https://www.fiverr.com/teguhsuwanda/do-concept-art-and-digital-illustration	200	data/pilot/html-balanced/teguhsuwanda/20180717_do-concept-art-and-digital-illustration.html.gz	350332
20180812114455	https://www.fiverr.com/alexseoexpert/research-and-write-engaging-article-or-content-for-seo	200	data/pilot/html-balanced/alexseoexpert/20180812_research-and-write-engaging-article-or-content-for-seo.html.gz	261182
20180926115500	https://www.fiverr.com/sameerkh3/review-your-website-or-android-app-for-quality-ui-ux	200	data/pilot/html-balanced/sameerkh3/20180926_review-your-website-or-android-app-for-quality-ui-ux.html.gz	296404
20180914180337	https://www.fiverr.com/rahulkajla1/create-whiteboard-animation-in-4-hours	200	data/pilot/html-balanced/rahulkajla1/20180914_create-whiteboard-animation-in-4-hours.html.gz	322499
20180803081100	https://www.fiverr.com/bednarj/write-a-great-technology-article-for-your-website-or-blog	200	data/pilot/html-balanced/bednarj/20180803_write-a-great-technology-article-for-your-website-or-blog.html.gz	274534
20180717214405	https://www.fiverr.com/mattservey/do-initial-seo-setup-for-your-new-website	200	data/pilot/html-balanced/mattservey/20180717_do-initial-seo-setup-for-your-new-website.html.gz	420283
20180717215527	https://www.fiverr.com/feefeertr/promote-you-on-my-social-media	200	data/pilot/html-balanced/feefeertr/20180717_promote-you-on-my-social-media.html.gz	271769
20180717224855	https://www.fiverr.com/bigbizvideo/create-a-promotional-video-with-a-model-spokesperson	200	data/pilot/html-balanced/bigbizvideo/20180717_create-a-promotional-video-with-a-model-spokesperson.html.gz	304032
20180824211915	https://www.fiverr.com/sebastianevans/create-profitable-unique-shopify-website-store	200	data/pilot/html-balanced/sebastianevans/20180824_create-profitable-unique-shopify-website-store.html.gz	312629
20180726034212	https://www.fiverr.com/renzyq19/record-a-british-male-voice-over	200	data/pilot/html-balanced/renzyq19/20180726_record-a-british-male-voice-over.html.gz	369519
20180812113022	https://www.fiverr.com/alichancham/convert-any-file-to-psd-ai-or-pdf	200	data/pilot/html-balanced/alichancham/20180812_convert-any-file-to-psd-ai-or-pdf.html.gz	226731
20180913045525	https://www.fiverr.com/alcymedia/promote-your-music-with-my-dancing-skills	200	data/pilot/html-balanced/alcymedia/20180913_promote-your-music-with-my-dancing-skills.html.gz	328842
20180717222233	https://www.fiverr.com/evanego/transcribe-15-mins-clear-english	200	data/pilot/html-balanced/evanego/20180717_transcribe-15-mins-clear-english.html.gz	276705
20180906004122	https://www.fiverr.com/eldadesign/advanced-mechanical-part-design-for-plastic-injections	200	data/pilot/html-balanced/eldadesign/20180906_advanced-mechanical-part-design-for-plastic-injections.html.gz	169591
20180726184738	https://www.fiverr.com/osmproduction/make-this-professional-cinematic-trailer-promo	200	data/pilot/html-balanced/osmproduction/20180726_make-this-professional-cinematic-trailer-promo.html.gz	347316
20180915081128	https://www.fiverr.com/wild_and_free/consult-you-on-how-to-be-successful-on-facebook	200	data/pilot/html-balanced/wild_and_free/20180915_consult-you-on-how-to-be-successful-on-facebook.html.gz	126187
20180726223013	https://www.fiverr.com/veasse/sing-your-song-with-backing-music-or-acapella	200	data/pilot/html-balanced/veasse/20180726_sing-your-song-with-backing-music-or-acapella.html.gz	331906
20180717204816	https://www.fiverr.com/rahima09/do-christmas-ugly-sweater-and-t-shirt-in-24-hour	200	data/pilot/html-balanced/rahima09/20180717_do-christmas-ugly-sweater-and-t-shirt-in-24-hour.html.gz	342611
20180726023654	https://www.fiverr.com/masterrobs/do-quality-soundcloud-music-promotion	200	data/pilot/html-balanced/masterrobs/20180726_do-quality-soundcloud-music-promotion.html.gz	295728
20180717225337	https://www.fiverr.com/mmarket/produce-an-awesome-facebook-instagram-video-ad	200	data/pilot/html-balanced/mmarket/20180717_produce-an-awesome-facebook-instagram-video-ad.html.gz	314848
20180910033232	https://www.fiverr.com/hchogan/be-a-tough-love-editor-for-your-fiction-book	200	data/pilot/html-balanced/hchogan/20180910_be-a-tough-love-editor-for-your-fiction-book.html.gz	197725
20180726042544	https://www.fiverr.com/excel_hero/create-a-map-for-your-powerpoint-presentation	200	data/pilot/html-balanced/excel_hero/20180726_create-a-map-for-your-powerpoint-presentation.html.gz	275569
20180730055622	https://www.fiverr.com/tuneman/copywrite-you-a-powerful-headline-and-tagline-or-slogan-for-your-business	200	data/pilot/html-balanced/tuneman/20180730_copywrite-you-a-powerful-headline-and-tagline-or-slogan-for-your-business.html.gz	330505
20180727040316	https://www.fiverr.com/sam_parker/name-your-product-or-company-and-write-4-tagline-options	200	data/pilot/html-balanced/sam_parker/20180727_name-your-product-or-company-and-write-4-tagline-options.html.gz	147661
20180806110532	https://www.fiverr.com/abubakar_khalid/be-your-front-end-developer-and-designer	200	data/pilot/html-balanced/abubakar_khalid/20180806_be-your-front-end-developer-and-designer.html.gz	279303
20180914180441	https://www.fiverr.com/daniewium/create-your-whiteboard-animation-in-just-3-days	200	data/pilot/html-balanced/daniewium/20180914_create-your-whiteboard-animation-in-just-3-days.html.gz	338824
20180729133712	https://www.fiverr.com/davedesign328/design-engaging-powerpoint-presentations	200	data/pilot/html-balanced/davedesign328/20180729_design-engaging-powerpoint-presentations.html.gz	293069
20180811131058	https://www.fiverr.com/hazi821995/create-commercial-and-promotional-videos-for-your-business	200	data/pilot/html-balanced/hazi821995/20180811_create-commercial-and-promotional-videos-for-your-business.html.gz	335495
20180828211426	https://www.fiverr.com/yukikanagawa/provide-real-japanese-translation	200	data/pilot/html-balanced/yukikanagawa/20180828_provide-real-japanese-translation.html.gz	298618
20180717223704	https://www.fiverr.com/triologystudios/make-custom-animation-and-intro-for-your-logo	200	data/pilot/html-balanced/triologystudios/20180717_make-custom-animation-and-intro-for-your-logo.html.gz	329911
20180718005048	https://www.fiverr.com/esaudio/make-a-doctor-puppet-or-professor-puppet-video-in-english-or-in-spanish-for-you	200	data/pilot/html-balanced/esaudio/20180718_make-a-doctor-puppet-or-professor-puppet-video-in-english-or-in-spanish-for-you.html.gz	377397
20180717205641	https://www.fiverr.com/maverickdigital/create-custom-infographic-design-with-free-revisions	200	data/pilot/html-balanced/maverickdigital/20180717_create-custom-infographic-design-with-free-revisions.html.gz	354168
20180717203553	https://www.fiverr.com/jtengle/create-two-unique-and-professional-banner-ads--2	200	data/pilot/html-balanced/jtengle/20180717_create-two-unique-and-professional-banner-ads--2.html.gz	354256
20180726053018	https://www.fiverr.com/stdesigns/make-any-kind-of-logo-with-ai-eps-psd-free	200	data/pilot/html-balanced/stdesigns/20180726_make-any-kind-of-logo-with-ai-eps-psd-free.html.gz	365815
20180919090702	https://www.fiverr.com/broadcastking/write-rap-produce-record-and-create-a-custom-music-video	200	data/pilot/html-balanced/broadcastking/20180919_write-rap-produce-record-and-create-a-custom-music-video.html.gz	306703
20180717210357	https://www.fiverr.com/zelaluyolilelu/make-invitations-for-you	200	data/pilot/html-balanced/zelaluyolilelu/20180717_make-invitations-for-you.html.gz	343215
20180726011011	https://www.fiverr.com/jonkimpoy/editorial-cartoons	200	data/pilot/html-balanced/jonkimpoy/20180726_editorial-cartoons.html.gz	356943
20180726043413	https://www.fiverr.com/boldrack/code-any-python-script	200	data/pilot/html-balanced/boldrack/20180726_code-any-python-script.html.gz	285671
20180917085552	https://www.fiverr.com/bizconsultant11/write-an-investor-ready-business-plan-in-24hrs	200	data/pilot/html-balanced/bizconsultant11/20180917_write-an-investor-ready-business-plan-in-24hrs.html.gz	265655
20180823191137	https://www.fiverr.com/julie_williams/write-an-exceptional-500-words-seo-article-blog-post-or-web-page	200	data/pilot/html-balanced/julie_williams/20180823_write-an-exceptional-500-words-seo-article-blog-post-or-web-page.html.gz	284918
20180907033132	https://www.fiverr.com/seeedmkt/review-your-shopify-store-and-provide-a-list-of-changes	200	data/pilot/html-balanced/seeedmkt/20180907_review-your-shopify-store-and-provide-a-list-of-changes.html.gz	180515
20180904003851	https://www.fiverr.com/laurentaylor65/write-and-rewrite-a-unique-seo-website-content	200	data/pilot/html-balanced/laurentaylor65/20180904_write-and-rewrite-a-unique-seo-website-content.html.gz	291389
20180813134547	https://www.fiverr.com/bh2362419/write-your-speech-as-only-a-public-speaker-can	200	data/pilot/html-balanced/bh2362419/20180813_write-your-speech-as-only-a-public-speaker-can.html.gz	226701
20180717213558	https://www.fiverr.com/grisildalola/create-5-amazing-reviews-for-your-social-media	200	data/pilot/html-balanced/grisildalola/20180717_create-5-amazing-reviews-for-your-social-media.html.gz	385172
20180729184247	https://www.fiverr.com/laserlife/write-and-edit-a-professional-introduction-and-biography-for-your-music-project-solo-artists-band-record-label-event-and-any-business-that-might-somehow-fit	200	data/pilot/html-balanced/laserlife/20180729_write-and-edit-a-professional-introduction-and-biography-for-your-music-project-solo-artists-band-record-label-event-and-any-business-that-might-somehow-fit.html.gz	306665
20180829225331	https://www.fiverr.com/mrfoton/convert-sheet-music-into-midi-file	200	data/pilot/html-balanced/mrfoton/20180829_convert-sheet-music-into-midi-file.html.gz	274867
20180820163712	https://www.fiverr.com/champark/app-promotion-or-app-marketing	200	data/pilot/html-balanced/champark/20180820_app-promotion-or-app-marketing.html.gz	269289
20180813131751	https://www.fiverr.com/volusme/translate-any-text-from-english-to-italian	200	data/pilot/html-balanced/volusme/20180813_translate-any-text-from-english-to-italian.html.gz	305203
20180811104104	https://www.fiverr.com/aylansemesta/design-one-page-or-landing-page-web-design	200	data/pilot/html-balanced/aylansemesta/20180811_design-one-page-or-landing-page-web-design.html.gz	276080
20180717213456	https://www.fiverr.com/raoulvanh/set-up-google-analytics-for-prestashop	200	data/pilot/html-balanced/raoulvanh/20180717_set-up-google-analytics-for-prestashop.html.gz	265836
20180908032443	https://www.fiverr.com/ianmoore/film-a-lifestyle-ad-for-facebook-snapchat-or-instagram	200	data/pilot/html-balanced/ianmoore/20180908_film-a-lifestyle-ad-for-facebook-snapchat-or-instagram.html.gz	149219
20181018020321	https://www.fiverr.com/honey_jerry/professionally-do-your-web-scraping-jobs	404		0
20181001000656	https://www.fiverr.com/tscharr22/write-a-compelling-amazon-product-listing-that-sells	200	data/pilot/html-balanced/tscharr22/20181001_write-a-compelling-amazon-product-listing-that-sells.html.gz	297332
20180717214351	https://www.fiverr.com/simiseo/seo-shopify-store-to-increase-the-sales	200	data/pilot/html-balanced/simiseo/20180717_seo-shopify-store-to-increase-the-sales.html.gz	380177
20181001000625	https://www.fiverr.com/mousumi8697/write-astonishing-travel-articles	200	data/pilot/html-balanced/mousumi8697/20181001_write-astonishing-travel-articles.html.gz	283027
20180908012653	https://www.fiverr.com/sherazandra/draw-1-superhero-cartoon	200	data/pilot/html-balanced/sherazandra/20180908_draw-1-superhero-cartoon.html.gz	315707
20181001234508	https://www.fiverr.com/thebrandninja/create-a-social-media-marketing-plan	200	data/pilot/html-balanced/thebrandninja/20181001_create-a-social-media-marketing-plan.html.gz	195211
20181001031742	https://www.fiverr.com/reeneferg1/be-your-business-video-spokesperson	200	data/pilot/html-balanced/reeneferg1/20181001_be-your-business-video-spokesperson.html.gz	373963
20181001152212	https://www.fiverr.com/danieljovanovic/do-professional-instagram-management	200	data/pilot/html-balanced/danieljovanovic/20181001_do-professional-instagram-management.html.gz	286015
20181119132955	https://www.fiverr.com/applevert/draw-an-illustrated-postcard-or-logo	200	data/pilot/html-balanced/applevert/20181119_draw-an-illustrated-postcard-or-logo.html.gz	344960
20181001055349	https://www.fiverr.com/shahalamkiron/make-an-editable-responsive-html-email-newsletter-template	200	data/pilot/html-balanced/shahalamkiron/20181001_make-an-editable-responsive-html-email-newsletter-template.html.gz	348268
20180727052030	https://www.fiverr.com/propixelz/do-professional-ebook-formatting-layout-and-design	200	data/pilot/html-balanced/propixelz/20180727_do-professional-ebook-formatting-layout-and-design.html.gz	344128
20181108075625	https://www.fiverr.com/pooyamehri/optimize-wordpress-site-a90-pagespeed-or-yslow-on-gtmetrix	200	data/pilot/html-balanced/pooyamehri/20181108_optimize-wordpress-site-a90-pagespeed-or-yslow-on-gtmetrix.html.gz	251038
20181007202419	https://www.fiverr.com/dmitriyrusanov/repair-enhance-and-restore-problematic-production-audio	200	data/pilot/html-balanced/dmitriyrusanov/20181007_repair-enhance-and-restore-problematic-production-audio.html.gz	282971
20181011214334	https://www.fiverr.com/faswaldo/edit-your-website-copy	200	data/pilot/html-balanced/faswaldo/20181011_edit-your-website-copy.html.gz	133946
20181116131223	https://www.fiverr.com/alpineanimation/do-guest-post-on-shopping-blog	200	data/pilot/html-balanced/alpineanimation/20181116_do-guest-post-on-shopping-blog.html.gz	180233
20181001033134	https://www.fiverr.com/thetoprated/create-this-stunning-commercial-video-using-10-live-actors	200	data/pilot/html-balanced/thetoprated/20181001_create-this-stunning-commercial-video-using-10-live-actors.html.gz	346332
20181104013400	https://www.fiverr.com/arsl_khan/design-mobile-app-ui	200	data/pilot/html-balanced/arsl_khan/20181104_design-mobile-app-ui.html.gz	429373
20181103020210	https://www.fiverr.com/drag517/translate-any-document-from-japanese-to-english-or-spanish	200	data/pilot/html-balanced/drag517/20181103_translate-any-document-from-japanese-to-english-or-spanish.html.gz	198311
20181002131320	https://www.fiverr.com/babulnokrek/teach-you-wordpress-web-design	200	data/pilot/html-balanced/babulnokrek/20181002_teach-you-wordpress-web-design.html.gz	291571
20181001032951	https://www.fiverr.com/inflamelife/create-a-custom-4k-marketing-video	200	data/pilot/html-balanced/inflamelife/20181001_create-a-custom-4k-marketing-video.html.gz	312815
20181015220841	https://www.fiverr.com/techyapaul/create-best-twitch-overlay-and-logo-for-your-stream	200	data/pilot/html-balanced/techyapaul/20181015_create-best-twitch-overlay-and-logo-for-your-stream.html.gz	327172
20181001054358	https://www.fiverr.com/kevin_ebook/design-an-awesome-wix-site-eac5f4aa-3aa8-4e01-8e39-5174cca21607	200	data/pilot/html-balanced/kevin_ebook/20181001_design-an-awesome-wix-site-eac5f4aa-3aa8-4e01-8e39-5174cca21607.html.gz	289308
20181024052208	https://www.fiverr.com/oscarcorsini/write-your-message-or-create-your-logo-with-lanterns	200	data/pilot/html-balanced/oscarcorsini/20181024_write-your-message-or-create-your-logo-with-lanterns.html.gz	188852
20181101023044	https://www.fiverr.com/expertlyd/do-any-python-and-c-coding-or-programming-in-one-day	200	data/pilot/html-balanced/expertlyd/20181101_do-any-python-and-c-coding-or-programming-in-one-day.html.gz	376057
20181115133510	https://www.fiverr.com/hulagirl0/translate-english-to-korean-and-korean-to-english-468c	200	data/pilot/html-balanced/hulagirl0/20181115_translate-english-to-korean-and-korean-to-english-468c.html.gz	201424
20181002002135	https://www.fiverr.com/derekppc/setup-google-shopping-and-product-listings-for-shopify	200	data/pilot/html-balanced/derekppc/20181002_setup-google-shopping-and-product-listings-for-shopify.html.gz	164389
20181103004916	https://www.fiverr.com/herusuofficial/make-a-hopestyle-poster	200	data/pilot/html-balanced/herusuofficial/20181103_make-a-hopestyle-poster.html.gz	342765
20181122154134	https://www.fiverr.com/sumiflame/provide-singapore-email-database	200	data/pilot/html-balanced/sumiflame/20181122_provide-singapore-email-database.html.gz	273568
20181001024726	https://www.fiverr.com/professionart/do-youtube-end-card-outro	200	data/pilot/html-balanced/professionart/20181001_do-youtube-end-card-outro.html.gz	324008
20181007181515	https://www.fiverr.com/chupavix/make-awesome-packaging-just-for-you	200	data/pilot/html-balanced/chupavix/20181007_make-awesome-packaging-just-for-you.html.gz	257529
20181013221815	https://www.fiverr.com/ibrahimmoez/translate-video-from-english-to-arabic	200	data/pilot/html-balanced/ibrahimmoez/20181013_translate-video-from-english-to-arabic.html.gz	360029
20181105062513	https://www.fiverr.com/rabia663/create-a-beautiful-happy-birthday-video	404		0
20181011222309	https://www.fiverr.com/arbelmartin/be-your-professional-video-spokesperson-in-hd	404		0
20181001033608	https://www.fiverr.com/osamaashraf/create-live-action-video-commercial-and-advertisement	200	data/pilot/html-balanced/osamaashraf/20181001_create-live-action-video-commercial-and-advertisement.html.gz	297342
20181001154742	https://www.fiverr.com/realglinton/do-real-soundcloud-promotion-to-united-states-music-lovers	200	data/pilot/html-balanced/realglinton/20181001_do-real-soundcloud-promotion-to-united-states-music-lovers.html.gz	270794
20181109065219	https://www.fiverr.com/whiskeywriter/write-a-story-for-your-game	200	data/pilot/html-balanced/whiskeywriter/20181109_write-a-story-for-your-game.html.gz	182036
20181013225217	https://www.fiverr.com/ericcastiglia/be-your-male-pop-rock-metal-session-singer-for-your-song	200	data/pilot/html-balanced/ericcastiglia/20181013_be-your-male-pop-rock-metal-session-singer-for-your-song.html.gz	308135
20181006172910	https://www.fiverr.com/pencilbleed/draw-you-or-your-character-in-cartoon-or-chibi-style	200	data/pilot/html-balanced/pencilbleed/20181006_draw-you-or-your-character-in-cartoon-or-chibi-style.html.gz	340126
20181002001322	https://www.fiverr.com/nevlin18/design-and-code-your-html-marketing-email	200	data/pilot/html-balanced/nevlin18/20181002_design-and-code-your-html-marketing-email.html.gz	188033
20180727040154	https://www.fiverr.com/kelvinstan/write-a-killer-and-order-pulling-sales-letter-in-24hours-d0ed3d81-60c5-441e-82b1-1e6dec4fcb94	200	data/pilot/html-balanced/kelvinstan/20180727_write-a-killer-and-order-pulling-sales-letter-in-24hours-d0ed3d81-60c5-441e-82b1-1e6dec4fcb94.html.gz	284112
20181001203947	https://www.fiverr.com/coder_me/social-media-marketing-and-management-email-marketing-internet-marketing	200	data/pilot/html-balanced/coder_me/20181001_social-media-marketing-and-management-email-marketing-internet-marketing.html.gz	247363
20181112092813	https://www.fiverr.com/mattmacintosh/write-marketing-emails-designed-to-convert	200	data/pilot/html-balanced/mattmacintosh/20181112_write-marketing-emails-designed-to-convert.html.gz	200349
20181001033818	https://www.fiverr.com/esia_studio/produce-quality-cinematic-videos-for-your-products-and-brand-9758	200	data/pilot/html-balanced/esia_studio/20181001_produce-quality-cinematic-videos-for-your-products-and-brand-9758.html.gz	182744
20181009214755	https://www.fiverr.com/cinthywriters/do-2-hours-data-entry-service-pdf-to-excel-or-word-and-copy-paste-work	200	data/pilot/html-balanced/cinthywriters/20181009_do-2-hours-data-entry-service-pdf-to-excel-or-word-and-copy-paste-work.html.gz	273488
20181031004539	https://www.fiverr.com/rubelsql/solve-your-sql-problems	200	data/pilot/html-balanced/rubelsql/20181031_solve-your-sql-problems.html.gz	323218
20181030233438	https://www.fiverr.com/ednacole/write-atrractive-press-release-and-distribute	200	data/pilot/html-balanced/ednacole/20181030_write-atrractive-press-release-and-distribute.html.gz	302577
20181001054859	https://www.fiverr.com/w3bdesignuk/design-and-build-a-beautiful-bespoke-website-da93	200	data/pilot/html-balanced/w3bdesignuk/20181001_design-and-build-a-beautiful-bespoke-website-da93.html.gz	191338
20181030224909	https://www.fiverr.com/indro_m/do-organic-youtube-channel-promotion	200	data/pilot/html-balanced/indro_m/20181030_do-organic-youtube-channel-promotion.html.gz	283410
20181108093723	https://www.fiverr.com/klouise635/help-your-video-go-viral-by-sharing-on-all-outlets	200	data/pilot/html-balanced/klouise635/20181108_help-your-video-go-viral-by-sharing-on-all-outlets.html.gz	277104
20181009191320	https://www.fiverr.com/mickcreatiphy/design-your-product-logo-and-package-in-24hrs	200	data/pilot/html-balanced/mickcreatiphy/20181009_design-your-product-logo-and-package-in-24hrs.html.gz	347189
20181201203044	https://www.fiverr.com/goldenplatform/provide-professionally-youtube-channel-promotion	404		0
20181020003829	https://www.fiverr.com/diegoisui/do-your-photoshop-work	200	data/pilot/html-balanced/diegoisui/20181020_do-your-photoshop-work.html.gz	333254
20181206004608	https://www.fiverr.com/rainerj/play-the-perfect-piano-or-keyboard-track-to-your-song	200	data/pilot/html-balanced/rainerj/20181206_play-the-perfect-piano-or-keyboard-track-to-your-song.html.gz	280916
20181001155325	https://www.fiverr.com/rachellesass89/give-you-100-ebooks-on-social-media	200	data/pilot/html-balanced/rachellesass89/20181001_give-you-100-ebooks-on-social-media.html.gz	297273
20181001152926	https://www.fiverr.com/seosmmpro/promote-video-on-youtube-high-audience-and-marketing	200	data/pilot/html-balanced/seosmmpro/20181001_promote-video-on-youtube-high-audience-and-marketing.html.gz	281676
20181130201853	https://www.fiverr.com/szymon26/translate-any-text-between-polish-english-and-spanish	200	data/pilot/html-balanced/szymon26/20181130_translate-any-text-between-polish-english-and-spanish.html.gz	443262
20181113133535	https://www.fiverr.com/shakirjan/do-data-warehouse-ssis-etl-complex-tsql	404		0
20181111072403	https://www.fiverr.com/pamelalee009/do-guest-post-in-tf-28-and-da-28-technology-blog	200	data/pilot/html-balanced/pamelalee009/20181111_do-guest-post-in-tf-28-and-da-28-technology-blog.html.gz	283847
20181006190506	https://www.fiverr.com/snh_motion/create-an-animated-lyric-video-for-your-song	404		0
20181031005107	https://www.fiverr.com/doctorevil92/python-web-scraping-and-data-mining	200	data/pilot/html-balanced/doctorevil92/20181031_python-web-scraping-and-data-mining.html.gz	262098
20181001154602	https://www.fiverr.com/alauddinbd/do-shopify-product-listing-manually-upload-products	200	data/pilot/html-balanced/alauddinbd/20181001_do-shopify-product-listing-manually-upload-products.html.gz	278766
20181001082207	https://www.fiverr.com/anserzm/design-professional-powerpoint-presentation	200	data/pilot/html-balanced/anserzm/20181001_design-professional-powerpoint-presentation.html.gz	289112
20181008210707	https://www.fiverr.com/steelydannyjg/convert-any-audio-into-midi	200	data/pilot/html-balanced/steelydannyjg/20181008_convert-any-audio-into-midi.html.gz	289567
20181013220143	https://www.fiverr.com/andradabonea/write-articles-for-your-blog-as-if-it-were-my-own	200	data/pilot/html-balanced/andradabonea/20181013_write-articles-for-your-blog-as-if-it-were-my-own.html.gz	302673
20181001053518	https://www.fiverr.com/javeriausman76/wordpress-install-and-theme-with-demo-content	200	data/pilot/html-balanced/javeriausman76/20181001_wordpress-install-and-theme-with-demo-content.html.gz	290162
20180717235204	https://www.fiverr.com/ammarshrf/write-any-excel-funtion-or-macro	200	data/pilot/html-balanced/ammarshrf/20180717_write-any-excel-funtion-or-macro.html.gz	304107
20181112093732	https://www.fiverr.com/gergriff/create-any-logo-reveals	200	data/pilot/html-balanced/gergriff/20181112_create-any-logo-reveals.html.gz	207104
20181001033504	https://www.fiverr.com/videomaker0/create-an-amazing-promotional-and-explainer-video	200	data/pilot/html-balanced/videomaker0/20181001_create-an-amazing-promotional-and-explainer-video.html.gz	332407
20181001151941	https://www.fiverr.com/design2all/do-any-graphic-job-for-you	200	data/pilot/html-balanced/design2all/20181001_do-any-graphic-job-for-you.html.gz	335547
20181025045609	https://www.fiverr.com/ericmuchenah/create-a-nice-e-commerce-for-you-using-jsp-or-php	200	data/pilot/html-balanced/ericmuchenah/20181025_create-a-nice-e-commerce-for-you-using-jsp-or-php.html.gz	296276
20190105215845	https://www.fiverr.com/emilywatson21/do-a-very-sexy-women-christmas-greeting-video	404		0
20190206142508	https://www.fiverr.com/victory080/be-your-content-writer-or-rewriter	200	data/pilot/html-balanced/victory080/20190206_be-your-content-writer-or-rewriter.html.gz	289524
20190105202245	https://www.fiverr.com/leemrg/press-release-distribution-custom-media-list-built	200	data/pilot/html-balanced/leemrg/20190105_press-release-distribution-custom-media-list-built.html.gz	294208
20190106221003	https://www.fiverr.com/isusac/convert-trw-file-to-excel-or-csv	200	data/pilot/html-balanced/isusac/20190106_convert-trw-file-to-excel-or-csv.html.gz	275185
20190206150514	https://www.fiverr.com/eljotoci/create-a-midi-file-for-any-song	200	data/pilot/html-balanced/eljotoci/20190206_create-a-midi-file-for-any-song.html.gz	309800
20190110004017	https://www.fiverr.com/mohamedegyforex/make-mql4-coding-job	200	data/pilot/html-balanced/mohamedegyforex/20190110_make-mql4-coding-job.html.gz	357284
20190125083111	https://www.fiverr.com/laurencampbell/write-good-quality-transcriptions	200	data/pilot/html-balanced/laurencampbell/20190125_write-good-quality-transcriptions.html.gz	270302
20190227061334	https://www.fiverr.com/rodchenko/design-a-professional-album-cover	200	data/pilot/html-balanced/rodchenko/20190227_design-a-professional-album-cover.html.gz	212884
20190105210605	https://www.fiverr.com/elena_yaseer/create-best-wordpress-business-website-for-you	200	data/pilot/html-balanced/elena_yaseer/20190105_create-best-wordpress-business-website-for-you.html.gz	368884
20190306140004	https://www.fiverr.com/rpereus/write-a-cold-call-or-telemarketing-script-cold-calling-is-not-dead	200	data/pilot/html-balanced/rpereus/20190306_write-a-cold-call-or-telemarketing-script-cold-calling-is-not-dead.html.gz	275146
20190321200116	https://www.fiverr.com/janlynwilliams/record-a-professional-female-voice-over-in-american-english	200	data/pilot/html-balanced/janlynwilliams/20190321_record-a-professional-female-voice-over-in-american-english.html.gz	341437
20190109001958	https://www.fiverr.com/wasifbutt/provide-you-business-leads-email-for-marketing	200	data/pilot/html-balanced/wasifbutt/20190109_provide-you-business-leads-email-for-marketing.html.gz	326149
20190106210619	https://www.fiverr.com/shaymaareda/do-30-minutes-arabic-transcription	200	data/pilot/html-balanced/shaymaareda/20190106_do-30-minutes-arabic-transcription.html.gz	287375
20190109223032	https://www.fiverr.com/pjeristudent/design-corporate-flyer-or-brochure	200	data/pilot/html-balanced/pjeristudent/20190109_design-corporate-flyer-or-brochure.html.gz	377091
20190105191751	https://www.fiverr.com/ck__design/design-your-real-estate-flyer-right-now	200	data/pilot/html-balanced/ck__design/20190105_design-your-real-estate-flyer-right-now.html.gz	356867
20190105204131	https://www.fiverr.com/usmanale3/make-outstanding-anime-music-video-amv-for-you	200	data/pilot/html-balanced/usmanale3/20190105_make-outstanding-anime-music-video-amv-for-you.html.gz	293647
20190317173910	https://www.fiverr.com/serdarsahin/create-adobe-character-animator-puppets	404		0
20190107231408	https://www.fiverr.com/ashishservices/fix-linux-whm-cpanel-mysql-email-wordpress-vps-aws-issue	200	data/pilot/html-balanced/ashishservices/20190107_fix-linux-whm-cpanel-mysql-email-wordpress-vps-aws-issue.html.gz	285399
20190105191755	https://www.fiverr.com/kdofficial/create-perfect-and-creative-flyers-and-posters-in-5hrs	200	data/pilot/html-balanced/kdofficial/20190105_create-perfect-and-creative-flyers-and-posters-in-5hrs.html.gz	346632
20190112082447	https://www.fiverr.com/expert_bd_/do-viral-youtube-promotion	200	data/pilot/html-balanced/expert_bd_/20190112_do-viral-youtube-promotion.html.gz	304235
20190324212546	https://www.fiverr.com/sunnysylvester/create-an-animated-music-video	200	data/pilot/html-balanced/sunnysylvester/20190324_create-an-animated-music-video.html.gz	412344
20190113004212	https://www.fiverr.com/rangamadushi91/do-amazing-youtube-channel-promotion	200	data/pilot/html-balanced/rangamadushi91/20190113_do-amazing-youtube-channel-promotion.html.gz	287298
20190308111848	https://www.fiverr.com/bigtiger/do-a-scrapebox-blast-of-70-000-guaranteed-blog-comments-backlinks-unlimited-urlskeywords-allowed	200	data/pilot/html-balanced/bigtiger/20190308_do-a-scrapebox-blast-of-70-000-guaranteed-blog-comments-backlinks-unlimited-urlskeywords-allowed.html.gz	402559
20190131115344	https://www.fiverr.com/teamfairhead/guarantee-an-increased-conversion-rate-on-your-website	200	data/pilot/html-balanced/teamfairhead/20190131_guarantee-an-increased-conversion-rate-on-your-website.html.gz	130859
20190127091125	https://www.fiverr.com/dataalgorithm/youtube-channel-growth-manager	200	data/pilot/html-balanced/dataalgorithm/20190127_youtube-channel-growth-manager.html.gz	199289
20190105200216	https://www.fiverr.com/rayanwilliams/reserach-and-find-best-keywords-for-app-niche-market	200	data/pilot/html-balanced/rayanwilliams/20190105_reserach-and-find-best-keywords-for-app-niche-market.html.gz	286083
20190318184110	https://www.fiverr.com/level_up_tuts/help-you-with-sql-database-related-task-and-queries	404		0
20190121053947	https://www.fiverr.com/kikiarianto/make-your-car-looks-awsome-with-my-style-of-art	200	data/pilot/html-balanced/kikiarianto/20190121_make-your-car-looks-awsome-with-my-style-of-art.html.gz	338300
20190105211030	https://www.fiverr.com/zamarr/build-a-fully-featured-shopify-store-and-website	200	data/pilot/html-balanced/zamarr/20190105_build-a-fully-featured-shopify-store-and-website.html.gz	317013
20190111001544	https://www.fiverr.com/dejestorm/create-amazing-video-infographics	200	data/pilot/html-balanced/dejestorm/20190111_create-amazing-video-infographics.html.gz	328401
20190105203450	https://www.fiverr.com/ahmedbinmustafa/create-stunning-video-intro-logo-animation	200	data/pilot/html-balanced/ahmedbinmustafa/20190105_create-stunning-video-intro-logo-animation.html.gz	339379
20190213182657	https://www.fiverr.com/matthewiharvey/edit-your-admissions-essay	200	data/pilot/html-balanced/matthewiharvey/20190213_edit-your-admissions-essay.html.gz	145663
20190116033713	https://www.fiverr.com/nitinkumarhp007/design-and-develop-android-and-iphone-native-apps	200	data/pilot/html-balanced/nitinkumarhp007/20190116_design-and-develop-android-and-iphone-native-apps.html.gz	244661
20190105200236	https://www.fiverr.com/davidserero/play-your-song-on-iheart-radio	200	data/pilot/html-balanced/davidserero/20190105_play-your-song-on-iheart-radio.html.gz	273890
20190214194101	https://www.fiverr.com/abhiassassin/create-dark-metal-logo-reveal-intro	200	data/pilot/html-balanced/abhiassassin/20190214_create-dark-metal-logo-reveal-intro.html.gz	210963
20190118050227	https://www.fiverr.com/sidedoormusic/mix-and-master-your-music-with-the-mindset-of-a-musician	200	data/pilot/html-balanced/sidedoormusic/20190118_mix-and-master-your-music-with-the-mindset-of-a-musician.html.gz	209296
20190105215816	https://www.fiverr.com/stevevz/make-batman-voice-any-message-in-a-3d-video-ecard-greeting-intro-or-promo-video	200	data/pilot/html-balanced/stevevz/20190105_make-batman-voice-any-message-in-a-3d-video-ecard-greeting-intro-or-promo-video.html.gz	338768
20190107215331	https://www.fiverr.com/lawvargas/create-complete-sales-funnel	200	data/pilot/html-balanced/lawvargas/20190107_create-complete-sales-funnel.html.gz	285765
20190130113642	https://www.fiverr.com/hotnew_promoter/promote-and-market-your-ecommerce-ebay-product-shopify-etsy-amazon-or-website	404		0
20190105204203	https://www.fiverr.com/videoking101/record-a-1-minute-video-cry-about-anything-you-please	200	data/pilot/html-balanced/videoking101/20190105_record-a-1-minute-video-cry-about-anything-you-please.html.gz	321558
20190117050047	https://www.fiverr.com/goldminedesign/make-you-10-contour-cut-3-inch-stickers-of-your-graphic	200	data/pilot/html-balanced/goldminedesign/20190117_make-you-10-contour-cut-3-inch-stickers-of-your-graphic.html.gz	333743
20190224050851	https://www.fiverr.com/fariazishan/help-you-in-technical-writing-for-your-software	200	data/pilot/html-balanced/fariazishan/20190224_help-you-in-technical-writing-for-your-software.html.gz	251463
20190108103446	https://www.fiverr.com/voxelize/do-a-professional-video-editing-within-24-hours	200	data/pilot/html-balanced/voxelize/20190108_do-a-professional-video-editing-within-24-hours.html.gz	226883
20190114041112	https://www.fiverr.com/mdshamsc/design-engaging-responsive-website-for-business	200	data/pilot/html-balanced/mdshamsc/20190114_design-engaging-responsive-website-for-business.html.gz	203620
20190114010437	https://www.fiverr.com/aaliyaan/seo-optimize-and-get-your-youtube-video-ranked-at-number-top-1-position-in-search-results	200	data/pilot/html-balanced/aaliyaan/20190114_seo-optimize-and-get-your-youtube-video-ranked-at-number-top-1-position-in-search-results.html.gz	311439
20190105191743	https://www.fiverr.com/fidan06/design-event-flyer-or-poster	200	data/pilot/html-balanced/fidan06/20190105_design-event-flyer-or-poster.html.gz	305924
20190126112312	https://www.fiverr.com/muhammadhfayas/create1080p-wedding-and-anniversary-video	200	data/pilot/html-balanced/muhammadhfayas/20190126_create1080p-wedding-and-anniversary-video.html.gz	407538
20190116022915	https://www.fiverr.com/qualitylover/do-soundcloud-spotify-music-promotion-to-increase-streams	200	data/pilot/html-balanced/qualitylover/20190116_do-soundcloud-spotify-music-promotion-to-increase-streams.html.gz	198127
20190108235232	https://www.fiverr.com/twitwimp/install-letsencrypt-free-ssl-on-wordpress-or-vps-with-greenpad-lock	200	data/pilot/html-balanced/twitwimp/20190108_install-letsencrypt-free-ssl-on-wordpress-or-vps-with-greenpad-lock.html.gz	228072
20190128111245	https://www.fiverr.com/pocohontas/spanish-voice-over-for-all-your-needs	200	data/pilot/html-balanced/pocohontas/20190128_spanish-voice-over-for-all-your-needs.html.gz	205657
20190201132802	https://www.fiverr.com/davisson/develop-shopify-store-for-you	200	data/pilot/html-balanced/davisson/20190201_develop-shopify-store-for-you.html.gz	486262
20190105220455	https://www.fiverr.com/mikeimburgia/make-a-customized-video-as-the-devil-sworn-enemy-of-the-jesus	200	data/pilot/html-balanced/mikeimburgia/20190105_make-a-customized-video-as-the-devil-sworn-enemy-of-the-jesus.html.gz	349337
20190331091523	https://www.fiverr.com/kamrulhasan90/develop-a-wordpress-ecommerce-website	200	data/pilot/html-balanced/kamrulhasan90/20190331_develop-a-wordpress-ecommerce-website.html.gz	159986
20190105211332	https://www.fiverr.com/zeeshanfaizan/do-projects-in-java-cpp-c-and-c-sharp	200	data/pilot/html-balanced/zeeshanfaizan/20190105_do-projects-in-java-cpp-c-and-c-sharp.html.gz	283454
20190319173626	https://www.fiverr.com/bdevlin/write-text-ad-copy-for-google-adwords	200	data/pilot/html-balanced/bdevlin/20190319_write-text-ad-copy-for-google-adwords.html.gz	167764
20190105192410	https://www.fiverr.com/bytesbee/design-a-attractive-fb-cover-and-profile-picture	200	data/pilot/html-balanced/bytesbee/20190105_design-a-attractive-fb-cover-and-profile-picture.html.gz	368654
20190318173900	https://www.fiverr.com/kainat__/write-products-description-for-your-shopify-store	200	data/pilot/html-balanced/kainat__/20190318_write-products-description-for-your-shopify-store.html.gz	344983
20190216204705	https://www.fiverr.com/trwtlo/be-your-songwriter-for-your-rap-or-rnb-song	200	data/pilot/html-balanced/trwtlo/20190216_be-your-songwriter-for-your-rap-or-rnb-song.html.gz	298929
20190224053234	https://www.fiverr.com/bogman/create-an-amazing-book-trailer-video	200	data/pilot/html-balanced/bogman/20190224_create-an-amazing-book-trailer-video.html.gz	197196
20190325212007	https://www.fiverr.com/dmutabwa/create-researched-sales-ad-and-website-copywriting	200	data/pilot/html-balanced/dmutabwa/20190325_create-researched-sales-ad-and-website-copywriting.html.gz	175202
20190512061512	https://www.fiverr.com/mikeyfive/turn-500-word-article-or-text-into-a-video	200	data/pilot/html-balanced/mikeyfive/20190512_turn-500-word-article-or-text-into-a-video.html.gz	346005
20190514061446	https://www.fiverr.com/branded_pptx/create-and-design-a-pro-powerpoint-template	200	data/pilot/html-balanced/branded_pptx/20190514_create-and-design-a-pro-powerpoint-template.html.gz	218637
20190507031038	https://www.fiverr.com/libbytidley/write-you-an-original-song	200	data/pilot/html-balanced/libbytidley/20190507_write-you-an-original-song.html.gz	211321
20190406132435	https://www.fiverr.com/ptyangel/translate-any-text-from-english-to-spanish	200	data/pilot/html-balanced/ptyangel/20190406_translate-any-text-from-english-to-spanish.html.gz	156291
20190518035803	https://www.fiverr.com/clockwork25/sample-any-song-into-a-hip-hop-beat	200	data/pilot/html-balanced/clockwork25/20190518_sample-any-song-into-a-hip-hop-beat.html.gz	162494
20190501234402	https://www.fiverr.com/etientahiri/be-your-personal-social-media-manager	200	data/pilot/html-balanced/etientahiri/20190501_be-your-personal-social-media-manager.html.gz	186435
20190119042324	https://www.fiverr.com/chanakacg/design-you-an-attractive-creative-flyer-just	200	data/pilot/html-balanced/chanakacg/20190119_design-you-an-attractive-creative-flyer-just.html.gz	335243
20190609084034	https://www.fiverr.com/mayankpatel293/ios-development-mobile-apps-development	200	data/pilot/html-balanced/mayankpatel293/20190609_ios-development-mobile-apps-development.html.gz	228625
20190607072118	https://www.fiverr.com/jurgenvincke/translate-any-text-from-french-into-dutch-and-vice-versa	200	data/pilot/html-balanced/jurgenvincke/20190607_translate-any-text-from-french-into-dutch-and-vice-versa.html.gz	153478
20190105201050	https://www.fiverr.com/danielwaldman/write-a-killer-landing-page-for-you	200	data/pilot/html-balanced/danielwaldman/20190105_write-a-killer-landing-page-for-you.html.gz	206892
20190502011721	https://www.fiverr.com/noisecontroller/extract-acapella-vocal-or-create-a-instrumental-from-a-song	200	data/pilot/html-balanced/noisecontroller/20190502_extract-acapella-vocal-or-create-a-instrumental-from-a-song.html.gz	201394
20190514073808	https://www.fiverr.com/dhandydope/do-detailed-podcast-editing-add-intro-music-outro-and-master	200	data/pilot/html-balanced/dhandydope/20190514_do-detailed-podcast-editing-add-intro-music-outro-and-master.html.gz	298033
20190611085303	https://www.fiverr.com/sawoda_sumi_29/create-label-design-hemp-oil-label-cbd-oil-label-bottle-label	200	data/pilot/html-balanced/sawoda_sumi_29/20190611_create-label-design-hemp-oil-label-cbd-oil-label-bottle-label.html.gz	201963
20190502010643	https://www.fiverr.com/venusvargas/record-female-vocals-for-your-song	200	data/pilot/html-balanced/venusvargas/20190502_record-female-vocals-for-your-song.html.gz	415878
20190607072805	https://www.fiverr.com/shonchoykhan/create-dubstep-logo-reveal	200	data/pilot/html-balanced/shonchoykhan/20190607_create-dubstep-logo-reveal.html.gz	167954
20190407112838	https://www.fiverr.com/mht177/create-invoice-design-within-24-hours	200	data/pilot/html-balanced/mht177/20190407_create-invoice-design-within-24-hours.html.gz	171910
20190502010012	https://www.fiverr.com/zee086/make-the-video-from-your-pictures	200	data/pilot/html-balanced/zee086/20190502_make-the-video-from-your-pictures.html.gz	210598
20190501233830	https://www.fiverr.com/safyanbajwa/do-great-infographics-work-full-satisfaction	200	data/pilot/html-balanced/safyanbajwa/20190501_do-great-infographics-work-full-satisfaction.html.gz	219527
20190509022906	https://www.fiverr.com/deluxemedia/design-a-professional-trifold-brochure-print-ready-for-you	200	data/pilot/html-balanced/deluxemedia/20190509_design-a-professional-trifold-brochure-print-ready-for-you.html.gz	205627
20190519105330	https://www.fiverr.com/prashanta921/edit-your-bigcommerce-or-shopify-website	200	data/pilot/html-balanced/prashanta921/20190519_edit-your-bigcommerce-or-shopify-website.html.gz	300085
20190509040823	https://www.fiverr.com/richportercrew/write-a-rap-song-like-drake-in-24-hours	200	data/pilot/html-balanced/richportercrew/20190509_write-a-rap-song-like-drake-in-24-hours.html.gz	212225
20190105193907	https://www.fiverr.com/fawadslm1/do-any-designing-work-for-you	200	data/pilot/html-balanced/fawadslm1/20190105_do-any-designing-work-for-you.html.gz	334127
20190519092722	https://www.fiverr.com/ralphie2/give-you-a-step-by-step-digital-marketing-plan	200	data/pilot/html-balanced/ralphie2/20190519_give-you-a-step-by-step-digital-marketing-plan.html.gz	304380
20190509032337	https://www.fiverr.com/gigicheng/provide-flawlessly-translation-english-to-chinese	200	data/pilot/html-balanced/gigicheng/20190509_provide-flawlessly-translation-english-to-chinese.html.gz	450270
20190612094208	https://www.fiverr.com/irfan421/create-budget-friendly-2d-explainer-animation	200	data/pilot/html-balanced/irfan421/20190612_create-budget-friendly-2d-explainer-animation.html.gz	195192
20190502010213	https://www.fiverr.com/kdimerc/record-professional-voice-overs-in-just-one-day	200	data/pilot/html-balanced/kdimerc/20190502_record-professional-voice-overs-in-just-one-day.html.gz	344108
20190509040320	https://www.fiverr.com/martijnkoedam/be-your-dutch-male-voiceover	200	data/pilot/html-balanced/martijnkoedam/20190509_be-your-dutch-male-voiceover.html.gz	176708
20190617144757	https://www.fiverr.com/email_design/create-constant-contact-html-email-newsletter-template	200	data/pilot/html-balanced/email_design/20190617_create-constant-contact-html-email-newsletter-template.html.gz	166853
20190502012915	https://www.fiverr.com/wewildmonkeys/add-facebook-messenger-whatsapp-chat-button-to-your-website	200	data/pilot/html-balanced/wewildmonkeys/20190502_add-facebook-messenger-whatsapp-chat-button-to-your-website.html.gz	191851
20190502234154	https://www.fiverr.com/knightsguard/play-your-song-regularly-live-on-radio	200	data/pilot/html-balanced/knightsguard/20190502_play-your-song-regularly-live-on-radio.html.gz	288765
20190516070643	https://www.fiverr.com/dorsell/do-data-visualization-with-python-and-d3	200	data/pilot/html-balanced/dorsell/20190516_do-data-visualization-with-python-and-d3.html.gz	135671
20190502003252	https://www.fiverr.com/bojansavikj/write-review-for-your-app-software-or-product-and-post-it-on-my-pr3-website	200	data/pilot/html-balanced/bojansavikj/20190502_write-review-for-your-app-software-or-product-and-post-it-on-my-pr3-website.html.gz	203037
20190609082536	https://www.fiverr.com/naomirobins/do-amazon-translation-between-english-french-spanish-german-or-italian	200	data/pilot/html-balanced/naomirobins/20190609_do-amazon-translation-between-english-french-spanish-german-or-italian.html.gz	174316
20190502000530	https://www.fiverr.com/apollo206/promote-your-music-to-over-100-college-radio-music-directors	200	data/pilot/html-balanced/apollo206/20190502_promote-your-music-to-over-100-college-radio-music-directors.html.gz	285150
20190502002148	https://www.fiverr.com/hannimus/transcribe-your-15-min-of-audio	200	data/pilot/html-balanced/hannimus/20190502_transcribe-your-15-min-of-audio.html.gz	199417
20190512050251	https://www.fiverr.com/jerinshop/create-animated-ads-in-html-5-for-google-display-ads	200	data/pilot/html-balanced/jerinshop/20190512_create-animated-ads-in-html-5-for-google-display-ads.html.gz	207292
20190501225526	https://www.fiverr.com/dusuacangmon/design-magazine-layout-to-a-superb-one	200	data/pilot/html-balanced/dusuacangmon/20190501_design-magazine-layout-to-a-superb-one.html.gz	164804
20190504015835	https://www.fiverr.com/mircoianese/create-a-bot-that-scrapes-usernames-from-supergroups-on-telegram	200	data/pilot/html-balanced/mircoianese/20190504_create-a-bot-that-scrapes-usernames-from-supergroups-on-telegram.html.gz	313903
20190609081156	https://www.fiverr.com/abrang/draw-cute-cartoon-characters	200	data/pilot/html-balanced/abrang/20190609_draw-cute-cartoon-characters.html.gz	213551
20190123073535	https://www.fiverr.com/alextes/edit-after-effects-template-from-videohive	200	data/pilot/html-balanced/alextes/20190123_edit-after-effects-template-from-videohive.html.gz	237533
20190405051240	https://www.fiverr.com/ahridoy/any-photoshop-edit-work-with-12-hrs	200	data/pilot/html-balanced/ahridoy/20190405_any-photoshop-edit-work-with-12-hrs.html.gz	154516
20190502001420	https://www.fiverr.com/djester27/translate-500-words-of-english-into-german	200	data/pilot/html-balanced/djester27/20190502_translate-500-words-of-english-into-german.html.gz	289308
20190506020114	https://www.fiverr.com/russ41burg/write-a-great-description-of-your-book-for-kindle	200	data/pilot/html-balanced/russ41burg/20190506_write-a-great-description-of-your-book-for-kindle.html.gz	203827
20190106205840	https://www.fiverr.com/zkeren/write-vaping-marijuana-and-weed-content	200	data/pilot/html-balanced/zkeren/20190106_write-vaping-marijuana-and-weed-content.html.gz	295555
20190519105039	https://www.fiverr.com/annadoit/help-with-wix-site-bugs-seo-wix-code-database	200	data/pilot/html-balanced/annadoit/20190519_help-with-wix-site-bugs-seo-wix-code-database.html.gz	278012
20190502010718	https://www.fiverr.com/ariannysong/be-your-female-singer-and-songwriter-in-english-or-spanish	200	data/pilot/html-balanced/ariannysong/20190502_be-your-female-singer-and-songwriter-in-english-or-spanish.html.gz	228980
20190612094153	https://www.fiverr.com/alexanderwriter/create-professional-animated-sales-or-explainer-videos	200	data/pilot/html-balanced/alexanderwriter/20190612_create-professional-animated-sales-or-explainer-videos.html.gz	228897
20190606063232	https://www.fiverr.com/umairali508/develop-website-with-codeigniter-laravel-symfony	200	data/pilot/html-balanced/umairali508/20190606_develop-website-with-codeigniter-laravel-symfony.html.gz	184686
20190502013459	https://www.fiverr.com/archanaverma25d/do-any-database-related-work-oracle-plsql-sql-mysql-db2	200	data/pilot/html-balanced/archanaverma25d/20190502_do-any-database-related-work-oracle-plsql-sql-mysql-db2.html.gz	156437
20190502000152	https://www.fiverr.com/wongsaetok/provide-50-expired-or-dead-blogspot-pa-27-and-above	200	data/pilot/html-balanced/wongsaetok/20190502_provide-50-expired-or-dead-blogspot-pa-27-and-above.html.gz	276087
20190503004718	https://www.fiverr.com/naraudio/do-sound-design-for-visual-media	200	data/pilot/html-balanced/naraudio/20190503_do-sound-design-for-visual-media.html.gz	205247
20190502000606	https://www.fiverr.com/dtongsports/play-your-song-or-audio-to-thousands-of-listeners-on-my-radio-podcast-all-genres	200	data/pilot/html-balanced/dtongsports/20190502_play-your-song-or-audio-to-thousands-of-listeners-on-my-radio-podcast-all-genres.html.gz	192893
20190614165625	https://www.fiverr.com/faria_promi/design-restaurant-menu-food-menu-brochure-in-24-hours	200	data/pilot/html-balanced/faria_promi/20190614_design-restaurant-menu-food-menu-brochure-in-24-hours.html.gz	179639
20190501222314	https://www.fiverr.com/ariangga/draw-a-dark-art-illustration	200	data/pilot/html-balanced/ariangga/20190501_draw-a-dark-art-illustration.html.gz	210288
20190402231725	https://www.fiverr.com/digita_solution/get-you-sales-with-facebook-advertising	200	data/pilot/html-balanced/digita_solution/20190402_get-you-sales-with-facebook-advertising.html.gz	164562
20190501231336	https://www.fiverr.com/ednoname/draw-you-in-my-anime-manga-style	200	data/pilot/html-balanced/ednoname/20190501_draw-you-in-my-anime-manga-style.html.gz	206164
20190629092256	https://www.fiverr.com/gusfr_/compose-a-emotional-melody-for-your-edm-song	200	data/pilot/html-balanced/gusfr_/20190629_compose-a-emotional-melody-for-your-edm-song.html.gz	154161
20190502004447	https://www.fiverr.com/logoanintro/create-10-epic-video-intro-fire-electric-glitch-logo-animation-in-24-hours	200	data/pilot/html-balanced/logoanintro/20190502_create-10-epic-video-intro-fire-electric-glitch-logo-animation-in-24-hours.html.gz	236128
20190519090010	https://www.fiverr.com/rainquorra/draw-cartoon-characters-for-comics-newspaper-or-blog-posts	200	data/pilot/html-balanced/rainquorra/20190519_draw-cartoon-characters-for-comics-newspaper-or-blog-posts.html.gz	335277
20190502002016	https://www.fiverr.com/broadcastking/distribute-your-press-release-to-2000-relevant-media-outlets	200	data/pilot/html-balanced/broadcastking/20190502_distribute-your-press-release-to-2000-relevant-media-outlets.html.gz	292605
20190607080238	https://www.fiverr.com/virtualgirl2010/do-3-months-seo-package-offsite	200	data/pilot/html-balanced/virtualgirl2010/20190607_do-3-months-seo-package-offsite.html.gz	165680
20190502003919	https://www.fiverr.com/zubair_designer/create-unique-and-color-full-whiteboard-animation	200	data/pilot/html-balanced/zubair_designer/20190502_create-unique-and-color-full-whiteboard-animation.html.gz	289474
20190501235757	https://www.fiverr.com/mslailalopez/give-you-an-instagram-shoutout-on-19k-real-audience	200	data/pilot/html-balanced/mslailalopez/20190501_give-you-an-instagram-shoutout-on-19k-real-audience.html.gz	162578
20190509034442	https://www.fiverr.com/leorbel/create-a-professional-video-from-your-footage	200	data/pilot/html-balanced/leorbel/20190509_create-a-professional-video-from-your-footage.html.gz	147495
20190930005530	https://www.fiverr.com/levmusic/create-hebrew-explainer-and-promotion-video	200	data/pilot/html-balanced/levmusic/20190930_create-hebrew-explainer-and-promotion-video.html.gz	214969
20190629052952	https://www.fiverr.com/mr12rounds/audio-mixing-and-mastering	200	data/pilot/html-balanced/mr12rounds/20190629_audio-mixing-and-mastering.html.gz	163220
20190504024322	https://www.fiverr.com/paulagrueso/dance-for-your-social-media-fb-ig	200	data/pilot/html-balanced/paulagrueso/20190504_dance-for-your-social-media-fb-ig.html.gz	160372
20190407142603	https://www.fiverr.com/sanu61/debug-php-wordpress-and-joomla-websites	200	data/pilot/html-balanced/sanu61/20190407_debug-php-wordpress-and-joomla-websites.html.gz	168904
20190504010327	https://www.fiverr.com/spinnekop04/ghostwrite-your-fiction-stories-and-novels	200	data/pilot/html-balanced/spinnekop04/20190504_ghostwrite-your-fiction-stories-and-novels.html.gz	151890
20190929221804	https://www.fiverr.com/awwyeah/critique-or-write-your-podcast-intro-script	200	data/pilot/html-balanced/awwyeah/20190929_critique-or-write-your-podcast-intro-script.html.gz	180488
20190801185145	https://www.fiverr.com/customdrumloops/fx-and-optimize-your-facebook-ads-and-website-conversion	200	data/pilot/html-balanced/customdrumloops/20190801_fx-and-optimize-your-facebook-ads-and-website-conversion.html.gz	158312
20190929230733	https://www.fiverr.com/juliettepecaut/proofread-and-edit-up-to-1500-words	200	data/pilot/html-balanced/juliettepecaut/20190929_proofread-and-edit-up-to-1500-words.html.gz	187299
20190501231602	https://www.fiverr.com/marki0315/make-a-cartoon-of-your-portrait	200	data/pilot/html-balanced/marki0315/20190501_make-a-cartoon-of-your-portrait.html.gz	288496
20190821033052	https://www.fiverr.com/lbstevens/ghostwrite-a-blog-post	200	data/pilot/html-balanced/lbstevens/20190821_ghostwrite-a-blog-post.html.gz	134604
20190929231608	https://www.fiverr.com/press__agency/write-press-release-with-guaranteed-media-coverage	200	data/pilot/html-balanced/press__agency/20190929_write-press-release-with-guaranteed-media-coverage.html.gz	232163
20190930044859	https://www.fiverr.com/spark4hope/install-wordpress-secure-and-necessary-plugins-and-modules	200	data/pilot/html-balanced/spark4hope/20190930_install-wordpress-secure-and-necessary-plugins-and-modules.html.gz	195950
20190929163038	https://www.fiverr.com/jhana_ellard/install-the-facebook-pixel-on-to-your-site	200	data/pilot/html-balanced/jhana_ellard/20190929_install-the-facebook-pixel-on-to-your-site.html.gz	194196
20190514073851	https://www.fiverr.com/elekim86/edit-pitch-correct-enhance-mix-and-master-your-song	200	data/pilot/html-balanced/elekim86/20190514_edit-pitch-correct-enhance-mix-and-master-your-song.html.gz	224915
20190930024900	https://www.fiverr.com/heresricky/record-a-voiceover-as-jack-nicholson-liam-neeson-or-david-attenborough	200	data/pilot/html-balanced/heresricky/20190930_record-a-voiceover-as-jack-nicholson-liam-neeson-or-david-attenborough.html.gz	213325
20190815031641	https://www.fiverr.com/andorfarkas/do-pro-flyer-leaflet-poster-billboard-advertising-board	200	data/pilot/html-balanced/andorfarkas/20190815_do-pro-flyer-leaflet-poster-billboard-advertising-board.html.gz	208801
20190929133229	https://www.fiverr.com/saifullahali999/do-funny-big-head-cartoon-caricatures-for-you	200	data/pilot/html-balanced/saifullahali999/20190929_do-funny-big-head-cartoon-caricatures-for-you.html.gz	238752
20190930001130	https://www.fiverr.com/karnakzed/make-sky-clouds-video-intro	200	data/pilot/html-balanced/karnakzed/20190930_make-sky-clouds-video-intro.html.gz	230540
20190930012824	https://www.fiverr.com/thumarkevin/make-a-cinemagraph-animated-gif	200	data/pilot/html-balanced/thumarkevin/20190930_make-a-cinemagraph-animated-gif.html.gz	212090
20190929170333	https://www.fiverr.com/ayomideajay/be-your-strategic-website-content-marketer	200	data/pilot/html-balanced/ayomideajay/20190929_be-your-strategic-website-content-marketer.html.gz	197702
20190924074426	https://www.fiverr.com/polashsinha/do-creative-banner-design	200	data/pilot/html-balanced/polashsinha/20190924_do-creative-banner-design.html.gz	220500
20190825075033	https://www.fiverr.com/animteam/create-some-cool-logo-animation	200	data/pilot/html-balanced/animteam/20190825_create-some-cool-logo-animation.html.gz	176219
20190831085455	https://www.fiverr.com/jenajenny/create-infographics-within-24-hours	200	data/pilot/html-balanced/jenajenny/20190831_create-infographics-within-24-hours.html.gz	214064
20190929191446	https://www.fiverr.com/phoenixfm/play-your-song-on-my-radio-show	200	data/pilot/html-balanced/phoenixfm/20190929_play-your-song-on-my-radio-show.html.gz	193145
20190930045440	https://www.fiverr.com/thextremewp/fix-hacked-wordpress-website-and-remove-malware	200	data/pilot/html-balanced/thextremewp/20190930_fix-hacked-wordpress-website-and-remove-malware.html.gz	205249
20190917200906	https://www.fiverr.com/sohail1akbar/design-packaging-box-gift-box-and-custom-box	200	data/pilot/html-balanced/sohail1akbar/20190917_design-packaging-box-gift-box-and-custom-box.html.gz	230510
20190930011952	https://www.fiverr.com/sahilhaider/add-professional-vfx-to-your-video-in-12-hours	200	data/pilot/html-balanced/sahilhaider/20190930_add-professional-vfx-to-your-video-in-12-hours.html.gz	229236
20190929204303	https://www.fiverr.com/joaomino/translate-up-to-500-words-from-english-to-portuguese	200	data/pilot/html-balanced/joaomino/20190929_translate-up-to-500-words-from-english-to-portuguese.html.gz	196545
20190930000212	https://www.fiverr.com/edoanimations/create-svg-animation-for-your-website-using-lottie	200	data/pilot/html-balanced/edoanimations/20190930_create-svg-animation-for-your-website-using-lottie.html.gz	188410
20190804063723	https://www.fiverr.com/hafizejaz/install-avada-wordpress-theme-a4e5890a-88b2-4052-9e33-5ddef92e62e2	200	data/pilot/html-balanced/hafizejaz/20190804_install-avada-wordpress-theme-a4e5890a-88b2-4052-9e33-5ddef92e62e2.html.gz	216943
20190929233045	https://www.fiverr.com/becomecubed/edit-your-stream-highlights-or-youtube-video	200	data/pilot/html-balanced/becomecubed/20190929_edit-your-stream-highlights-or-youtube-video.html.gz	198558
20190930041132	https://www.fiverr.com/customdrumloops/create-a-whiteboard-marketing-video-for-your-business	200	data/pilot/html-balanced/customdrumloops/20190930_create-a-whiteboard-marketing-video-for-your-business.html.gz	235930
20190702154622	https://www.fiverr.com/cynthialinda/translate-from-german-to-english-superbly	200	data/pilot/html-balanced/cynthialinda/20190702_translate-from-german-to-english-superbly.html.gz	155199
20190930002913	https://www.fiverr.com/memo_mubarak2/make-an-innovative-whiteboard-animated-videos	200	data/pilot/html-balanced/memo_mubarak2/20190930_make-an-innovative-whiteboard-animated-videos.html.gz	220679
20190930045307	https://www.fiverr.com/btsashik32/design-responsive-wordpress-landing-page-or-squeeze-page-or-sales-or-promo-page	200	data/pilot/html-balanced/btsashik32/20190930_design-responsive-wordpress-landing-page-or-squeeze-page-or-sales-or-promo-page.html.gz	241410
20190815032110	https://www.fiverr.com/juandiazpro/design-you-an-attractive-flyer-for-your-product-or-event	200	data/pilot/html-balanced/juandiazpro/20190815_design-you-an-attractive-flyer-for-your-product-or-event.html.gz	218422
20190929151921	https://www.fiverr.com/creative_boxx/create-an-unique-infographic-design	200	data/pilot/html-balanced/creative_boxx/20190929_create-an-unique-infographic-design.html.gz	235580
20190703214542	https://www.fiverr.com/exofarartwork/make-amazing-caricature-style-from-your-photo	200	data/pilot/html-balanced/exofarartwork/20190703_make-amazing-caricature-style-from-your-photo.html.gz	217572
20190929171225	https://www.fiverr.com/topgigs1/professionally-audit-your-google-adwords-ppc-account	200	data/pilot/html-balanced/topgigs1/20190929_professionally-audit-your-google-adwords-ppc-account.html.gz	170908
20190825111159	https://www.fiverr.com/largemedia/design-unique-product-labels-and-book-covers	200	data/pilot/html-balanced/largemedia/20190825_design-unique-product-labels-and-book-covers.html.gz	220595
20190930035642	https://www.fiverr.com/spartak_b/edit-and-master-audiobook-for-acx	200	data/pilot/html-balanced/spartak_b/20190930_edit-and-master-audiobook-for-acx.html.gz	194349
20190705024019	https://www.fiverr.com/ei8htz/design-2-outstanding-logo	200	data/pilot/html-balanced/ei8htz/20190705_design-2-outstanding-logo.html.gz	232522
20190929230420	https://www.fiverr.com/wajihafatima/proofread-and-edit-5-000-words-in-just-6-hours	200	data/pilot/html-balanced/wajihafatima/20190929_proofread-and-edit-5-000-words-in-just-6-hours.html.gz	197201
20190930003930	https://www.fiverr.com/arissa_miki/animate-any-2d-character-you-need	200	data/pilot/html-balanced/arissa_miki/20190930_animate-any-2d-character-you-need.html.gz	207629
20190929201002	https://www.fiverr.com/thewriteraman/write-a-1000-words-seo-optimized-article-on-any-topic	200	data/pilot/html-balanced/thewriteraman/20190929_write-a-1000-words-seo-optimized-article-on-any-topic.html.gz	187791
20190930045039	https://www.fiverr.com/thegulshankumar/move-wordpress-to-vultr-cloud-vps	200	data/pilot/html-balanced/thegulshankumar/20190930_move-wordpress-to-vultr-cloud-vps.html.gz	236846
20190723141246	https://www.fiverr.com/khenz211/create-an-animated-storyboard-video-in-24hours	200	data/pilot/html-balanced/khenz211/20190723_create-an-animated-storyboard-video-in-24hours.html.gz	180209
20190930033936	https://www.fiverr.com/mindofdme/boom-bap-classic-hip-hop-beat-and-urban-latin-reggaeton	200	data/pilot/html-balanced/mindofdme/20190930_boom-bap-classic-hip-hop-beat-and-urban-latin-reggaeton.html.gz	198233
20190929220234	https://www.fiverr.com/amyample/write-a-tips-based-article	200	data/pilot/html-balanced/amyample/20190929_write-a-tips-based-article.html.gz	190328
20190929194100	https://www.fiverr.com/plrvault/give-you-6000-plr-ebooks-videos-and-new-ones-twice-a-month	200	data/pilot/html-balanced/plrvault/20190929_give-you-6000-plr-ebooks-videos-and-new-ones-twice-a-month.html.gz	184254
20190919053807	https://www.fiverr.com/kmdesignz/design-a-stunning-album-art-or-cd-artwork	200	data/pilot/html-balanced/kmdesignz/20190919_design-a-stunning-album-art-or-cd-artwork.html.gz	223199
20190929204548	https://www.fiverr.com/aylinke/provide-the-best-german-english-medical-translations	200	data/pilot/html-balanced/aylinke/20190929_provide-the-best-german-english-medical-translations.html.gz	190004
20190930044303	https://www.fiverr.com/symlogik/fix-any-wordpress-issue-bug-problem-in-24-hours	200	data/pilot/html-balanced/symlogik/20190930_fix-any-wordpress-issue-bug-problem-in-24-hours.html.gz	218984
20190929230305	https://www.fiverr.com/avj113/proofread-and-copy-edit-any-article-or-text	200	data/pilot/html-balanced/avj113/20190929_proofread-and-copy-edit-any-article-or-text.html.gz	182743
20190719092932	https://www.fiverr.com/miamimarketer/build-your-webinar-funnel	200	data/pilot/html-balanced/miamimarketer/20190719_build-your-webinar-funnel.html.gz	138195
20190724121022	https://www.fiverr.com/adeportraitart/draw-retro-portrait-illustration-from-photo-443b	200	data/pilot/html-balanced/adeportraitart/20190724_draw-retro-portrait-illustration-from-photo-443b.html.gz	175446
20190929150259	https://www.fiverr.com/zia_khan20/design-interactive-powerpoint-presentation	200	data/pilot/html-balanced/zia_khan20/20190929_design-interactive-powerpoint-presentation.html.gz	190915
20190929223300	https://www.fiverr.com/avamallory/write-an-engaging-book-blurb-for-your-book	200	data/pilot/html-balanced/avamallory/20190929_write-an-engaging-book-blurb-for-your-book.html.gz	183982
20190820051354	https://www.fiverr.com/waxcastlez/add-your-music-to-our-apple-music-60-minute-24-7-playlist-for-1-month	200	data/pilot/html-balanced/waxcastlez/20190820_add-your-music-to-our-apple-music-60-minute-24-7-playlist-for-1-month.html.gz	211890
20190929203721	https://www.fiverr.com/drag517/translate-any-document-from-english-to-spanish	200	data/pilot/html-balanced/drag517/20190929_translate-any-document-from-english-to-spanish.html.gz	185990
20190723120514	https://www.fiverr.com/technokisan/record-screencast-instructional-tutorial-and-explainer-video	200	data/pilot/html-balanced/technokisan/20190723_record-screencast-instructional-tutorial-and-explainer-video.html.gz	200174
20190930042726	https://www.fiverr.com/loulalove/create-singing-affirmations-with-beautiful-music	200	data/pilot/html-balanced/loulalove/20190930_create-singing-affirmations-with-beautiful-music.html.gz	174300
20190910145857	https://www.fiverr.com/chrispygr/design-pokemon-graphics-for-your-youtube-or-twitch-channel-for-your-needs	200	data/pilot/html-balanced/chrispygr/20190910_design-pokemon-graphics-for-your-youtube-or-twitch-channel-for-your-needs.html.gz	176995
20190930024022	https://www.fiverr.com/tiarider/narrate-your-fiction-or-nonfiction-audiobook	200	data/pilot/html-balanced/tiarider/20190930_narrate-your-fiction-or-nonfiction-audiobook.html.gz	149250
20190825081553	https://www.fiverr.com/designerheather/design-your-ebook-or-lead-magnet	200	data/pilot/html-balanced/designerheather/20190825_design-your-ebook-or-lead-magnet.html.gz	138175
20190831123543	https://www.fiverr.com/jbricout/design-your-mobile-app	200	data/pilot/html-balanced/jbricout/20190831_design-your-mobile-app.html.gz	186626
20190929163226	https://www.fiverr.com/vasily17/professionally-schedule-content-on-instagram	200	data/pilot/html-balanced/vasily17/20190929_professionally-schedule-content-on-instagram.html.gz	190716
20190705015347	https://www.fiverr.com/lmvadesign/create-a-fully-custom-wix-website	200	data/pilot/html-balanced/lmvadesign/20190705_create-a-fully-custom-wix-website.html.gz	179085
20191003002554	https://www.fiverr.com/dimitrisb/translate-anything-between-greek-and-english	200	data/pilot/html-balanced/dimitrisb/20191003_translate-anything-between-greek-and-english.html.gz	182714
20191109075752	https://www.fiverr.com/arnoldprays/produce-brass-line-for-your-music-and-music-production	200	data/pilot/html-balanced/arnoldprays/20191109_produce-brass-line-for-your-music-and-music-production.html.gz	183493
20191002220749	https://www.fiverr.com/markkh/do-viral-affiliate-marketing-and-promotion	200	data/pilot/html-balanced/markkh/20191002_do-viral-affiliate-marketing-and-promotion.html.gz	206915
20191003050245	https://www.fiverr.com/aarongregory/provide-high-quality-motion-graphics-support	200	data/pilot/html-balanced/aarongregory/20191003_provide-high-quality-motion-graphics-support.html.gz	192434
20191117185541	https://www.fiverr.com/nuelect_promo/do-organic-soundcloud-promotion-and-more	200	data/pilot/html-balanced/nuelect_promo/20191117_do-organic-soundcloud-promotion-and-more.html.gz	201136
20191004064618	https://www.fiverr.com/humzam86/revamp-redesign-and-build-wix-website-in-1-day	200	data/pilot/html-balanced/humzam86/20191004_revamp-redesign-and-build-wix-website-in-1-day.html.gz	208049
20191003021435	https://www.fiverr.com/jakeeck/write-professional-sales-copy-with-my-enterprise-experience	200	data/pilot/html-balanced/jakeeck/20191003_write-professional-sales-copy-with-my-enterprise-experience.html.gz	203299
20191001133135	https://www.fiverr.com/mdkaosar236/do-exclusive-flyer-and-brochure-design	200	data/pilot/html-balanced/mdkaosar236/20191001_do-exclusive-flyer-and-brochure-design.html.gz	243572
20191126102906	https://www.fiverr.com/mrrobnewton/plan-and-manage-an-event-marketing-campaign	200	data/pilot/html-balanced/mrrobnewton/20191126_plan-and-manage-an-event-marketing-campaign.html.gz	201263
20191002184336	https://www.fiverr.com/waseem100/make-you-a-professional-attractive-power-point-presentation	200	data/pilot/html-balanced/waseem100/20191002_make-you-a-professional-attractive-power-point-presentation.html.gz	240622
20191030092230	https://www.fiverr.com/trustudios/create-a-stunning-nature-music-video-for-your-song	200	data/pilot/html-balanced/trustudios/20191030_create-a-stunning-nature-music-video-for-your-song.html.gz	199584
20191003041646	https://www.fiverr.com/zeshan5/create-2d-and-3d-animation-videos	200	data/pilot/html-balanced/zeshan5/20191003_create-2d-and-3d-animation-videos.html.gz	231836
20191211015625	https://www.fiverr.com/seoguru26/do-seo-full-on-page-and-off-page-optimization-for-any-site	200	data/pilot/html-balanced/seoguru26/20191211_do-seo-full-on-page-and-off-page-optimization-for-any-site.html.gz	251252
20191002224634	https://www.fiverr.com/emilly_1/do-viral-music-promotion	200	data/pilot/html-balanced/emilly_1/20191002_do-viral-music-promotion.html.gz	200513
20191228182312	https://www.fiverr.com/yahyarazi/write-a-killer-ux-copy-for-your-website-or-app	200	data/pilot/html-balanced/yahyarazi/20191228_write-a-killer-ux-copy-for-your-website-or-app.html.gz	187111
20191004074552	https://www.fiverr.com/jesusenramirez/help-you-with-your-c-linux-or-others-programming-works	200	data/pilot/html-balanced/jesusenramirez/20191004_help-you-with-your-c-linux-or-others-programming-works.html.gz	193947
20191130002803	https://www.fiverr.com/design_radar/do-extremely-professional-infographic-design	200	data/pilot/html-balanced/design_radar/20191130_do-extremely-professional-infographic-design.html.gz	240497
20191003072841	https://www.fiverr.com/arnobmitra/produce-your-song-and-also-vocal-tune-mix-and-master	200	data/pilot/html-balanced/arnobmitra/20191003_produce-your-song-and-also-vocal-tune-mix-and-master.html.gz	184478
20190929163157	https://www.fiverr.com/jewel_mir/expertly-grow-and-marketing-your-instagram-account	200	data/pilot/html-balanced/jewel_mir/20190929_expertly-grow-and-marketing-your-instagram-account.html.gz	241108
20191004053440	https://www.fiverr.com/francescoguitar/turn-any-audio-into-sheet-music	200	data/pilot/html-balanced/francescoguitar/20191004_turn-any-audio-into-sheet-music.html.gz	191556
20191001135546	https://www.fiverr.com/sanda5/give-the-best-design	200	data/pilot/html-balanced/sanda5/20191001_give-the-best-design.html.gz	242160
20191003040648	https://www.fiverr.com/zuri_d/create-powerful-real-estate-video-in-24-hours	200	data/pilot/html-balanced/zuri_d/20191003_create-powerful-real-estate-video-in-24-hours.html.gz	188039
20191003065945	https://www.fiverr.com/shutaidesu/make-an-exclusive-trap-rnb-hip-hop-beat	200	data/pilot/html-balanced/shutaidesu/20191003_make-an-exclusive-trap-rnb-hip-hop-beat.html.gz	195864
20191117233624	https://www.fiverr.com/kaiser794/proofread-and-edit-500-words-within-24-hours	200	data/pilot/html-balanced/kaiser794/20191117_proofread-and-edit-500-words-within-24-hours.html.gz	206703
20191001150408	https://www.fiverr.com/arjoy007/design-price-list-menu-list-price-table-in-24hrs-e2308528-7025-4abe-b345-b561fb085a80	200	data/pilot/html-balanced/arjoy007/20191001_design-price-list-menu-list-price-table-in-24hrs-e2308528-7025-4abe-b345-b561fb085a80.html.gz	253023
20191002224731	https://www.fiverr.com/artistway_pro/do-promotion-for-soundcloud-music	200	data/pilot/html-balanced/artistway_pro/20191002_do-promotion-for-soundcloud-music.html.gz	188050
20191003030640	https://www.fiverr.com/raj2016/make-high-quality-graphics-custom-explainer-video	200	data/pilot/html-balanced/raj2016/20191003_make-high-quality-graphics-custom-explainer-video.html.gz	243725
20191030025759	https://www.fiverr.com/petetheguy/implement-conversion-optimization-on-shopify	200	data/pilot/html-balanced/petetheguy/20191030_implement-conversion-optimization-on-shopify.html.gz	200952
20191030115510	https://www.fiverr.com/ryjones/be-your-composer-and-producer	200	data/pilot/html-balanced/ryjones/20191030_be-your-composer-and-producer.html.gz	222594
20191210073853	https://www.fiverr.com/anyach28/write-your-website-content	200	data/pilot/html-balanced/anyach28/20191210_write-your-website-content.html.gz	190429
20190929204426	https://www.fiverr.com/qisthebest/translate-chinese-to-english-or-vice-versa	200	data/pilot/html-balanced/qisthebest/20190929_translate-chinese-to-english-or-vice-versa.html.gz	191549
20190707181231	https://www.fiverr.com/seosmmpro/promote-video-on-youtube-high-audience-and-marketing	200	data/pilot/html-balanced/seosmmpro/20190707_promote-video-on-youtube-high-audience-and-marketing.html.gz	150801
20191002211535	https://www.fiverr.com/simsidre/review-and-revise-your-kickstarter-campaign-story-profile	200	data/pilot/html-balanced/simsidre/20191002_review-and-revise-your-kickstarter-campaign-story-profile.html.gz	195955
20191004025305	https://www.fiverr.com/preciouschidera/record-a-professional-video-testimonial-for-you	200	data/pilot/html-balanced/preciouschidera/20191004_record-a-professional-video-testimonial-for-you.html.gz	240981
20191001145142	https://www.fiverr.com/beautiful_angli/design-fix-customize-and-redesign-wix-website	200	data/pilot/html-balanced/beautiful_angli/20191001_design-fix-customize-and-redesign-wix-website.html.gz	237100
20191004135125	https://www.fiverr.com/elinora/design-professional-flyer-or-any-other-print-work	200	data/pilot/html-balanced/elinora/20191004_design-professional-flyer-or-any-other-print-work.html.gz	242486
20191030112348	https://www.fiverr.com/audiorich/be-your-american-female-audiobook-narrator	200	data/pilot/html-balanced/audiorich/20191030_be-your-american-female-audiobook-narrator.html.gz	214604
20191229124825	https://www.fiverr.com/solaiman_khan/110-live-usa-local-seo-citation	200	data/pilot/html-balanced/solaiman_khan/20191229_110-live-usa-local-seo-citation.html.gz	180151
20191001145443	https://www.fiverr.com/designs4ll/design-modern-food-menu-restaurant-menu-digital-menu	200	data/pilot/html-balanced/designs4ll/20191001_design-modern-food-menu-restaurant-menu-digital-menu.html.gz	197752
20191117203435	https://www.fiverr.com/valeria1996/provide-a-professional-translation-en-it-fr	200	data/pilot/html-balanced/valeria1996/20191117_provide-a-professional-translation-en-it-fr.html.gz	196712
20191003050607	https://www.fiverr.com/rasika_madushan/create-2d-animation-video-for-you	200	data/pilot/html-balanced/rasika_madushan/20191003_create-2d-animation-video-for-you.html.gz	224763
20191002173023	https://www.fiverr.com/goaldsign/create-professional-banner-ads	200	data/pilot/html-balanced/goaldsign/20191002_create-professional-banner-ads.html.gz	236034
20191003021351	https://www.fiverr.com/atzahoor/write-high-quality-product-descriptions-of-150-to-250-words-1652fd49-674e-43fe-b6a5-7db993dcbbba	200	data/pilot/html-balanced/atzahoor/20191003_write-high-quality-product-descriptions-of-150-to-250-words-1652fd49-674e-43fe-b6a5-7db993dcbbba.html.gz	219617
20191103163656	https://www.fiverr.com/mikeporter/record-a-male-london-accent-dry-voice-over	200	data/pilot/html-balanced/mikeporter/20191103_record-a-male-london-accent-dry-voice-over.html.gz	224711
20191002161741	https://www.fiverr.com/ario_fp/create-a-professional-facebook-cover-banner-design	200	data/pilot/html-balanced/ario_fp/20191002_create-a-professional-facebook-cover-banner-design.html.gz	246252
20191002205215	https://www.fiverr.com/haidernuur/seo-optimize-your-youtube-videos	200	data/pilot/html-balanced/haidernuur/20191002_seo-optimize-your-youtube-videos.html.gz	250853
20191004074616	https://www.fiverr.com/sheikhsabaasif/efficient-and-error-free-programming-work-at-a-moderate-cost	200	data/pilot/html-balanced/sheikhsabaasif/20191004_efficient-and-error-free-programming-work-at-a-moderate-cost.html.gz	200424
20191219161738	https://www.fiverr.com/chrismiler/do-a-perfect-screencast-software-or-website-tutorial	200	data/pilot/html-balanced/chrismiler/20191219_do-a-perfect-screencast-software-or-website-tutorial.html.gz	221658
20191126123142	https://www.fiverr.com/anassauthor/perfect-french-whiteboard-animation	200	data/pilot/html-balanced/anassauthor/20191126_perfect-french-whiteboard-animation.html.gz	206856
20191129225057	https://www.fiverr.com/sohaibqureshi12/create-highly-attractive-pinterest-pins-in-12-hours	200	data/pilot/html-balanced/sohaibqureshi12/20191129_create-highly-attractive-pinterest-pins-in-12-hours.html.gz	182631
20191031070205	https://www.fiverr.com/shungha/help-you-find-rare-japanese-anime-goods	200	data/pilot/html-balanced/shungha/20191031_help-you-find-rare-japanese-anime-goods.html.gz	194052
20191002192250	https://www.fiverr.com/belayachi/design-unique-wedding-invitation-package	200	data/pilot/html-balanced/belayachi/20191002_design-unique-wedding-invitation-package.html.gz	236317
20191002214936	https://www.fiverr.com/traffic1master/install-google-analytics-and-tag-manager	200	data/pilot/html-balanced/traffic1master/20191002_install-google-analytics-and-tag-manager.html.gz	203180
20191114155820	https://www.fiverr.com/superpummelo/write-an-original-post-for-your-website-500ish-words-on-any-subject-blog-or-seo	200	data/pilot/html-balanced/superpummelo/20191114_write-an-original-post-for-your-website-500ish-words-on-any-subject-blog-or-seo.html.gz	213867
20191206201423	https://www.fiverr.com/simplybright/create-awesome-custom-coffee-mug-design	200	data/pilot/html-balanced/simplybright/20191206_create-awesome-custom-coffee-mug-design.html.gz	243065
20191002223939	https://www.fiverr.com/rockstar_of_seo/provide-you-100-0oo-mobile-phone-numbers-for-sms-marketing	200	data/pilot/html-balanced/rockstar_of_seo/20191002_provide-you-100-0oo-mobile-phone-numbers-for-sms-marketing.html.gz	190491
20191126014318	https://www.fiverr.com/shamsun_n/do-ticket-voucher-gift-visiting-card	200	data/pilot/html-balanced/shamsun_n/20191126_do-ticket-voucher-gift-visiting-card.html.gz	238458
20191030105305	https://www.fiverr.com/hiroeal/make-a-json-animation-for-your-mobile-app-or-webpage	200	data/pilot/html-balanced/hiroeal/20191030_make-a-json-animation-for-your-mobile-app-or-webpage.html.gz	204420
20191125165221	https://www.fiverr.com/kareem66/an-onscreen-website-or-document-presentation	200	data/pilot/html-balanced/kareem66/20191125_an-onscreen-website-or-document-presentation.html.gz	189528
20191119152901	https://www.fiverr.com/xboyzayan2000/do-any-graphic-design-job-in-6-hours	200	data/pilot/html-balanced/xboyzayan2000/20191119_do-any-graphic-design-job-in-6-hours.html.gz	245296
20191223155932	https://www.fiverr.com/underwoodbeats/make-you-an-emo-guitar-rap-trap-beat	200	data/pilot/html-balanced/underwoodbeats/20191223_make-you-an-emo-guitar-rap-trap-beat.html.gz	179430
20191109091000	https://www.fiverr.com/kamal_writer/write-perfect-sales-copy-that-sells-instantly	200	data/pilot/html-balanced/kamal_writer/20191109_write-perfect-sales-copy-that-sells-instantly.html.gz	206993
20191003042726	https://www.fiverr.com/fadlinurm_arc/create-3d-animation-with-lumion-8pro	200	data/pilot/html-balanced/fadlinurm_arc/20191003_create-3d-animation-with-lumion-8pro.html.gz	183464
20191001095700	https://www.fiverr.com/grandpa_designs/design-logo-for-your-business-or-website	200	data/pilot/html-balanced/grandpa_designs/20191001_design-logo-for-your-business-or-website.html.gz	244439
20191002152202	https://www.fiverr.com/hussainabid/design-material-web-ui	200	data/pilot/html-balanced/hussainabid/20191002_design-material-web-ui.html.gz	247121
20191002120258	https://www.fiverr.com/covercreators/create-an-ebook-cover-d2b7dd30-1687-413d-b95b-69966a34d34f	200	data/pilot/html-balanced/covercreators/20191002_create-an-ebook-cover-d2b7dd30-1687-413d-b95b-69966a34d34f.html.gz	210004
20191002205807	https://www.fiverr.com/methodmike/promote-your-romance-book-to-4700-engaged-readers	200	data/pilot/html-balanced/methodmike/20191002_promote-your-romance-book-to-4700-engaged-readers.html.gz	244275
20200102005442	https://www.fiverr.com/itsjukebox/custom-sound-design-mix-and-or-edit-audio	200	data/pilot/html-balanced/itsjukebox/20200102_custom-sound-design-mix-and-or-edit-audio.html.gz	205216
20200101052834	https://www.fiverr.com/stdesigns/make-any-kind-of-logo-with-ai-eps-psd-free	200	data/pilot/html-balanced/stdesigns/20200101_make-any-kind-of-logo-with-ai-eps-psd-free.html.gz	254830
20200101171433	https://www.fiverr.com/ashphonia/translate-between-english-and-chinese	200	data/pilot/html-balanced/ashphonia/20200101_translate-between-english-and-chinese.html.gz	200787
20200220220834	https://www.fiverr.com/silberma1976/write-300-words-of-rich-and-dymanic-seo-web-content	200	data/pilot/html-balanced/silberma1976/20200220_write-300-words-of-rich-and-dymanic-seo-web-content.html.gz	372551
20200101055924	https://www.fiverr.com/vidalion/create-lowpoly-assets-in-blender-for-your-animation-or-game	200	data/pilot/html-balanced/vidalion/20200101_create-lowpoly-assets-in-blender-for-your-animation-or-game.html.gz	203924
20200101162555	https://www.fiverr.com/adamkow/translate-polish-to-english-and-english-to-polish	200	data/pilot/html-balanced/adamkow/20200101_translate-polish-to-english-and-english-to-polish.html.gz	197878
20200101162119	https://www.fiverr.com/hyperhat/translate-1000-words-german-to-english	200	data/pilot/html-balanced/hyperhat/20200101_translate-1000-words-german-to-english.html.gz	208674
20200108130149	https://www.fiverr.com/milasun/design-wow-banner-ad-instagram-promotion-ad-and-facebook-ad-banner	200	data/pilot/html-balanced/milasun/20200108_design-wow-banner-ad-instagram-promotion-ad-and-facebook-ad-banner.html.gz	254705
20200125114252	https://www.fiverr.com/mind_booster/transcribe-15-minutes-audio-and-video	200	data/pilot/html-balanced/mind_booster/20200125_transcribe-15-minutes-audio-and-video.html.gz	202347
20200101122116	https://www.fiverr.com/seoguru26/do-seo-full-on-page-and-off-page-optimization-for-any-site	200	data/pilot/html-balanced/seoguru26/20200101_do-seo-full-on-page-and-off-page-optimization-for-any-site.html.gz	260616
20200101203703	https://www.fiverr.com/asifnur157/make-3d-animated-kid-rhyms-for-you	200	data/pilot/html-balanced/asifnur157/20200101_make-3d-animated-kid-rhyms-for-you.html.gz	212821
20200101181819	https://www.fiverr.com/bkille/write-a-radio-commercial-for-you	200	data/pilot/html-balanced/bkille/20200101_write-a-radio-commercial-for-you.html.gz	163235
20191030092025	https://www.fiverr.com/motionbrainart/create-realistic-product-animation-in-3d	200	data/pilot/html-balanced/motionbrainart/20191030_create-realistic-product-animation-in-3d.html.gz	195885
20200225034330	https://www.fiverr.com/rainbow_shade/real-estate-construction-property-investment-logo	200	data/pilot/html-balanced/rainbow_shade/20200225_real-estate-construction-property-investment-logo.html.gz	389226
20200110175033	https://www.fiverr.com/gmponline/setup-and-manage-google-display-network-adwords-ppc-campaign	200	data/pilot/html-balanced/gmponline/20200110_setup-and-manage-google-display-network-adwords-ppc-campaign.html.gz	190562
20200313204407	https://www.fiverr.com/pew_die_pie/create-a-science-video-for-you-42fa	200	data/pilot/html-balanced/pew_die_pie/20200313_create-a-science-video-for-you-42fa.html.gz	345854
20200218224117	https://www.fiverr.com/emilycoy/listen-to-and-comment-on-your-music	200	data/pilot/html-balanced/emilycoy/20200218_listen-to-and-comment-on-your-music.html.gz	321495
20200101194528	https://www.fiverr.com/chistolinova/do-video-editing-professionally-within-24hrs	200	data/pilot/html-balanced/chistolinova/20200101_do-video-editing-professionally-within-24hrs.html.gz	234805
20200105213230	https://www.fiverr.com/nikandco/be-your-professional-video-spokesperson	200	data/pilot/html-balanced/nikandco/20200105_be-your-professional-video-spokesperson.html.gz	244910
20200104072524	https://www.fiverr.com/artlab369/create-stylish-podcast-cover-art-for-itunes-within-24-hours	200	data/pilot/html-balanced/artlab369/20200104_create-stylish-podcast-cover-art-for-itunes-within-24-hours.html.gz	238125
20200224025603	https://www.fiverr.com/juiceex/write-a-terms-and-conditions-agreement-for-your-website	200	data/pilot/html-balanced/juiceex/20200224_write-a-terms-and-conditions-agreement-for-your-website.html.gz	326732
20200106171130	https://www.fiverr.com/damiya/do-original-and-persuasive-content-and-article-writing	200	data/pilot/html-balanced/damiya/20200106_do-original-and-persuasive-content-and-article-writing.html.gz	225666
20200117010933	https://www.fiverr.com/kikiarianto/make-your-car-looks-awsome-with-my-style-of-art	200	data/pilot/html-balanced/kikiarianto/20200117_make-your-car-looks-awsome-with-my-style-of-art.html.gz	332294
20200101144136	https://www.fiverr.com/harryvandeburg/add-your-songs-on-my-tidal-playlist-24-7-for-3-months	200	data/pilot/html-balanced/harryvandeburg/20200101_add-your-songs-on-my-tidal-playlist-24-7-for-3-months.html.gz	203660
20200116070037	https://www.fiverr.com/plusaziz/drive-traffic-via-blog-posts-7dab2592-887c-4334-8dc9-210b05085a07	200	data/pilot/html-balanced/plusaziz/20200116_drive-traffic-via-blog-posts-7dab2592-887c-4334-8dc9-210b05085a07.html.gz	166616
20200101194512	https://www.fiverr.com/sarawork/edit-professionally-your-video-in-a-movie-or-vlog-style	200	data/pilot/html-balanced/sarawork/20200101_edit-professionally-your-video-in-a-movie-or-vlog-style.html.gz	241782
20200114032339	https://www.fiverr.com/zionike/do-wix-website-design-wix-n-wordpress-website	200	data/pilot/html-balanced/zionike/20200114_do-wix-website-design-wix-n-wordpress-website.html.gz	208205
20200330233858	https://www.fiverr.com/ibrahim_isi/do-professional-video-editing	200	data/pilot/html-balanced/ibrahim_isi/20200330_do-professional-video-editing.html.gz	402737
20200319173040	https://www.fiverr.com/teknovation/develop-web-applications-with-react-js-and-nodejs	200	data/pilot/html-balanced/teknovation/20200319_develop-web-applications-with-react-js-and-nodejs.html.gz	446320
20200305064841	https://www.fiverr.com/smashradio/do-norwegian-voiceovers-and-commercials	200	data/pilot/html-balanced/smashradio/20200305_do-norwegian-voiceovers-and-commercials.html.gz	387639
20200125093533	https://www.fiverr.com/sprolive/do-fiverr-gig-promotion-with-seo-strategy	200	data/pilot/html-balanced/sprolive/20200125_do-fiverr-gig-promotion-with-seo-strategy.html.gz	253315
20200224215043	https://www.fiverr.com/hussain2020/set-up-and-manage-your-search-network-google-ads-campaigns	200	data/pilot/html-balanced/hussain2020/20200224_set-up-and-manage-your-search-network-google-ads-campaigns.html.gz	382912
20200313051648	https://www.fiverr.com/partyongroup/add-your-song-to-my-station-playlist	200	data/pilot/html-balanced/partyongroup/20200313_add-your-song-to-my-station-playlist.html.gz	320614
20200212233206	https://www.fiverr.com/acidpro/make-a-creative-logo-designwhich-will-blow-your-mind	200	data/pilot/html-balanced/acidpro/20200212_make-a-creative-logo-designwhich-will-blow-your-mind.html.gz	422749
20200101172201	https://www.fiverr.com/bobperyea/write-winning-web-copy-for-your-landing-page-or-website	200	data/pilot/html-balanced/bobperyea/20200101_write-winning-web-copy-for-your-landing-page-or-website.html.gz	193057
20200103063006	https://www.fiverr.com/chrisroemerx/add-any-subtitles-to-your-video	200	data/pilot/html-balanced/chrisroemerx/20200103_add-any-subtitles-to-your-video.html.gz	236714
20200220120815	https://www.fiverr.com/burconur/do-a-book-cover-design	200	data/pilot/html-balanced/burconur/20200220_do-a-book-cover-design.html.gz	339184
20200101053713	https://www.fiverr.com/borydesign/design-a-retro-vintage-logo	200	data/pilot/html-balanced/borydesign/20200101_design-a-retro-vintage-logo.html.gz	257085
20200305215948	https://www.fiverr.com/purebd_sojib/create-responsive-landing-page-or-squeeze-page	200	data/pilot/html-balanced/purebd_sojib/20200305_create-responsive-landing-page-or-squeeze-page.html.gz	336128
20200101162710	https://www.fiverr.com/us_bizguru/pen-internet-or-technology-it-support-social-media-write-up	200	data/pilot/html-balanced/us_bizguru/20200101_pen-internet-or-technology-it-support-social-media-write-up.html.gz	188400
20200102202536	https://www.fiverr.com/provideouk/provide-professional-video-editing	200	data/pilot/html-balanced/provideouk/20200102_provide-professional-video-editing.html.gz	243265
20200101083744	https://www.fiverr.com/max_vision/design-awesome-facebook-ads	200	data/pilot/html-balanced/max_vision/20200101_design-awesome-facebook-ads.html.gz	241933
20200202083009	https://www.fiverr.com/hamzarr/do-flyer-design-brochure-design-with-unlimited-revisions	200	data/pilot/html-balanced/hamzarr/20200202_do-flyer-design-brochure-design-with-unlimited-revisions.html.gz	469230
20200101170331	https://www.fiverr.com/cvmaestro2016/provide-fast-and-accurate-translation-english-to-spanish-and-vice-versa	200	data/pilot/html-balanced/cvmaestro2016/20200101_provide-fast-and-accurate-translation-english-to-spanish-and-vice-versa.html.gz	210817
20200101220918	https://www.fiverr.com/globalvideos/create-awesome-book-trailer-for-you	200	data/pilot/html-balanced/globalvideos/20200101_create-awesome-book-trailer-for-you.html.gz	236735
20200101012950	https://www.fiverr.com/samituru/record-funk-guitar-track-for-your-song	200	data/pilot/html-balanced/samituru/20200101_record-funk-guitar-track-for-your-song.html.gz	216545
20200101062540	https://www.fiverr.com/elyluu/illustrate-cute-and-quirky-picture-books	200	data/pilot/html-balanced/elyluu/20200101_illustrate-cute-and-quirky-picture-books.html.gz	193817
20200101154606	https://www.fiverr.com/timothyp23/proofread-and-assist-you-with-your-project	200	data/pilot/html-balanced/timothyp23/20200101_proofread-and-assist-you-with-your-project.html.gz	206907
20200101010854	https://www.fiverr.com/jonathancg24/create-an-instrumental-song-on-fl-studio	200	data/pilot/html-balanced/jonathancg24/20200101_create-an-instrumental-song-on-fl-studio.html.gz	232930
20200101212319	https://www.fiverr.com/edromero26pt/produce-a-spokesperson-video-in-spanish	200	data/pilot/html-balanced/edromero26pt/20200101_produce-a-spokesperson-video-in-spanish.html.gz	250620
20200101201620	https://www.fiverr.com/suzane/animate-your-signature-from-start-to-finish-as-if-it-is-being-written-live	200	data/pilot/html-balanced/suzane/20200101_animate-your-signature-from-start-to-finish-as-if-it-is-being-written-live.html.gz	255208
20200209033532	https://www.fiverr.com/graphicsqueens/create-advertising-video-of-your-brand-logo	200	data/pilot/html-balanced/graphicsqueens/20200209_create-advertising-video-of-your-brand-logo.html.gz	352975
20200102011507	https://www.fiverr.com/glaxosoft/do-or-fix-wordpress-seo	200	data/pilot/html-balanced/glaxosoft/20200102_do-or-fix-wordpress-seo.html.gz	267965
20200101012248	https://www.fiverr.com/nicolecarino/deliver-a-pro-voiceover-in-english-or-spanish	200	data/pilot/html-balanced/nicolecarino/20200101_deliver-a-pro-voiceover-in-english-or-spanish.html.gz	225224
20200101085239	https://www.fiverr.com/angelina_perera/catalog-booklet-magazine-ebook-design	200	data/pilot/html-balanced/angelina_perera/20200101_catalog-booklet-magazine-ebook-design.html.gz	239090
20200121150127	https://www.fiverr.com/gaildoeswords/translate-your-italian-text-into-english	200	data/pilot/html-balanced/gaildoeswords/20200121_translate-your-italian-text-into-english.html.gz	217915
20200117084148	https://www.fiverr.com/mariaagoudet/transcribe-and-translate-your-audios	200	data/pilot/html-balanced/mariaagoudet/20200117_transcribe-and-translate-your-audios.html.gz	254811
20200101121711	https://www.fiverr.com/ana_seo_85/do-seo-consulting-for-your-site	200	data/pilot/html-balanced/ana_seo_85/20200101_do-seo-consulting-for-your-site.html.gz	197295
20200101085244	https://www.fiverr.com/myblue/design-restaurant-menu-for-you	200	data/pilot/html-balanced/myblue/20200101_design-restaurant-menu-for-you.html.gz	237111
20200125035653	https://www.fiverr.com/abdulbasit02/creative-and-professional-video-intro-for-you	200	data/pilot/html-balanced/abdulbasit02/20200125_creative-and-professional-video-intro-for-you.html.gz	312969
20200117084023	https://www.fiverr.com/gvialette/technical-translations-english-to-french-and-french-to-english	200	data/pilot/html-balanced/gvialette/20200117_technical-translations-english-to-french-and-french-to-english.html.gz	245652
20200402002443	https://www.fiverr.com/katieconsults/review-your-podcast-and-give-feedback	200	data/pilot/html-balanced/katieconsults/20200402_review-your-podcast-and-give-feedback.html.gz	288508
20200217005913	https://www.fiverr.com/shawnjb75/set-up-and-optimizegoogle-ads-adwords-campaigns	200	data/pilot/html-balanced/shawnjb75/20200217_set-up-and-optimizegoogle-ads-adwords-campaigns.html.gz	381819
20200418081132	https://www.fiverr.com/communitywriter/write-social-media-content	200	data/pilot/html-balanced/communitywriter/20200418_write-social-media-content.html.gz	310602
20200131181520	https://www.fiverr.com/shawn_disney/drive-real-traffic-to-affiliate-link-via-viral-promotion	200	data/pilot/html-balanced/shawn_disney/20200131_drive-real-traffic-to-affiliate-link-via-viral-promotion.html.gz	438698
20200528183215	https://www.fiverr.com/tamaramarkus/record-a-professional-dutch-ivr-or-voicemail-greeting	200	data/pilot/html-balanced/tamaramarkus/20200528_record-a-professional-dutch-ivr-or-voicemail-greeting.html.gz	314977
20200507003123	https://www.fiverr.com/mrmike79/record-your-voice-over-project-the-way-you-want-me-to	200	data/pilot/html-balanced/mrmike79/20200507_record-your-voice-over-project-the-way-you-want-me-to.html.gz	309796
20200627230731	https://www.fiverr.com/designrar/be-your-graphic-designer-for-any-graphic-design-task	200	data/pilot/html-balanced/designrar/20200627_be-your-graphic-designer-for-any-graphic-design-task.html.gz	336897
20200418162818	https://www.fiverr.com/mitch_cman/record-a-500-word-british-male-voice-over-narration	200	data/pilot/html-balanced/mitch_cman/20200418_record-a-500-word-british-male-voice-over-narration.html.gz	332080
20200611062333	https://www.fiverr.com/saadabdullah160/do-professional-amazing-video-editing-a1f08333-8322-48cc-b7bf-9bbfb81c7a3f	200	data/pilot/html-balanced/saadabdullah160/20200611_do-professional-amazing-video-editing-a1f08333-8322-48cc-b7bf-9bbfb81c7a3f.html.gz	345885
20200404055538	https://www.fiverr.com/wizard_of_oz/provide-online-consulting-for-immersive-game-design	200	data/pilot/html-balanced/wizard_of_oz/20200404_provide-online-consulting-for-immersive-game-design.html.gz	191907
20200410060637	https://www.fiverr.com/carltonkholder/write-your-film-or-tv-synopsis-treatment-and-script	200	data/pilot/html-balanced/carltonkholder/20200410_write-your-film-or-tv-synopsis-treatment-and-script.html.gz	359399
20200613060439	https://www.fiverr.com/ademirjnr/write-creative-content-in-brazilian-portuguese-for-you	200	data/pilot/html-balanced/ademirjnr/20200613_write-creative-content-in-brazilian-portuguese-for-you.html.gz	306591
20200511020050	https://www.fiverr.com/sammsdannette/provide-quality-transcription-for-10mins-of-audio-or-video	200	data/pilot/html-balanced/sammsdannette/20200511_provide-quality-transcription-for-10mins-of-audio-or-video.html.gz	286246
20200425135801	https://www.fiverr.com/awaismir009/transcript-flawlessly-up-to-60-minute-audio	200	data/pilot/html-balanced/awaismir009/20200425_transcript-flawlessly-up-to-60-minute-audio.html.gz	296813
20200401090144	https://www.fiverr.com/alonda/design-a-professional-brand-for-your-business	200	data/pilot/html-balanced/alonda/20200401_design-a-professional-brand-for-your-business.html.gz	178357
20200412062009	https://www.fiverr.com/lokeshrathi826/make-podcast-show-notes-with-a-timestamp-for-you	200	data/pilot/html-balanced/lokeshrathi826/20200412_make-podcast-show-notes-with-a-timestamp-for-you.html.gz	260101
20200401230025	https://www.fiverr.com/vladd3d/do-3d-modeling-and-rendering-for-your-product	200	data/pilot/html-balanced/vladd3d/20200401_do-3d-modeling-and-rendering-for-your-product.html.gz	161935
20200415114259	https://www.fiverr.com/shajib_munna/design-wordpress-website-by-elementor-pro-page-builder-3736	200	data/pilot/html-balanced/shajib_munna/20200415_design-wordpress-website-by-elementor-pro-page-builder-3736.html.gz	369992
20200405032543	https://www.fiverr.com/danx95/do-high-quality-transcription-up-to-15-minutes	200	data/pilot/html-balanced/danx95/20200405_do-high-quality-transcription-up-to-15-minutes.html.gz	299550
20200412052728	https://www.fiverr.com/rosecrack/manual-google-map-citations-with-geotagged-images-no1-local-seo-rank	200	data/pilot/html-balanced/rosecrack/20200412_manual-google-map-citations-with-geotagged-images-no1-local-seo-rank.html.gz	304171
20200401111535	https://www.fiverr.com/saalif_art/design-minimalist-flat-line-vector-avatar-of-you	200	data/pilot/html-balanced/saalif_art/20200401_design-minimalist-flat-line-vector-avatar-of-you.html.gz	343082
20200419073308	https://www.fiverr.com/mmartist/make-an-infographic	200	data/pilot/html-balanced/mmartist/20200419_make-an-infographic.html.gz	316296
20200404001010	https://www.fiverr.com/clemesimo/provide-you-with-professional-industrial-design-services	200	data/pilot/html-balanced/clemesimo/20200404_provide-you-with-professional-industrial-design-services.html.gz	180941
20200403002809	https://www.fiverr.com/amzfreelancer/work-on-the-backend-and-frontend-search-terms-of-amazon	200	data/pilot/html-balanced/amzfreelancer/20200403_work-on-the-backend-and-frontend-search-terms-of-amazon.html.gz	285403
20200401014908	https://www.fiverr.com/linneas88/record-any-voice-over-today	200	data/pilot/html-balanced/linneas88/20200401_record-any-voice-over-today.html.gz	316783
20200527174235	https://www.fiverr.com/dannenbergulm/manually-translate-german-and-english-to-best-sounding-text	200	data/pilot/html-balanced/dannenbergulm/20200527_manually-translate-german-and-english-to-best-sounding-text.html.gz	301405
20200401221938	https://www.fiverr.com/aminah_saif/design-bottle-box-custom-product-label-and-package-design	200	data/pilot/html-balanced/aminah_saif/20200401_design-bottle-box-custom-product-label-and-package-design.html.gz	344934
20200404234722	https://www.fiverr.com/leeli_lk/do-luxury-business-card-design	200	data/pilot/html-balanced/leeli_lk/20200404_do-luxury-business-card-design.html.gz	335600
20200413182000	https://www.fiverr.com/fadishaz/design-a-stunning-business-card-and-letter-head	200	data/pilot/html-balanced/fadishaz/20200413_design-a-stunning-business-card-and-letter-head.html.gz	343299
20200607031736	https://www.fiverr.com/velint/be-your-professional-copywriter-16818b08-6fcb-43a3-a48b-1b69e8a826f4	200	data/pilot/html-balanced/velint/20200607_be-your-professional-copywriter-16818b08-6fcb-43a3-a48b-1b69e8a826f4.html.gz	309406
20200401010536	https://www.fiverr.com/trustudios/create-a-retro-cassette-video-for-your-music	200	data/pilot/html-balanced/trustudios/20200401_create-a-retro-cassette-video-for-your-music.html.gz	291966
20200421213106	https://www.fiverr.com/graphictouch220/design-luxury-minimalist-business-card	200	data/pilot/html-balanced/graphictouch220/20200421_design-luxury-minimalist-business-card.html.gz	341087
20200406114326	https://www.fiverr.com/jessicahepburn/be-your-american-female-professional-voice-over-narrator	200	data/pilot/html-balanced/jessicahepburn/20200406_be-your-american-female-professional-voice-over-narrator.html.gz	344707
20200412063433	https://www.fiverr.com/broadcastking/distribute-your-press-release-to-2000-relevant-media-outlets	200	data/pilot/html-balanced/broadcastking/20200412_distribute-your-press-release-to-2000-relevant-media-outlets.html.gz	296970
20200418071447	https://www.fiverr.com/mclabzsolutions/create-an-amazing-animated-gif-banner	200	data/pilot/html-balanced/mclabzsolutions/20200418_create-an-amazing-animated-gif-banner.html.gz	357119
20200519135617	https://www.fiverr.com/laserlife/write-and-edit-a-professional-introduction-and-biography-for-your-music-project-solo-artists-band-record-label-event-and-any-business-that-might-somehow-fit	200	data/pilot/html-balanced/laserlife/20200519_write-and-edit-a-professional-introduction-and-biography-for-your-music-project-solo-artists-band-record-label-event-and-any-business-that-might-somehow-fit.html.gz	303431
20200410070436	https://www.fiverr.com/stevethebook/premium-professional-spokesperson-video-package	200	data/pilot/html-balanced/stevethebook/20200410_premium-professional-spokesperson-video-package.html.gz	328801
20200516060201	https://www.fiverr.com/samdotdesign/do-social-page-marketing	200	data/pilot/html-balanced/samdotdesign/20200516_do-social-page-marketing.html.gz	366845
20200430224124	https://www.fiverr.com/germanaaluzzo/perfect-and-fast-translations-whenever-you-need	200	data/pilot/html-balanced/germanaaluzzo/20200430_perfect-and-fast-translations-whenever-you-need.html.gz	297562
20200402051828	https://www.fiverr.com/merowemusic/cinematic-music-for-your-video-project	200	data/pilot/html-balanced/merowemusic/20200402_cinematic-music-for-your-video-project.html.gz	323338
20200418135444	https://www.fiverr.com/dean10/find-you-a-highly-profitable-niche-for-your-shopify-store	200	data/pilot/html-balanced/dean10/20200418_find-you-a-highly-profitable-niche-for-your-shopify-store.html.gz	305561
20200503010416	https://www.fiverr.com/ald604/record-a-pro-brass-section-for-your-song	200	data/pilot/html-balanced/ald604/20200503_record-a-pro-brass-section-for-your-song.html.gz	284535
20200401015531	https://www.fiverr.com/destiny1474/sing-a-verse-or-hook-to-your-song	200	data/pilot/html-balanced/destiny1474/20200401_sing-a-verse-or-hook-to-your-song.html.gz	318155
20200507205139	https://www.fiverr.com/dtongsports/record-a-voice-audio-ad-audio-commercial-or-audio-mention-up-to-60-seconds-and-send-you-2-mp3-versions-to-use-forever	200	data/pilot/html-balanced/dtongsports/20200507_record-a-voice-audio-ad-audio-commercial-or-audio-mention-up-to-60-seconds-and-send-you-2-mp3-versions-to-use-forever.html.gz	313888
20200402002541	https://www.fiverr.com/melrock/promo-your-kindle-free-days-to-my-huge-social-network-twitter-fb-pin-and-blog	200	data/pilot/html-balanced/melrock/20200402_promo-your-kindle-free-days-to-my-huge-social-network-twitter-fb-pin-and-blog.html.gz	356689
20200401014940	https://www.fiverr.com/katabelle/record-a-female-anime-or-kids-voiceover	200	data/pilot/html-balanced/katabelle/20200401_record-a-female-anime-or-kids-voiceover.html.gz	307026
20200401012925	https://www.fiverr.com/drcvideo/produce-a-testimonial-or-promo-video-with-to-up-150-words	200	data/pilot/html-balanced/drcvideo/20200401_produce-a-testimonial-or-promo-video-with-to-up-150-words.html.gz	323098
20200401022728	https://www.fiverr.com/graphicpureskil/video-sound-remove-and-i-will-add-words-music-to-your-video	200	data/pilot/html-balanced/graphicpureskil/20200401_video-sound-remove-and-i-will-add-words-music-to-your-video.html.gz	314759
20200408123127	https://www.fiverr.com/henriqueaz/design-your-cd-album-single-ep-spotify-soundcloud-cover	200	data/pilot/html-balanced/henriqueaz/20200408_design-your-cd-album-single-ep-spotify-soundcloud-cover.html.gz	347327
20200401234206	https://www.fiverr.com/cadabradigital/build-your-digital-marketing-sales-strategy	200	data/pilot/html-balanced/cadabradigital/20200401_build-your-digital-marketing-sales-strategy.html.gz	145394
20200403175440	https://www.fiverr.com/designcoffers/pixel-perfect-and-print-ready-box-design	200	data/pilot/html-balanced/designcoffers/20200403_pixel-perfect-and-print-ready-box-design.html.gz	328348
20200401121034	https://www.fiverr.com/weedstation/draw-simple-black-and-white-line-art-illustration-for-you	200	data/pilot/html-balanced/weedstation/20200401_draw-simple-black-and-white-line-art-illustration-for-you.html.gz	346842
20200405083749	https://www.fiverr.com/amazingimage/write-your-text-on-sky-with-clouds	200	data/pilot/html-balanced/amazingimage/20200405_write-your-text-on-sky-with-clouds.html.gz	318120
20200401021645	https://www.fiverr.com/noaniemusic/we-will-write-produce-sing-a-super-catchy-jingle-for-you	200	data/pilot/html-balanced/noaniemusic/20200401_we-will-write-produce-sing-a-super-catchy-jingle-for-you.html.gz	331014
20200409035804	https://www.fiverr.com/equalserving/build-your-automation-in-activecampaign	200	data/pilot/html-balanced/equalserving/20200409_build-your-automation-in-activecampaign.html.gz	292488
20200402012354	https://www.fiverr.com/kup1986/write-30-social-media-posts-with-up-to-20-images-included	200	data/pilot/html-balanced/kup1986/20200402_write-30-social-media-posts-with-up-to-20-images-included.html.gz	294657
20200507143840	https://www.fiverr.com/fmuqodas/black-white-vector-illustration	200	data/pilot/html-balanced/fmuqodas/20200507_black-white-vector-illustration.html.gz	319013
20200403194129	https://www.fiverr.com/nazmul90/provide-you-creative-modern-corporate-flyer-design	200	data/pilot/html-balanced/nazmul90/20200403_provide-you-creative-modern-corporate-flyer-design.html.gz	346315
20200429153458	https://www.fiverr.com/jeenfer/setup-google-ads-display-campaign	200	data/pilot/html-balanced/jeenfer/20200429_setup-google-ads-display-campaign.html.gz	295871
20200405053035	https://www.fiverr.com/fokuzbeat/produce-an-exclusive-pop-rnb-electro-kpop-beat	200	data/pilot/html-balanced/fokuzbeat/20200405_produce-an-exclusive-pop-rnb-electro-kpop-beat.html.gz	300323
20200401230318	https://www.fiverr.com/mahmoudfathiali/create-3d-character-for-games-or-animation	200	data/pilot/html-balanced/mahmoudfathiali/20200401_create-3d-character-for-games-or-animation.html.gz	322071
20200401020712	https://www.fiverr.com/alansmallpage/provide-any-audio-editing	200	data/pilot/html-balanced/alansmallpage/20200401_provide-any-audio-editing.html.gz	317716
20200405190153	https://www.fiverr.com/tonimarino/be-your-social-media-pro	200	data/pilot/html-balanced/tonimarino/20200405_be-your-social-media-pro.html.gz	167464
20200709093058	https://www.fiverr.com/maximilianmende/setup-an-optimized-german-deutsch-google-ads-campaign	200	data/pilot/html-balanced/maximilianmende/20200709_setup-an-optimized-german-deutsch-google-ads-campaign.html.gz	354506
20200701045739	https://www.fiverr.com/kasradesign/create-premium-3d-animation-by-award-winning-team	200	data/pilot/html-balanced/kasradesign/20200701_create-premium-3d-animation-by-award-winning-team.html.gz	144400
20200703172609	https://www.fiverr.com/imaginboxstudio/draw-cartoon-illustration-in-my-style	200	data/pilot/html-balanced/imaginboxstudio/20200703_draw-cartoon-illustration-in-my-style.html.gz	368511
20200926001605	https://www.fiverr.com/ashleyday/translate-500-words-from-dutch-to-english-or-vice-versa	200	data/pilot/html-balanced/ashleyday/20200926_translate-500-words-from-dutch-to-english-or-vice-versa.html.gz	380761
20200128185509	https://www.fiverr.com/sophiarose2/write-500-words-well-researched-seo-website-copy	200	data/pilot/html-balanced/sophiarose2/20200128_write-500-words-well-researched-seo-website-copy.html.gz	358234
20200401040322	https://www.fiverr.com/harwinmendoza/design-a-powerpoint-or-keynote-in-12-hrs	200	data/pilot/html-balanced/harwinmendoza/20200401_design-a-powerpoint-or-keynote-in-12-hrs.html.gz	331257
20200701014633	https://www.fiverr.com/laurenabird/create-stunning-emails-for-your-marketing-ideas	200	data/pilot/html-balanced/laurenabird/20200701_create-stunning-emails-for-your-marketing-ideas.html.gz	309815
20200401102154	https://www.fiverr.com/elyluu/create-clever-and-fun-illustrations	200	data/pilot/html-balanced/elyluu/20200401_create-clever-and-fun-illustrations.html.gz	180571
20200705022614	https://www.fiverr.com/imkingsfool/do-a-illustration-for-you	200	data/pilot/html-balanced/imkingsfool/20200705_do-a-illustration-for-you.html.gz	356772
20200703131926	https://www.fiverr.com/rodchenko/design-a-professional-album-cover	200	data/pilot/html-balanced/rodchenko/20200703_design-a-professional-album-cover.html.gz	330979
20200704072138	https://www.fiverr.com/theadtwins/provide-a-realistic-testimonial-or-spokesperson-video	200	data/pilot/html-balanced/theadtwins/20200704_provide-a-realistic-testimonial-or-spokesperson-video.html.gz	372296
20200928111305	https://www.fiverr.com/rabiulbdit/be-your-social-media-marketing-manager-create-page	200	data/pilot/html-balanced/rabiulbdit/20200928_be-your-social-media-marketing-manager-create-page.html.gz	317721
20200812170036	https://www.fiverr.com/videofx01/create-this-book-promotion-video-trailer	200	data/pilot/html-balanced/videofx01/20200812_create-this-book-promotion-video-trailer.html.gz	397878
20200924152721	https://www.fiverr.com/kayleecarter/conduct-outstanding-market-and-deep-internet-research-for-you	200	data/pilot/html-balanced/kayleecarter/20200924_conduct-outstanding-market-and-deep-internet-research-for-you.html.gz	415382
20200701060821	https://www.fiverr.com/mayasinger/lead-you-in-your-singing-journey	200	data/pilot/html-balanced/mayasinger/20200701_lead-you-in-your-singing-journey.html.gz	288504
20200701045814	https://www.fiverr.com/shayumi/create-2d-animations-for-kids	200	data/pilot/html-balanced/shayumi/20200701_create-2d-animations-for-kids.html.gz	347254
20200803100614	https://www.fiverr.com/cebooker/manually-format-your-ebook-to-kindle-platform	200	data/pilot/html-balanced/cebooker/20200803_manually-format-your-ebook-to-kindle-platform.html.gz	416191
20200814152942	https://www.fiverr.com/dropnight/promote-your-music-to-188k-subs-youtube-channel	200	data/pilot/html-balanced/dropnight/20200814_promote-your-music-to-188k-subs-youtube-channel.html.gz	373143
20200820164151	https://www.fiverr.com/hikmahadisa/create-awesome-custom-social-media-post	200	data/pilot/html-balanced/hikmahadisa/20200820_create-awesome-custom-social-media-post.html.gz	382205
20200701025257	https://www.fiverr.com/amadeus42/professionally-proofread-and-edit-2000-words	200	data/pilot/html-balanced/amadeus42/20200701_professionally-proofread-and-edit-2000-words.html.gz	309280
20200707155943	https://www.fiverr.com/healthynoukie/make-specific-yoga-videos-for-you	200	data/pilot/html-balanced/healthynoukie/20200707_make-specific-yoga-videos-for-you.html.gz	322636
20200709185651	https://www.fiverr.com/smartservicerr/upload-product-in-shopify-amazon-magento-ebay-woocommerce	200	data/pilot/html-balanced/smartservicerr/20200709_upload-product-in-shopify-amazon-magento-ebay-woocommerce.html.gz	351872
20200829185849	https://www.fiverr.com/alexandrabalt/design-fashionable-jewelry-pieces-and-collections	200	data/pilot/html-balanced/alexandrabalt/20200829_design-fashionable-jewelry-pieces-and-collections.html.gz	326130
20200703080102	https://www.fiverr.com/ksavrom/transcribe-guitar-tabs-for-a-song	200	data/pilot/html-balanced/ksavrom/20200703_transcribe-guitar-tabs-for-a-song.html.gz	314101
20200707044507	https://www.fiverr.com/cad_solution/do-any-architectural-drawing-you-need	200	data/pilot/html-balanced/cad_solution/20200707_do-any-architectural-drawing-you-need.html.gz	345523
20200701184110	https://www.fiverr.com/mrfares2/create-awesome-animated-twitch-alert-for-your-stream	200	data/pilot/html-balanced/mrfares2/20200701_create-awesome-animated-twitch-alert-for-your-stream.html.gz	350172
20200726105430	https://www.fiverr.com/joncartervo/provide-you-with-a-world-class-professional-voice-over	200	data/pilot/html-balanced/joncartervo/20200726_provide-you-with-a-world-class-professional-voice-over.html.gz	223451
20200701052252	https://www.fiverr.com/rafiq64460/make-hd-screencast-how-to-use-website-or-app-video	200	data/pilot/html-balanced/rafiq64460/20200701_make-hd-screencast-how-to-use-website-or-app-video.html.gz	322058
20200722231547	https://www.fiverr.com/specialmonty/accurately-transcribe-your-audio-and-video-podcast	200	data/pilot/html-balanced/specialmonty/20200722_accurately-transcribe-your-audio-and-video-podcast.html.gz	354802
20200701050731	https://www.fiverr.com/cecilialee/make-a-video-for-your-fashion-or-beauty-product	200	data/pilot/html-balanced/cecilialee/20200701_make-a-video-for-your-fashion-or-beauty-product.html.gz	353620
20200701151908	https://www.fiverr.com/mrtranscendence/develop-a-website-design	200	data/pilot/html-balanced/mrtranscendence/20200701_develop-a-website-design.html.gz	332592
20200710011744	https://www.fiverr.com/hamzalak/design-web-slider-for-shopify-store	200	data/pilot/html-balanced/hamzalak/20200710_design-web-slider-for-shopify-store.html.gz	334488
20200716222327	https://www.fiverr.com/anastasiamedia/create-animated-social-media-posts-for-you	200	data/pilot/html-balanced/anastasiamedia/20200716_create-animated-social-media-posts-for-you.html.gz	385946
20200702103312	https://www.fiverr.com/elhermos/create-this-happy-birthday-disney-video-intro	200	data/pilot/html-balanced/elhermos/20200702_create-this-happy-birthday-disney-video-intro.html.gz	319678
20200717051056	https://www.fiverr.com/shaleshshekhar/create-ar-face-filter-on-instagram	200	data/pilot/html-balanced/shaleshshekhar/20200717_create-ar-face-filter-on-instagram.html.gz	324856
20200828032904	https://www.fiverr.com/marcusjaatinen/do-a-high-quality-english-to-finnish-translation	200	data/pilot/html-balanced/marcusjaatinen/20200828_do-a-high-quality-english-to-finnish-translation.html.gz	357920
20200707062936	https://www.fiverr.com/y0utube12/help-in-monetizing-your-youtube-channel	200	data/pilot/html-balanced/y0utube12/20200707_help-in-monetizing-your-youtube-channel.html.gz	346936
20200824080845	https://www.fiverr.com/aamiramin/do-250-local-seo-citations-manually-to-improve-local-search	200	data/pilot/html-balanced/aamiramin/20200824_do-250-local-seo-citations-manually-to-improve-local-search.html.gz	357230
20200929062244	https://www.fiverr.com/mrtaaj/do-a-flawless-video-transcription-and-transcribe-audio-in-24-hours	200	data/pilot/html-balanced/mrtaaj/20200929_do-a-flawless-video-transcription-and-transcribe-audio-in-24-hours.html.gz	374220
20200720023625	https://www.fiverr.com/raventl/make-a-funny-star-wars-birthday-video	200	data/pilot/html-balanced/raventl/20200720_make-a-funny-star-wars-birthday-video.html.gz	375271
20200713165528	https://www.fiverr.com/rosannaener/be-your-singer-and-songwriter-on-your-track	200	data/pilot/html-balanced/rosannaener/20200713_be-your-singer-and-songwriter-on-your-track.html.gz	369759
20200821005847	https://www.fiverr.com/usamaajmal628/create-a-shopify-one-product-dropshipping-store	200	data/pilot/html-balanced/usamaajmal628/20200821_create-a-shopify-one-product-dropshipping-store.html.gz	434215
20200701034914	https://www.fiverr.com/zarin599/write-unique-shopify-product-description	200	data/pilot/html-balanced/zarin599/20200701_write-unique-shopify-product-description.html.gz	366326
20200713164551	https://www.fiverr.com/englishrosevocs/record-a-british-female-professional-voice-over-for-you	200	data/pilot/html-balanced/englishrosevocs/20200713_record-a-british-female-professional-voice-over-for-you.html.gz	378674
20200701063017	https://www.fiverr.com/loganbaldwin/professionally-edit-clean-up-and-eq-your-audio-in-24-hrs	200	data/pilot/html-balanced/loganbaldwin/20200701_professionally-edit-clean-up-and-eq-your-audio-in-24-hrs.html.gz	298353
20200417091920	https://www.fiverr.com/twittmarketing/do-music-promotion-to-thousands-fans-on-my-social-network	200	data/pilot/html-balanced/twittmarketing/20200417_do-music-promotion-to-thousands-fans-on-my-social-network.html.gz	292209
20200509082356	https://www.fiverr.com/freelancer_21/give-you-1200-cooking-recipes-videos	200	data/pilot/html-balanced/freelancer_21/20200509_give-you-1200-cooking-recipes-videos.html.gz	296131
20200701021209	https://www.fiverr.com/tweets_asap/tweet-your-message-to-my-500k-twitter-followers	200	data/pilot/html-balanced/tweets_asap/20200701_tweet-your-message-to-my-500k-twitter-followers.html.gz	301308
20200820215202	https://www.fiverr.com/motion_people/create-hand-drawn-lyric-video	200	data/pilot/html-balanced/motion_people/20200820_create-hand-drawn-lyric-video.html.gz	396135
20200715004935	https://www.fiverr.com/ashwinikmr/deploy-and-manage-web-app-to-aws-ec2	200	data/pilot/html-balanced/ashwinikmr/20200715_deploy-and-manage-web-app-to-aws-ec2.html.gz	373688
20200703074416	https://www.fiverr.com/voiceoverangela/record-and-produce-your-audiobook	200	data/pilot/html-balanced/voiceoverangela/20200703_record-and-produce-your-audiobook.html.gz	334931
20200702042019	https://www.fiverr.com/katiehowe/write-engaging-sales-copy	200	data/pilot/html-balanced/katiehowe/20200702_write-engaging-sales-copy.html.gz	332022
20200706123420	https://www.fiverr.com/sushixpanda/chart-you-a-song-on-clone-hero	200	data/pilot/html-balanced/sushixpanda/20200706_chart-you-a-song-on-clone-hero.html.gz	310671
20200722185738	https://www.fiverr.com/jonnwang/make-beautiful-animated-gif-sticker-for-you-to-send-friends-and-family	200	data/pilot/html-balanced/jonnwang/20200722_make-beautiful-animated-gif-sticker-for-you-to-send-friends-and-family.html.gz	432242
20200701062539	https://www.fiverr.com/jaystevens192/write-and-produce-parody-songs-80s-rock-jingles-radio-bits	200	data/pilot/html-balanced/jaystevens192/20200701_write-and-produce-parody-songs-80s-rock-jingles-radio-bits.html.gz	308894
20200702071428	https://www.fiverr.com/qualitysound/mix-edit-clean-and-master-your-podcast	200	data/pilot/html-balanced/qualitysound/20200702_mix-edit-clean-and-master-your-podcast.html.gz	305006
20200706141550	https://www.fiverr.com/tulesh/do-excel-data-entry	200	data/pilot/html-balanced/tulesh/20200706_do-excel-data-entry.html.gz	324160
20200701061821	https://www.fiverr.com/zazzbizz/record-edit-and-master-your-audiobook-narration-acx-approved	200	data/pilot/html-balanced/zazzbizz/20200701_record-edit-and-master-your-audiobook-narration-acx-approved.html.gz	329893
20200709135328	https://www.fiverr.com/jiteshjadwani/write-apt-lyrics-and-vocal-melody-for-your-song-or-jingle	200	data/pilot/html-balanced/jiteshjadwani/20200709_write-apt-lyrics-and-vocal-melody-for-your-song-or-jingle.html.gz	316968
20200817173024	https://www.fiverr.com/christinehe/translate-your-text-into-norwegian	200	data/pilot/html-balanced/christinehe/20200817_translate-your-text-into-norwegian.html.gz	355830
20200701051401	https://www.fiverr.com/mdnafiulalam/remove-green-screen-and-replace-background-in-any-video	200	data/pilot/html-balanced/mdnafiulalam/20200701_remove-green-screen-and-replace-background-in-any-video.html.gz	332106
20200701020338	https://www.fiverr.com/kanishkaseo11/setup-google-analytics-search-console-and-add-spam-filters	200	data/pilot/html-balanced/kanishkaseo11/20200701_setup-google-analytics-search-console-and-add-spam-filters.html.gz	360690
20200724062806	https://www.fiverr.com/meyoutech/professionally-mix-and-master-your-music	200	data/pilot/html-balanced/meyoutech/20200724_professionally-mix-and-master-your-music.html.gz	382104
20200714233539	https://www.fiverr.com/wgerald87/write-a-blog-post-on-my-site-and-appeal-to-the-state-of-ohio	200	data/pilot/html-balanced/wgerald87/20200714_write-a-blog-post-on-my-site-and-appeal-to-the-state-of-ohio.html.gz	340716
20200715223819	https://www.fiverr.com/ultrabud/do-wix-seo-for-top-google-ranking	200	data/pilot/html-balanced/ultrabud/20200715_do-wix-seo-for-top-google-ranking.html.gz	407626
20200804071145	https://www.fiverr.com/jamiulhasan/3-niche-quality-pr-guest-post-seo-rank-traffic-grow	200	data/pilot/html-balanced/jamiulhasan/20200804_3-niche-quality-pr-guest-post-seo-rank-traffic-grow.html.gz	396011
20200704051835	https://www.fiverr.com/clairelgrn/proofread-edit-and-critique-your-writings	200	data/pilot/html-balanced/clairelgrn/20200704_proofread-edit-and-critique-your-writings.html.gz	299658
20200823011430	https://www.fiverr.com/sampresenter/create-a-branded-office-spokesperson-video-with-3d-logo-in-hd	200	data/pilot/html-balanced/sampresenter/20200823_create-a-branded-office-spokesperson-video-with-3d-logo-in-hd.html.gz	395206
20200701161118	https://www.fiverr.com/ellestudio/create-a-timeless-logo-for-your-company	200	data/pilot/html-balanced/ellestudio/20200701_create-a-timeless-logo-for-your-company.html.gz	177484
20200819011330	https://www.fiverr.com/missninajones/create-a-bespoke-sensual-asmr-audio-clip-for-you	200	data/pilot/html-balanced/missninajones/20200819_create-a-bespoke-sensual-asmr-audio-clip-for-you.html.gz	382742
20201009223140	https://www.fiverr.com/topgigs1/promote-your-youtuhbe-video-to-my-exclusive-youtube-audience	200	data/pilot/html-balanced/topgigs1/20201009_promote-your-youtuhbe-video-to-my-exclusive-youtube-audience.html.gz	392363
20201002072027	https://www.fiverr.com/dmh5026/create-or-improve-your-resume-or-cover-letter	200	data/pilot/html-balanced/dmh5026/20201002_create-or-improve-your-resume-or-cover-letter.html.gz	404181
20201017130342	https://www.fiverr.com/lunayves/record-a-natural-soft-american-female-voice-over-today	200	data/pilot/html-balanced/lunayves/20201017_record-a-natural-soft-american-female-voice-over-today.html.gz	446642
20201001073401	https://www.fiverr.com/soydalin/do-an-unboxing-video-in-german-for-you	200	data/pilot/html-balanced/soydalin/20201001_do-an-unboxing-video-in-german-for-you.html.gz	337935
20201001051835	https://www.fiverr.com/mbarichard/write-you-a-mind-blowing-story	200	data/pilot/html-balanced/mbarichard/20201001_write-you-a-mind-blowing-story.html.gz	378137
20201001171014	https://www.fiverr.com/rundumel/design-a-solid-and-refined-logo-for-your-business	200	data/pilot/html-balanced/rundumel/20201001_design-a-solid-and-refined-logo-for-your-business.html.gz	242214
20201005163100	https://www.fiverr.com/janakakumara991/do-cartoon-and-hand-drawn-illustration-for-you	200	data/pilot/html-balanced/janakakumara991/20201005_do-cartoon-and-hand-drawn-illustration-for-you.html.gz	412920
20201001062349	https://www.fiverr.com/aa__production/create-a-perfect-whiteboard-animation-video	200	data/pilot/html-balanced/aa__production/20201001_create-a-perfect-whiteboard-animation-video.html.gz	435077
20201229164156	https://www.fiverr.com/savvystrategist/proofread-your-grad-school-or-med-school-personal-statement	200	data/pilot/html-balanced/savvystrategist/20201229_proofread-your-grad-school-or-med-school-personal-statement.html.gz	438035
20201017065201	https://www.fiverr.com/fairy_feet/write-a-short-story-or-flash-fiction	200	data/pilot/html-balanced/fairy_feet/20201017_write-a-short-story-or-flash-fiction.html.gz	426823
20201001192231	https://www.fiverr.com/javedzahid/do-any-file-conversion-into-dst-pes-emb	200	data/pilot/html-balanced/javedzahid/20201001_do-any-file-conversion-into-dst-pes-emb.html.gz	400337
20201001085746	https://www.fiverr.com/therealaurelian/teach-you-or-help-you-to-make-music-in-ableton-or-logic-pro	200	data/pilot/html-balanced/therealaurelian/20201001_teach-you-or-help-you-to-make-music-in-ableton-or-logic-pro.html.gz	387239
20201209071524	https://www.fiverr.com/shadowvo/create-your-podcast-intro-and-outro	200	data/pilot/html-balanced/shadowvo/20201209_create-your-podcast-intro-and-outro.html.gz	381082
20201206151033	https://www.fiverr.com/josesalazar19/illustrate-an-awesome-3-panels-storyboard	200	data/pilot/html-balanced/josesalazar19/20201206_illustrate-an-awesome-3-panels-storyboard.html.gz	413864
20201001060938	https://www.fiverr.com/nickj2013/pen-an-eye-catching-logline-for-your-film-or-book	200	data/pilot/html-balanced/nickj2013/20201001_pen-an-eye-catching-logline-for-your-film-or-book.html.gz	426477
20201011163928	https://www.fiverr.com/msboss/promote-your-product-or-service-on-my-podcast	200	data/pilot/html-balanced/msboss/20201011_promote-your-product-or-service-on-my-podcast.html.gz	316152
20201001020306	https://www.fiverr.com/ui_helen/design-photoshop-psd-web-template-or-psd-website-design-ui-ux-design-mobile-app-916b	200	data/pilot/html-balanced/ui_helen/20201001_design-photoshop-psd-web-template-or-psd-website-design-ui-ux-design-mobile-app-916b.html.gz	437475
20201001142547	https://www.fiverr.com/psychic_natalia/cast-extremely-powerful-arabic-djinns-love-spell-obsession-spell	200	data/pilot/html-balanced/psychic_natalia/20201001_cast-extremely-powerful-arabic-djinns-love-spell-obsession-spell.html.gz	368817
20201124151809	https://www.fiverr.com/smm_expert2/setup-manage-and-optimize-your-youtube-ads-campaign	200	data/pilot/html-balanced/smm_expert2/20201124_setup-manage-and-optimize-your-youtube-ads-campaign.html.gz	173612
20201206221206	https://www.fiverr.com/faru_codes/convert-psd-to-html-xd-to-html-jpg-to-html-responsive	200	data/pilot/html-balanced/faru_codes/20201206_convert-psd-to-html-xd-to-html-jpg-to-html-responsive.html.gz	179508
20201125061332	https://www.fiverr.com/novaillustr/illustrate-you-as-anime-chibi-style	200	data/pilot/html-balanced/novaillustr/20201125_illustrate-you-as-anime-chibi-style.html.gz	432347
20201001030430	https://www.fiverr.com/diksha_akriti/instagram-fb-ads-complete-setup-and-tracking	200	data/pilot/html-balanced/diksha_akriti/20201001_instagram-fb-ads-complete-setup-and-tracking.html.gz	425127
20201012132431	https://www.fiverr.com/tim_haldorsson/look-over-your-current-google-ads-account-for-optimization	200	data/pilot/html-balanced/tim_haldorsson/20201012_look-over-your-current-google-ads-account-for-optimization.html.gz	244771
20201014181635	https://www.fiverr.com/bar_amdavid/write-a-custom-amazon-product-description-that-increases-your-sales-amazon-ppc	200	data/pilot/html-balanced/bar_amdavid/20201014_write-a-custom-amazon-product-description-that-increases-your-sales-amazon-ppc.html.gz	282935
20201014011134	https://www.fiverr.com/imam_bd/do-real-youtube-promotion-through-social-media	200	data/pilot/html-balanced/imam_bd/20201014_do-real-youtube-promotion-through-social-media.html.gz	420321
20201212015452	https://www.fiverr.com/tool4design/promote-etsy-store-to-4-5-million-pinterest-viewers	200	data/pilot/html-balanced/tool4design/20201212_promote-etsy-store-to-4-5-million-pinterest-viewers.html.gz	406945
20201219061608	https://www.fiverr.com/zona_creative/design-a-creative-and-effective-logo-for-your-business	200	data/pilot/html-balanced/zona_creative/20201219_design-a-creative-and-effective-logo-for-your-business.html.gz	275371
20201001082549	https://www.fiverr.com/swainlondon/create-an-amazing-short-video-for-your-business-or-project	200	data/pilot/html-balanced/swainlondon/20201001_create-an-amazing-short-video-for-your-business-or-project.html.gz	194210
20201001071211	https://www.fiverr.com/ssjin3/create-animated-brb-intro-offline-screen-for-twitch	200	data/pilot/html-balanced/ssjin3/20201001_create-animated-brb-intro-offline-screen-for-twitch.html.gz	407396
20201001094726	https://www.fiverr.com/mofazzul_wp/install-wordpress-setup-theme-do-customization	200	data/pilot/html-balanced/mofazzul_wp/20201001_install-wordpress-setup-theme-do-customization.html.gz	434283
20201106163309	https://www.fiverr.com/karlroque/remix-or-edit-your-song	200	data/pilot/html-balanced/karlroque/20201106_remix-or-edit-your-song.html.gz	379691
20201027055620	https://www.fiverr.com/umair_88/virtual-assistant-shopify-web-research-email-word-data-entry-entry-web-excel	200	data/pilot/html-balanced/umair_88/20201027_virtual-assistant-shopify-web-research-email-word-data-entry-entry-web-excel.html.gz	330844
20201214153425	https://www.fiverr.com/generatecashbiz/give-you-a-realistic-video-testimonial	200	data/pilot/html-balanced/generatecashbiz/20201214_give-you-a-realistic-video-testimonial.html.gz	440884
20201101010411	https://www.fiverr.com/bhernandez88/translate-any-urgent-english-text-into-spanish	200	data/pilot/html-balanced/bhernandez88/20201101_translate-any-urgent-english-text-into-spanish.html.gz	415335
20201006211921	https://www.fiverr.com/jessica56/do-guest-post-da50-pa50-fashion-blogs	200	data/pilot/html-balanced/jessica56/20201006_do-guest-post-da50-pa50-fashion-blogs.html.gz	365476
20201219102737	https://www.fiverr.com/tushar391114/setup-super-profitable-ads-campaign-instagram-ads-google-adds	200	data/pilot/html-balanced/tushar391114/20201219_setup-super-profitable-ads-campaign-instagram-ads-google-adds.html.gz	188326
20201005221712	https://www.fiverr.com/frametoon/create-stunning-10-minutes-hd-video-for-youtube-and-social-media	200	data/pilot/html-balanced/frametoon/20201005_create-stunning-10-minutes-hd-video-for-youtube-and-social-media.html.gz	436801
20201114084137	https://www.fiverr.com/danielaberlin/translate-your-product-listing-from-english-to-german	200	data/pilot/html-balanced/danielaberlin/20201114_translate-your-product-listing-from-english-to-german.html.gz	395471
20201006061939	https://www.fiverr.com/enzotriolo/make-you-a-gothic-illustration	200	data/pilot/html-balanced/enzotriolo/20201006_make-you-a-gothic-illustration.html.gz	269184
20201003022151	https://www.fiverr.com/albert_92/design-stunning-business-cards	200	data/pilot/html-balanced/albert_92/20201003_design-stunning-business-cards.html.gz	438778
20201028162915	https://www.fiverr.com/anastasiamedia/create-animated-social-media-posts-for-you	200	data/pilot/html-balanced/anastasiamedia/20201028_create-animated-social-media-posts-for-you.html.gz	418747
20201001162547	https://www.fiverr.com/numan_choudhary/do-seo-optimization-of-your-website-that-will-increase-ranking	200	data/pilot/html-balanced/numan_choudhary/20201001_do-seo-optimization-of-your-website-that-will-increase-ranking.html.gz	451513
20201119035058	https://www.fiverr.com/goubert1/provide-10-links-on-german-directories	200	data/pilot/html-balanced/goubert1/20201119_provide-10-links-on-german-directories.html.gz	360658
20201201010847	https://www.fiverr.com/asimansari160/debug-your-powerapp-and-flow-your-business-process	200	data/pilot/html-balanced/asimansari160/20201201_debug-your-powerapp-and-flow-your-business-process.html.gz	387616
20201105023353	https://www.fiverr.com/nashonaosiggins/write-a-powerful-and-compelling-mission-statement-for-your-vision	200	data/pilot/html-balanced/nashonaosiggins/20201105_write-a-powerful-and-compelling-mission-statement-for-your-vision.html.gz	342421
20201014120026	https://www.fiverr.com/sunskilltechs/website-development-web-design-wordpress-customization-shopify-ecommerce-wix	200	data/pilot/html-balanced/sunskilltechs/20201014_website-development-web-design-wordpress-customization-shopify-ecommerce-wix.html.gz	454978
20201001032237	https://www.fiverr.com/seohelplinebd/write-and-publish-10-guest-post-on-high-trust-follow-sites	200	data/pilot/html-balanced/seohelplinebd/20201001_write-and-publish-10-guest-post-on-high-trust-follow-sites.html.gz	397485
20201103140739	https://www.fiverr.com/sojib423/do-google-top-ranking-complete-seo-solution	200	data/pilot/html-balanced/sojib423/20201103_do-google-top-ranking-complete-seo-solution.html.gz	420855
20201009014257	https://www.fiverr.com/xar623/create-an-animted-gif	200	data/pilot/html-balanced/xar623/20201009_create-an-animted-gif.html.gz	401522
20201001165049	https://www.fiverr.com/rabiayounas/create-awesome-wix-website-design-for-mobile-and-desktop-wix-website	200	data/pilot/html-balanced/rabiayounas/20201001_create-awesome-wix-website-design-for-mobile-and-desktop-wix-website.html.gz	442069
20201006005025	https://www.fiverr.com/vlad_ny/fix-any-issues-create-new-nodes-or-systems-for-buildbox	200	data/pilot/html-balanced/vlad_ny/20201006_fix-any-issues-create-new-nodes-or-systems-for-buildbox.html.gz	394478
20201117044409	https://www.fiverr.com/emani_007/podcast-promotion-podcast-marketing-podcast-social-media-promotion	200	data/pilot/html-balanced/emani_007/20201117_podcast-promotion-podcast-marketing-podcast-social-media-promotion.html.gz	323790
20201012062948	https://www.fiverr.com/meyoutech/professionally-mix-and-master-your-music	200	data/pilot/html-balanced/meyoutech/20201012_professionally-mix-and-master-your-music.html.gz	418051
20201128194216	https://www.fiverr.com/mahabub_1993/300-seo-backlinks-white-hat-manual-link-building-service-for-google-ranking	200	data/pilot/html-balanced/mahabub_1993/20201128_300-seo-backlinks-white-hat-manual-link-building-service-for-google-ranking.html.gz	177169
20201128114333	https://www.fiverr.com/master_editer/design-3d-models-in-solidworks	200	data/pilot/html-balanced/master_editer/20201128_design-3d-models-in-solidworks.html.gz	436675
20201210014437	https://www.fiverr.com/influencer_hunt/make-a-list-of-youtube-influencer-for-influencer-marketing	200	data/pilot/html-balanced/influencer_hunt/20201210_make-a-list-of-youtube-influencer-for-influencer-marketing.html.gz	373770
20201014190809	https://www.fiverr.com/danielamcss/manually-translate-from-english-to-spanish-or-vice-versa	200	data/pilot/html-balanced/danielamcss/20201014_manually-translate-from-english-to-spanish-or-vice-versa.html.gz	394862
20201029182044	https://www.fiverr.com/gopros/design-amazing-banner-ads-mobile-ads-headers-142bb78c-4f1e-4b9c-8522-a622f62c0d06	200	data/pilot/html-balanced/gopros/20201029_design-amazing-banner-ads-mobile-ads-headers-142bb78c-4f1e-4b9c-8522-a622f62c0d06.html.gz	451775
20201002084034	https://www.fiverr.com/thewritequeen/write-a-killer-amazon-description	200	data/pilot/html-balanced/thewritequeen/20201002_write-a-killer-amazon-description.html.gz	368665
20201001051237	https://www.fiverr.com/brianv476/transcribe-spanish-in-captions-or-a-simple-formatted-text	200	data/pilot/html-balanced/brianv476/20201001_transcribe-spanish-in-captions-or-a-simple-formatted-text.html.gz	412603
20201017162636	https://www.fiverr.com/abid_jani/create-a-static-website-in-html-and-css	200	data/pilot/html-balanced/abid_jani/20201017_create-a-static-website-in-html-and-css.html.gz	433981
20210317114753	https://www.fiverr.com/edeastman/provide-10x-ready-to-grow-shopify-stores	200	data/pilot/html-balanced/edeastman/20210317_provide-10x-ready-to-grow-shopify-stores.html.gz	335216
20210119183812	https://www.fiverr.com/gabrielborza/make-your-songs-blow-minds	200	data/pilot/html-balanced/gabrielborza/20210119_make-your-songs-blow-minds.html.gz	482427
20201105022443	https://www.fiverr.com/mishazhang/translate-500-words-from-english-or-russian-to-chinese	200	data/pilot/html-balanced/mishazhang/20201105_translate-500-words-from-english-or-russian-to-chinese.html.gz	438891
20210205111522	https://www.fiverr.com/zannatul_mitu/create-appealing-business-cards-for-you-with-elegant-design	200	data/pilot/html-balanced/zannatul_mitu/20210205_create-appealing-business-cards-for-you-with-elegant-design.html.gz	450853
20201215113553	https://www.fiverr.com/pernilleandreas/do-danish-transcription-for-your-video-and-audio	200	data/pilot/html-balanced/pernilleandreas/20201215_do-danish-transcription-for-your-video-and-audio.html.gz	337288
20210313000959	https://www.fiverr.com/pblose/write-a-winning-fundraising-letter	200	data/pilot/html-balanced/pblose/20210313_write-a-winning-fundraising-letter.html.gz	484600
20201008015624	https://www.fiverr.com/ventaizer/animate-your-still-picture	200	data/pilot/html-balanced/ventaizer/20201008_animate-your-still-picture.html.gz	404252
20210124113901	https://www.fiverr.com/animate_expert/create-professional-2d-explainer-video	200	data/pilot/html-balanced/animate_expert/20210124_create-professional-2d-explainer-video.html.gz	245861
20210119170247	https://www.fiverr.com/hazir_zeka_22/create-a-video-animation-for-your-product	200	data/pilot/html-balanced/hazir_zeka_22/20210119_create-a-video-animation-for-your-product.html.gz	254508
20210221233734	https://www.fiverr.com/clarkcaseyvo/record-professional-american-male-voice-over-today	200	data/pilot/html-balanced/clarkcaseyvo/20210221_record-professional-american-male-voice-over-today.html.gz	419563
20210103205750	https://www.fiverr.com/waqas___ahmad/build-a-fully-responsive-messenger-bot-for-your-fb-page	200	data/pilot/html-balanced/waqas___ahmad/20210103_build-a-fully-responsive-messenger-bot-for-your-fb-page.html.gz	486905
20210119143025	https://www.fiverr.com/pblose/write-an-elevator-pitch-for-your-business-or-nonprofit	200	data/pilot/html-balanced/pblose/20210119_write-an-elevator-pitch-for-your-business-or-nonprofit.html.gz	437488
20210226022957	https://www.fiverr.com/cristinapostica/do-a-great-2d-animation-for-your-business	200	data/pilot/html-balanced/cristinapostica/20210226_do-a-great-2d-animation-for-your-business.html.gz	257824
20210104065403	https://www.fiverr.com/oskhan/design-prospectus-brochure-magazine-book-cover-menu-card	200	data/pilot/html-balanced/oskhan/20210104_design-prospectus-brochure-magazine-book-cover-menu-card.html.gz	435682
20210102182742	https://www.fiverr.com/sharozjaved459/create-cinematic-trailer-of-movie-or-game	200	data/pilot/html-balanced/sharozjaved459/20210102_create-cinematic-trailer-of-movie-or-game.html.gz	455904
20210102003703	https://www.fiverr.com/samsidd/create-a-professional-2d-animation-video	200	data/pilot/html-balanced/samsidd/20210102_create-a-professional-2d-animation-video.html.gz	470376
20210102061037	https://www.fiverr.com/sundusshuja/create-3d-character-animation-for-kids-youtube-channel	200	data/pilot/html-balanced/sundusshuja/20210102_create-3d-character-animation-for-kids-youtube-channel.html.gz	428360
20210217105524	https://www.fiverr.com/katewinslet/uploadshare-your-video-to-18-high-pr9-to-pr5-sites-approval-report-in-only-6-hours	200	data/pilot/html-balanced/katewinslet/20210217_uploadshare-your-video-to-18-high-pr9-to-pr5-sites-approval-report-in-only-6-hours.html.gz	231227
20210203223615	https://www.fiverr.com/shehryarshuj905/can-do-arduino-programming-arduino-code-and-projects-72e9	200	data/pilot/html-balanced/shehryarshuj905/20210203_can-do-arduino-programming-arduino-code-and-projects-72e9.html.gz	414739
20210315113422	https://www.fiverr.com/teocom/convert-pdf-to-word-or-excel	200	data/pilot/html-balanced/teocom/20210315_convert-pdf-to-word-or-excel.html.gz	519293
20210102041344	https://www.fiverr.com/nouman211/do-realistic-3d-product-animation-video	200	data/pilot/html-balanced/nouman211/20210102_do-realistic-3d-product-animation-video.html.gz	418539
20210222003325	https://www.fiverr.com/rhodiumruwan/edit-and-refresh-your-podcast-audio	200	data/pilot/html-balanced/rhodiumruwan/20210222_edit-and-refresh-your-podcast-audio.html.gz	416466
20210101011659	https://www.fiverr.com/naim_keys/record-professional-piano-for-your-song	200	data/pilot/html-balanced/naim_keys/20210101_record-professional-piano-for-your-song.html.gz	470620
20210101141248	https://www.fiverr.com/digitalmdsohail/create-google-ads-campaign-and-manage-them	200	data/pilot/html-balanced/digitalmdsohail/20210101_create-google-ads-campaign-and-manage-them.html.gz	396756
20210101030301	https://www.fiverr.com/posthumousccs/transcribe-any-song-into-sheet-or-midi	200	data/pilot/html-balanced/posthumousccs/20210101_transcribe-any-song-into-sheet-or-midi.html.gz	463995
20210315190227	https://www.fiverr.com/odiesenesh/guide-you-on-maximizing-your-instagram-marketing-strategy	200	data/pilot/html-balanced/odiesenesh/20210315_guide-you-on-maximizing-your-instagram-marketing-strategy.html.gz	284348
20210102040745	https://www.fiverr.com/hashanfernando/3d-globe-video-of-google-location	200	data/pilot/html-balanced/hashanfernando/20210102_3d-globe-video-of-google-location.html.gz	441207
20210223213916	https://www.fiverr.com/sergiykashetski/design-your-garden-and-make-2d-plans-of-garden	200	data/pilot/html-balanced/sergiykashetski/20210223_design-your-garden-and-make-2d-plans-of-garden.html.gz	381360
20210105003322	https://www.fiverr.com/ttzachii/develop-mobile-app-for-company-business-website	200	data/pilot/html-balanced/ttzachii/20210105_develop-mobile-app-for-company-business-website.html.gz	422676
20210204211044	https://www.fiverr.com/ruhin_ahmed/be-your-social-media-marketing-manager-and-content-creator	200	data/pilot/html-balanced/ruhin_ahmed/20210204_be-your-social-media-marketing-manager-and-content-creator.html.gz	8756
20210326131152	https://www.fiverr.com/nisaralii786/create-wix-website-design-redesign-wix-website	200	data/pilot/html-balanced/nisaralii786/20210326_create-wix-website-design-redesign-wix-website.html.gz	493685
20210309141256	https://www.fiverr.com/iuliabarton/be-your-personal-italian-stylist	200	data/pilot/html-balanced/iuliabarton/20210309_be-your-personal-italian-stylist.html.gz	419917
20210206135454	https://www.fiverr.com/sabashahid448/design-you-some-marvelous-hand-sketch-jewelry	200	data/pilot/html-balanced/sabashahid448/20210206_design-you-some-marvelous-hand-sketch-jewelry.html.gz	435627
20210321060913	https://www.fiverr.com/qrolic/convert-psd-jpg-png-ai-to-html-wordpress-shopify	200	data/pilot/html-balanced/qrolic/20210321_convert-psd-jpg-png-ai-to-html-wordpress-shopify.html.gz	461225
20210210140304	https://www.fiverr.com/tobiasjager/do-product-photography-for-amazon-etsy-and-instagram	200	data/pilot/html-balanced/tobiasjager/20210210_do-product-photography-for-amazon-etsy-and-instagram.html.gz	411371
20210326074629	https://www.fiverr.com/habibmalik1/do-seo-optimized-article-writing-in-24-hours	200	data/pilot/html-balanced/habibmalik1/20210326_do-seo-optimized-article-writing-in-24-hours.html.gz	460695
20210210153828	https://www.fiverr.com/iskmusic/record-saxophone-for-your-song	200	data/pilot/html-balanced/iskmusic/20210210_record-saxophone-for-your-song.html.gz	428360
20210101151633	https://www.fiverr.com/nifraz89/fix-or-set-up-google-analytics-and-tag-manager-in-24-hours	200	data/pilot/html-balanced/nifraz89/20210101_fix-or-set-up-google-analytics-and-tag-manager-in-24-hours.html.gz	435913
20210102031533	https://www.fiverr.com/jarrrrr07/add-synced-subtitle-for-japanese-or-english-videos	200	data/pilot/html-balanced/jarrrrr07/20210102_add-synced-subtitle-for-japanese-or-english-videos.html.gz	412737
20210101225028	https://www.fiverr.com/instawiz/create-2d-animated-video-2d-custom-video-2d-animation-2d-explainer-2d-animation	200	data/pilot/html-balanced/instawiz/20210101_create-2d-animated-video-2d-custom-video-2d-animation-2d-explainer-2d-animation.html.gz	479442
20210101233429	https://www.fiverr.com/scientist9986/help-you-with-proofreading-and-editing-of-documents	200	data/pilot/html-balanced/scientist9986/20210101_help-you-with-proofreading-and-editing-of-documents.html.gz	424003
20210312144445	https://www.fiverr.com/graphicsfx/do-cinematic-promo-trailer-video-for-your-product	200	data/pilot/html-balanced/graphicsfx/20210312_do-cinematic-promo-trailer-video-for-your-product.html.gz	488754
20210101232257	https://www.fiverr.com/lamspyrou/write-a-legal-contract	200	data/pilot/html-balanced/lamspyrou/20210101_write-a-legal-contract.html.gz	430102
20210117234641	https://www.fiverr.com/kecosocialmedia/be-your-excellent-social-media-marketing-manager	200	data/pilot/html-balanced/kecosocialmedia/20210117_be-your-excellent-social-media-marketing-manager.html.gz	303309
20210101101151	https://www.fiverr.com/design_radar/do-extremely-professional-infographic-design	200	data/pilot/html-balanced/design_radar/20210101_do-extremely-professional-infographic-design.html.gz	459354
20210204233249	https://www.fiverr.com/bastiaanruitenb/mix-and-master-your-song-to-perfection	200	data/pilot/html-balanced/bastiaanruitenb/20210204_mix-and-master-your-song-to-perfection.html.gz	421551
20210102041132	https://www.fiverr.com/daniel_3d/do-3d-modeling-including-texture-rig-animation-and-render	200	data/pilot/html-balanced/daniel_3d/20210102_do-3d-modeling-including-texture-rig-animation-and-render.html.gz	401451
20210208070929	https://www.fiverr.com/gorillakyle/provide-a-google-certified-ppc-management-service	200	data/pilot/html-balanced/gorillakyle/20210208_provide-a-google-certified-ppc-management-service.html.gz	261462
20210102125938	https://www.fiverr.com/babulmiah5901/collect-niche-targeted-email-list-email-marketing-usa-business-email-list	200	data/pilot/html-balanced/babulmiah5901/20210102_collect-niche-targeted-email-list-email-marketing-usa-business-email-list.html.gz	427696
20210129092108	https://www.fiverr.com/md_jobair/complete-omnisend-automation-for-shopify-store	200	data/pilot/html-balanced/md_jobair/20210129_complete-omnisend-automation-for-shopify-store.html.gz	469407
20210101102128	https://www.fiverr.com/designmastercom/do-clean-attractive-resume-design-cv-design	200	data/pilot/html-balanced/designmastercom/20210101_do-clean-attractive-resume-design-cv-design.html.gz	489371
20210119091129	https://www.fiverr.com/zackdesi/design-4-stunning-snapchat-geofilters	200	data/pilot/html-balanced/zackdesi/20210119_design-4-stunning-snapchat-geofilters.html.gz	451064
20210119173423	https://www.fiverr.com/frangovam/turn-your-childrens-book-into-a-video-with-narration	200	data/pilot/html-balanced/frangovam/20210119_turn-your-childrens-book-into-a-video-with-narration.html.gz	477817
20210120021233	https://www.fiverr.com/arts_hand/draw-any-illustration-sketch-or-logo	200	data/pilot/html-balanced/arts_hand/20210120_draw-any-illustration-sketch-or-logo.html.gz	498672
20210128150525	https://www.fiverr.com/mrtaaj/do-a-flawless-video-transcription-and-transcribe-audio-in-24-hours	200	data/pilot/html-balanced/mrtaaj/20210128_do-a-flawless-video-transcription-and-transcribe-audio-in-24-hours.html.gz	416060
20210131131502	https://www.fiverr.com/kotunovjulian/create-art-and-character-desingn-for-your-game-or-animation	200	data/pilot/html-balanced/kotunovjulian/20210131_create-art-and-character-desingn-for-your-game-or-animation.html.gz	441686
20210302043439	https://www.fiverr.com/mona_cooper/provide-a-faultless-english-to-french-or-french-to-english-translation	200	data/pilot/html-balanced/mona_cooper/20210302_provide-a-faultless-english-to-french-or-french-to-english-translation.html.gz	464428
20210304031837	https://www.fiverr.com/selena_vox/record-a-quality-american-or-uk-voice-over	200	data/pilot/html-balanced/selena_vox/20210304_record-a-quality-american-or-uk-voice-over.html.gz	499487
20210316211151	https://www.fiverr.com/perfect_queen/boost-your-spotify-music	200	data/pilot/html-balanced/perfect_queen/20210316_boost-your-spotify-music.html.gz	527402
20210101133540	https://www.fiverr.com/arsalanlive/create-a-strong-social-media-marketing-strategy-for-you-612d	200	data/pilot/html-balanced/arsalanlive/20210101_create-a-strong-social-media-marketing-strategy-for-you-612d.html.gz	449731
20210201160426	https://www.fiverr.com/fermium/make-fascinating-short-hd-inbound-explainer-video	200	data/pilot/html-balanced/fermium/20210201_make-fascinating-short-hd-inbound-explainer-video.html.gz	432693
20210101222755	https://www.fiverr.com/merijanevska/write-seo-amazon-listing-product-description-that-sells	200	data/pilot/html-balanced/merijanevska/20210101_write-seo-amazon-listing-product-description-that-sells.html.gz	437230
20210110165653	https://www.fiverr.com/msbpro1/set-up-and-do-pinterest-marketing-for-your-ecommerce-store	200	data/pilot/html-balanced/msbpro1/20210110_set-up-and-do-pinterest-marketing-for-your-ecommerce-store.html.gz	432164
20210309071317	https://www.fiverr.com/spider_studio/make-3-amazing-logo-intro-videos	200	data/pilot/html-balanced/spider_studio/20210309_make-3-amazing-logo-intro-videos.html.gz	475262
20210309092823	https://www.fiverr.com/ajayprakash/remix-any-song-you-like-into-dance-music	200	data/pilot/html-balanced/ajayprakash/20210309_remix-any-song-you-like-into-dance-music.html.gz	453715
20210131105908	https://www.fiverr.com/zakdesignz/design-modern-and-minimal-logo	200	data/pilot/html-balanced/zakdesignz/20210131_design-modern-and-minimal-logo.html.gz	473936
20200209183659	https://www.fiverr.com/francajoez/design-a-professional-book-cover-or-ebook-cover	fail		0
20210517040852	https://www.fiverr.com/sessantasix/translate-from-french-to-italian	200	data/pilot/html-balanced/sessantasix/20210517_translate-from-french-to-italian.html.gz	447657
20210417095409	https://www.fiverr.com/onoffmusic/be-your-female-singer-songwriter-in-english-and-in-french	200	data/pilot/html-balanced/onoffmusic/20210417_be-your-female-singer-songwriter-in-english-and-in-french.html.gz	449603
20210515064833	https://www.fiverr.com/malevoicetalent/voice-and-produce-a-podcast-open-and-close	200	data/pilot/html-balanced/malevoicetalent/20210515_voice-and-produce-a-podcast-open-and-close.html.gz	503774
20210224073946	https://www.fiverr.com/mumutahena07/design-postcard-eddm-standard	200	data/pilot/html-balanced/mumutahena07/20210224_design-postcard-eddm-standard.html.gz	261806
20200209061353	https://www.fiverr.com/behrmusic/customize-your-podcast-or-vlog-intro-music	fail		0
20210531143135	https://www.fiverr.com/marscreative/write-a-complete-amazon-listing-with-keyword-research	200	data/pilot/html-balanced/marscreative/20210531_write-a-complete-amazon-listing-with-keyword-research.html.gz	383980
20210526235551	https://www.fiverr.com/lauren_backlink/tested-guaranteed-biggest-seo-package-rankin-that-will-skyrocket-your-money	200	data/pilot/html-balanced/lauren_backlink/20210526_tested-guaranteed-biggest-seo-package-rankin-that-will-skyrocket-your-money.html.gz	350135
20210411140728	https://www.fiverr.com/miredia/help-you-set-up-obs-on-twitch-youtube-or-mixer	200	data/pilot/html-balanced/miredia/20210411_help-you-set-up-obs-on-twitch-youtube-or-mixer.html.gz	429299
20210407131636	https://www.fiverr.com/javeriahjaved/design-a-unique-sports-mascot-esports-and-gaming-logo	200	data/pilot/html-balanced/javeriahjaved/20210407_design-a-unique-sports-mascot-esports-and-gaming-logo.html.gz	539002
20210411005009	https://www.fiverr.com/robinoo/professionally-proofread-1000-words	200	data/pilot/html-balanced/robinoo/20210411_professionally-proofread-1000-words.html.gz	515890
20210605174939	https://www.fiverr.com/soft_solutionss/design-product-catalog-promotional-flyer-sell-sheet	200	data/pilot/html-balanced/soft_solutionss/20210605_design-product-catalog-promotional-flyer-sell-sheet.html.gz	523581
20210609022415	https://www.fiverr.com/ryfkriefky/make-some-illustration-and-graphic-design	200	data/pilot/html-balanced/ryfkriefky/20210609_make-some-illustration-and-graphic-design.html.gz	491586
20210417161443	https://www.fiverr.com/penprosam/write-voiceover-scripts-for-your-voice-over-demo	200	data/pilot/html-balanced/penprosam/20210417_write-voiceover-scripts-for-your-voice-over-demo.html.gz	490284
20210602113849	https://www.fiverr.com/fountainantonia/sing-the-chorus-to-your-song-in-24-hours	200	data/pilot/html-balanced/fountainantonia/20210602_sing-the-chorus-to-your-song-in-24-hours.html.gz	462493
20210610091830	https://www.fiverr.com/abir_nayeem/create-or-redesign-squarespace-business-website	200	data/pilot/html-balanced/abir_nayeem/20210610_create-or-redesign-squarespace-business-website.html.gz	8756
20210504041145	https://www.fiverr.com/iacobhouse/teach-you-how-to-make-a-videogame-asset	200	data/pilot/html-balanced/iacobhouse/20210504_teach-you-how-to-make-a-videogame-asset.html.gz	480541
20210412091146	https://www.fiverr.com/msaqibghouri/custom-animated-twitch-overlay-intros	200	data/pilot/html-balanced/msaqibghouri/20210412_custom-animated-twitch-overlay-intros.html.gz	483268
20210515181322	https://www.fiverr.com/paulvirlan/create-unique-illustrations-for-your-business	200	data/pilot/html-balanced/paulvirlan/20210515_create-unique-illustrations-for-your-business.html.gz	375666
20210420162401	https://www.fiverr.com/alexhayden09/do-guest-post-on-da-30-health-blog	200	data/pilot/html-balanced/alexhayden09/20210420_do-guest-post-on-da-30-health-blog.html.gz	246069
20210412025350	https://www.fiverr.com/mehboob86/build-automated-digistore24-affiliate-system-with-followup-emails-in-healt-niche	200	data/pilot/html-balanced/mehboob86/20210412_build-automated-digistore24-affiliate-system-with-followup-emails-in-healt-niche.html.gz	511821
20210515185543	https://www.fiverr.com/vince_hua/create-professional-qr-codes	200	data/pilot/html-balanced/vince_hua/20210515_create-professional-qr-codes.html.gz	483292
20210418174231	https://www.fiverr.com/kholland65/aes-gold-medal-engineer-master-your-song	200	data/pilot/html-balanced/kholland65/20210418_aes-gold-medal-engineer-master-your-song.html.gz	463907
20210410185658	https://www.fiverr.com/foga_design/create-decal-or-wraping-car	200	data/pilot/html-balanced/foga_design/20210410_create-decal-or-wraping-car.html.gz	448912
20210417160609	https://www.fiverr.com/nougatbox/give-cheap-shoutout-promotion-on-a-100k-instagram-page	200	data/pilot/html-balanced/nougatbox/20210417_give-cheap-shoutout-promotion-on-a-100k-instagram-page.html.gz	456172
20210428000039	https://www.fiverr.com/sushil_kumar40/wordpress-shopify-joomla-developer	200	data/pilot/html-balanced/sushil_kumar40/20210428_wordpress-shopify-joomla-developer.html.gz	484983
20210410191323	https://www.fiverr.com/rishaat/design-professional-responsive-email-template	200	data/pilot/html-balanced/rishaat/20210410_design-professional-responsive-email-template.html.gz	505010
20210503182915	https://www.fiverr.com/markmasonbeast/do-1-month-seo-for-your-website-or-blog	200	data/pilot/html-balanced/markmasonbeast/20210503_do-1-month-seo-for-your-website-or-blog.html.gz	517778
20210509181547	https://www.fiverr.com/diegoyakich/record-spanish-songs-for-you	200	data/pilot/html-balanced/diegoyakich/20210509_record-spanish-songs-for-you.html.gz	248533
20210507103816	https://www.fiverr.com/cj8168/proofread-edit-or-rewrite-any-document-essay-or-story	200	data/pilot/html-balanced/cj8168/20210507_proofread-edit-or-rewrite-any-document-essay-or-story.html.gz	455050
20210410190230	https://www.fiverr.com/mateusbl/design-creative-website-editable-in-xd-and-psd	200	data/pilot/html-balanced/mateusbl/20210410_design-creative-website-editable-in-xd-and-psd.html.gz	519145
20210515154139	https://www.fiverr.com/alex_dar/create-an-animated-lyric-video-in-the-stop-motion-style	200	data/pilot/html-balanced/alex_dar/20210515_create-an-animated-lyric-video-in-the-stop-motion-style.html.gz	501222
20210428011507	https://www.fiverr.com/usman_iffi/create-spreadsheet-formula-or-macro	200	data/pilot/html-balanced/usman_iffi/20210428_create-spreadsheet-formula-or-macro.html.gz	499475
20210627203845	https://www.fiverr.com/shubhambhard484/do-3d-modeling-and-rigging	200	data/pilot/html-balanced/shubhambhard484/20210627_do-3d-modeling-and-rigging.html.gz	471573
20210508012028	https://www.fiverr.com/ukseoguy/create-250-google-map-citations-to-help-your-uk-business-local-seo	200	data/pilot/html-balanced/ukseoguy/20210508_create-250-google-map-citations-to-help-your-uk-business-local-seo.html.gz	474044
20210411071301	https://www.fiverr.com/montespaz/create-subtitles-for-your-videos	200	data/pilot/html-balanced/montespaz/20210411_create-subtitles-for-your-videos.html.gz	451812
20210502083146	https://www.fiverr.com/themckaye/build-60-of-the-best-uk-citations-to-boost-seo	200	data/pilot/html-balanced/themckaye/20210502_build-60-of-the-best-uk-citations-to-boost-seo.html.gz	471892
20210422185713	https://www.fiverr.com/alex_lofig/record-a-professional-neutral-spanish-voiceover	200	data/pilot/html-balanced/alex_lofig/20210422_record-a-professional-neutral-spanish-voiceover.html.gz	481705
20210610030008	https://www.fiverr.com/sasanka31/do-professional-real-estate-video-editing-in-24-hours	200	data/pilot/html-balanced/sasanka31/20210610_do-professional-real-estate-video-editing-in-24-hours.html.gz	420329
20210410233701	https://www.fiverr.com/nikkibeautyboss/advertise-your-product-or-business-on-my-true-crime-podcast	200	data/pilot/html-balanced/nikkibeautyboss/20210410_advertise-your-product-or-business-on-my-true-crime-podcast.html.gz	448423
20210627223231	https://www.fiverr.com/eastcrow/create-a-drill-beat-for-you	200	data/pilot/html-balanced/eastcrow/20210627_create-a-drill-beat-for-you.html.gz	500405
20210504013300	https://www.fiverr.com/andrewrycots/produce-epic-and-orchestral-songs-and-soundtracks-for-your-videos	200	data/pilot/html-balanced/andrewrycots/20210504_produce-epic-and-orchestral-songs-and-soundtracks-for-your-videos.html.gz	500837
20210419081543	https://www.fiverr.com/coryhancevoice/write-a-voiceover-script-that-grabs-attention	200	data/pilot/html-balanced/coryhancevoice/20210419_write-a-voiceover-script-that-grabs-attention.html.gz	478406
20210411012436	https://www.fiverr.com/faswaldo/write-your-social-media-posts	200	data/pilot/html-balanced/faswaldo/20210411_write-your-social-media-posts.html.gz	459409
20210510053107	https://www.fiverr.com/kareem66/create-a-breaking-news-video	200	data/pilot/html-balanced/kareem66/20210510_create-a-breaking-news-video.html.gz	442512
20210416200152	https://www.fiverr.com/bagraphix786/design-stunning-signature-logo	200	data/pilot/html-balanced/bagraphix786/20210416_design-stunning-signature-logo.html.gz	527813
20210417174727	https://www.fiverr.com/nazmulnuman/create-eye-catching-infographics-for-you	200	data/pilot/html-balanced/nazmulnuman/20210417_create-eye-catching-infographics-for-you.html.gz	521800
20210513200712	https://www.fiverr.com/kaoutare/create-an-awesome-stinger-transition-for-obs-twitch-youtube	200	data/pilot/html-balanced/kaoutare/20210513_create-an-awesome-stinger-transition-for-obs-twitch-youtube.html.gz	503668
20210416041117	https://www.fiverr.com/kimberleyfalk/business-blog-writer-of-any-subject	200	data/pilot/html-balanced/kimberleyfalk/20210416_business-blog-writer-of-any-subject.html.gz	460220
20210504014333	https://www.fiverr.com/mixedbyhill/master-your-music-at-red-factory-studios	200	data/pilot/html-balanced/mixedbyhill/20210504_master-your-music-at-red-factory-studios.html.gz	476695
20210401171113	https://www.fiverr.com/majesticseo24x7/create-high-da-super-whitehat-backlinks-monthly-seo-service	200	data/pilot/html-balanced/majesticseo24x7/20210401_create-high-da-super-whitehat-backlinks-monthly-seo-service.html.gz	236122
20210423194129	https://www.fiverr.com/ilovenish/do-sensational-logo-animation	200	data/pilot/html-balanced/ilovenish/20210423_do-sensational-logo-animation.html.gz	530922
20210410234104	https://www.fiverr.com/hamza_mian/upload-your-videos-to-your-youtube-channel-with-fully-optimization	200	data/pilot/html-balanced/hamza_mian/20210410_upload-your-videos-to-your-youtube-channel-with-fully-optimization.html.gz	484638
20210618213947	https://www.fiverr.com/ayushshukla102/do-dance-choreography-on-your-music-with-my-dance-skills-doing-a-couple-of-dance	200	data/pilot/html-balanced/ayushshukla102/20210618_do-dance-choreography-on-your-music-with-my-dance-skills-doing-a-couple-of-dance.html.gz	407542
20210412143052	https://www.fiverr.com/rohitck007/test-your-mobile-app-of-android-ios-or-windows	200	data/pilot/html-balanced/rohitck007/20210412_test-your-mobile-app-of-android-ios-or-windows.html.gz	475951
20210427044842	https://www.fiverr.com/angela_gomez/animated-brb-or-starting-soon-or-ending-screen-or-offline-screen-choose-one	200	data/pilot/html-balanced/angela_gomez/20210427_animated-brb-or-starting-soon-or-ending-screen-or-offline-screen-choose-one.html.gz	476055
20210409113000	https://www.fiverr.com/aioriar/master-your-song-in-1-day	200	data/pilot/html-balanced/aioriar/20210409_master-your-song-in-1-day.html.gz	416012
20210412035309	https://www.fiverr.com/tl0702/translate-amazon-product-listing-into-japanese	200	data/pilot/html-balanced/tl0702/20210412_translate-amazon-product-listing-into-japanese.html.gz	477672
20210605015548	https://www.fiverr.com/nurnobi_n/do-the-google-analytics-and-provide-keyword-targeted-usa-web-traffic	200	data/pilot/html-balanced/nurnobi_n/20210605_do-the-google-analytics-and-provide-keyword-targeted-usa-web-traffic.html.gz	255946
20210404172846	https://www.fiverr.com/laravell_expert/design-and-develop-a-complete-responsive-wordpress-website	200	data/pilot/html-balanced/laravell_expert/20210404_design-and-develop-a-complete-responsive-wordpress-website.html.gz	274004
20210516200758	https://www.fiverr.com/artikapro/make-svg-animation-elements-for-web	200	data/pilot/html-balanced/artikapro/20210516_make-svg-animation-elements-for-web.html.gz	446615
20210419195717	https://www.fiverr.com/amadeus42/professionally-proofread-and-edit-2000-words	200	data/pilot/html-balanced/amadeus42/20210419_professionally-proofread-and-edit-2000-words.html.gz	466923
20210424201139	https://www.fiverr.com/alexxlopezz/produce-a-sad-emo-trap-beat-like-peep-n-n-lotus-narnia	200	data/pilot/html-balanced/alexxlopezz/20210424_produce-a-sad-emo-trap-beat-like-peep-n-n-lotus-narnia.html.gz	484768
20210505082707	https://www.fiverr.com/es_developer/fix-your-html-css-bootstrap-responsive-issue	200	data/pilot/html-balanced/es_developer/20210505_fix-your-html-css-bootstrap-responsive-issue.html.gz	494595
20210611164812	https://www.fiverr.com/guimellon/teach-or-help-you-make-music-on-logic-pro	200	data/pilot/html-balanced/guimellon/20210611_teach-or-help-you-make-music-on-logic-pro.html.gz	489229
20210717200711	https://www.fiverr.com/ahmadrajput5206/do-animated-banner-ads-html5-google-ads-social-media-8fa2	200	data/pilot/html-balanced/ahmadrajput5206/20210717_do-animated-banner-ads-html5-google-ads-social-media-8fa2.html.gz	475646
20210801234941	https://www.fiverr.com/rmckein/do-organic-spotify-music-promotion	200	data/pilot/html-balanced/rmckein/20210801_do-organic-spotify-music-promotion.html.gz	457365
20210729154841	https://www.fiverr.com/fafa_pat/create-awesome-3d-animation-for-products	200	data/pilot/html-balanced/fafa_pat/20210729_create-awesome-3d-animation-for-products.html.gz	528661
20210719035515	https://www.fiverr.com/cloudzoneprod/edit-mix-and-master-your-music	200	data/pilot/html-balanced/cloudzoneprod/20210719_edit-mix-and-master-your-music.html.gz	520346
20210721031313	https://www.fiverr.com/bryanrjimenez/write-lyrics-for-your-song	200	data/pilot/html-balanced/bryanrjimenez/20210721_write-lyrics-for-your-song.html.gz	464030
20210415180552	https://www.fiverr.com/tomneale521/be-you-seo-consultant	200	data/pilot/html-balanced/tomneale521/20210415_be-you-seo-consultant.html.gz	462827
20210719075757	https://www.fiverr.com/michaeljonesdvd/do-holiday-video-greeting-from-jamaica-beach	200	data/pilot/html-balanced/michaeljonesdvd/20210719_do-holiday-video-greeting-from-jamaica-beach.html.gz	500835
20210823000158	https://www.fiverr.com/shahadat_web92/wordpress-landing-page-elementor-create-landing-page-design-elementor-pro-web	200	data/pilot/html-balanced/shahadat_web92/20210823_wordpress-landing-page-elementor-create-landing-page-design-elementor-pro-web.html.gz	590353
20210701073637	https://www.fiverr.com/blindsightmix/professionally-master-your-song-loud-within-24-hrs-a7a0d431-9ba3-40b5-a70f-e16bd6a3a1e3	200	data/pilot/html-balanced/blindsightmix/20210701_professionally-master-your-song-loud-within-24-hrs-a7a0d431-9ba3-40b5-a70f-e16bd6a3a1e3.html.gz	490248
20210605200521	https://www.fiverr.com/heavisidegroup/do-an-expert-seo-audit-of-your-site	200	data/pilot/html-balanced/heavisidegroup/20210605_do-an-expert-seo-audit-of-your-site.html.gz	482853
20210820204629	https://www.fiverr.com/peacenic/push-my-aged-domain-names-with-no-drop-history-to-your-godaddy-account	200	data/pilot/html-balanced/peacenic/20210820_push-my-aged-domain-names-with-no-drop-history-to-your-godaddy-account.html.gz	500224
20210707064911	https://www.fiverr.com/mehrali155/promote-your-youtube-video-in-usa-and-canada	200	data/pilot/html-balanced/mehrali155/20210707_promote-your-youtube-video-in-usa-and-canada.html.gz	458236
20210625181841	https://www.fiverr.com/freelancemomma/write-150-word-original-product-descriptions	200	data/pilot/html-balanced/freelancemomma/20210625_write-150-word-original-product-descriptions.html.gz	442299
20210701074146	https://www.fiverr.com/elemproducer/professionally-master-your-song-ep-or-album-in-24hrs	200	data/pilot/html-balanced/elemproducer/20210701_professionally-master-your-song-ep-or-album-in-24hrs.html.gz	481597
20210701081116	https://www.fiverr.com/damooch916/write-and-record-a-love-song-on-the-piano	200	data/pilot/html-balanced/damooch916/20210701_write-and-record-a-love-song-on-the-piano.html.gz	401706
20210731235920	https://www.fiverr.com/franbar/post-instagram-shoutout-on-million-followers-fitness-account	200	data/pilot/html-balanced/franbar/20210731_post-instagram-shoutout-on-million-followers-fitness-account.html.gz	460661
20210722193826	https://www.fiverr.com/jubimax/promotion-youtube-channel-with-180k-people	200	data/pilot/html-balanced/jubimax/20210722_promotion-youtube-channel-with-180k-people.html.gz	502762
20210927155628	https://www.fiverr.com/turbiville/record-a-killer-voice-over	200	data/pilot/html-balanced/turbiville/20210927_record-a-killer-voice-over.html.gz	528364
20210918231332	https://www.fiverr.com/socksstudio/build-and-design-an-addicting-2d-game-for-you	200	data/pilot/html-balanced/socksstudio/20210918_build-and-design-an-addicting-2d-game-for-you.html.gz	500099
20210712174607	https://www.fiverr.com/rayyandesign/do-any-attractive-flyer-posters-in-12-hours	200	data/pilot/html-balanced/rayyandesign/20210712_do-any-attractive-flyer-posters-in-12-hours.html.gz	522429
20210713185001	https://www.fiverr.com/realglinton/do-organic-soundcloud-playlist-promotion	200	data/pilot/html-balanced/realglinton/20210713_do-organic-soundcloud-playlist-promotion.html.gz	488406
20210701200647	https://www.fiverr.com/ustaad007/draw-a-podcast-cover-art-for-you	200	data/pilot/html-balanced/ustaad007/20210701_draw-a-podcast-cover-art-for-you.html.gz	496607
20210701075531	https://www.fiverr.com/therealaurelian/teach-you-or-help-you-to-make-music-in-ableton-or-logic-pro	200	data/pilot/html-balanced/therealaurelian/20210701_teach-you-or-help-you-to-make-music-in-ableton-or-logic-pro.html.gz	480751
20210712012900	https://www.fiverr.com/xuicat/do-a-german-voice-over-with-a-deep-female-voice	200	data/pilot/html-balanced/xuicat/20210712_do-a-german-voice-over-with-a-deep-female-voice.html.gz	508037
20210817025500	https://www.fiverr.com/crystalsoup/provide-an-amazing-video-creation-services	200	data/pilot/html-balanced/crystalsoup/20210817_provide-an-amazing-video-creation-services.html.gz	489324
20210826212955	https://www.fiverr.com/house_of_design/do-awesome-animation-gif-for-your-instagram-or-giphy-in-24hr	200	data/pilot/html-balanced/house_of_design/20210826_do-awesome-animation-gif-for-your-instagram-or-giphy-in-24hr.html.gz	585607
20210702071640	https://www.fiverr.com/blitzd/create-your-own-cryptocurrency-like-bitcoin	200	data/pilot/html-balanced/blitzd/20210702_create-your-own-cryptocurrency-like-bitcoin.html.gz	461848
20210701214829	https://www.fiverr.com/prdiva218/create-an-electronic-press-kit-for-your-brand	200	data/pilot/html-balanced/prdiva218/20210701_create-an-electronic-press-kit-for-your-brand.html.gz	318628
20210727070126	https://www.fiverr.com/besttuhin/do-beauty-portrait-and-product-photo-retouching-professionally	200	data/pilot/html-balanced/besttuhin/20210727_do-beauty-portrait-and-product-photo-retouching-professionally.html.gz	226215
20210927113510	https://www.fiverr.com/kamchuan/providetranscription-for-chinese-or-malay-audio-and-video	200	data/pilot/html-balanced/kamchuan/20210927_providetranscription-for-chinese-or-malay-audio-and-video.html.gz	489367
20210921075951	https://www.fiverr.com/hsespecialist/create-chemical-product-label	200	data/pilot/html-balanced/hsespecialist/20210921_create-chemical-product-label.html.gz	482868
20210710065530	https://www.fiverr.com/pookiezz/design-a-youtube-banner-and-icon-for-you	200	data/pilot/html-balanced/pookiezz/20210710_design-a-youtube-banner-and-icon-for-you.html.gz	505183
20210701015251	https://www.fiverr.com/stevesexplainer/create-a-marketing-video-for-your-business	200	data/pilot/html-balanced/stevesexplainer/20210701_create-a-marketing-video-for-your-business.html.gz	570205
20210828211042	https://www.fiverr.com/shayaan_pro/fix-wordpress-error-issue-and-bugs	200	data/pilot/html-balanced/shayaan_pro/20210828_fix-wordpress-error-issue-and-bugs.html.gz	439690
20210701015211	https://www.fiverr.com/djyoung/create-a-whiteboard-explainer-animation-video	200	data/pilot/html-balanced/djyoung/20210701_create-a-whiteboard-explainer-animation-video.html.gz	543109
20210708230736	https://www.fiverr.com/kptranslations/expertly-translate-between-german-and-english	200	data/pilot/html-balanced/kptranslations/20210708_expertly-translate-between-german-and-english.html.gz	505859
20210714042452	https://www.fiverr.com/arfahussain913/setup-and-manage-amazon-ppc-campaigns-amazon-sponsored-ads	200	data/pilot/html-balanced/arfahussain913/20210714_setup-and-manage-amazon-ppc-campaigns-amazon-sponsored-ads.html.gz	496330
20210927155156	https://www.fiverr.com/radiofrenz/record-what-you-want-in-italian	200	data/pilot/html-balanced/radiofrenz/20210927_record-what-you-want-in-italian.html.gz	555978
20210709230229	https://www.fiverr.com/roxanam84/ghostwrite-your-fiction-ebook-5-pages	200	data/pilot/html-balanced/roxanam84/20210709_ghostwrite-your-fiction-ebook-5-pages.html.gz	432779
20210701134515	https://www.fiverr.com/barha_pritha/design-create-query-sql-database-spreadsheet-project-microsoft-access-ms-excel	200	data/pilot/html-balanced/barha_pritha/20210701_design-create-query-sql-database-spreadsheet-project-microsoft-access-ms-excel.html.gz	500884
20210702053758	https://www.fiverr.com/farhanjamali/send-your-cv-to-5000-dubai-companies-to-get-job	200	data/pilot/html-balanced/farhanjamali/20210702_send-your-cv-to-5000-dubai-companies-to-get-job.html.gz	462879
20210720234804	https://www.fiverr.com/smsabbir19/vectorize-redraw-convert-your-logo-image-or-graphic-to-vector-files	200	data/pilot/html-balanced/smsabbir19/20210720_vectorize-redraw-convert-your-logo-image-or-graphic-to-vector-files.html.gz	519878
20210906025905	https://www.fiverr.com/zakariajuve/set-up-your-shopify-store-to-start-selling	200	data/pilot/html-balanced/zakariajuve/20210906_set-up-your-shopify-store-to-start-selling.html.gz	487002
20210705112231	https://www.fiverr.com/singurc/provide-award-winning-ppc-and-google-ads-services	200	data/pilot/html-balanced/singurc/20210705_provide-award-winning-ppc-and-google-ads-services.html.gz	328152
20210801000020	https://www.fiverr.com/shopifyexpert11/make-an-awesome-shopify-pro-store-from-scratch	200	data/pilot/html-balanced/shopifyexpert11/20210801_make-an-awesome-shopify-pro-store-from-scratch.html.gz	482806
20210917043209	https://www.fiverr.com/umer_malik00/build-a-python-web-scraper-for-web-scraping-data-extraction	200	data/pilot/html-balanced/umer_malik00/20210917_build-a-python-web-scraper-for-web-scraping-data-extraction.html.gz	485922
20210722202642	https://www.fiverr.com/bradtobler/create-a-professional-live-action-explainer-video	200	data/pilot/html-balanced/bradtobler/20210722_create-a-professional-live-action-explainer-video.html.gz	326806
20210730170754	https://www.fiverr.com/randyshannon/create-an-outstanding-audio-ad	200	data/pilot/html-balanced/randyshannon/20210730_create-an-outstanding-audio-ad.html.gz	466183
20210702074359	https://www.fiverr.com/perocha/design-a-minimalist-brand-identity	200	data/pilot/html-balanced/perocha/20210702_design-a-minimalist-brand-identity.html.gz	364465
20210715225706	https://www.fiverr.com/heartbeatstore/do-social-media-marketing	200	data/pilot/html-balanced/heartbeatstore/20210715_do-social-media-marketing.html.gz	403716
20210901041618	https://www.fiverr.com/akash_banik/be-your-professional-social-media-marketing-manager	404		0
20210701225630	https://www.fiverr.com/venturols/translate-english-to-italian-and-viceversa	200	data/pilot/html-balanced/venturols/20210701_translate-english-to-italian-and-viceversa.html.gz	461343
20210701225642	https://www.fiverr.com/vovkaslovesnyy/translate-between-english-russian-or-spanish	200	data/pilot/html-balanced/vovkaslovesnyy/20210701_translate-between-english-russian-or-spanish.html.gz	518159
20210702062925	https://www.fiverr.com/alielogo/design-typography-wall-art-poster-and-word-cloud	200	data/pilot/html-balanced/alielogo/20210702_design-typography-wall-art-poster-and-word-cloud.html.gz	479423
20210717224118	https://www.fiverr.com/jaymediageek/be-your-music-marketing-mentor	200	data/pilot/html-balanced/jaymediageek/20210717_be-your-music-marketing-mentor.html.gz	459836
20210921175326	https://www.fiverr.com/nikholub/create-instrumental-for-your-song-or-remake-any-song	200	data/pilot/html-balanced/nikholub/20210921_create-instrumental-for-your-song-or-remake-any-song.html.gz	549071
20210722203558	https://www.fiverr.com/jumeproductions/signed-at-major-label-mix-and-master-with-broadcast-quality	200	data/pilot/html-balanced/jumeproductions/20210722_signed-at-major-label-mix-and-master-with-broadcast-quality.html.gz	476577
20210702163400	https://www.fiverr.com/seo_king7/build-high-authority-backlinks-for-seo-ranking	200	data/pilot/html-balanced/seo_king7/20210702_build-high-authority-backlinks-for-seo-ranking.html.gz	229717
20210731051048	https://www.fiverr.com/lwisjammy/design-or-redesign-squarespace-website	200	data/pilot/html-balanced/lwisjammy/20210731_design-or-redesign-squarespace-website.html.gz	339372
20210701120448	https://www.fiverr.com/anshaali/professional-chatbot-service-on-fiverr	200	data/pilot/html-balanced/anshaali/20210701_professional-chatbot-service-on-fiverr.html.gz	515284
20210822235936	https://www.fiverr.com/jamedeveloper/fix-wordpress-woocommerce-issue-error-problem-bug-responsive	200	data/pilot/html-balanced/jamedeveloper/20210822_fix-wordpress-woocommerce-issue-error-problem-bug-responsive.html.gz	560774
20210904201110	https://www.fiverr.com/sanacme/build-your-salesfunnels-using-clickfunnels	200	data/pilot/html-balanced/sanacme/20210904_build-your-salesfunnels-using-clickfunnels.html.gz	568504
20210927035825	https://www.fiverr.com/logaga/research-and-make-fashion-market-analysis-comp-shop-trend-report	200	data/pilot/html-balanced/logaga/20210927_research-and-make-fashion-market-analysis-comp-shop-trend-report.html.gz	458299
20210906201732	https://www.fiverr.com/adii8899/web-automation-with-selenium-python	200	data/pilot/html-balanced/adii8899/20210906_web-automation-with-selenium-python.html.gz	541741
20210811180817	https://www.fiverr.com/yazz_d_ana/do-best-youtube-seo-for-improving-video-rank	200	data/pilot/html-balanced/yazz_d_ana/20210811_do-best-youtube-seo-for-improving-video-rank.html.gz	530392
20211001021223	https://www.fiverr.com/nevlin18/design-and-code-your-html-marketing-email	200	data/pilot/html-balanced/nevlin18/20211001_design-and-code-your-html-marketing-email.html.gz	463338
20211019054517	https://www.fiverr.com/kingpirux/do-construct-3-videogames	200	data/pilot/html-balanced/kingpirux/20211019_do-construct-3-videogames.html.gz	523126
20211203112222	https://www.fiverr.com/blind95/make-a-hardstyle-remix-of-your-song	200	data/pilot/html-balanced/blind95/20211203_make-a-hardstyle-remix-of-your-song.html.gz	408242
20211007213943	https://www.fiverr.com/moonllght/animate-for-you-the-best-wallpaper-for-wallpaper-engine	200	data/pilot/html-balanced/moonllght/20211007_animate-for-you-the-best-wallpaper-for-wallpaper-engine.html.gz	551937
20210716033901	https://www.fiverr.com/muhammadsaim11/do-accounting-ms-office-and-social-media-related-work	200	data/pilot/html-balanced/muhammadsaim11/20210716_do-accounting-ms-office-and-social-media-related-work.html.gz	450406
20211001022954	https://www.fiverr.com/melonmarketing_/create-a-google-ads-remarketing-campaign	200	data/pilot/html-balanced/melonmarketing_/20211001_create-a-google-ads-remarketing-campaign.html.gz	520740
20211001034352	https://www.fiverr.com/twchisholmmrw/create-a-resume-and-linkedin-profile-that-provides-results	200	data/pilot/html-balanced/twchisholmmrw/20211001_create-a-resume-and-linkedin-profile-that-provides-results.html.gz	494949
20211001031009	https://www.fiverr.com/mehrose786/listen-and-review-your-podcast-content	200	data/pilot/html-balanced/mehrose786/20211001_listen-and-review-your-podcast-content.html.gz	482245
20211001055020	https://www.fiverr.com/pazilon/name-your-german-and-english-brand-product-or-domain	200	data/pilot/html-balanced/pazilon/20211001_name-your-german-and-english-brand-product-or-domain.html.gz	596164
20211216171904	https://www.fiverr.com/cstream/build-a-pancakeswap-sniper-bot-for-bsc-dxsale-unicrypt-fe2d	200	data/pilot/html-balanced/cstream/20211216_build-a-pancakeswap-sniper-bot-for-bsc-dxsale-unicrypt-fe2d.html.gz	573997
20211008135601	https://www.fiverr.com/simon90t/transcript-your-german-dictations	200	data/pilot/html-balanced/simon90t/20211008_transcript-your-german-dictations.html.gz	506634
20211030004755	https://www.fiverr.com/voltdigitalco/build-a-facebook-messenger-chatbot-with-manychat	200	data/pilot/html-balanced/voltdigitalco/20211030_build-a-facebook-messenger-chatbot-with-manychat.html.gz	415725
20211001065620	https://www.fiverr.com/serson/shoot-amazing-live-action-music-videos	200	data/pilot/html-balanced/serson/20211001_shoot-amazing-live-action-music-videos.html.gz	461400
20210701211633	https://www.fiverr.com/subhashsikde693/repair-your-stl-file-for-3d-printing-fast	200	data/pilot/html-balanced/subhashsikde693/20210701_repair-your-stl-file-for-3d-printing-fast.html.gz	442929
20211218220850	https://www.fiverr.com/hamzaelhaiti/design-amazing-youtube-thumbnail-in-3-hours	200	data/pilot/html-balanced/hamzaelhaiti/20211218_design-amazing-youtube-thumbnail-in-3-hours.html.gz	594293
20211216144252	https://www.fiverr.com/dianneempeynado/create-a-funnel-in-kajabi	200	data/pilot/html-balanced/dianneempeynado/20211216_create-a-funnel-in-kajabi.html.gz	602979
20211224030350	https://www.fiverr.com/mrdesigner11/customize-your-wordpress-website	200	data/pilot/html-balanced/mrdesigner11/20211224_customize-your-wordpress-website.html.gz	618269
20211018211646	https://www.fiverr.com/melrhyinst/mix-and-master-your-song-with-extra-audio-edit-on-your-music	200	data/pilot/html-balanced/melrhyinst/20211018_mix-and-master-your-song-with-extra-audio-edit-on-your-music.html.gz	557578
20211004001220	https://www.fiverr.com/nata_gvozd/draw-2d-game-art-props-items-icons	200	data/pilot/html-balanced/nata_gvozd/20211004_draw-2d-game-art-props-items-icons.html.gz	541571
20211202165556	https://www.fiverr.com/pro_design37/design-a-professional-book-cover	200	data/pilot/html-balanced/pro_design37/20211202_design-a-professional-book-cover.html.gz	518468
20211115220809	https://www.fiverr.com/salasmedia/be-the-best-deep-spanish-voice-over	200	data/pilot/html-balanced/salasmedia/20211115_be-the-best-deep-spanish-voice-over.html.gz	599102
20211007233840	https://www.fiverr.com/garycorr/design-a-bespoke-identity-for-your-brand	200	data/pilot/html-balanced/garycorr/20211007_design-a-bespoke-identity-for-your-brand.html.gz	475458
20211001080922	https://www.fiverr.com/awesomecreation/make-an-awesome-spokesperson-video-in-english-or-spanish	200	data/pilot/html-balanced/awesomecreation/20211001_make-an-awesome-spokesperson-video-in-english-or-spanish.html.gz	584116
20211010083222	https://www.fiverr.com/hamad_malikk/make-screencast-tutorial-video-on-how-to-use-web-and-app	200	data/pilot/html-balanced/hamad_malikk/20211010_make-screencast-tutorial-video-on-how-to-use-web-and-app.html.gz	535742
20211001001134	https://www.fiverr.com/heichii_art/draw-a-terrific-song-cover-art-with-an-animated-video-for-it	200	data/pilot/html-balanced/heichii_art/20211001_draw-a-terrific-song-cover-art-with-an-animated-video-for-it.html.gz	591179
20210823000203	https://www.fiverr.com/webtechiess11/landing-page-wordpress-responsive-landing-page-design-single-page-website-design	200	data/pilot/html-balanced/webtechiess11/20210823_landing-page-wordpress-responsive-landing-page-design-single-page-website-design.html.gz	592454
20211202032733	https://www.fiverr.com/spaikrv/rap-for-you-in-greek-to-have-something-special	200	data/pilot/html-balanced/spaikrv/20211202_rap-for-you-in-greek-to-have-something-special.html.gz	389059
20211007221750	https://www.fiverr.com/wordscollector/do-article-writing-of-500-words-in-24-hours	200	data/pilot/html-balanced/wordscollector/20211007_do-article-writing-of-500-words-in-24-hours.html.gz	571279
20211130025037	https://www.fiverr.com/misstranscript/transcribe-your-webinars-transcripts-express	200	data/pilot/html-balanced/misstranscript/20211130_transcribe-your-webinars-transcripts-express.html.gz	541777
20211017011542	https://www.fiverr.com/vitolic/help-you-setup-and-launch-a-podcast	200	data/pilot/html-balanced/vitolic/20211017_help-you-setup-and-launch-a-podcast.html.gz	496424
20211014063733	https://www.fiverr.com/mrbilalw/design-web-and-mobile-app	200	data/pilot/html-balanced/mrbilalw/20211014_design-web-and-mobile-app.html.gz	590151
20211001233057	https://www.fiverr.com/richellb/design-book-interior-layouts-book-covers-and-ebooks	200	data/pilot/html-balanced/richellb/20211001_design-book-interior-layouts-book-covers-and-ebooks.html.gz	571719
20211113073907	https://www.fiverr.com/gabykatten/cad-fashion-illustration-flats-technical-drawings-working-drawing	200	data/pilot/html-balanced/gabykatten/20211113_cad-fashion-illustration-flats-technical-drawings-working-drawing.html.gz	549416
20211001034603	https://www.fiverr.com/jordanresume/review-format-and-edit-your-resume	200	data/pilot/html-balanced/jordanresume/20211001_review-format-and-edit-your-resume.html.gz	521722
20211016021541	https://www.fiverr.com/sehrishirfan/write-500-words-article-on-travelling	200	data/pilot/html-balanced/sehrishirfan/20211016_write-500-words-article-on-travelling.html.gz	527094
20211105213628	https://www.fiverr.com/sweet_christine/make-a-cartoon-out-of-you	200	data/pilot/html-balanced/sweet_christine/20211105_make-a-cartoon-out-of-you.html.gz	571368
20211027143820	https://www.fiverr.com/learnwithziahas/edit-and-narrate-your-audiobook-for-acx-standards	200	data/pilot/html-balanced/learnwithziahas/20211027_edit-and-narrate-your-audiobook-for-acx-standards.html.gz	574680
20211001193046	https://www.fiverr.com/alee_zafar/design-modern-poster-within-24-hours	200	data/pilot/html-balanced/alee_zafar/20211001_design-modern-poster-within-24-hours.html.gz	555339
20211003171420	https://www.fiverr.com/jesusdude/have-jesus-say-anything-you-want-in-an-hd-video	200	data/pilot/html-balanced/jesusdude/20211003_have-jesus-say-anything-you-want-in-an-hd-video.html.gz	561807
20211027041115	https://www.fiverr.com/niiikola/make-3d-model-from-your-product-sketch	200	data/pilot/html-balanced/niiikola/20211027_make-3d-model-from-your-product-sketch.html.gz	556890
20211001033139	https://www.fiverr.com/ericgoulard/translate-your-text-from-english-to-perfect-french	200	data/pilot/html-balanced/ericgoulard/20211001_translate-your-text-from-english-to-perfect-french.html.gz	568188
20211001123230	https://www.fiverr.com/nebxd1/design-and-develop-fully-responsive-website	200	data/pilot/html-balanced/nebxd1/20211001_design-and-develop-fully-responsive-website.html.gz	586892
20211001105335	https://www.fiverr.com/dissinotra/give-you-singing-classes-with-vocal-coaching-and-voice-lessons	200	data/pilot/html-balanced/dissinotra/20211001_give-you-singing-classes-with-vocal-coaching-and-voice-lessons.html.gz	588963
20211202065200	https://www.fiverr.com/kdrewsaxton/write-google-ads-copy	200	data/pilot/html-balanced/kdrewsaxton/20211202_write-google-ads-copy.html.gz	549318
20211022055925	https://www.fiverr.com/grammam/write-articles-of-top-journalistic-standards	200	data/pilot/html-balanced/grammam/20211022_write-articles-of-top-journalistic-standards.html.gz	474382
20211001124934	https://www.fiverr.com/samincipient/be-your-full-stack-developer-monthly-basis	200	data/pilot/html-balanced/samincipient/20211001_be-your-full-stack-developer-monthly-basis.html.gz	559814
20211128003256	https://www.fiverr.com/hendrickvalera/record-a-saxophone-line-for-your-song	200	data/pilot/html-balanced/hendrickvalera/20211128_record-a-saxophone-line-for-your-song.html.gz	165866
20211003204349	https://www.fiverr.com/hassanarif96/professionally-edit-your-videos-using-after-effects-and-premiere-pro	200	data/pilot/html-balanced/hassanarif96/20211003_professionally-edit-your-videos-using-after-effects-and-premiere-pro.html.gz	593911
20211123205412	https://www.fiverr.com/ramjanur/create-photorealistic-architectural-rendering	200	data/pilot/html-balanced/ramjanur/20211123_create-photorealistic-architectural-rendering.html.gz	502507
20211001041333	https://www.fiverr.com/drpeterrobinson/write-a-500-word-case-study-for-your-business	200	data/pilot/html-balanced/drpeterrobinson/20211001_write-a-500-word-case-study-for-your-business.html.gz	549696
20210211144832	https://www.fiverr.com/humayunkabir171/professionally-market-your-instagram	200	data/pilot/html-balanced/humayunkabir171/20210211_professionally-market-your-instagram.html.gz	215802
20211206185409	https://www.fiverr.com/tourifahassan/create-handwritten-animation-for-youtube-intro	200	data/pilot/html-balanced/tourifahassan/20211206_create-handwritten-animation-for-youtube-intro.html.gz	585876
20211002054658	https://www.fiverr.com/adamdunning478/be-your-australian-male-voiceover-for-your-next-production	200	data/pilot/html-balanced/adamdunning478/20211002_be-your-australian-male-voiceover-for-your-next-production.html.gz	588492
20211111210124	https://www.fiverr.com/pangaksama/create-cool-trippy-mixed-animation-music-video	200	data/pilot/html-balanced/pangaksama/20211111_create-cool-trippy-mixed-animation-music-video.html.gz	484244
20211002153029	https://www.fiverr.com/avamallory/write-an-engaging-book-blurb-for-your-book	200	data/pilot/html-balanced/avamallory/20211002_write-an-engaging-book-blurb-for-your-book.html.gz	516726
20211015185412	https://www.fiverr.com/varjivarje/create-your-hd-3d-book-promotion-video	200	data/pilot/html-balanced/varjivarje/20211015_create-your-hd-3d-book-promotion-video.html.gz	560399
20211001000358	https://www.fiverr.com/nelly_ivanova/design-amazon-package-design-in-24-hours	200	data/pilot/html-balanced/nelly_ivanova/20211001_design-amazon-package-design-in-24-hours.html.gz	600569
20211009140158	https://www.fiverr.com/friedanimation/music-2d-animated-video	200	data/pilot/html-balanced/friedanimation/20211009_music-2d-animated-video.html.gz	533086
20211225003637	https://www.fiverr.com/malikusama447/do-rendering-and-animation-on-solidworks	200	data/pilot/html-balanced/malikusama447/20211225_do-rendering-and-animation-on-solidworks.html.gz	592497
20211214031848	https://www.fiverr.com/juancarlos16/do-record-300-words-for-you-video-spanish	200	data/pilot/html-balanced/juancarlos16/20211214_do-record-300-words-for-you-video-spanish.html.gz	8756
20211223200640	https://www.fiverr.com/ralphong2001/add-or-create-subtitles-in-english-or-chinese	200	data/pilot/html-balanced/ralphong2001/20211223_add-or-create-subtitles-in-english-or-chinese.html.gz	610050
20211003100450	https://www.fiverr.com/freddyparra/produce-your-original-music	200	data/pilot/html-balanced/freddyparra/20211003_produce-your-original-music.html.gz	560479
20211002055439	https://www.fiverr.com/mvstake/ghost-produce-dubstep-trap-or-future-bass-track-music	200	data/pilot/html-balanced/mvstake/20211002_ghost-produce-dubstep-trap-or-future-bass-track-music.html.gz	544783
20211006223851	https://www.fiverr.com/thinharch/create-3d-model-and-render-images-architecture-project	200	data/pilot/html-balanced/thinharch/20211006_create-3d-model-and-render-images-architecture-project.html.gz	592293
20211018232345	https://www.fiverr.com/sohumssk/user-test-your-website-or-app-with-video-feedback-and-review	200	data/pilot/html-balanced/sohumssk/20211018_user-test-your-website-or-app-with-video-feedback-and-review.html.gz	544068
20211004150951	https://www.fiverr.com/newsmike/deliver-a-voice-over-for-tv-or-radio-that-motivates	200	data/pilot/html-balanced/newsmike/20211004_deliver-a-voice-over-for-tv-or-radio-that-motivates.html.gz	478401
20211021081237	https://www.fiverr.com/umarkyousafzai9/make-your-end-to-end-machine-learning-application	200	data/pilot/html-balanced/umarkyousafzai9/20211021_make-your-end-to-end-machine-learning-application.html.gz	525880
20220313040313	https://www.fiverr.com/miandaniyalkhan/create-a-powerful-subliminal-affirmations-music	200	data/pilot/html-balanced/miandaniyalkhan/20220313_create-a-powerful-subliminal-affirmations-music.html.gz	631519
20211009173626	https://www.fiverr.com/yash5082/do-wordpress-speed-optimization-with-gtmetrix	200	data/pilot/html-balanced/yash5082/20211009_do-wordpress-speed-optimization-with-gtmetrix.html.gz	602251
20220101034519	https://www.fiverr.com/agha_muqeet/make-product-label-and-packaging-for-you	200	data/pilot/html-balanced/agha_muqeet/20220101_make-product-label-and-packaging-for-you.html.gz	637660
20220101103200	https://www.fiverr.com/excel_hero/create-an-excel-macro-with-excel-vba	200	data/pilot/html-balanced/excel_hero/20220101_create-an-excel-macro-with-excel-vba.html.gz	522811
20220206034932	https://www.fiverr.com/techyapaul/design-awesome-animated-twitch-overlays-for-your-stream	200	data/pilot/html-balanced/techyapaul/20220206_design-awesome-animated-twitch-overlays-for-your-stream.html.gz	624508
20220102074956	https://www.fiverr.com/lurevs/proofread-discuss-and-edit-your-personal-statement	200	data/pilot/html-balanced/lurevs/20220102_proofread-discuss-and-edit-your-personal-statement.html.gz	594521
20220217035643	https://www.fiverr.com/hustie/be-your-best-british-rapper-and-songwriter	200	data/pilot/html-balanced/hustie/20220217_be-your-best-british-rapper-and-songwriter.html.gz	634239
20220102194204	https://www.fiverr.com/inpyohong/make-animation-for-game-character	200	data/pilot/html-balanced/inpyohong/20220102_make-animation-for-game-character.html.gz	580672
20220101021919	https://www.fiverr.com/squbox/setup-an-amazing-discord-server-with-custom-design-and-bots	200	data/pilot/html-balanced/squbox/20220101_setup-an-amazing-discord-server-with-custom-design-and-bots.html.gz	559211
20220330042316	https://www.fiverr.com/kirkemannik/translate-english-to-estonian	200	data/pilot/html-balanced/kirkemannik/20220330_translate-english-to-estonian.html.gz	601706
20220205234357	https://www.fiverr.com/rizwanmba7/create-custom-excel-spreadsheet-with-formulas-and-dashboard	200	data/pilot/html-balanced/rizwanmba7/20220205_create-custom-excel-spreadsheet-with-formulas-and-dashboard.html.gz	573982
20220130012515	https://www.fiverr.com/quratulainazhar/create-an-effective-digital-marketing-strategy-for-you	200	data/pilot/html-balanced/quratulainazhar/20220130_create-an-effective-digital-marketing-strategy-for-you.html.gz	587127
20220111050449	https://www.fiverr.com/mrhamim73/create-professional-html-email-signature	200	data/pilot/html-balanced/mrhamim73/20220111_create-professional-html-email-signature.html.gz	540003
20220108024122	https://www.fiverr.com/pblose/write-an-elevator-pitch-for-your-business-or-nonprofit	200	data/pilot/html-balanced/pblose/20220108_write-an-elevator-pitch-for-your-business-or-nonprofit.html.gz	560570
20220208015436	https://www.fiverr.com/freelancerr_/make-professional-photo-slideshow-video-in-4k-in-24-hours	200	data/pilot/html-balanced/freelancerr_/20220208_make-professional-photo-slideshow-video-in-4k-in-24-hours.html.gz	627551
20220101043112	https://www.fiverr.com/journalbyjr/do-professional-fashion-illustration-for-you	200	data/pilot/html-balanced/journalbyjr/20220101_do-professional-fashion-illustration-for-you.html.gz	634952
20220101153526	https://www.fiverr.com/backlinkb/do-blogger-outreach-for-niche-edits-outreach-for-guest-post	200	data/pilot/html-balanced/backlinkb/20220101_do-blogger-outreach-for-niche-edits-outreach-for-guest-post.html.gz	628907
20220207012221	https://www.fiverr.com/martink19/transcribe-your-german-audio-and-video-files	200	data/pilot/html-balanced/martink19/20220207_transcribe-your-german-audio-and-video-files.html.gz	554257
20220107105736	https://www.fiverr.com/volca123/create-stick-figure-animation	200	data/pilot/html-balanced/volca123/20220107_create-stick-figure-animation.html.gz	607102
20220101171301	https://www.fiverr.com/pslove/write-email-marketing-campaigns	200	data/pilot/html-balanced/pslove/20220101_write-email-marketing-campaigns.html.gz	562893
20220103175300	https://www.fiverr.com/kajal0505/manage-google-ads-grants-account-create-a-converting-crowdfunding-ads	200	data/pilot/html-balanced/kajal0505/20220103_manage-google-ads-grants-account-create-a-converting-crowdfunding-ads.html.gz	633028
20220101201527	https://www.fiverr.com/jesusrdguz/make-a-great-drone-video-in-mexico-city	200	data/pilot/html-balanced/jesusrdguz/20220101_make-a-great-drone-video-in-mexico-city.html.gz	540637
20220101164347	https://www.fiverr.com/hajare28/translate-your-legal-documents-in-french-arabic-and-english	200	data/pilot/html-balanced/hajare28/20220101_translate-your-legal-documents-in-french-arabic-and-english.html.gz	561230
20220213201750	https://www.fiverr.com/mikedmooney/music-transcription-from-audio-to-sheet-music	200	data/pilot/html-balanced/mikedmooney/20220213_music-transcription-from-audio-to-sheet-music.html.gz	567778
20220327125308	https://www.fiverr.com/intel_007/provide-a-background-report-and-include-a-social-of-social-media	200	data/pilot/html-balanced/intel_007/20220327_provide-a-background-report-and-include-a-social-of-social-media.html.gz	607547
20220206110935	https://www.fiverr.com/faswaldo/write-a-persuasive-amazon-product-listing	200	data/pilot/html-balanced/faswaldo/20220206_write-a-persuasive-amazon-product-listing.html.gz	527622
20220101160021	https://www.fiverr.com/jacob_floor/write-the-story-of-your-brand	200	data/pilot/html-balanced/jacob_floor/20220101_write-the-story-of-your-brand.html.gz	591488
20220220150436	https://www.fiverr.com/uaedubai874/record-arabic-screencast-explainer-video-or-app-video	200	data/pilot/html-balanced/uaedubai874/20220220_record-arabic-screencast-explainer-video-or-app-video.html.gz	572153
20220201035923	https://www.fiverr.com/bthrive/do-profitable-seo-keyword-research-and-competitor-analysis-for-top-ranking	200	data/pilot/html-balanced/bthrive/20220201_do-profitable-seo-keyword-research-and-competitor-analysis-for-top-ranking.html.gz	572902
20220101192029	https://www.fiverr.com/visualsbypaola/create-your-youtube-intro-or-outro	200	data/pilot/html-balanced/visualsbypaola/20220101_create-your-youtube-intro-or-outro.html.gz	613138
20220214072800	https://www.fiverr.com/dragonet07/write-a-striking-query-letter-for-your-scifi-or-fantasy-novel	200	data/pilot/html-balanced/dragonet07/20220214_write-a-striking-query-letter-for-your-scifi-or-fantasy-novel.html.gz	565866
20220101185639	https://www.fiverr.com/bruno_kalapa/create-an-amazing-cinematic-music-video	200	data/pilot/html-balanced/bruno_kalapa/20220101_create-an-amazing-cinematic-music-video.html.gz	470826
20220110002206	https://www.fiverr.com/philivix/create-original-or-fan-art-female-manga-or-anime-character	200	data/pilot/html-balanced/philivix/20220110_create-original-or-fan-art-female-manga-or-anime-character.html.gz	604864
20220105122259	https://www.fiverr.com/teachersleep/mix-and-master-your-indie-pop-song	200	data/pilot/html-balanced/teachersleep/20220105_mix-and-master-your-indie-pop-song.html.gz	605258
20220305143703	https://www.fiverr.com/word_fame/edit-and-proofread-content-to-perfection	200	data/pilot/html-balanced/word_fame/20220305_edit-and-proofread-content-to-perfection.html.gz	552529
20220101210108	https://www.fiverr.com/dory_loup/record-vocals-for-your-pop-punk-song	200	data/pilot/html-balanced/dory_loup/20220101_record-vocals-for-your-pop-punk-song.html.gz	569291
20220322115001	https://www.fiverr.com/ermarh/write-you-a-poem-prose-or-short-story-on-anything	200	data/pilot/html-balanced/ermarh/20220322_write-you-a-poem-prose-or-short-story-on-anything.html.gz	549288
20220101163941	https://www.fiverr.com/georgiaeaustin/be-your-content-writer-for-blog-articles	200	data/pilot/html-balanced/georgiaeaustin/20220101_be-your-content-writer-for-blog-articles.html.gz	561494
20220102145941	https://www.fiverr.com/umerkhan918/design-a-35-plus-slides-professional-presentation	200	data/pilot/html-balanced/umerkhan918/20220102_design-a-35-plus-slides-professional-presentation.html.gz	610495
20220329163740	https://www.fiverr.com/mwaqar56666/do-product-label-design-and-bottle-label-packaging	200	data/pilot/html-balanced/mwaqar56666/20220329_do-product-label-design-and-bottle-label-packaging.html.gz	605277
20220103212636	https://www.fiverr.com/videos_art/make-top-notch-cinematic-product-commercial-marketing-videos	200	data/pilot/html-balanced/videos_art/20220103_make-top-notch-cinematic-product-commercial-marketing-videos.html.gz	536626
20220101223511	https://www.fiverr.com/haqnawazfree/do-api-integration-development-or-fixing	200	data/pilot/html-balanced/haqnawazfree/20220101_do-api-integration-development-or-fixing.html.gz	587265
20220104043412	https://www.fiverr.com/winstongoh/create-a-shopify-one-product-dropshipping-store-free-vid-ad	200	data/pilot/html-balanced/winstongoh/20220104_create-a-shopify-one-product-dropshipping-store-free-vid-ad.html.gz	627416
20220104041702	https://www.fiverr.com/benwakevo/record-a-professional-british-voice-over-for-your-project	200	data/pilot/html-balanced/benwakevo/20220104_record-a-professional-british-voice-over-for-your-project.html.gz	573900
20220323152218	https://www.fiverr.com/sagyaron/create-your-social-media-branding-1417	200	data/pilot/html-balanced/sagyaron/20220323_create-your-social-media-branding-1417.html.gz	490401
20220110185223	https://www.fiverr.com/palvashayyy/craft-your-brand-mission-vision-statement-and-brand-story	200	data/pilot/html-balanced/palvashayyy/20220110_craft-your-brand-mission-vision-statement-and-brand-story.html.gz	599146
20220108011702	https://www.fiverr.com/dropnation/youtube-promotion-music-promotion	200	data/pilot/html-balanced/dropnation/20220108_youtube-promotion-music-promotion.html.gz	592378
20220102040827	https://www.fiverr.com/hellohorizon/edit-your-travel-footage-to-an-amazing-video	200	data/pilot/html-balanced/hellohorizon/20220102_edit-your-travel-footage-to-an-amazing-video.html.gz	620711
20220309065724	https://www.fiverr.com/divastudio1/design-simple-monogram-logo-for-esports-twitch-gaming-youtube	200	data/pilot/html-balanced/divastudio1/20220309_design-simple-monogram-logo-for-esports-twitch-gaming-youtube.html.gz	576451
20220101033835	https://www.fiverr.com/fallout4/draw-space-ships-for-your-video-game	200	data/pilot/html-balanced/fallout4/20220101_draw-space-ships-for-your-video-game.html.gz	578315
20220101192902	https://www.fiverr.com/imagine_skies/do-a-motivating-inspiring-video-ad-for-your-brand	200	data/pilot/html-balanced/imagine_skies/20220101_do-a-motivating-inspiring-video-ad-for-your-brand.html.gz	676444
20220102044553	https://www.fiverr.com/diastrid/create-and-sing-a-vocal-music-line-on-any-beat-or-instrumental	200	data/pilot/html-balanced/diastrid/20220102_create-and-sing-a-vocal-music-line-on-any-beat-or-instrumental.html.gz	594250
20220101172045	https://www.fiverr.com/tme2012/write-a-book-or-ebook-for-you-up-to-10k-words-long	200	data/pilot/html-balanced/tme2012/20220101_write-a-book-or-ebook-for-you-up-to-10k-words-long.html.gz	524490
20220101131151	https://www.fiverr.com/peterfrog/build-responsive-wordpress-website-design	200	data/pilot/html-balanced/peterfrog/20220101_build-responsive-wordpress-website-design.html.gz	588086
20220101125109	https://www.fiverr.com/kelelowor/illustrate-anything-using-pen-and-ink-on-paper	200	data/pilot/html-balanced/kelelowor/20220101_illustrate-anything-using-pen-and-ink-on-paper.html.gz	632959
20220101174457	https://www.fiverr.com/alyyamada/write-ux-content-for-your-website-and-users	200	data/pilot/html-balanced/alyyamada/20220101_write-ux-content-for-your-website-and-users.html.gz	506102
20220112200551	https://www.fiverr.com/adrianventi/create-a-professional-stop-motion-animation-for-any-idea	200	data/pilot/html-balanced/adrianventi/20220112_create-a-professional-stop-motion-animation-for-any-idea.html.gz	437753
20220106090803	https://www.fiverr.com/hamzamalik95/write-facebook-ad-copy-that-will-boost-your-sales	200	data/pilot/html-balanced/hamzamalik95/20220106_write-facebook-ad-copy-that-will-boost-your-sales.html.gz	562953
20220228222420	https://www.fiverr.com/carlavoice/deliver-a-professional-spanish-female-voice-over	200	data/pilot/html-balanced/carlavoice/20220228_deliver-a-professional-spanish-female-voice-over.html.gz	618568
20220315141359	https://www.fiverr.com/rshidashrf/fix-any-issue-or-create-php-codeigniter-website	200	data/pilot/html-balanced/rshidashrf/20220315_fix-any-issue-or-create-php-codeigniter-website.html.gz	653523
20220105194643	https://www.fiverr.com/quickteam24/design-professional-letterhead-in-editable-word-format-4-hours	200	data/pilot/html-balanced/quickteam24/20220105_design-professional-letterhead-in-editable-word-format-4-hours.html.gz	267807
20220106060109	https://www.fiverr.com/huijiaowen/handle-your-customer-service-in-dutch-or-english	200	data/pilot/html-balanced/huijiaowen/20220106_handle-your-customer-service-in-dutch-or-english.html.gz	540740
20220101015902	https://www.fiverr.com/thebrass/record-an-amazing-live-horn-section-for-your-song-any-genre	200	data/pilot/html-balanced/thebrass/20220101_record-an-amazing-live-horn-section-for-your-song-any-genre.html.gz	615034
20220101203819	https://www.fiverr.com/thirueditz/create-professional-vsl-video-sales-letter	200	data/pilot/html-balanced/thirueditz/20220101_create-professional-vsl-video-sales-letter.html.gz	642703
20220609050029	https://www.fiverr.com/catocreative/create-user-generated-content-for-tiktok-or-instagram-reels	200	data/pilot/html-balanced/catocreative/20220609_create-user-generated-content-for-tiktok-or-instagram-reels.html.gz	614306
20220421015713	https://www.fiverr.com/springbomb/animate-your-2d-game-character-in-spine-pro	200	data/pilot/html-balanced/springbomb/20220421_animate-your-2d-game-character-in-spine-pro.html.gz	640589
20220130015753	https://www.fiverr.com/iamcarlosm/design-and-draw-the-characters-in-your-comic-or-manga	200	data/pilot/html-balanced/iamcarlosm/20220130_design-and-draw-the-characters-in-your-comic-or-manga.html.gz	492750
20220403014359	https://www.fiverr.com/zoretheexplorer/create-whiteboard-animation-video	200	data/pilot/html-balanced/zoretheexplorer/20220403_create-whiteboard-animation-video.html.gz	675024
20220403073644	https://www.fiverr.com/niruscabin/remix-your-song-in-professionally-and-epic-club-house-remix-and-party-remix	200	data/pilot/html-balanced/niruscabin/20220403_remix-your-song-in-professionally-and-epic-club-house-remix-and-party-remix.html.gz	605558
20220612154638	https://www.fiverr.com/bilalhaider23/do-a-minimalist-logo-design	200	data/pilot/html-balanced/bilalhaider23/20220612_do-a-minimalist-logo-design.html.gz	729785
20220404014253	https://www.fiverr.com/hooferism/dance-with-my-gang-on-your-music-video	200	data/pilot/html-balanced/hooferism/20220404_dance-with-my-gang-on-your-music-video.html.gz	647553
20220403183557	https://www.fiverr.com/saaddennis/make-your-kinetic-typography-lyric-video	200	data/pilot/html-balanced/saaddennis/20220403_make-your-kinetic-typography-lyric-video.html.gz	652411
20220402174501	https://www.fiverr.com/mwaqar56666/do-product-label-design-and-bottle-label-packaging	200	data/pilot/html-balanced/mwaqar56666/20220402_do-product-label-design-and-bottle-label-packaging.html.gz	605581
20220403222609	https://www.fiverr.com/juryia/do-weapon-icons-and-items-for-your-games	200	data/pilot/html-balanced/juryia/20220403_do-weapon-icons-and-items-for-your-games.html.gz	623531
20220402110100	https://www.fiverr.com/adetomaz/make-profesional-luxury-business-member-card-with-animation	200	data/pilot/html-balanced/adetomaz/20220402_make-profesional-luxury-business-member-card-with-animation.html.gz	572794
20220405164841	https://www.fiverr.com/djelijah/improve-your-audio-quality	200	data/pilot/html-balanced/djelijah/20220405_improve-your-audio-quality.html.gz	634873
20220427090031	https://www.fiverr.com/gmkeya/create-one-product-shopify-dropshipping-store-0a54	200	data/pilot/html-balanced/gmkeya/20220427_create-one-product-shopify-dropshipping-store-0a54.html.gz	682752
20220405004727	https://www.fiverr.com/ana_seo_85/do-seo-wizard-to-rank-up-on-google-ranking	200	data/pilot/html-balanced/ana_seo_85/20220405_do-seo-wizard-to-rank-up-on-google-ranking.html.gz	631545
20220403070859	https://www.fiverr.com/natethacomposer/produce-a-custom-beat-for-your-media-related-projects	200	data/pilot/html-balanced/natethacomposer/20220403_produce-a-custom-beat-for-your-media-related-projects.html.gz	552901
20220402124909	https://www.fiverr.com/braulio5ver/transcribe-sheet-music-or-chords-charts-of-any-song	200	data/pilot/html-balanced/braulio5ver/20220402_transcribe-sheet-music-or-chords-charts-of-any-song.html.gz	618575
20220407113412	https://www.fiverr.com/anythingeugene/transcribe-any-music-to-score-or-tab	200	data/pilot/html-balanced/anythingeugene/20220407_transcribe-any-music-to-score-or-tab.html.gz	566741
20220621230445	https://www.fiverr.com/nivedithaj14/research-and-write-podcast-episodes-and-show-notes	200	data/pilot/html-balanced/nivedithaj14/20220621_research-and-write-podcast-episodes-and-show-notes.html.gz	689669
20220413015212	https://www.fiverr.com/arsrabon/develop-a-professional-responsive-modern-user-free-wordpress-website-in-24-hours	200	data/pilot/html-balanced/arsrabon/20220413_develop-a-professional-responsive-modern-user-free-wordpress-website-in-24-hours.html.gz	698591
20220403000644	https://www.fiverr.com/sahed_sharif/do-3d-modeling-with-photorealistic-rendering	200	data/pilot/html-balanced/sahed_sharif/20220403_do-3d-modeling-with-photorealistic-rendering.html.gz	646595
20220401021601	https://www.fiverr.com/smsmarketera/do-bulk-sms-marketing-of-usa	200	data/pilot/html-balanced/smsmarketera/20220401_do-bulk-sms-marketing-of-usa.html.gz	591069
20220424124646	https://www.fiverr.com/translator001/translate-english-to-japanese-to-english-manually	200	data/pilot/html-balanced/translator001/20220424_translate-english-to-japanese-to-english-manually.html.gz	634746
20220627133822	https://www.fiverr.com/andrea_gomez/subtitle-or-closed-caption-for-your-video-within-24-hours	200	data/pilot/html-balanced/andrea_gomez/20220627_subtitle-or-closed-caption-for-your-video-within-24-hours.html.gz	760684
20220409174139	https://www.fiverr.com/mikethemerc/teach-you-how-to-teach-yourself-japanese-to-fluency	200	data/pilot/html-balanced/mikethemerc/20220409_teach-you-how-to-teach-yourself-japanese-to-fluency.html.gz	592572
20220403125915	https://www.fiverr.com/naturallyrp/record-a-professional-british-voice-over	200	data/pilot/html-balanced/naturallyrp/20220403_record-a-professional-british-voice-over.html.gz	627897
20220408053408	https://www.fiverr.com/crika117/draw-cute-chibi-icon	200	data/pilot/html-balanced/crika117/20220408_draw-cute-chibi-icon.html.gz	637743
20220610040303	https://www.fiverr.com/rntprince/change-over-psd-to-html	200	data/pilot/html-balanced/rntprince/20220610_change-over-psd-to-html.html.gz	235478
20220422220424	https://www.fiverr.com/isabelpettibone/beta-read-and-line-edit-your-fantasy-novel	200	data/pilot/html-balanced/isabelpettibone/20220422_beta-read-and-line-edit-your-fantasy-novel.html.gz	613725
20220401124358	https://www.fiverr.com/audiovisualgods/produce-1-o-20-chill-lofi-beats-for-spotify-youtube-or-any	200	data/pilot/html-balanced/audiovisualgods/20220401_produce-1-o-20-chill-lofi-beats-for-spotify-youtube-or-any.html.gz	619493
20220417002441	https://www.fiverr.com/creativecarlos/make-we-buy-houses-real-estate-video-ads	200	data/pilot/html-balanced/creativecarlos/20220417_make-we-buy-houses-real-estate-video-ads.html.gz	649543
20220402090856	https://www.fiverr.com/ggerbus/build-your-brand-message-and-elevator-pitch	200	data/pilot/html-balanced/ggerbus/20220402_build-your-brand-message-and-elevator-pitch.html.gz	583332
20220402005910	https://www.fiverr.com/rickaredough/review-your-architecture-portfolio	200	data/pilot/html-balanced/rickaredough/20220402_review-your-architecture-portfolio.html.gz	574732
20220401030250	https://www.fiverr.com/brydernetwork/do-organic-soundcloud-promotion-through-my-network	200	data/pilot/html-balanced/brydernetwork/20220401_do-organic-soundcloud-promotion-through-my-network.html.gz	666637
20220401232159	https://www.fiverr.com/shahbazafzal/create-100-social-media-posts-with-curated-content	200	data/pilot/html-balanced/shahbazafzal/20220401_create-100-social-media-posts-with-curated-content.html.gz	684845
20220623075840	https://www.fiverr.com/shohaag/do-animated-html5-banner-ads-that-boost-more-engagements	200	data/pilot/html-balanced/shohaag/20220623_do-animated-html5-banner-ads-that-boost-more-engagements.html.gz	671718
20220402110458	https://www.fiverr.com/farzena1/create-a-stylish-app-promo-video	200	data/pilot/html-balanced/farzena1/20220402_create-a-stylish-app-promo-video.html.gz	635775
20220210212627	https://www.fiverr.com/andreaingo/do-a-due-diligence-on-a-market-company-asset-or-product	200	data/pilot/html-balanced/andreaingo/20220210_do-a-due-diligence-on-a-market-company-asset-or-product.html.gz	564141
20220403222547	https://www.fiverr.com/poisonstudios/make-polished-3d-props-for-your-game-or-film	200	data/pilot/html-balanced/poisonstudios/20220403_make-polished-3d-props-for-your-game-or-film.html.gz	607516
20220402012027	https://www.fiverr.com/mohdminhajuddin/do-json-ld-schema-via-google-tag-manager-on-wordpress	200	data/pilot/html-balanced/mohdminhajuddin/20220402_do-json-ld-schema-via-google-tag-manager-on-wordpress.html.gz	656566
20220413034203	https://www.fiverr.com/lilly_lu/make-a-fashion-illustration	200	data/pilot/html-balanced/lilly_lu/20220413_make-a-fashion-illustration.html.gz	545416
20220621012953	https://www.fiverr.com/masumbillah54/do-creative-logo-design-web-or-brand	200	data/pilot/html-balanced/masumbillah54/20220621_do-creative-logo-design-web-or-brand.html.gz	321847
20220509003007	https://www.fiverr.com/mindfulnas/help-you-interpret-your-dreams	200	data/pilot/html-balanced/mindfulnas/20220509_help-you-interpret-your-dreams.html.gz	605701
20220628013932	https://www.fiverr.com/in2town/put-your-press-release-in-google-news	200	data/pilot/html-balanced/in2town/20220628_put-your-press-release-in-google-news.html.gz	670501
20220401073109	https://www.fiverr.com/screenhouse/do-high-impact-intro-for-you	200	data/pilot/html-balanced/screenhouse/20220401_do-high-impact-intro-for-you.html.gz	601233
20220401034339	https://www.fiverr.com/sianfergs/edit-proofread-and-critique-your-writing	200	data/pilot/html-balanced/sianfergs/20220401_edit-proofread-and-critique-your-writing.html.gz	532778
20220429211207	https://www.fiverr.com/santiagobg/do-a-cartoon-portrait	200	data/pilot/html-balanced/santiagobg/20220429_do-a-cartoon-portrait.html.gz	658611
20220401010513	https://www.fiverr.com/aninest/create-hyper-realistic-3d-models	200	data/pilot/html-balanced/aninest/20220401_create-hyper-realistic-3d-models.html.gz	679690
20220616194406	https://www.fiverr.com/route_56/produce-presets-for-serum-spire-arturia-spitfire-audio	200	data/pilot/html-balanced/route_56/20220616_produce-presets-for-serum-spire-arturia-spitfire-audio.html.gz	554246
20220404222531	https://www.fiverr.com/shanalevy/accurately-transcribe-audio-and-video-transcription	200	data/pilot/html-balanced/shanalevy/20220404_accurately-transcribe-audio-and-video-transcription.html.gz	581245
20220401050119	https://www.fiverr.com/meishathigpen/send-15-podcast-intro-script-templates	200	data/pilot/html-balanced/meishathigpen/20220401_send-15-podcast-intro-script-templates.html.gz	604598
20220407190648	https://www.fiverr.com/yazz_d_ana/do-best-youtube-seo-for-improving-video-rank	200	data/pilot/html-balanced/yazz_d_ana/20220407_do-best-youtube-seo-for-improving-video-rank.html.gz	602504
20220613195707	https://www.fiverr.com/sketchzone/design-creative-logo-and-cartoon-for-your-business	200	data/pilot/html-balanced/sketchzone/20220613_design-creative-logo-and-cartoon-for-your-business.html.gz	640674
20220610194144	https://www.fiverr.com/its_diya/design-exceptional-brochure-business-proposal-with-indesign	200	data/pilot/html-balanced/its_diya/20220610_design-exceptional-brochure-business-proposal-with-indesign.html.gz	649391
20220503152153	https://www.fiverr.com/besstt_seo/do-1000-google-map-points-for-local-seo-aaa	200	data/pilot/html-balanced/besstt_seo/20220503_do-1000-google-map-points-for-local-seo-aaa.html.gz	746189
20220414222356	https://www.fiverr.com/empstudio13/convert-any-song-to-midi-file	200	data/pilot/html-balanced/empstudio13/20220414_convert-any-song-to-midi-file.html.gz	630273
20220404130148	https://www.fiverr.com/erani202/create-3d-crypto-nft-membership-cards	200	data/pilot/html-balanced/erani202/20220404_create-3d-crypto-nft-membership-cards.html.gz	589767
20220509003100	https://www.fiverr.com/hafizmusadaq/professionally-interpret-your-dream-give-advice-or-support	200	data/pilot/html-balanced/hafizmusadaq/20220509_professionally-interpret-your-dream-give-advice-or-support.html.gz	530370
20220401123344	https://www.fiverr.com/frodonut/edit-your-raw-podcast-audio-file	200	data/pilot/html-balanced/frodonut/20220401_edit-your-raw-podcast-audio-file.html.gz	646528
20220426044707	https://www.fiverr.com/tark_vid94/add-french-or-english-subtitles-to-your-video	200	data/pilot/html-balanced/tark_vid94/20220426_add-french-or-english-subtitles-to-your-video.html.gz	602486
20220405150922	https://www.fiverr.com/damithkulatu710/create-youtube-channel-and-30-meditation-videos-seo	200	data/pilot/html-balanced/damithkulatu710/20220405_create-youtube-channel-and-30-meditation-videos-seo.html.gz	601766
20220416052656	https://www.fiverr.com/redflagadvisors/promote-on-my-podcast	200	data/pilot/html-balanced/redflagadvisors/20220416_promote-on-my-podcast.html.gz	541684
20220604182516	https://www.fiverr.com/designsea5r/do-graphics-design-related-to-vector-with-adobe-illustrator	200	data/pilot/html-balanced/designsea5r/20220604_do-graphics-design-related-to-vector-with-adobe-illustrator.html.gz	699535
20220401142751	https://www.fiverr.com/asimbaloch/design-a-awesome-professional-wordpress-website	200	data/pilot/html-balanced/asimbaloch/20220401_design-a-awesome-professional-wordpress-website.html.gz	621020
20220408164057	https://www.fiverr.com/artistgraphic/translate-your-pdf-fastlyy	200	data/pilot/html-balanced/artistgraphic/20220408_translate-your-pdf-fastlyy.html.gz	565225
20220627163406	https://www.fiverr.com/makesomenoise/professionally-edit-and-improve-your-audio	200	data/pilot/html-balanced/makesomenoise/20220627_professionally-edit-and-improve-your-audio.html.gz	728229
20220421021857	https://www.fiverr.com/aarongregory/provide-high-quality-motion-graphics-support	200	data/pilot/html-balanced/aarongregory/20220421_provide-high-quality-motion-graphics-support.html.gz	572351
20220401223522	https://www.fiverr.com/damian3d5/do-unique-nft-art-collection-with-100-1k-10k-attributes	200	data/pilot/html-balanced/damian3d5/20220401_do-unique-nft-art-collection-with-100-1k-10k-attributes.html.gz	658383
20220706074641	https://www.fiverr.com/ragavendran2016/create-awesome-slideshow-video-in-full-hd	200	data/pilot/html-balanced/ragavendran2016/20220706_create-awesome-slideshow-video-in-full-hd.html.gz	793862
20220703035822	https://www.fiverr.com/mehedihassan500/create-professional-whiteboard-animation	200	data/pilot/html-balanced/mehedihassan500/20220703_create-professional-whiteboard-animation.html.gz	790591
20220719212521	https://www.fiverr.com/skmedia143/create-a-nursery-rhyme-animation-video	200	data/pilot/html-balanced/skmedia143/20220719_create-a-nursery-rhyme-animation-video.html.gz	685210
20220704120011	https://www.fiverr.com/alejcontre/create-an-instagram-puzzle-grid-feed	200	data/pilot/html-balanced/alejcontre/20220704_create-an-instagram-puzzle-grid-feed.html.gz	679579
20220725222312	https://www.fiverr.com/espumita/write-a-unique-description-for-you-amazon-product-in-italian	200	data/pilot/html-balanced/espumita/20220725_write-a-unique-description-for-you-amazon-product-in-italian.html.gz	660861
20220802032424	https://www.fiverr.com/graphixerlk/create-a-professional-restaurant-menu-design	200	data/pilot/html-balanced/graphixerlk/20220802_create-a-professional-restaurant-menu-design.html.gz	740747
20220711020348	https://www.fiverr.com/hammadulhaq93/make-professional-wordpress-website-or-web-design	200	data/pilot/html-balanced/hammadulhaq93/20220711_make-professional-wordpress-website-or-web-design.html.gz	839191
20220706034822	https://www.fiverr.com/space_edge/make-a-cute-cartoon-thanksgiving-video-with-your-logo	200	data/pilot/html-balanced/space_edge/20220706_make-a-cute-cartoon-thanksgiving-video-with-your-logo.html.gz	704009
20220807211445	https://www.fiverr.com/h_dexter/design-a-unique-logo-for-your-company-website-or-any-with-free-mockup-style--2	200	data/pilot/html-balanced/h_dexter/20220807_design-a-unique-logo-for-your-company-website-or-any-with-free-mockup-style--2.html.gz	762105
20220702004925	https://www.fiverr.com/stalinbd91/grow-your-tweeter-followers-and-do-instagram-marketing	200	data/pilot/html-balanced/stalinbd91/20220702_grow-your-tweeter-followers-and-do-instagram-marketing.html.gz	701795
20220702061050	https://www.fiverr.com/markauther/design-real-estate-logo	200	data/pilot/html-balanced/markauther/20220702_design-real-estate-logo.html.gz	763126
20220724184729	https://www.fiverr.com/marthadata/build-amazing-marketing-strategy-plan	200	data/pilot/html-balanced/marthadata/20220724_build-amazing-marketing-strategy-plan.html.gz	653638
20220802093604	https://www.fiverr.com/lasansandapa/create-a-kinetic-typography-video	200	data/pilot/html-balanced/lasansandapa/20220802_create-a-kinetic-typography-video.html.gz	784929
20220814035657	https://www.fiverr.com/gary513/design-a-modern-looking-and-timeless-corporate-logo	200	data/pilot/html-balanced/gary513/20220814_design-a-modern-looking-and-timeless-corporate-logo.html.gz	735481
20220702020007	https://www.fiverr.com/vomatt/record-a-professional-american-voiceover	200	data/pilot/html-balanced/vomatt/20220702_record-a-professional-american-voiceover.html.gz	820287
20220707184531	https://www.fiverr.com/seo_rankingdude/do-all-in-one-seo-service-monthly-pack-for-30-days-for-top5	200	data/pilot/html-balanced/seo_rankingdude/20220707_do-all-in-one-seo-service-monthly-pack-for-30-days-for-top5.html.gz	676677
20220721143121	https://www.fiverr.com/romeo_10/do-fast-organic-instagram-growth	200	data/pilot/html-balanced/romeo_10/20220721_do-fast-organic-instagram-growth.html.gz	751423
20220810053534	https://www.fiverr.com/quratulainazhar/create-an-effective-digital-marketing-strategy-for-you	200	data/pilot/html-balanced/quratulainazhar/20220810_create-an-effective-digital-marketing-strategy-for-you.html.gz	674119
20220727184055	https://www.fiverr.com/siridhata/draw-cute-vector-cartoon-characters	200	data/pilot/html-balanced/siridhata/20220727_draw-cute-vector-cartoon-characters.html.gz	786384
20220728052943	https://www.fiverr.com/vivianne_/write-a-killer-explainer-video-script-or-commercial-script	200	data/pilot/html-balanced/vivianne_/20220728_write-a-killer-explainer-video-script-or-commercial-script.html.gz	744116
20220722182221	https://www.fiverr.com/wild_and_free/teach-you-facebook-ads	200	data/pilot/html-balanced/wild_and_free/20220722_teach-you-facebook-ads.html.gz	585668
20220802060252	https://www.fiverr.com/blacknostaljack/play-your-music-on-my-radio-station-and-podcast	200	data/pilot/html-balanced/blacknostaljack/20220802_play-your-music-on-my-radio-station-and-podcast.html.gz	795110
20220915063636	https://www.fiverr.com/apmarket/set-up-google-ads-campaigns-adwords-bing-and-yandex-ppc-in-english-russian	200	data/pilot/html-balanced/apmarket/20220915_set-up-google-ads-campaigns-adwords-bing-and-yandex-ppc-in-english-russian.html.gz	585260
20220803084945	https://www.fiverr.com/lonehellan/translate-english-to-norwegian	200	data/pilot/html-balanced/lonehellan/20220803_translate-english-to-norwegian.html.gz	789670
20220731034519	https://www.fiverr.com/emmajackson99/ghostwrite-your-short-story	200	data/pilot/html-balanced/emmajackson99/20220731_ghostwrite-your-short-story.html.gz	777956
20220721005448	https://www.fiverr.com/evacdv/your-voiceover-in-french	200	data/pilot/html-balanced/evacdv/20220721_your-voiceover-in-french.html.gz	810434
20220818005112	https://www.fiverr.com/nschell1/create-ugc-tiktoks-or-reels-of-your-product	200	data/pilot/html-balanced/nschell1/20220818_create-ugc-tiktoks-or-reels-of-your-product.html.gz	723710
20220701163017	https://www.fiverr.com/divyeshpatel013/do-nursery-rhymes-animation-video-songs	200	data/pilot/html-balanced/divyeshpatel013/20220701_do-nursery-rhymes-animation-video-songs.html.gz	691182
20220704030502	https://www.fiverr.com/gazania/build-profitable-print-on-demand-shopify-store-with-printful	200	data/pilot/html-balanced/gazania/20220704_build-profitable-print-on-demand-shopify-store-with-printful.html.gz	776657
20220909021859	https://www.fiverr.com/citationsboss/do-spain-local-citations-and-spain-directory-submission-for-spain-local-seo	200	data/pilot/html-balanced/citationsboss/20220909_do-spain-local-citations-and-spain-directory-submission-for-spain-local-seo.html.gz	660911
20220821033034	https://www.fiverr.com/chelseaostoor/write-google-ads-headlines-and-descriptions	200	data/pilot/html-balanced/chelseaostoor/20220821_write-google-ads-headlines-and-descriptions.html.gz	633738
20220701141430	https://www.fiverr.com/sangeeta05/design-shopify-store-shopify-website-or-dropshipping-store	200	data/pilot/html-balanced/sangeeta05/20220701_design-shopify-store-shopify-website-or-dropshipping-store.html.gz	8756
20220701211053	https://www.fiverr.com/vusishongwe/create-a-microsoft-excel-project-management-dashboard	200	data/pilot/html-balanced/vusishongwe/20220701_create-a-microsoft-excel-project-management-dashboard.html.gz	638857
20220701115017	https://www.fiverr.com/cubellc/make-your-sales-soar-with-instagram-ads	200	data/pilot/html-balanced/cubellc/20220701_make-your-sales-soar-with-instagram-ads.html.gz	636848
20220721110104	https://www.fiverr.com/zakdesignz/design-modern-minimalist-geometric-logo	200	data/pilot/html-balanced/zakdesignz/20220721_design-modern-minimalist-geometric-logo.html.gz	692630
20220723160729	https://www.fiverr.com/hirehtmlcoder/design-an-unique-infographic	200	data/pilot/html-balanced/hirehtmlcoder/20220723_design-an-unique-infographic.html.gz	779169
20220831170052	https://www.fiverr.com/petiot13/explain-you-everything-about-veve-collectibles-in-english-or-french	200	data/pilot/html-balanced/petiot13/20220831_explain-you-everything-about-veve-collectibles-in-english-or-french.html.gz	575061
20220703194958	https://www.fiverr.com/timmoyo/edm-pop-singer-songwriter	200	data/pilot/html-balanced/timmoyo/20220703_edm-pop-singer-songwriter.html.gz	691610
20220703221915	https://www.fiverr.com/zackreynolds/create-automatically-calculating-excel-or-google-spreadsheet	200	data/pilot/html-balanced/zackreynolds/20220703_create-automatically-calculating-excel-or-google-spreadsheet.html.gz	778557
20220829031525	https://www.fiverr.com/mahurdx/create-custom-3d-art-for-nft-crypto-art	200	data/pilot/html-balanced/mahurdx/20220829_create-custom-3d-art-for-nft-crypto-art.html.gz	699145
20220828110422	https://www.fiverr.com/hadeedawan69/create-unique-instagram-post-templates	200	data/pilot/html-balanced/hadeedawan69/20220828_create-unique-instagram-post-templates.html.gz	790614
20220702155048	https://www.fiverr.com/rahuldatta/make-a-stylish-product-promotional-video	200	data/pilot/html-balanced/rahuldatta/20220702_make-a-stylish-product-promotional-video.html.gz	258493
20220701161437	https://www.fiverr.com/meganluke_1/make-twitch-stream-intros-animated-screens-and-alerts	200	data/pilot/html-balanced/meganluke_1/20220701_make-twitch-stream-intros-animated-screens-and-alerts.html.gz	687827
20220705225838	https://www.fiverr.com/brian_sanyshyn/compose-original-music-for-any-form-of-media	200	data/pilot/html-balanced/brian_sanyshyn/20220705_compose-original-music-for-any-form-of-media.html.gz	739067
20220711023429	https://www.fiverr.com/herculesone88/code-your-trading-strategy-in-calgo-and-optimize-it	200	data/pilot/html-balanced/herculesone88/20220711_code-your-trading-strategy-in-calgo-and-optimize-it.html.gz	669579
20220719104214	https://www.fiverr.com/soniaparvinl/design-animated-gif-banner-ads-cover-post-in-3-hours-or-less	200	data/pilot/html-balanced/soniaparvinl/20220719_design-animated-gif-banner-ads-cover-post-in-3-hours-or-less.html.gz	695676
20220701095959	https://www.fiverr.com/krystalpenney/design-your-surreal-vintage-album-cover-or-single-artwork	200	data/pilot/html-balanced/krystalpenney/20220701_design-your-surreal-vintage-album-cover-or-single-artwork.html.gz	763739
20220715183719	https://www.fiverr.com/andycancun/record-your-200-word-male-spanish-voiceover-narration	200	data/pilot/html-balanced/andycancun/20220715_record-your-200-word-male-spanish-voiceover-narration.html.gz	730150
20220701151553	https://www.fiverr.com/motion_artist99/create-isometric-animation-explainer-video-52b9	200	data/pilot/html-balanced/motion_artist99/20220701_create-isometric-animation-explainer-video-52b9.html.gz	686573
20220730110633	https://www.fiverr.com/apolxcore/make-kawaii-music-for-you-uwu	200	data/pilot/html-balanced/apolxcore/20220730_make-kawaii-music-for-you-uwu.html.gz	783549
20220701043422	https://www.fiverr.com/nitinkumarhp007/design-and-develop-android-and-iphone-native-apps	200	data/pilot/html-balanced/nitinkumarhp007/20220701_design-and-develop-android-and-iphone-native-apps.html.gz	715858
20220713191430	https://www.fiverr.com/sketchzone/design-creative-logo-for-your-business	200	data/pilot/html-balanced/sketchzone/20220713_design-creative-logo-for-your-business.html.gz	641921
20220721195905	https://www.fiverr.com/mahadikhan1/slideshow-video-photo-slideshow-photo-video-wedding-slideshow-text-and-music	200	data/pilot/html-balanced/mahadikhan1/20220721_slideshow-video-photo-slideshow-photo-video-wedding-slideshow-text-and-music.html.gz	709646
20220819175911	https://www.fiverr.com/gilbertosamba/promote-your-band-act-or-music-project-to-my-100000-facebook-music-loving-fans	404		0
20220901074431	https://www.fiverr.com/mohaimenul017/design-and-develop-fillable-pdf-form	200	data/pilot/html-balanced/mohaimenul017/20220901_design-and-develop-fillable-pdf-form.html.gz	754408
20220701195411	https://www.fiverr.com/aliazam5092/do-the-mobile-app-testing	200	data/pilot/html-balanced/aliazam5092/20220701_do-the-mobile-app-testing.html.gz	645553
20220720115302	https://www.fiverr.com/arslanubaid/do-product-label-design-and-box-package-design-for-you	200	data/pilot/html-balanced/arslanubaid/20220720_do-product-label-design-and-box-package-design-for-you.html.gz	704120
20220701032931	https://www.fiverr.com/lydiamutono/transcribe-your-christian-podcast	200	data/pilot/html-balanced/lydiamutono/20220701_transcribe-your-christian-podcast.html.gz	608117
20220701023642	https://www.fiverr.com/ilijasekulov/publish-german-guest-posts-high-metrics-german-seo-backlinks	200	data/pilot/html-balanced/ilijasekulov/20220701_publish-german-guest-posts-high-metrics-german-seo-backlinks.html.gz	671457
20220704000241	https://www.fiverr.com/fitnesseducator/create-hd-female-fitness-videos	200	data/pilot/html-balanced/fitnesseducator/20220704_create-hd-female-fitness-videos.html.gz	697590
20220707142241	https://www.fiverr.com/techyapaul/design-awesome-animated-twitch-overlays-for-your-stream	200	data/pilot/html-balanced/techyapaul/20220707_design-awesome-animated-twitch-overlays-for-your-stream.html.gz	739723
20220719103354	https://www.fiverr.com/ajaxdesigns/design-professional-an-high-converting-facebook-ads	200	data/pilot/html-balanced/ajaxdesigns/20220719_design-professional-an-high-converting-facebook-ads.html.gz	760100
20221223131912	https://www.fiverr.com/bear_shadow/animate-your-pictures-beautiful-and-will-do-them-alive	200	data/pilot/html-balanced/bear_shadow/20221223_animate-your-pictures-beautiful-and-will-do-them-alive.html.gz	826523
20221225052853	https://www.fiverr.com/sbbandara/do-modern-and-minimalist-business-logo-design	200	data/pilot/html-balanced/sbbandara/20221225_do-modern-and-minimalist-business-logo-design.html.gz	853126
20221023123146	https://www.fiverr.com/uplancemedia/create-content-for-your-social-media-accounts	200	data/pilot/html-balanced/uplancemedia/20221023_create-content-for-your-social-media-accounts.html.gz	651383
20221013142510	https://www.fiverr.com/shakibmarketer/be-your-best-instagram-influencer-for-your-instagram-marketing	200	data/pilot/html-balanced/shakibmarketer/20221013_be-your-best-instagram-influencer-for-your-instagram-marketing.html.gz	536453
20221001125958	https://www.fiverr.com/umer_malik00/build-a-python-web-scraper-for-web-scraping-data-extraction	200	data/pilot/html-balanced/umer_malik00/20221001_build-a-python-web-scraper-for-web-scraping-data-extraction.html.gz	723291
20221022170548	https://www.fiverr.com/ahtashamsandhu6/do-web-scraping-data-extraction-to-csv-json-xml-and-database	200	data/pilot/html-balanced/ahtashamsandhu6/20221022_do-web-scraping-data-extraction-to-csv-json-xml-and-database.html.gz	697077
20221001032615	https://www.fiverr.com/scorpiousss/write-an-engaging-ad-copy-for-your-dropshipping-facebook-ads	200	data/pilot/html-balanced/scorpiousss/20221001_write-an-engaging-ad-copy-for-your-dropshipping-facebook-ads.html.gz	801117
20221001071440	https://www.fiverr.com/nikolaaus/create-svg-loader-animation-not-gif-for-your-web-from-illustration	200	data/pilot/html-balanced/nikolaaus/20221001_create-svg-loader-animation-not-gif-for-your-web-from-illustration.html.gz	752959
20221220211123	https://www.fiverr.com/alphazdragon/edit-videos-for-youtube	200	data/pilot/html-balanced/alphazdragon/20221220_edit-videos-for-youtube.html.gz	656087
20221121143135	https://www.fiverr.com/djmoe2k5/screw-and-chopp-any-song-that-you-request	200	data/pilot/html-balanced/djmoe2k5/20221121_screw-and-chopp-any-song-that-you-request.html.gz	619499
20221008111027	https://www.fiverr.com/himawarij/teach-you-japanese-language-online	200	data/pilot/html-balanced/himawarij/20221008_teach-you-japanese-language-online.html.gz	736505
20220709221910	https://www.fiverr.com/ravenm123/subtitle-and-translate-your-spanish-video	200	data/pilot/html-balanced/ravenm123/20220709_subtitle-and-translate-your-spanish-video.html.gz	672847
20221001144505	https://www.fiverr.com/mr_wajidmaster/do-data-entry-data-mining-web-scraping-and-copy-paste	200	data/pilot/html-balanced/mr_wajidmaster/20221001_do-data-entry-data-mining-web-scraping-and-copy-paste.html.gz	724295
20221010220420	https://www.fiverr.com/iamdaani/do-145-directory-citations-for-usa-uk-canada-local-seo-65552aba-0842-4857-8154-5f493507ca40	200	data/pilot/html-balanced/iamdaani/20221010_do-145-directory-citations-for-usa-uk-canada-local-seo-65552aba-0842-4857-8154-5f493507ca40.html.gz	644692
20221001045003	https://www.fiverr.com/shahg987/make-a-well-researched-whitepaper-on-ico-ido-defi-crypto-nfts-gaming	200	data/pilot/html-balanced/shahg987/20221001_make-a-well-researched-whitepaper-on-ico-ido-defi-crypto-nfts-gaming.html.gz	680008
20221001233249	https://www.fiverr.com/mohzein/do-3d-cad-model-jewelry-design	200	data/pilot/html-balanced/mohzein/20221001_do-3d-cad-model-jewelry-design.html.gz	770093
20221002011645	https://www.fiverr.com/drstanley237/build-a-unique-10k-usd-digital-marketing-plan	200	data/pilot/html-balanced/drstanley237/20221002_build-a-unique-10k-usd-digital-marketing-plan.html.gz	753634
20221208153122	https://www.fiverr.com/taharafiq8/do-luxury-logo-animation	200	data/pilot/html-balanced/taharafiq8/20221208_do-luxury-logo-animation.html.gz	718568
20221116204944	https://www.fiverr.com/parkerhansen/proofread-and-copy-edit-within-24-hours	200	data/pilot/html-balanced/parkerhansen/20221116_proofread-and-copy-edit-within-24-hours.html.gz	764777
20221008184522	https://www.fiverr.com/be_a_pro_media/wix-website-design-wix-website-redesign-wix-ecommerce	200	data/pilot/html-balanced/be_a_pro_media/20221008_wix-website-design-wix-website-redesign-wix-ecommerce.html.gz	781519
20221001023932	https://www.fiverr.com/klevitt70/promote-your-podcast-on-my-podcast	200	data/pilot/html-balanced/klevitt70/20221001_promote-your-podcast-on-my-podcast.html.gz	776850
20221105194815	https://www.fiverr.com/nikerssg/create-cool-custom-logo-animation	200	data/pilot/html-balanced/nikerssg/20221105_create-cool-custom-logo-animation.html.gz	719902
20221119161909	https://www.fiverr.com/rafiullahuae/create-business-landing-page-or-website-professionally	404		0
20221009230621	https://www.fiverr.com/mbarichard/write-an-awesome-script-for-you	200	data/pilot/html-balanced/mbarichard/20221009_write-an-awesome-script-for-you.html.gz	696086
20221021104603	https://www.fiverr.com/frazdev/design-redesign-wix-wordpress-weebly-websites	200	data/pilot/html-balanced/frazdev/20221021_design-redesign-wix-wordpress-weebly-websites.html.gz	783906
20221001063122	https://www.fiverr.com/karimanasir/add-subtitles-and-captions-in-english-french-arabic-spanish	200	data/pilot/html-balanced/karimanasir/20221001_add-subtitles-and-captions-in-english-french-arabic-spanish.html.gz	691094
20221018044224	https://www.fiverr.com/jorgleach/mentor-you-to-become-a-pro-copywriter	200	data/pilot/html-balanced/jorgleach/20221018_mentor-you-to-become-a-pro-copywriter.html.gz	663303
20221010220424	https://www.fiverr.com/ukseoguy/create-250-google-map-citations-to-help-your-uk-business-local-seo	200	data/pilot/html-balanced/ukseoguy/20221010_create-250-google-map-citations-to-help-your-uk-business-local-seo.html.gz	653426
20220720050406	https://www.fiverr.com/ralphwie/write-your-privacy-and-gdpr-data-protection-policy	200	data/pilot/html-balanced/ralphwie/20220720_write-your-privacy-and-gdpr-data-protection-policy.html.gz	728151
20221003203702	https://www.fiverr.com/bolt_runner/create-a-south-park-style-animation	200	data/pilot/html-balanced/bolt_runner/20221003_create-a-south-park-style-animation.html.gz	760207
20221001202910	https://www.fiverr.com/design_desk/create-3-original-logo-with-vector-source-file	200	data/pilot/html-balanced/design_desk/20221001_create-3-original-logo-with-vector-source-file.html.gz	828145
20221203214436	https://www.fiverr.com/kaboki/create-a-fantastic-video-your-product-or-service	200	data/pilot/html-balanced/kaboki/20221203_create-a-fantastic-video-your-product-or-service.html.gz	730092
20221229124244	https://www.fiverr.com/meerazzum/do-landing-hero-lottie-and-svg-animation-for-your-website	200	data/pilot/html-balanced/meerazzum/20221229_do-landing-hero-lottie-and-svg-animation-for-your-website.html.gz	725700
20221207234751	https://www.fiverr.com/voiceoverden1/make-your-radio-ad-pop-with-a-professional-voice-over	200	data/pilot/html-balanced/voiceoverden1/20221207_make-your-radio-ad-pop-with-a-professional-voice-over.html.gz	681453
20221001141707	https://www.fiverr.com/trade4real/teach-day-trading-or-forex-or-crypto-beginners-classes	200	data/pilot/html-balanced/trade4real/20221001_teach-day-trading-or-forex-or-crypto-beginners-classes.html.gz	673966
20221022160748	https://www.fiverr.com/pedrobalta/professionally-translate-spanish-english-portuguese	200	data/pilot/html-balanced/pedrobalta/20221022_professionally-translate-spanish-english-portuguese.html.gz	708810
20221001092552	https://www.fiverr.com/roxane_s/record-piano-piano-covers-song-parts-keyboards-rhodes-beautiful-melodies	200	data/pilot/html-balanced/roxane_s/20221001_record-piano-piano-covers-song-parts-keyboards-rhodes-beautiful-melodies.html.gz	750315
20221020050935	https://www.fiverr.com/instagram_pix/find-best-instagram-influencer	200	data/pilot/html-balanced/instagram_pix/20221020_find-best-instagram-influencer.html.gz	584924
20221001175605	https://www.fiverr.com/nacholede/chart-any-song-you-like-for-rocksmith-2014-from-a-tab	200	data/pilot/html-balanced/nacholede/20221001_chart-any-song-you-like-for-rocksmith-2014-from-a-tab.html.gz	664821
20221114123705	https://www.fiverr.com/alimsarder786/create-professional-3d-logo-intro-animation	200	data/pilot/html-balanced/alimsarder786/20221114_create-professional-3d-logo-intro-animation.html.gz	694287
20221013140249	https://www.fiverr.com/mary_matty/setup-honeybook-automations-dubsado-and-workflows	200	data/pilot/html-balanced/mary_matty/20221013_setup-honeybook-automations-dubsado-and-workflows.html.gz	599678
20221101173533	https://www.fiverr.com/bandbios/send-you-a-musician-booking-contract-template	200	data/pilot/html-balanced/bandbios/20221101_send-you-a-musician-booking-contract-template.html.gz	725083
20221001104306	https://www.fiverr.com/calibeats188/make-copyright-free-music-to-your-specs	200	data/pilot/html-balanced/calibeats188/20221001_make-copyright-free-music-to-your-specs.html.gz	771654
20221124100524	https://www.fiverr.com/jjvera26/develop-wordpress-ecommerce-website-perfect-for-you	200	data/pilot/html-balanced/jjvera26/20221124_develop-wordpress-ecommerce-website-perfect-for-you.html.gz	821379
20221031142415	https://www.fiverr.com/qhaqha/do-social-media-template	200	data/pilot/html-balanced/qhaqha/20221031_do-social-media-template.html.gz	743263
20221001221821	https://www.fiverr.com/gunawanguan/create-5-awesome-banner-or-header-design	200	data/pilot/html-balanced/gunawanguan/20221001_create-5-awesome-banner-or-header-design.html.gz	803588
20221223215451	https://www.fiverr.com/theshstudio/help-you-get-irs-tax-return-transcript	200	data/pilot/html-balanced/theshstudio/20221223_help-you-get-irs-tax-return-transcript.html.gz	693857
20221001174910	https://www.fiverr.com/joyh97/do-british-voice-over-narration	200	data/pilot/html-balanced/joyh97/20221001_do-british-voice-over-narration.html.gz	785545
20221001225500	https://www.fiverr.com/rizwan_design70/do-everything-about-graphic-design-and-digital-art-for-you	200	data/pilot/html-balanced/rizwan_design70/20221001_do-everything-about-graphic-design-and-digital-art-for-you.html.gz	722190
20221008052042	https://www.fiverr.com/matsmusic/compose-and-produce-perfect-music-for-your-ad-film-game	200	data/pilot/html-balanced/matsmusic/20221008_compose-and-produce-perfect-music-for-your-ad-film-game.html.gz	776637
20221001054426	https://www.fiverr.com/editwithfelix/editor-for-youtube-channel	200	data/pilot/html-balanced/editwithfelix/20221001_editor-for-youtube-channel.html.gz	826112
20221018022703	https://www.fiverr.com/nayeemhossain20/do-promote-apple-podcast-and-get-many-downloads	200	data/pilot/html-balanced/nayeemhossain20/20221018_do-promote-apple-podcast-and-get-many-downloads.html.gz	613421
20221018021418	https://www.fiverr.com/aaliyaan/promote-youtube-video-through-suggested-videos	200	data/pilot/html-balanced/aaliyaan/20221018_promote-youtube-video-through-suggested-videos.html.gz	679051
20221112224948	https://www.fiverr.com/meherali_/write-script-for-your-video-that-makes-sales	200	data/pilot/html-balanced/meherali_/20221112_write-script-for-your-video-that-makes-sales.html.gz	671231
20221023103447	https://www.fiverr.com/animamundi17/do-promotion-for-youtube-channel-monetization	200	data/pilot/html-balanced/animamundi17/20221023_do-promotion-for-youtube-channel-monetization.html.gz	725338
20221112093046	https://www.fiverr.com/tobiasf_/do-a-complete-google-ads-campaign-setup-for-leadgen-or-ecommerce	200	data/pilot/html-balanced/tobiasf_/20221112_do-a-complete-google-ads-campaign-setup-for-leadgen-or-ecommerce.html.gz	658415
20221121125806	https://www.fiverr.com/pft_president/send-a-wedding-budget-expense-planner-spreadsheet	200	data/pilot/html-balanced/pft_president/20221121_send-a-wedding-budget-expense-planner-spreadsheet.html.gz	668762
20221013070428	https://www.fiverr.com/leap_studio/create-a-colorful-and-vibrant-crowdfunding-video-for-you	200	data/pilot/html-balanced/leap_studio/20221013_create-a-colorful-and-vibrant-crowdfunding-video-for-you.html.gz	689470
20221016075315	https://www.fiverr.com/stereoattack/do-a-studio-quality-mixing-and-mastering-in-24-hours	200	data/pilot/html-balanced/stereoattack/20221016_do-a-studio-quality-mixing-and-mastering-in-24-hours.html.gz	779993
20221018072028	https://www.fiverr.com/rafayat_rakib/edit-and-modify-your-videos-professionally	200	data/pilot/html-balanced/rafayat_rakib/20221018_edit-and-modify-your-videos-professionally.html.gz	791949
20221020124741	https://www.fiverr.com/mr_quick_sound/record-a-professional-spanish-voice-over-for-you	200	data/pilot/html-balanced/mr_quick_sound/20221020_record-a-professional-spanish-voice-over-for-you.html.gz	611188
20221227003209	https://www.fiverr.com/stylusink/proofread-and-lightly-copy-edit-1000-words-of-text	200	data/pilot/html-balanced/stylusink/20221227_proofread-and-lightly-copy-edit-1000-words-of-text.html.gz	793826
20221003171013	https://www.fiverr.com/roselyncherish/do-transcription-for-10-days	200	data/pilot/html-balanced/roselyncherish/20221003_do-transcription-for-10-days.html.gz	604943
20221013045410	https://www.fiverr.com/helenth0ms0n/make-a-dance-music-video-clip-for-your-song	200	data/pilot/html-balanced/helenth0ms0n/20221013_make-a-dance-music-video-clip-for-your-song.html.gz	694783
20221009131151	https://www.fiverr.com/esabfc/design-a-fabulous-tattoo-for-you	200	data/pilot/html-balanced/esabfc/20221009_design-a-fabulous-tattoo-for-you.html.gz	797620
20221108190256	https://www.fiverr.com/andycancun/record-your-english-and-spanish-voiceover	200	data/pilot/html-balanced/andycancun/20221108_record-your-english-and-spanish-voiceover.html.gz	712295
20230110155705	https://www.fiverr.com/merrillz/seo-backlinks-through-high-da-guest-posts-high-authority-link-building	200	data/pilot/html-balanced/merrillz/20230110_seo-backlinks-through-high-da-guest-posts-high-authority-link-building.html.gz	686239
20230101143305	https://www.fiverr.com/hmuneebarshad/edit-instagram-reels-or-tiktok-videos-with-subtitles	200	data/pilot/html-balanced/hmuneebarshad/20230101_edit-instagram-reels-or-tiktok-videos-with-subtitles.html.gz	703473
20230104045010	https://www.fiverr.com/cheakina/do-book-cover-design-book-cover-design-ebook-cover-design	200	data/pilot/html-balanced/cheakina/20230104_do-book-cover-design-book-cover-design-ebook-cover-design.html.gz	818199
20230101133422	https://www.fiverr.com/transcriptlife/do-audio-transcription-or-video-transcription	200	data/pilot/html-balanced/transcriptlife/20230101_do-audio-transcription-or-video-transcription.html.gz	767055
20230101133957	https://www.fiverr.com/alard001/article-blog-and-content-writing	200	data/pilot/html-balanced/alard001/20230101_article-blog-and-content-writing.html.gz	694399
20230109142516	https://www.fiverr.com/natharodriguez/design-menu-board-or-digital-menu	200	data/pilot/html-balanced/natharodriguez/20230109_design-menu-board-or-digital-menu.html.gz	720542
20230109083631	https://www.fiverr.com/cabled_mess/record-custom-foley-for-your-video-short-film-or-movie	200	data/pilot/html-balanced/cabled_mess/20230109_record-custom-foley-for-your-video-short-film-or-movie.html.gz	699139
20230101173402	https://www.fiverr.com/francescotocchi/mashup-your-favorite-song-and-create-create-your-dream-mix	200	data/pilot/html-balanced/francescotocchi/20230101_mashup-your-favorite-song-and-create-create-your-dream-mix.html.gz	725977
20230102213343	https://www.fiverr.com/sebapk/do-perfect-data-entry-excel-copy-paste-typing-web-scraping-web-research	200	data/pilot/html-balanced/sebapk/20230102_do-perfect-data-entry-excel-copy-paste-typing-web-scraping-web-research.html.gz	809053
20230101191321	https://www.fiverr.com/uri_iothreat/provide-cybersecurity-and-devops-services-on-aws	200	data/pilot/html-balanced/uri_iothreat/20230101_provide-cybersecurity-and-devops-services-on-aws.html.gz	614247
20230103201725	https://www.fiverr.com/shochishams/mix-and-master-your-songs-to-the-industry-standard-quality	200	data/pilot/html-balanced/shochishams/20230103_mix-and-master-your-songs-to-the-industry-standard-quality.html.gz	818531
20230104033040	https://www.fiverr.com/adnanjilani90/accurately-transcribe-audio-or-video-upto-10-minutes	200	data/pilot/html-balanced/adnanjilani90/20230104_accurately-transcribe-audio-or-video-upto-10-minutes.html.gz	766980
20230101082936	https://www.fiverr.com/rakibmiha/design-your-resume-and-cv-in-google-docs-or-ms-word	200	data/pilot/html-balanced/rakibmiha/20230101_design-your-resume-and-cv-in-google-docs-or-ms-word.html.gz	815547
20230330012438	https://www.fiverr.com/itssabbirbd/do-youtube-seo-to-improve-video-ranking	200	data/pilot/html-balanced/itssabbirbd/20230330_do-youtube-seo-to-improve-video-ranking.html.gz	826347
20230313083359	https://www.fiverr.com/ranafaheem990/make-your-assignments-in-swift-xcode	200	data/pilot/html-balanced/ranafaheem990/20230313_make-your-assignments-in-swift-xcode.html.gz	709282
20230101081523	https://www.fiverr.com/faizan__studio/do-high-skilled-photoshop-editing-within-1-hour	200	data/pilot/html-balanced/faizan__studio/20230101_do-high-skilled-photoshop-editing-within-1-hour.html.gz	829911
20230218103508	https://www.fiverr.com/backlinks__pro/create-dutch-backlinks-on-netherlands-guest-post-sites	200	data/pilot/html-balanced/backlinks__pro/20230218_create-dutch-backlinks-on-netherlands-guest-post-sites.html.gz	689138
20230227002256	https://www.fiverr.com/bowergamecorner/create-a-kickstarter-video-to-promote-your-board-or-card-game	200	data/pilot/html-balanced/bowergamecorner/20230227_create-a-kickstarter-video-to-promote-your-board-or-card-game.html.gz	694495
20230101155139	https://www.fiverr.com/sophiegfx/create-a-video-with-voiceover-from-your-sript-within-24-hours	200	data/pilot/html-balanced/sophiegfx/20230101_create-a-video-with-voiceover-from-your-sript-within-24-hours.html.gz	821190
20230101070703	https://www.fiverr.com/damian3d5/do-unique-nft-art-collection-with-100-1k-10k-attributes	200	data/pilot/html-balanced/damian3d5/20230101_do-unique-nft-art-collection-with-100-1k-10k-attributes.html.gz	752343
20230112144549	https://www.fiverr.com/mostafas14/make-3d-modelling-visualisation-and-cad	200	data/pilot/html-balanced/mostafas14/20230112_make-3d-modelling-visualisation-and-cad.html.gz	728265
20230103165543	https://www.fiverr.com/broadcastking/record-your-custom-song-on-video	200	data/pilot/html-balanced/broadcastking/20230103_record-your-custom-song-on-video.html.gz	814078
20230226023553	https://www.fiverr.com/maliksaad684/add-alex-hormozi-subtitles-to-your-short-videos	200	data/pilot/html-balanced/maliksaad684/20230226_add-alex-hormozi-subtitles-to-your-short-videos.html.gz	720010
20230101153230	https://www.fiverr.com/daniyalriaz618/professional-gameplay-videos-on-ultra-set-fps-to-upload-without-copyright-issues	200	data/pilot/html-balanced/daniyalriaz618/20230101_professional-gameplay-videos-on-ultra-set-fps-to-upload-without-copyright-issues.html.gz	738896
20230101140200	https://www.fiverr.com/vekser/create-a-frame-by-frame-animation	200	data/pilot/html-balanced/vekser/20230101_create-a-frame-by-frame-animation.html.gz	724331
20230105201809	https://www.fiverr.com/olyasr/do-russian-transcription-of-audios-and-videos-in-one-day	200	data/pilot/html-balanced/olyasr/20230105_do-russian-transcription-of-audios-and-videos-in-one-day.html.gz	681857
20230102015912	https://www.fiverr.com/ulllon/design-custom-drawn-youtube-thumbnails	200	data/pilot/html-balanced/ulllon/20230102_design-custom-drawn-youtube-thumbnails.html.gz	726652
20230109085119	https://www.fiverr.com/marionaadames/record-female-voice-tag-and-dj-drops-in-english-or-spanish	200	data/pilot/html-balanced/marionaadames/20230109_record-female-voice-tag-and-dj-drops-in-english-or-spanish.html.gz	739083
20201101074601	https://www.fiverr.com/ms_shammy/recreate-your-logo-any-format	404		0
20230114031435	https://www.fiverr.com/hussainhameed/do-minor-video-editing	200	data/pilot/html-balanced/hussainhameed/20230114_do-minor-video-editing.html.gz	8756
20230225002026	https://www.fiverr.com/njaumoses/image-and-video-annotation-c6dd	200	data/pilot/html-balanced/njaumoses/20230225_image-and-video-annotation-c6dd.html.gz	796583
20230102012751	https://www.fiverr.com/funnyleos/create-beatiful-vrchat-world-specially-for-you	200	data/pilot/html-balanced/funnyleos/20230102_create-beatiful-vrchat-world-specially-for-you.html.gz	790092
20230101065106	https://www.fiverr.com/mohinkhan007/design-awesome-letterhead-for-your-business	200	data/pilot/html-balanced/mohinkhan007/20230101_design-awesome-letterhead-for-your-business.html.gz	808303
20230330022850	https://www.fiverr.com/courttheprpro/create-a-targeted-media-list-for-press-release-distribution	200	data/pilot/html-balanced/courttheprpro/20230330_create-a-targeted-media-list-for-press-release-distribution.html.gz	770077
20230111045423	https://www.fiverr.com/munenej/write-human-resource-articles	200	data/pilot/html-balanced/munenej/20230111_write-human-resource-articles.html.gz	679842
20230101154141	https://www.fiverr.com/leo_mar/create-animated-nft-art-loop-your-nft-image-3d-dynamic-nft	200	data/pilot/html-balanced/leo_mar/20230101_create-animated-nft-art-loop-your-nft-image-3d-dynamic-nft.html.gz	785558
20230111171039	https://www.fiverr.com/nasimasarder007/create-20-amazing-video-intro-logo-animation	200	data/pilot/html-balanced/nasimasarder007/20230111_create-20-amazing-video-intro-logo-animation.html.gz	7255
20230131063439	https://www.fiverr.com/hamzakhalid2k16/create-a-premium-and-modern-wordpress-website	200	data/pilot/html-balanced/hamzakhalid2k16/20230131_create-a-premium-and-modern-wordpress-website.html.gz	845872
20230101103706	https://www.fiverr.com/sandyp20/write-captions-and-content-for-your-social-media-accounts	200	data/pilot/html-balanced/sandyp20/20230101_write-captions-and-content-for-your-social-media-accounts.html.gz	729596
20230107051340	https://www.fiverr.com/dudart_project/draw-realistic-pet-portrait-into-digital-oil-painting	200	data/pilot/html-balanced/dudart_project/20230107_draw-realistic-pet-portrait-into-digital-oil-painting.html.gz	1090038
20230129134254	https://www.fiverr.com/olivia_seo/create-30-000-gsa-quality-backlinks-for-seo	200	data/pilot/html-balanced/olivia_seo/20230129_create-30-000-gsa-quality-backlinks-for-seo.html.gz	789263
20230203062536	https://www.fiverr.com/citation_exprt/do-local-business-listing-for-gmb-seo-ranking	200	data/pilot/html-balanced/citation_exprt/20230203_do-local-business-listing-for-gmb-seo-ranking.html.gz	673027
20230112194931	https://www.fiverr.com/workgroupseller/quick-3d-intro-video	200	data/pilot/html-balanced/workgroupseller/20230112_quick-3d-intro-video.html.gz	687299
20230101235930	https://www.fiverr.com/marileh/write-the-best-reels-and-tiktok-ideas-for-your-social-media	200	data/pilot/html-balanced/marileh/20230101_write-the-best-reels-and-tiktok-ideas-for-your-social-media.html.gz	700949
20230316224229	https://www.fiverr.com/josh_business/send-you-a-guide-on-how-to-generate-190k-real-instagram-followers-in-3-months	200	data/pilot/html-balanced/josh_business/20230316_send-you-a-guide-on-how-to-generate-190k-real-instagram-followers-in-3-months.html.gz	820162
20230102201055	https://www.fiverr.com/haren0610/create-a-professional-telegram-bot-for-you	200	data/pilot/html-balanced/haren0610/20230102_create-a-professional-telegram-bot-for-you.html.gz	771398
20230104025050	https://www.fiverr.com/gunawanguan/create-5-awesome-banner-or-header-design	200	data/pilot/html-balanced/gunawanguan/20230104_create-5-awesome-banner-or-header-design.html.gz	833407
20230101191406	https://www.fiverr.com/vitolic/help-you-setup-and-launch-a-podcast	200	data/pilot/html-balanced/vitolic/20230101_help-you-setup-and-launch-a-podcast.html.gz	731092
20230101163028	https://www.fiverr.com/olgagorbenko/female-edm-pop-indie-singer-and-songwriter	200	data/pilot/html-balanced/olgagorbenko/20230101_female-edm-pop-indie-singer-and-songwriter.html.gz	814099
20230202022404	https://www.fiverr.com/aashirwad_morye/provide-editable-motivational-instagram-reels-and-tiktok	200	data/pilot/html-balanced/aashirwad_morye/20230202_provide-editable-motivational-instagram-reels-and-tiktok.html.gz	719832
20230226023411	https://www.fiverr.com/helicarrier/record-any-live-streaming-video-of-webinar-event-for-you	200	data/pilot/html-balanced/helicarrier/20230226_record-any-live-streaming-video-of-webinar-event-for-you.html.gz	726169
20230101111053	https://www.fiverr.com/ramconstok/premiere-your-track-on-a-well-known-music-blog	200	data/pilot/html-balanced/ramconstok/20230101_premiere-your-track-on-a-well-known-music-blog.html.gz	766359
20230103200245	https://www.fiverr.com/suc4_5uca/create-your-own-unique-rap-trap-chill-hip-hop-beat	200	data/pilot/html-balanced/suc4_5uca/20230103_create-your-own-unique-rap-trap-chill-hip-hop-beat.html.gz	814718
20230331181649	https://www.fiverr.com/iiqraa_/be-your-instagram-manager-social-media-manager	200	data/pilot/html-balanced/iiqraa_/20230331_be-your-instagram-manager-social-media-manager.html.gz	923136
20230319164038	https://www.fiverr.com/creativitas/design-your-modern-website-using-jekyll	200	data/pilot/html-balanced/creativitas/20230319_design-your-modern-website-using-jekyll.html.gz	711247
20230213211309	https://www.fiverr.com/nevlin18/design-and-code-your-html-marketing-email	200	data/pilot/html-balanced/nevlin18/20230213_design-and-code-your-html-marketing-email.html.gz	731066
20230101162118	https://www.fiverr.com/nate_s/record-a-professional-youtube-voice-over-for-you	200	data/pilot/html-balanced/nate_s/20230101_record-a-professional-youtube-voice-over-for-you.html.gz	841222
20230106072749	https://www.fiverr.com/millysa/design-templates-for-your-business-documents	200	data/pilot/html-balanced/millysa/20230106_design-templates-for-your-business-documents.html.gz	733658
20230305040742	https://www.fiverr.com/saalif_art/design-minimalist-flat-line-vector-avatar-of-you	200	data/pilot/html-balanced/saalif_art/20230305_design-minimalist-flat-line-vector-avatar-of-you.html.gz	827381
20230104215236	https://www.fiverr.com/arditaardi/set-up-and-optimize-your-pinterest-profile-boards-and-pins	200	data/pilot/html-balanced/arditaardi/20230104_set-up-and-optimize-your-pinterest-profile-boards-and-pins.html.gz	760956
20230101082948	https://www.fiverr.com/juliyakorneeva/design-an-awesome-cv-and-a-covering-letter-for-you	200	data/pilot/html-balanced/juliyakorneeva/20230101_design-an-awesome-cv-and-a-covering-letter-for-you.html.gz	840101
20230101200421	https://www.fiverr.com/jmcrm_/set-up-pipedrive-with-automations-to-save-you-time-7077	200	data/pilot/html-balanced/jmcrm_/20230101_set-up-pipedrive-with-automations-to-save-you-time-7077.html.gz	781797
20230101175807	https://www.fiverr.com/ramisa67/customize-fix-issues-redesign-wordpress-website	200	data/pilot/html-balanced/ramisa67/20230101_customize-fix-issues-redesign-wordpress-website.html.gz	835717
20230402013751	https://www.fiverr.com/seobacklinks9/increase-domain-authority-moz-da-50-plus-with-high-authority-seo-backlink	200	data/pilot/html-balanced/seobacklinks9/20230402_increase-domain-authority-moz-da-50-plus-with-high-authority-seo-backlink.html.gz	920243
20230128101240	https://www.fiverr.com/projjalkhisa/do-data-scraping-from-any-website-or-directory	404		0
20230222013517	https://www.fiverr.com/roxanam84/ghostwrite-your-fiction-ebook-5-pages	200	data/pilot/html-balanced/roxanam84/20230222_ghostwrite-your-fiction-ebook-5-pages.html.gz	687739
20230523133148	https://www.fiverr.com/orcatek/female-medical-spokesperson-video	200	data/pilot/html-balanced/orcatek/20230523_female-medical-spokesperson-video.html.gz	815958
20230402193448	https://www.fiverr.com/emon_ahsan/design-minimalist-business-card	200	data/pilot/html-balanced/emon_ahsan/20230402_design-minimalist-business-card.html.gz	882271
20230403170409	https://www.fiverr.com/socialhonor/promote-your-rap-hiphop-music-to-120-000-fans	200	data/pilot/html-balanced/socialhonor/20230403_promote-your-rap-hiphop-music-to-120-000-fans.html.gz	912980
20230419035639	https://www.fiverr.com/grillo_infinity/teach-you-digital-marketing-strategy	200	data/pilot/html-balanced/grillo_infinity/20230419_teach-you-digital-marketing-strategy.html.gz	782500
20230409171517	https://www.fiverr.com/gonyshev_maxim/create-pixel-art-for-nft-video-games-board-games	200	data/pilot/html-balanced/gonyshev_maxim/20230409_create-pixel-art-for-nft-video-games-board-games.html.gz	890999
20230423034049	https://www.fiverr.com/mediamonarch/send-your-song-to-genre-specific-radio-stations-c03e	200	data/pilot/html-balanced/mediamonarch/20230423_send-your-song-to-genre-specific-radio-stations-c03e.html.gz	914107
20230402040508	https://www.fiverr.com/mostynbooks/create-a-linkedin-profile-for-you	200	data/pilot/html-balanced/mostynbooks/20230402_create-a-linkedin-profile-for-you.html.gz	863733
20230430132733	https://www.fiverr.com/aminesta/provide-a-high-quality-transcription-for-english-and-french-audio-and-video	200	data/pilot/html-balanced/aminesta/20230430_provide-a-high-quality-transcription-for-english-and-french-audio-and-video.html.gz	883066
20230401103006	https://www.fiverr.com/kellab60/create-a-fully-produced-audio-ad	200	data/pilot/html-balanced/kellab60/20230401_create-a-fully-produced-audio-ad.html.gz	792218
20211205173059	https://www.fiverr.com/jelkin/create-clickbank-affiliate-website-for-passive-profits	200	data/pilot/html-balanced/jelkin/20211205_create-clickbank-affiliate-website-for-passive-profits.html.gz	471853
20230401012749	https://www.fiverr.com/mclabzsolutions/create-an-amazing-animated-gif-banner	200	data/pilot/html-balanced/mclabzsolutions/20230401_create-an-amazing-animated-gif-banner.html.gz	827097
20230520050035	https://www.fiverr.com/poliedricsimo/make-unique-ukulele-arrangements-of-every-song	200	data/pilot/html-balanced/poliedricsimo/20230520_make-unique-ukulele-arrangements-of-every-song.html.gz	839420
20230402031726	https://www.fiverr.com/writemealetter/book-you-on-at-least-2-podcast-shows	200	data/pilot/html-balanced/writemealetter/20230402_book-you-on-at-least-2-podcast-shows.html.gz	733813
20230511032449	https://www.fiverr.com/mek_4real/write-rap-and-record-a-song-cover-or-verse	200	data/pilot/html-balanced/mek_4real/20230511_write-rap-and-record-a-song-cover-or-verse.html.gz	798095
20230407040851	https://www.fiverr.com/khista/provide-professional-web-design-and-create-you-a-great-website	200	data/pilot/html-balanced/khista/20230407_provide-professional-web-design-and-create-you-a-great-website.html.gz	833445
20230409124207	https://www.fiverr.com/denkravets/create-engaging-instagram-video-ad	200	data/pilot/html-balanced/denkravets/20230409_create-engaging-instagram-video-ad.html.gz	667516
20230429022028	https://www.fiverr.com/raselhasan904/photoshop-white-or-transparent-background	200	data/pilot/html-balanced/raselhasan904/20230429_photoshop-white-or-transparent-background.html.gz	828610
20230502223119	https://www.fiverr.com/alirojasvt/record-your-spanish-voice-over-fast	200	data/pilot/html-balanced/alirojasvt/20230502_record-your-spanish-voice-over-fast.html.gz	899090
20230417134644	https://www.fiverr.com/clarkcaseyvo/record-professional-american-male-voice-over-today	200	data/pilot/html-balanced/clarkcaseyvo/20230417_record-professional-american-male-voice-over-today.html.gz	942750
20230515191925	https://www.fiverr.com/reimarketingpro/do-text-marketing-for-your-real-estate-wholesale-business	200	data/pilot/html-balanced/reimarketingpro/20230515_do-text-marketing-for-your-real-estate-wholesale-business.html.gz	787331
20230427110646	https://www.fiverr.com/wasifnisarx/make-top-10-youtube-videos-with-free-script-and-voice-over	200	data/pilot/html-balanced/wasifnisarx/20230427_make-top-10-youtube-videos-with-free-script-and-voice-over.html.gz	814428
20230401001530	https://www.fiverr.com/nikolaaus/do-svg-animation-for-your-web-diagram-infografic-interactive-map-from-vector	200	data/pilot/html-balanced/nikolaaus/20230401_do-svg-animation-for-your-web-diagram-infografic-interactive-map-from-vector.html.gz	935361
20230417231802	https://www.fiverr.com/krystalpenney/design-your-surreal-vintage-album-cover-or-single-artwork	200	data/pilot/html-balanced/krystalpenney/20230417_design-your-surreal-vintage-album-cover-or-single-artwork.html.gz	897919
20230429111521	https://www.fiverr.com/bolabasha/transcript-video-or-audio-in-english-or-arabic	200	data/pilot/html-balanced/bolabasha/20230429_transcript-video-or-audio-in-english-or-arabic.html.gz	830467
20230630203727	https://www.fiverr.com/mattbailey411/review-hip-hop-albums-eps-and-beat-tapes	200	data/pilot/html-balanced/mattbailey411/20230630_review-hip-hop-albums-eps-and-beat-tapes.html.gz	608475
20230504150330	https://www.fiverr.com/sushilsth/install-google-analytics-dynamic-remarketing-gtm	200	data/pilot/html-balanced/sushilsth/20230504_install-google-analytics-dynamic-remarketing-gtm.html.gz	819385
20230402005912	https://www.fiverr.com/oskhan/design-prospectus-brochure-magazine-book-cover-menu-card	200	data/pilot/html-balanced/oskhan/20230402_design-prospectus-brochure-magazine-book-cover-menu-card.html.gz	807917
20230402110021	https://www.fiverr.com/sajeebnatore/reskin-or-setup-codecanyon-android-and-php-projects	200	data/pilot/html-balanced/sajeebnatore/20230402_reskin-or-setup-codecanyon-android-and-php-projects.html.gz	912938
20230402131955	https://www.fiverr.com/daniyalhussain/transcribe-your-work-25-mins	200	data/pilot/html-balanced/daniyalhussain/20230402_transcribe-your-work-25-mins.html.gz	892960
20230616231059	https://www.fiverr.com/morena2003/create-riveting-social-media-copy	200	data/pilot/html-balanced/morena2003/20230616_create-riveting-social-media-copy.html.gz	855498
20230608115750	https://www.fiverr.com/designer168/design-a-layout-for-your-kitchen	200	data/pilot/html-balanced/designer168/20230608_design-a-layout-for-your-kitchen.html.gz	930609
20230518051000	https://www.fiverr.com/webfivez/write-professional-press-release-and-do-premium-distribution	200	data/pilot/html-balanced/webfivez/20230518_write-professional-press-release-and-do-premium-distribution.html.gz	803094
20230406151410	https://www.fiverr.com/bobooks/design-a-professional-fantasy-book-cover-f65c3100-7616-421d-8194-8ac8d120c142	200	data/pilot/html-balanced/bobooks/20230406_design-a-professional-fantasy-book-cover-f65c3100-7616-421d-8194-8ac8d120c142.html.gz	927840
20230402034240	https://www.fiverr.com/tulytan/translate-en-to-th-500-words-less-than-24hrs	200	data/pilot/html-balanced/tulytan/20230402_translate-en-to-th-500-words-less-than-24hrs.html.gz	860424
20230419104916	https://www.fiverr.com/lawrencejcooper/create-high-quality-voice-over-recordings	200	data/pilot/html-balanced/lawrencejcooper/20230419_create-high-quality-voice-over-recordings.html.gz	953085
20230421191330	https://www.fiverr.com/afikhabaz/create-a-custom-website-with-html-css-js	404		0
20230402030456	https://www.fiverr.com/milovanm/help-you-with-your-gtm-and-conversion-tracking-needs	200	data/pilot/html-balanced/milovanm/20230402_help-you-with-your-gtm-and-conversion-tracking-needs.html.gz	783121
20230401155209	https://www.fiverr.com/avrimusic/cut-mix-songs-for-you-performance-dance-cheer	200	data/pilot/html-balanced/avrimusic/20230401_cut-mix-songs-for-you-performance-dance-cheer.html.gz	782784
20230505112329	https://www.fiverr.com/iamgigpower/format-your-book-for-createspace-and-amazon-print	200	data/pilot/html-balanced/iamgigpower/20230505_format-your-book-for-createspace-and-amazon-print.html.gz	920003
20230402131128	https://www.fiverr.com/komdee/make-power-point-presentations-in-1-hour	200	data/pilot/html-balanced/komdee/20230402_make-power-point-presentations-in-1-hour.html.gz	867430
20230513034100	https://www.fiverr.com/pichuuuu/remix-or-flip-any-sample-or-song-into-a-drill-beat	200	data/pilot/html-balanced/pichuuuu/20230513_remix-or-flip-any-sample-or-song-into-a-drill-beat.html.gz	784575
20230403022134	https://www.fiverr.com/waleedppcexpert/setup-manage-and-optimize-google-ads-adwords-ppc-campaigns	200	data/pilot/html-balanced/waleedppcexpert/20230403_setup-manage-and-optimize-google-ads-adwords-ppc-campaigns.html.gz	914982
20230401014841	https://www.fiverr.com/santoshkumarsrv/create-videos-for-your-youtube-channel	200	data/pilot/html-balanced/santoshkumarsrv/20230401_create-videos-for-your-youtube-channel.html.gz	809823
20230409163207	https://www.fiverr.com/kawsarrepon164/do-vista-print-moo-print-and-gold-foil-business-card-design	200	data/pilot/html-balanced/kawsarrepon164/20230409_do-vista-print-moo-print-and-gold-foil-business-card-design.html.gz	828107
20230519143320	https://www.fiverr.com/zain1111/provide-bookkeeping-on-quickbooks-online	200	data/pilot/html-balanced/zain1111/20230519_provide-bookkeeping-on-quickbooks-online.html.gz	937072
20230402091736	https://www.fiverr.com/mayamiko/provide-you-with-full-rap-song-lyrics-on-any-themesubject	200	data/pilot/html-balanced/mayamiko/20230402_provide-you-with-full-rap-song-lyrics-on-any-themesubject.html.gz	901825
20230427130621	https://www.fiverr.com/seiromem/listen-to-your-song-and-give-you-constructive-feedback	200	data/pilot/html-balanced/seiromem/20230427_listen-to-your-song-and-give-you-constructive-feedback.html.gz	745509
20230401223616	https://www.fiverr.com/ragil_studio/draw-nft-art-mascot-cartoon-avatar-illustration	200	data/pilot/html-balanced/ragil_studio/20230401_draw-nft-art-mascot-cartoon-avatar-illustration.html.gz	901447
20230401231937	https://www.fiverr.com/umair_malik_1/design-youtube-banner-for-you	200	data/pilot/html-balanced/umair_malik_1/20230401_design-youtube-banner-for-you.html.gz	899380
20230513022828	https://www.fiverr.com/arslanmehdi/create-slideshow-with-voice-over-using-your-article	200	data/pilot/html-balanced/arslanmehdi/20230513_create-slideshow-with-voice-over-using-your-article.html.gz	852308
20230402023906	https://www.fiverr.com/gracemercy_/setup-profitable-clickbank-affiliate-marketing-sales-funnel-affiliate-marketing	200	data/pilot/html-balanced/gracemercy_/20230402_setup-profitable-clickbank-affiliate-marketing-sales-funnel-affiliate-marketing.html.gz	893458
20230426030524	https://www.fiverr.com/alijaved3/search-niche-based-instagram-influencer-to-grow-your-account	200	data/pilot/html-balanced/alijaved3/20230426_search-niche-based-instagram-influencer-to-grow-your-account.html.gz	807864
20230406173152	https://www.fiverr.com/germancreative/design-creative-ebook-cover	200	data/pilot/html-balanced/germancreative/20230406_design-creative-ebook-cover.html.gz	838019
20230524151428	https://www.fiverr.com/nerdmilkstudios/professionally-mix-your-song-or-audio-in-less-than-24-hours	200	data/pilot/html-balanced/nerdmilkstudios/20230524_professionally-mix-your-song-or-audio-in-less-than-24-hours.html.gz	926947
20230512004302	https://www.fiverr.com/blizaardy/create-animated-steam-artwork-with-effects	200	data/pilot/html-balanced/blizaardy/20230512_create-animated-steam-artwork-with-effects.html.gz	826624
20230402193930	https://www.fiverr.com/javeriahjaved/design-a-unique-sports-mascot-esports-and-gaming-logo	200	data/pilot/html-balanced/javeriahjaved/20230402_design-a-unique-sports-mascot-esports-and-gaming-logo.html.gz	933701
20230625122118	https://www.fiverr.com/valiantprove/do-bulk-email-blast-for-your-email-campaign-email-marketing	200	data/pilot/html-balanced/valiantprove/20230625_do-bulk-email-blast-for-your-email-campaign-email-marketing.html.gz	603095
20230402053803	https://www.fiverr.com/noirparliament/create-30-business-name-brand-name-company-name-ideas	200	data/pilot/html-balanced/noirparliament/20230402_create-30-business-name-brand-name-company-name-ideas.html.gz	876294
20230403070913	https://www.fiverr.com/bolt_runner/create-a-south-park-style-animation	200	data/pilot/html-balanced/bolt_runner/20230403_create-a-south-park-style-animation.html.gz	873929
20230714105603	https://www.fiverr.com/alexandrabalt/design-fashionable-jewelry-pieces-and-collections	200	data/pilot/html-balanced/alexandrabalt/20230714_design-fashionable-jewelry-pieces-and-collections.html.gz	873301
20230505172150	https://www.fiverr.com/beecampbell/create-stellar-cover-letter-to-land-your-next-job	200	data/pilot/html-balanced/beecampbell/20230505_create-stellar-cover-letter-to-land-your-next-job.html.gz	792661
20230404121558	https://www.fiverr.com/top_web_design/design-wix-website-redesign-wix-website-wix-ecommerce-website	200	data/pilot/html-balanced/top_web_design/20230404_design-wix-website-redesign-wix-website-wix-ecommerce-website.html.gz	849614
20230408085354	https://www.fiverr.com/divyang2811/fix-html-css-bootstrap-js-php-laravel-ci-wordpress-shopify-bugs	200	data/pilot/html-balanced/divyang2811/20230408_fix-html-css-bootstrap-js-php-laravel-ci-wordpress-shopify-bugs.html.gz	904531
20230715014308	https://www.fiverr.com/annievolk/do-professional-photo-and-video-with-models-in-nyc	200	data/pilot/html-balanced/annievolk/20230715_do-professional-photo-and-video-with-models-in-nyc.html.gz	852771
20230714123929	https://www.fiverr.com/kup1986/consult-with-or-review-your-marketing-initiatives	200	data/pilot/html-balanced/kup1986/20230714_consult-with-or-review-your-marketing-initiatives.html.gz	933994
20230714205035	https://www.fiverr.com/marcelomascetti/professionally-mix-and-master-your-song-or-album	200	data/pilot/html-balanced/marcelomascetti/20230714_professionally-mix-and-master-your-song-or-album.html.gz	971217
20230714154747	https://www.fiverr.com/anadiasbiotec/create-engaging-social-media-copy-health-sciences	200	data/pilot/html-balanced/anadiasbiotec/20230714_create-engaging-social-media-copy-health-sciences.html.gz	851939
20230714182721	https://www.fiverr.com/nipunx/prepare-and-provide-youtube-videos-ready-to-upload	200	data/pilot/html-balanced/nipunx/20230714_prepare-and-provide-youtube-videos-ready-to-upload.html.gz	866663
20230827182032	https://www.fiverr.com/jonaskaudio/do-a-german-voice-over-for-your-project	200	data/pilot/html-balanced/jonaskaudio/20230827_do-a-german-voice-over-for-your-project.html.gz	984823
20230714213236	https://www.fiverr.com/davidstrutt/edit-and-process-your-video-or-audio-podcast	200	data/pilot/html-balanced/davidstrutt/20230714_edit-and-process-your-video-or-audio-podcast.html.gz	917760
20230724105516	https://www.fiverr.com/medbakka/build-funnels-in-clickfunnels-sales-funnel-and-landing-page	200	data/pilot/html-balanced/medbakka/20230724_build-funnels-in-clickfunnels-sales-funnel-and-landing-page.html.gz	983827
20230715120159	https://www.fiverr.com/hassan_gull/do-editorial-fashion-beauty-photo-retouch-and-enhancement-9fa7	200	data/pilot/html-balanced/hassan_gull/20230715_do-editorial-fashion-beauty-photo-retouch-and-enhancement-9fa7.html.gz	964978
20230913182823	https://www.fiverr.com/seo_seller01/do-high-quality-da-80-to-90-permanent-white-hat-seo-dofollow-backlinks	200	data/pilot/html-balanced/seo_seller01/20230913_do-high-quality-da-80-to-90-permanent-white-hat-seo-dofollow-backlinks.html.gz	905335
20230728030535	https://www.fiverr.com/mustafizur_r/setup-bing-ads-ppc-campaign	200	data/pilot/html-balanced/mustafizur_r/20230728_setup-bing-ads-ppc-campaign.html.gz	903727
20230726121734	https://www.fiverr.com/email_hunting/do-email-list-building-lead-generation-and-data-scraping	200	data/pilot/html-balanced/email_hunting/20230726_do-email-list-building-lead-generation-and-data-scraping.html.gz	978265
20230918220746	https://www.fiverr.com/sprolive/do-fiverr-gig-promotion-with-seo-strategy	200	data/pilot/html-balanced/sprolive/20230918_do-fiverr-gig-promotion-with-seo-strategy.html.gz	937421
20230714084514	https://www.fiverr.com/dyscfx/design-a-unique-rust-server-banner	200	data/pilot/html-balanced/dyscfx/20230714_design-a-unique-rust-server-banner.html.gz	853391
20230714110824	https://www.fiverr.com/awaisshab117/provides-high-authority-da-90-plus-seo-dofollow-backlinks	200	data/pilot/html-balanced/awaisshab117/20230714_provides-high-authority-da-90-plus-seo-dofollow-backlinks.html.gz	941517
20230724051717	https://www.fiverr.com/eightyeightdes/create-custom-chibi-animated-twitch-emotes	200	data/pilot/html-balanced/eightyeightdes/20230724_create-custom-chibi-animated-twitch-emotes.html.gz	1013155
20230714200457	https://www.fiverr.com/mian_khan_/remove-and-replace-objects-from-your-photo-or-video	200	data/pilot/html-balanced/mian_khan_/20230714_remove-and-replace-objects-from-your-photo-or-video.html.gz	838831
20230930070708	https://www.fiverr.com/tristanpiater/code-you-your-own-python-javascript-or-c-script	200	data/pilot/html-balanced/tristanpiater/20230930_code-you-your-own-python-javascript-or-c-script.html.gz	911835
20230714230334	https://www.fiverr.com/happycode/create-a-custom-theme-of-your-choice-for-your-shopify-website	200	data/pilot/html-balanced/happycode/20230714_create-a-custom-theme-of-your-choice-for-your-shopify-website.html.gz	981659
20230810105300	https://www.fiverr.com/uwanikoq/draw-cute-custom-emotes-or-badges-for-twitch-youtube-discord	200	data/pilot/html-balanced/uwanikoq/20230810_draw-cute-custom-emotes-or-badges-for-twitch-youtube-discord.html.gz	1004514
20230718084247	https://www.fiverr.com/riyadbiswas/design-gift-card-gift-voucher-and-business-card	200	data/pilot/html-balanced/riyadbiswas/20230718_design-gift-card-gift-voucher-and-business-card.html.gz	949373
20230718034028	https://www.fiverr.com/talhadanial/do-sql-queries-database-projects-and-er-diagrams-for-you	200	data/pilot/html-balanced/talhadanial/20230718_do-sql-queries-database-projects-and-er-diagrams-for-you.html.gz	933719
20230720101429	https://www.fiverr.com/poojarajendr615/create-customized-dance-choreographies-and-dance-fitness-videos	200	data/pilot/html-balanced/poojarajendr615/20230720_create-customized-dance-choreographies-and-dance-fitness-videos.html.gz	908627
20230714195411	https://www.fiverr.com/warraichgroup/make-top-notch-cinematic-commercial-book-trailer	200	data/pilot/html-balanced/warraichgroup/20230714_make-top-notch-cinematic-commercial-book-trailer.html.gz	935784
20230714124406	https://www.fiverr.com/pj_wycech/teach-you-facebook-ads	200	data/pilot/html-balanced/pj_wycech/20230714_teach-you-facebook-ads.html.gz	905681
20230724025723	https://www.fiverr.com/daphneeve/provide-quality-english-to-german-translations	200	data/pilot/html-balanced/daphneeve/20230724_provide-quality-english-to-german-translations.html.gz	981943
20230714212214	https://www.fiverr.com/hugo_voix/record-my-voice-for-your-video-project-in-french	200	data/pilot/html-balanced/hugo_voix/20230714_record-my-voice-for-your-video-project-in-french.html.gz	971149
20230715032114	https://www.fiverr.com/howell_marketin/do-order-fulfillment-both-virtual-and-in-person	200	data/pilot/html-balanced/howell_marketin/20230715_do-order-fulfillment-both-virtual-and-in-person.html.gz	816448
20230714170637	https://www.fiverr.com/zombieatelier/create-and-edit-mogrt-lower-thirds-titles-for-premiere-pro	200	data/pilot/html-balanced/zombieatelier/20230714_create-and-edit-mogrt-lower-thirds-titles-for-premiere-pro.html.gz	833126
20230714205101	https://www.fiverr.com/jimistudios/master-your-music-professionally	200	data/pilot/html-balanced/jimistudios/20230714_master-your-music-professionally.html.gz	945219
20230917232139	https://www.fiverr.com/adambodini757/create-a-tailored-marketing-strategy-for-your-business	200	data/pilot/html-balanced/adambodini757/20230917_create-a-tailored-marketing-strategy-for-your-business.html.gz	908184
20230714180303	https://www.fiverr.com/digital_lab1992/30-2-hours-lullaby-baby-sleep-relaxing-videos-with-youtube-channel	200	data/pilot/html-balanced/digital_lab1992/20230714_30-2-hours-lullaby-baby-sleep-relaxing-videos-with-youtube-channel.html.gz	871175
20230404185129	https://www.fiverr.com/ashter_munir/do-high-quality-video-editing	200	data/pilot/html-balanced/ashter_munir/20230404_do-high-quality-video-editing.html.gz	941431
20230808004243	https://www.fiverr.com/priyamkakati46/do-deep-learning-project	200	data/pilot/html-balanced/priyamkakati46/20230808_do-deep-learning-project.html.gz	782874
20230908144626	https://www.fiverr.com/shoaib_tub/do-viral-your-youtube-vedio	200	data/pilot/html-balanced/shoaib_tub/20230908_do-viral-your-youtube-vedio.html.gz	927878
20230819114046	https://www.fiverr.com/juliasolomakha/translateenglish-to-russian-manually	200	data/pilot/html-balanced/juliasolomakha/20230819_translateenglish-to-russian-manually.html.gz	897826
20230915014534	https://www.fiverr.com/asmaislam1989/do-app-localization-and-translation	200	data/pilot/html-balanced/asmaislam1989/20230915_do-app-localization-and-translation.html.gz	767185
20230714205306	https://www.fiverr.com/tcraven/mix-and-master-your-song-as-a-professional-mix-engineer	200	data/pilot/html-balanced/tcraven/20230714_mix-and-master-your-song-as-a-professional-mix-engineer.html.gz	923152
20230714221711	https://www.fiverr.com/lupariamusic/design-synth-sounds-and-presets-for-you	200	data/pilot/html-balanced/lupariamusic/20230714_design-synth-sounds-and-presets-for-you.html.gz	803268
20230714213759	https://www.fiverr.com/omnihelix/edit-and-master-your-audiobook-for-acx-and-audible	200	data/pilot/html-balanced/omnihelix/20230714_edit-and-master-your-audiobook-for-acx-and-audible.html.gz	878631
20230714091149	https://www.fiverr.com/waziullah/design-brochure-product-catalog-booklet	200	data/pilot/html-balanced/waziullah/20230714_design-brochure-product-catalog-booklet.html.gz	889616
20230715042709	https://www.fiverr.com/juliamcgiv3ron/assist-you-in-planning-marketing-and-promoting-your-event	200	data/pilot/html-balanced/juliamcgiv3ron/20230715_assist-you-in-planning-marketing-and-promoting-your-event.html.gz	813562
20230830074711	https://www.fiverr.com/nevlin18/design-and-code-your-html-marketing-email	200	data/pilot/html-balanced/nevlin18/20230830_design-and-code-your-html-marketing-email.html.gz	1004009
20230724121349	https://www.fiverr.com/hilaldeveloper/integrate-fix-or-develop-custom-web-api	200	data/pilot/html-balanced/hilaldeveloper/20230724_integrate-fix-or-develop-custom-web-api.html.gz	973818
20230805153729	https://www.fiverr.com/juuhanda/create-a-2d-animation-with-the-best-quality-from-a-photo-or-painting	200	data/pilot/html-balanced/juuhanda/20230805_create-a-2d-animation-with-the-best-quality-from-a-photo-or-painting.html.gz	874153
20230727103254	https://www.fiverr.com/philrowe461/record-your-welsh-accent-voice-over-e25f	200	data/pilot/html-balanced/philrowe461/20230727_record-your-welsh-accent-voice-over-e25f.html.gz	1007184
20230827034211	https://www.fiverr.com/farmanali508/design-your-real-estate-website-in-wordpress-and-wix	200	data/pilot/html-balanced/farmanali508/20230827_design-your-real-estate-website-in-wordpress-and-wix.html.gz	1011992
20230717195701	https://www.fiverr.com/bsrkck/translate-english-to-turkish-or-turkish-to-english	200	data/pilot/html-balanced/bsrkck/20230717_translate-english-to-turkish-or-turkish-to-english.html.gz	950882
20230702134858	https://www.fiverr.com/rasel3465/do-html-landing-page-psd-xd-sketch-figma-to-html-convert	200	data/pilot/html-balanced/rasel3465/20230702_do-html-landing-page-psd-xd-sketch-figma-to-html-convert.html.gz	450303
20230728071023	https://www.fiverr.com/studio_promo/custom-crowdfunding-kickstarter-promo-video	200	data/pilot/html-balanced/studio_promo/20230728_custom-crowdfunding-kickstarter-promo-video.html.gz	904079
20230827121645	https://www.fiverr.com/metrocreative/create-cinematic-fashion-videos	200	data/pilot/html-balanced/metrocreative/20230827_create-cinematic-fashion-videos.html.gz	850484
20230806143309	https://www.fiverr.com/hammad_33/do-social-media-management-and-content-creation	200	data/pilot/html-balanced/hammad_33/20230806_do-social-media-management-and-content-creation.html.gz	940404
20230907224147	https://www.fiverr.com/marcorovinelli/the-right-drum-track-for-your-music	200	data/pilot/html-balanced/marcorovinelli/20230907_the-right-drum-track-for-your-music.html.gz	991338
20230714224833	https://www.fiverr.com/aj_websolution/setup-your-shopify-store-or-shopify-website	200	data/pilot/html-balanced/aj_websolution/20230714_setup-your-shopify-store-or-shopify-website.html.gz	994290
20230802040418	https://www.fiverr.com/sumon369/design-facebook-ads-fb-cover-banner-or-post-images	200	data/pilot/html-balanced/sumon369/20230802_design-facebook-ads-fb-cover-banner-or-post-images.html.gz	932638
20230719172939	https://www.fiverr.com/josenroy/do-youtube-video-promotion	200	data/pilot/html-balanced/josenroy/20230719_do-youtube-video-promotion.html.gz	935646
20230725084704	https://www.fiverr.com/joshpaulino/sing-pro-raspy-harsh-pop-eletronic-vocals-for-your-song	200	data/pilot/html-balanced/joshpaulino/20230725_sing-pro-raspy-harsh-pop-eletronic-vocals-for-your-song.html.gz	942270
20230714104931	https://www.fiverr.com/mohamedsaif228/make-any-3d-fashion-designs-patterns-and-tech-pack	200	data/pilot/html-balanced/mohamedsaif228/20230714_make-any-3d-fashion-designs-patterns-and-tech-pack.html.gz	865337
20230404121105	https://www.fiverr.com/usamatanveerw4/design-and-customize-a-wordpress-website	200	data/pilot/html-balanced/usamatanveerw4/20230404_design-and-customize-a-wordpress-website.html.gz	961950
20230710185055	https://www.fiverr.com/jacob21/do-seo-analysis-of-your-website	200	data/pilot/html-balanced/jacob21/20230710_do-seo-analysis-of-your-website.html.gz	959731
20230730171913	https://www.fiverr.com/andresbett/do-the-voiceover-you-need-for-your-project-in-latin-spanish	200	data/pilot/html-balanced/andresbett/20230730_do-the-voiceover-you-need-for-your-project-in-latin-spanish.html.gz	907983
20231001094843	https://www.fiverr.com/tompeyton/be-your-linkedin-ads-and-marketing-consultant	200	data/pilot/html-balanced/tompeyton/20231001_be-your-linkedin-ads-and-marketing-consultant.html.gz	979191
20230812185317	https://www.fiverr.com/acelawla/convert-your-audio-to-mp4-to-upload-on-youtube	200	data/pilot/html-balanced/acelawla/20230812_convert-your-audio-to-mp4-to-upload-on-youtube.html.gz	977096
20230826012851	https://www.fiverr.com/michelmlara/do-3d-models-for-3d-printing-detailed-sculpture-models	200	data/pilot/html-balanced/michelmlara/20230826_do-3d-models-for-3d-printing-detailed-sculpture-models.html.gz	911156
20231022140500	https://www.fiverr.com/riyad0097/design-any-sports-flyer-within-24-hours	200	data/pilot/html-balanced/riyad0097/20231022_design-any-sports-flyer-within-24-hours.html.gz	975811
20230714113225	https://www.fiverr.com/youtube_coach/be-your-youtube-video-seo-expert	200	data/pilot/html-balanced/youtube_coach/20230714_be-your-youtube-video-seo-expert.html.gz	896423
20231212202655	https://www.fiverr.com/ghaziseo/make-100-permanent-german-seo-backlinks-on-de-site	200	data/pilot/html-balanced/ghaziseo/20231212_make-100-permanent-german-seo-backlinks-on-de-site.html.gz	973617
20231002193536	https://www.fiverr.com/gurulaura/prepare-legal-document-lawsuits-complaint-motions	200	data/pilot/html-balanced/gurulaura/20231002_prepare-legal-document-lawsuits-complaint-motions.html.gz	935125
20231224092846	https://www.fiverr.com/voidln/animate-anything-you-need-on-roblox	200	data/pilot/html-balanced/voidln/20231224_animate-anything-you-need-on-roblox.html.gz	1015477
20231109055942	https://www.fiverr.com/hsnfarooq/design-and-fix-html-css-bootstrap-and-javascript-web-pages	200	data/pilot/html-balanced/hsnfarooq/20231109_design-and-fix-html-css-bootstrap-and-javascript-web-pages.html.gz	1084607
20231028035426	https://www.fiverr.com/tonnibacklink24/build-500k-dofollow-seo-high-quality-backlinks	200	data/pilot/html-balanced/tonnibacklink24/20231028_build-500k-dofollow-seo-high-quality-backlinks.html.gz	939909
20231001145027	https://www.fiverr.com/vicky084/write-your-blogs-and-articles	200	data/pilot/html-balanced/vicky084/20231001_write-your-blogs-and-articles.html.gz	918154
20231219124530	https://www.fiverr.com/mahsan162/find-hot-winning-shopify-products-for-aliexpress-dropshipping-website-store	200	data/pilot/html-balanced/mahsan162/20231219_find-hot-winning-shopify-products-for-aliexpress-dropshipping-website-store.html.gz	968536
20231025042244	https://www.fiverr.com/usama_studio2/be-your-mobile-app-developer-or-do-android-app-development-in-android-studio	200	data/pilot/html-balanced/usama_studio2/20231025_be-your-mobile-app-developer-or-do-android-app-development-in-android-studio.html.gz	975753
20230715044424	https://www.fiverr.com/growtbusiness/send-250-chat-gpt-prompts-to-30x-your-marketing-skills	200	data/pilot/html-balanced/growtbusiness/20230715_send-250-chat-gpt-prompts-to-30x-your-marketing-skills.html.gz	805465
20231012201752	https://www.fiverr.com/yilisha/create-beautiful-original-chinese-calligraphy	200	data/pilot/html-balanced/yilisha/20231012_create-beautiful-original-chinese-calligraphy.html.gz	829427
20231206193139	https://www.fiverr.com/exitmedia/create-animated-gif-or-lottie-json-svg-animation-for-web-and-mobile-app	200	data/pilot/html-balanced/exitmedia/20231206_create-animated-gif-or-lottie-json-svg-animation-for-web-and-mobile-app.html.gz	1093023
20231006025325	https://www.fiverr.com/jingyeong123/translate-english-to-korean	200	data/pilot/html-balanced/jingyeong123/20231006_translate-english-to-korean.html.gz	971434
20231002213932	https://www.fiverr.com/altaf_ahmed1122/do-product-scraping-web-scraping-image-scraping	200	data/pilot/html-balanced/altaf_ahmed1122/20231002_do-product-scraping-web-scraping-image-scraping.html.gz	899724
20231001121204	https://www.fiverr.com/kellymcknigh473/create-ugc-tiktok-video-ads-as-your-personal-spoksperson-middle-age-mom	200	data/pilot/html-balanced/kellymcknigh473/20231001_create-ugc-tiktok-video-ads-as-your-personal-spoksperson-middle-age-mom.html.gz	1080421
20231027155654	https://www.fiverr.com/bluston/edit-and-proofread-your-document	200	data/pilot/html-balanced/bluston/20231027_edit-and-proofread-your-document.html.gz	833282
20231001182624	https://www.fiverr.com/ali_ontheguitar/make-lofi-jazz-music-with-full-rights-using-live-instruments-no-samples	200	data/pilot/html-balanced/ali_ontheguitar/20231001_make-lofi-jazz-music-with-full-rights-using-live-instruments-no-samples.html.gz	987219
20231001191902	https://www.fiverr.com/ondadevoz/cunas-de-radio-publicidad-audiolibros-doblaje	200	data/pilot/html-balanced/ondadevoz/20231001_cunas-de-radio-publicidad-audiolibros-doblaje.html.gz	977989
20231002004041	https://www.fiverr.com/weperfectionist/do-minimalist-logo-design	200	data/pilot/html-balanced/weperfectionist/20231002_do-minimalist-logo-design.html.gz	1069002
20231001124005	https://www.fiverr.com/vfx_sami/create-fully-animated-custom-steam-artwork-for-your-steam-profile-2cdb	200	data/pilot/html-balanced/vfx_sami/20231001_create-fully-animated-custom-steam-artwork-for-your-steam-profile-2cdb.html.gz	1058078
20231112071918	https://www.fiverr.com/sutashi17/make-a-fantasy-pet-portrait	200	data/pilot/html-balanced/sutashi17/20231112_make-a-fantasy-pet-portrait.html.gz	1056495
20231001140731	https://www.fiverr.com/berglowefilms/make-gta-v-cinematic-trailers	200	data/pilot/html-balanced/berglowefilms/20231001_make-gta-v-cinematic-trailers.html.gz	914541
20231001085247	https://www.fiverr.com/jsdeveloper_/web3-ethereum-smartcontract-blockchain-nft-erc20-erc721	200	data/pilot/html-balanced/jsdeveloper_/20231001_web3-ethereum-smartcontract-blockchain-nft-erc20-erc721.html.gz	988106
20231001185624	https://www.fiverr.com/eleanorgriff/record-a-fresh-professional-female-british-voiceover	200	data/pilot/html-balanced/eleanorgriff/20231001_record-a-fresh-professional-female-british-voiceover.html.gz	1080917
20231002221647	https://www.fiverr.com/nakawsar/build-optimized-airtable-bases-and-automate-with-block-zapier	200	data/pilot/html-balanced/nakawsar/20231002_build-optimized-airtable-bases-and-automate-with-block-zapier.html.gz	938017
20231008102625	https://www.fiverr.com/creationmufu/create-landing-pages-emai-campaing-automation-in-kajabi	200	data/pilot/html-balanced/creationmufu/20231008_create-landing-pages-emai-campaing-automation-in-kajabi.html.gz	1023008
20231009034513	https://www.fiverr.com/lasthart/draw-cartoon-portrait-based-podcast-cover-art	200	data/pilot/html-balanced/lasthart/20231009_draw-cartoon-portrait-based-podcast-cover-art.html.gz	1002305
20231001131947	https://www.fiverr.com/creative_john1/create-a-captivating-promotional-or-explainer-video	200	data/pilot/html-balanced/creative_john1/20231001_create-a-captivating-promotional-or-explainer-video.html.gz	961003
20231001130413	https://www.fiverr.com/masdeny/create-a-drone-video-in-malang-indonesia	200	data/pilot/html-balanced/masdeny/20231001_create-a-drone-video-in-malang-indonesia.html.gz	938332
20231223083012	https://www.fiverr.com/felix_anderson0/do-clickbank-affiliate-marketing-sales-funnel-affiliate-link-promotion	200	data/pilot/html-balanced/felix_anderson0/20231223_do-clickbank-affiliate-marketing-sales-funnel-affiliate-link-promotion.html.gz	965909
20231002195428	https://www.fiverr.com/mary_matty/setup-honeybook-automations-dubsado-and-workflows	200	data/pilot/html-balanced/mary_matty/20231002_setup-honeybook-automations-dubsado-and-workflows.html.gz	895519
20231230093248	https://www.fiverr.com/jadens_/grow-onlyfans-business-adult-web-link-promotion-via-reddit-marketing-and-twitter	200	data/pilot/html-balanced/jadens_/20231230_grow-onlyfans-business-adult-web-link-promotion-via-reddit-marketing-and-twitter.html.gz	979751
20231105205840	https://www.fiverr.com/shaileshputhran/create-a-full-logo-design-including-extras	200	data/pilot/html-balanced/shaileshputhran/20231105_create-a-full-logo-design-including-extras.html.gz	1036132
20231021031349	https://www.fiverr.com/dogebao976/upload-all-your-nft-on-opensea-eth-or-matic-blockchain	200	data/pilot/html-balanced/dogebao976/20231021_upload-all-your-nft-on-opensea-eth-or-matic-blockchain.html.gz	1057299
20231008213845	https://www.fiverr.com/romibarba/sing-harmonies-and-backing-vocals-in-spanish	200	data/pilot/html-balanced/romibarba/20231008_sing-harmonies-and-backing-vocals-in-spanish.html.gz	1040601
20231019011724	https://www.fiverr.com/seo_mobi/contextual-dofollow-white-hat-seo-backlinks-authority-linkbuilding	200	data/pilot/html-balanced/seo_mobi/20231019_contextual-dofollow-white-hat-seo-backlinks-authority-linkbuilding.html.gz	985054
20231015224239	https://www.fiverr.com/ieva02/promote-your-song-to-5-million-audience-size	200	data/pilot/html-balanced/ieva02/20231015_promote-your-song-to-5-million-audience-size.html.gz	960638
20231001142222	https://www.fiverr.com/chamara_cstudio/create-wonderful-magazine-book-and-fashion-promo-video	200	data/pilot/html-balanced/chamara_cstudio/20231001_create-wonderful-magazine-book-and-fashion-promo-video.html.gz	954285
20231022144010	https://www.fiverr.com/lizyy_lyrics/do-blockchain-or-cryptocurrency-promotional-video	200	data/pilot/html-balanced/lizyy_lyrics/20231022_do-blockchain-or-cryptocurrency-promotional-video.html.gz	963069
20231001120928	https://www.fiverr.com/grantsvoice/produce-user-generated-content-type-ads-for-ugc-tiktoks-reels	200	data/pilot/html-balanced/grantsvoice/20231001_produce-user-generated-content-type-ads-for-ugc-tiktoks-reels.html.gz	1117364
20231013112123	https://www.fiverr.com/atlasi_designs/design-retro-typography-lettering-handwritten-and-font-logo	200	data/pilot/html-balanced/atlasi_designs/20231013_design-retro-typography-lettering-handwritten-and-font-logo.html.gz	960082
20231210002356	https://www.fiverr.com/danieltaranger/give-feedback-on-your-electronic-music	200	data/pilot/html-balanced/danieltaranger/20231210_give-feedback-on-your-electronic-music.html.gz	958636
20231001182132	https://www.fiverr.com/monlee_mane/write-love-song-inspirational-song-any-topic	200	data/pilot/html-balanced/monlee_mane/20231001_write-love-song-inspirational-song-any-topic.html.gz	1044821
20231001022839	https://www.fiverr.com/pussyacat/recreate-your-logo-or-image-in-vector-asap	200	data/pilot/html-balanced/pussyacat/20231001_recreate-your-logo-or-image-in-vector-asap.html.gz	1036872
20231002163104	https://www.fiverr.com/slake2/write-music-for-your-lyrics-acoustic-and-full-band-songwriter	200	data/pilot/html-balanced/slake2/20231002_write-music-for-your-lyrics-acoustic-and-full-band-songwriter.html.gz	1063857
20231122050353	https://www.fiverr.com/masabzaheer/do-anything-in-adobe-after-effect-and-animate-cc	200	data/pilot/html-balanced/masabzaheer/20231122_do-anything-in-adobe-after-effect-and-animate-cc.html.gz	1061152
20231001102542	https://www.fiverr.com/clara_mary_/do-sales-automated-for-clickbank-and-amazon-affiliate-marketing-sales-funnel	200	data/pilot/html-balanced/clara_mary_/20231001_do-sales-automated-for-clickbank-and-amazon-affiliate-marketing-sales-funnel.html.gz	1006261
20231121074219	https://www.fiverr.com/berzanonen/be-your-male-singer-and-songwriter	200	data/pilot/html-balanced/berzanonen/20231121_be-your-male-singer-and-songwriter.html.gz	1084204
20231003102806	https://www.fiverr.com/iqrahashmi46/customize-design-and-design-wix-website-professionally	200	data/pilot/html-balanced/iqrahashmi46/20231003_customize-design-and-design-wix-website-professionally.html.gz	987345
20231224214229	https://www.fiverr.com/photoediting2/do-professional-photoshop-editing-for-you	200	data/pilot/html-balanced/photoediting2/20231224_do-professional-photoshop-editing-for-you.html.gz	1104254
20231001183939	https://www.fiverr.com/mattheweveringh/clean-up-and-restore-poorly-recorded-audio	200	data/pilot/html-balanced/mattheweveringh/20231001_clean-up-and-restore-poorly-recorded-audio.html.gz	1026405
20231210032109	https://www.fiverr.com/shafayat_deo/do-data-formatting-and-cleansing-copy-paste-excel-data-entry-pdf-convertion	200	data/pilot/html-balanced/shafayat_deo/20231210_do-data-formatting-and-cleansing-copy-paste-excel-data-entry-pdf-convertion.html.gz	973959
20231008224046	https://www.fiverr.com/ingamar/narrate-your-fiction-or-nonfiction-audio-book	200	data/pilot/html-balanced/ingamar/20231008_narrate-your-fiction-or-nonfiction-audio-book.html.gz	871793
20231011120004	https://www.fiverr.com/mohid_afaq/do-product-photo-editing-photo-retouching-and-enhancement	200	data/pilot/html-balanced/mohid_afaq/20231011_do-product-photo-editing-photo-retouching-and-enhancement.html.gz	1066471
20231001183619	https://www.fiverr.com/michael7878/master-your-song-in-1-day	200	data/pilot/html-balanced/michael7878/20231001_master-your-song-in-1-day.html.gz	1059430
20231001165923	https://www.fiverr.com/customaura/create-an-engaging-ad-copy-for-your-facebook-ad	200	data/pilot/html-balanced/customaura/20231001_create-an-engaging-ad-copy-for-your-facebook-ad.html.gz	958953
20231203202342	https://www.fiverr.com/takakiso/offer-seo-friendly-translation-from-english-to-japanese	200	data/pilot/html-balanced/takakiso/20231203_offer-seo-friendly-translation-from-english-to-japanese.html.gz	968037
20231127075100	https://www.fiverr.com/waleed001/do-professional-video-editing-with-in-24-hours	200	data/pilot/html-balanced/waleed001/20231127_do-professional-video-editing-with-in-24-hours.html.gz	1076454
20231005002715	https://www.fiverr.com/adriebones/create-an-asmr-video-for-you	200	data/pilot/html-balanced/adriebones/20231005_create-an-asmr-video-for-you.html.gz	904441
20231002215054	https://www.fiverr.com/rabia_tariq/perform-web-scraping-email-lists-data-mining	200	data/pilot/html-balanced/rabia_tariq/20231002_perform-web-scraping-email-lists-data-mining.html.gz	914701
20231001031015	https://www.fiverr.com/cal5086/design-an-amazing-createspace-cover-for-your-novel	200	data/pilot/html-balanced/cal5086/20231001_design-an-amazing-createspace-cover-for-your-novel.html.gz	1045436
20240201124252	https://www.fiverr.com/akashabel/create-radio-jingles-for-you	200	data/pilot/html-balanced/akashabel/20240201_create-radio-jingles-for-you.html.gz	1195754
20240201122544	https://www.fiverr.com/juanps96/provide-a-professional-music-analysis	200	data/pilot/html-balanced/juanps96/20240201_provide-a-professional-music-analysis.html.gz	1166217
20240105054716	https://www.fiverr.com/solidcad/create-pro-shopify-website-design-or-build-shopify-dropshipping-store	200	data/pilot/html-balanced/solidcad/20240105_create-pro-shopify-website-design-or-build-shopify-dropshipping-store.html.gz	1138058
20240101135207	https://www.fiverr.com/saadrustum/originate-and-design-crypto-white-paper-for-cryptocurrency-and-blockchain-cc49	200	data/pilot/html-balanced/saadrustum/20240101_originate-and-design-crypto-white-paper-for-cryptocurrency-and-blockchain-cc49.html.gz	983510
20240101142313	https://www.fiverr.com/sinnsage/translate-to-brazilian-portuguese-japanese-or-english	200	data/pilot/html-balanced/sinnsage/20240101_translate-to-brazilian-portuguese-japanese-or-english.html.gz	972104
20240131101322	https://www.fiverr.com/tcomasstudio/create-a-4k-music-video-with-stunning-footage	200	data/pilot/html-balanced/tcomasstudio/20240131_create-a-4k-music-video-with-stunning-footage.html.gz	1186001
20240331035521	https://www.fiverr.com/fayazx/write-engaging-youtube-scripts-for-your-finance-channel	200	data/pilot/html-balanced/fayazx/20240331_write-engaging-youtube-scripts-for-your-finance-channel.html.gz	1200374
20240101104312	https://www.fiverr.com/natasha035/create-a-whiteboard-explainer-video-or-elearning-course	200	data/pilot/html-balanced/natasha035/20240101_create-a-whiteboard-explainer-video-or-elearning-course.html.gz	1097540
20240101085012	https://www.fiverr.com/waleednasir1/create-best-video-ad-for-social-media-business-or-website	200	data/pilot/html-balanced/waleednasir1/20240101_create-best-video-ad-for-social-media-business-or-website.html.gz	1109479
20240112133355	https://www.fiverr.com/arbazzshah/do-creative-youtube-video-editing-for-you-quickly-8820	200	data/pilot/html-balanced/arbazzshah/20240112_do-creative-youtube-video-editing-for-you-quickly-8820.html.gz	1113292
20240119095631	https://www.fiverr.com/jahangirclick/do-clickable-html-email-signature	200	data/pilot/html-balanced/jahangirclick/20240119_do-clickable-html-email-signature.html.gz	1125818
20240131103101	https://www.fiverr.com/matte_black__/create-a-beautiful-looping-abstract-animation	200	data/pilot/html-balanced/matte_black__/20240131_create-a-beautiful-looping-abstract-animation.html.gz	1171357
20240101114359	https://www.fiverr.com/sundythumbnail/teach-you-how-to-edit-in-filmora-x	200	data/pilot/html-balanced/sundythumbnail/20240101_teach-you-how-to-edit-in-filmora-x.html.gz	999416
20240101000629	https://www.fiverr.com/techmint1/design-creative-infographic-in-24-hours	200	data/pilot/html-balanced/techmint1/20240101_design-creative-infographic-in-24-hours.html.gz	1081363
20240101071554	https://www.fiverr.com/cole_anthony/create-autopilot-clickbank-amazon-affiliate-marketing-sales-funnel-website	200	data/pilot/html-balanced/cole_anthony/20240101_create-autopilot-clickbank-amazon-affiliate-marketing-sales-funnel-website.html.gz	1006749
20240101060839	https://www.fiverr.com/alihassan919/provide-1000-seo-backlinks-for-google-ranking	200	data/pilot/html-balanced/alihassan919/20240101_provide-1000-seo-backlinks-for-google-ranking.html.gz	993313
20240216095744	https://www.fiverr.com/bydesigndj/record-and-american-english-voice-over	200	data/pilot/html-balanced/bydesigndj/20240216_record-and-american-english-voice-over.html.gz	1340705
20240101152842	https://www.fiverr.com/ouizxz/produce-professional-pop-trap-drill-beats	200	data/pilot/html-balanced/ouizxz/20240101_produce-professional-pop-trap-drill-beats.html.gz	1045280
20240204121416	https://www.fiverr.com/amelieromanet/provide-a-high-quality-green-screen-spokesperson-video	200	data/pilot/html-balanced/amelieromanet/20240204_provide-a-high-quality-green-screen-spokesperson-video.html.gz	1078002
20240126031543	https://www.fiverr.com/jamesmajin/proofread-and-correct-your-english-to-native-level-fast	200	data/pilot/html-balanced/jamesmajin/20240126_proofread-and-correct-your-english-to-native-level-fast.html.gz	1073595
20240316211034	https://www.fiverr.com/buttabrocka/interview-you-as-my-guest-on-my-popular-podcast	200	data/pilot/html-balanced/buttabrocka/20240316_interview-you-as-my-guest-on-my-popular-podcast.html.gz	1306811
20240101113304	https://www.fiverr.com/gabito_/create-real-estate-promo-videos	200	data/pilot/html-balanced/gabito_/20240101_create-real-estate-promo-videos.html.gz	988163
20231005185310	https://www.fiverr.com/rasel2k21/fix-or-setup-facebook-pixel-catalog-events-custom-audience-dynamic-ads	200	data/pilot/html-balanced/rasel2k21/20231005_fix-or-setup-facebook-pixel-catalog-events-custom-audience-dynamic-ads.html.gz	1068639
20240101090321	https://www.fiverr.com/rebeccamurena/ugc-video-ads-for-tiktok-user-generated-content	200	data/pilot/html-balanced/rebeccamurena/20240101_ugc-video-ads-for-tiktok-user-generated-content.html.gz	1098563
20240101141606	https://www.fiverr.com/clarissa_dp/write-your-about-us-website-page	200	data/pilot/html-balanced/clarissa_dp/20240101_write-your-about-us-website-page.html.gz	947149
20240102210506	https://www.fiverr.com/bharath1987/professional-video-editing	200	data/pilot/html-balanced/bharath1987/20240102_professional-video-editing.html.gz	903635
20240110142853	https://www.fiverr.com/mumer212/setup-and-manage-your-google-ads-adwords-grants-campaigns	200	data/pilot/html-balanced/mumer212/20240110_setup-and-manage-your-google-ads-adwords-grants-campaigns.html.gz	981641
20240101140308	https://www.fiverr.com/trilionbiz/help-you-sell-more-with-smashing-copywriting	200	data/pilot/html-balanced/trilionbiz/20240101_help-you-sell-more-with-smashing-copywriting.html.gz	1029072
20240214095014	https://www.fiverr.com/magickaren/create-custom-website-design	200	data/pilot/html-balanced/magickaren/20240214_create-custom-website-design.html.gz	1286984
20240331075137	https://www.fiverr.com/liamperkins215/watercolour-hand-drawn-style-animation-for-documentary-websites-youtube	200	data/pilot/html-balanced/liamperkins215/20240331_watercolour-hand-drawn-style-animation-for-documentary-websites-youtube.html.gz	1094469
20240101143349	https://www.fiverr.com/vivienneb71/transcribe-your-audio-video-files-fast-and-accurately	200	data/pilot/html-balanced/vivienneb71/20240101_transcribe-your-audio-video-files-fast-and-accurately.html.gz	959851
20240131025408	https://www.fiverr.com/melvinmusanta/draw-cool-skull-illustration	200	data/pilot/html-balanced/melvinmusanta/20240131_draw-cool-skull-illustration.html.gz	1244285
20240101054104	https://www.fiverr.com/rehmanali944/create-telegram-bot-telegram-client-using-telegram-api	200	data/pilot/html-balanced/rehmanali944/20240101_create-telegram-bot-telegram-client-using-telegram-api.html.gz	958203
20240131001103	https://www.fiverr.com/seostreamer/review-your-youtube-analytics-for-optimal-channel-growth	200	data/pilot/html-balanced/seostreamer/20240131_review-your-youtube-analytics-for-optimal-channel-growth.html.gz	1052060
20240102180636	https://www.fiverr.com/ytoh1030/provide-top-quality-english-to-japanese-translation-3ab3d9cd-8243-41ac-9367-71af8666f6bd	200	data/pilot/html-balanced/ytoh1030/20240102_provide-top-quality-english-to-japanese-translation-3ab3d9cd-8243-41ac-9367-71af8666f6bd.html.gz	1027385
20240316205329	https://www.fiverr.com/mediamonarch/send-your-song-up-to-550-usa-radio-stations-6b16	200	data/pilot/html-balanced/mediamonarch/20240316_send-your-song-up-to-550-usa-radio-stations-6b16.html.gz	1360382
20240109012344	https://www.fiverr.com/thecvwizard/write-your-senior-executive-director-vp-or-svp-resume	200	data/pilot/html-balanced/thecvwizard/20240109_write-your-senior-executive-director-vp-or-svp-resume.html.gz	1057129
20240115230218	https://www.fiverr.com/danielrusz/professional-translation-from-english-polish-and-slovak-language-to-czech	200	data/pilot/html-balanced/danielrusz/20240115_professional-translation-from-english-polish-and-slovak-language-to-czech.html.gz	1074282
20240101060330	https://www.fiverr.com/huzaifa990/teach-you-html-css-java-script-php	200	data/pilot/html-balanced/huzaifa990/20240101_teach-you-html-css-java-script-php.html.gz	1054520
20240101161518	https://www.fiverr.com/oneplanmedia/dramatize-your-urban-fiction-audiobook	200	data/pilot/html-balanced/oneplanmedia/20240101_dramatize-your-urban-fiction-audiobook.html.gz	973027
20240101223558	https://www.fiverr.com/snaifs/design-clickable-html-email-signature	200	data/pilot/html-balanced/snaifs/20240101_design-clickable-html-email-signature.html.gz	1101974
20240224004918	https://www.fiverr.com/mattbrettprod/one-person-for-everything-you-need-to-make-a-song	200	data/pilot/html-balanced/mattbrettprod/20240224_one-person-for-everything-you-need-to-make-a-song.html.gz	1322652
20240114143231	https://www.fiverr.com/bilalkhan530/do-text-message-and-email-marketing-with-phone-numbers-leads	200	data/pilot/html-balanced/bilalkhan530/20240114_do-text-message-and-email-marketing-with-phone-numbers-leads.html.gz	968338
20240101095551	https://www.fiverr.com/vicky_motion/create-a-custom-logo-animation-and-intro-video	200	data/pilot/html-balanced/vicky_motion/20240101_create-a-custom-logo-animation-and-intro-video.html.gz	1097871
20240101095801	https://www.fiverr.com/motionlads/create-animated-gif-lottie-json-animation-for-web-mobile	200	data/pilot/html-balanced/motionlads/20240101_create-animated-gif-lottie-json-animation-for-web-mobile.html.gz	1055867
20240327153537	https://www.fiverr.com/alexjamesedge/mix-and-master-your-pop-punk-and-metal-songs	200	data/pilot/html-balanced/alexjamesedge/20240327_mix-and-master-your-pop-punk-and-metal-songs.html.gz	1287282
20240123232423	https://www.fiverr.com/lexdesign/make-custom-cinematic-intro-trailer-teaser-promo-video	200	data/pilot/html-balanced/lexdesign/20240123_make-custom-cinematic-intro-trailer-teaser-promo-video.html.gz	1062102
20240101091508	https://www.fiverr.com/mosharraf_ho/produce-a-killer-video-sales-letter-vsl-that-boost-your-sales	200	data/pilot/html-balanced/mosharraf_ho/20240101_produce-a-killer-video-sales-letter-vsl-that-boost-your-sales.html.gz	1067388
20240109084013	https://www.fiverr.com/fanoosali/write-any-deluge-function-for-any-zoho-app	200	data/pilot/html-balanced/fanoosali/20240109_write-any-deluge-function-for-any-zoho-app.html.gz	1040136
20240131114850	https://www.fiverr.com/lauraswanisit/unboxing-video-with-energy-and-great-reactions	200	data/pilot/html-balanced/lauraswanisit/20240131_unboxing-video-with-energy-and-great-reactions.html.gz	1257303
20240125232521	https://www.fiverr.com/gal_designs/create-finance-instagram-reels-and-youtube-shorts	200	data/pilot/html-balanced/gal_designs/20240125_create-finance-instagram-reels-and-youtube-shorts.html.gz	1036203
20240202134902	https://www.fiverr.com/billionideas/create-marketing-plan-for-your-business	200	data/pilot/html-balanced/billionideas/20240202_create-marketing-plan-for-your-business.html.gz	1191504
20240101105907	https://www.fiverr.com/vandersaim/create-a-basic-3d-animation	200	data/pilot/html-balanced/vandersaim/20240101_create-a-basic-3d-animation.html.gz	995705
20240101082957	https://www.fiverr.com/l22design/make-cool-vj-loops-with-your-logo	200	data/pilot/html-balanced/l22design/20240101_make-cool-vj-loops-with-your-logo.html.gz	1080143
20240124131329	https://www.fiverr.com/tanvirtech77/design-responsive-html-email-template	200	data/pilot/html-balanced/tanvirtech77/20240124_design-responsive-html-email-template.html.gz	1051862
20240116233642	https://www.fiverr.com/anymatic/create-2d-animated-explainer-video	200	data/pilot/html-balanced/anymatic/20240116_create-2d-animated-explainer-video.html.gz	1073756
20240102014746	https://www.fiverr.com/mariacpozo1313/design-a-banner-billboard-rollups-for-you	200	data/pilot/html-balanced/mariacpozo1313/20240102_design-a-banner-billboard-rollups-for-you.html.gz	994073
20240131100935	https://www.fiverr.com/hooferism/dance-with-my-partner-on-any-song-and-shoot-dance-video	200	data/pilot/html-balanced/hooferism/20240131_dance-with-my-partner-on-any-song-and-shoot-dance-video.html.gz	1243383
20240131105400	https://www.fiverr.com/editdoneit/turn-your-still-image-into-moving-image-photo-animation	200	data/pilot/html-balanced/editdoneit/20240131_turn-your-still-image-into-moving-image-photo-animation.html.gz	1170021
20231005083108	https://www.fiverr.com/mcralph/edit-your-profile-pictures-for-tinder-and-other-dating-apps	200	data/pilot/html-balanced/mcralph/20231005_edit-your-profile-pictures-for-tinder-and-other-dating-apps.html.gz	1005738
20231104200316	https://www.fiverr.com/hamza_hashmi/design-investor-pitch-deck-for-startups-and-business	200	data/pilot/html-balanced/hamza_hashmi/20231104_design-investor-pitch-deck-for-startups-and-business.html.gz	1030342
20240102003900	https://www.fiverr.com/lenasemenkova/design-your-band-a-gig-poster	200	data/pilot/html-balanced/lenasemenkova/20240102_design-your-band-a-gig-poster.html.gz	1065256
20240119015349	https://www.fiverr.com/muriellevoice/record-german-voice-over-for-your-projects	200	data/pilot/html-balanced/muriellevoice/20240119_record-german-voice-over-for-your-projects.html.gz	1002995
20240102160301	https://www.fiverr.com/timothyp23/proofread-and-assist-you-with-your-project	200	data/pilot/html-balanced/timothyp23/20240102_proofread-and-assist-you-with-your-project.html.gz	1061048
20240223101533	https://www.fiverr.com/bassafabulous/radio-jingles-sweepers-imaging-dj-drops	200	data/pilot/html-balanced/bassafabulous/20240223_radio-jingles-sweepers-imaging-dj-drops.html.gz	1222663
20240404180954	https://www.fiverr.com/vinctosc/create-a-manychat-bot-for-your-amazon-business-on-facebook	200	data/pilot/html-balanced/vinctosc/20240404_create-a-manychat-bot-for-your-amazon-business-on-facebook.html.gz	1286944
20240407012935	https://www.fiverr.com/ajoysahagd/design-twitch-or-mixer-overlay-facecam-panels-screens-webcam	200	data/pilot/html-balanced/ajoysahagd/20240407_design-twitch-or-mixer-overlay-facecam-panels-screens-webcam.html.gz	1344686
20240522110719	https://www.fiverr.com/gururajan1990/do-professional-video-editing-in-24-hours	200	data/pilot/html-balanced/gururajan1990/20240522_do-professional-video-editing-in-24-hours.html.gz	1153300
20240521064623	https://www.fiverr.com/antonvoice/professionally-record-clear-russian-male-voice-over	200	data/pilot/html-balanced/antonvoice/20240521_professionally-record-clear-russian-male-voice-over.html.gz	1412292
20240401080213	https://www.fiverr.com/margauxpaul/write-you-a-funny-and-personal-best-man-speech	200	data/pilot/html-balanced/margauxpaul/20240401_write-you-a-funny-and-personal-best-man-speech.html.gz	1277601
20240401005117	https://www.fiverr.com/iramshahzaib/design-awesome-nft-website-or-landing-page-mobile-app-with-adobe-xd-figma-psd	200	data/pilot/html-balanced/iramshahzaib/20240401_design-awesome-nft-website-or-landing-page-mobile-app-with-adobe-xd-figma-psd.html.gz	1343475
20240401091335	https://www.fiverr.com/awanyustira/create-original-video-animation-for-your-music-video	200	data/pilot/html-balanced/awanyustira/20240401_create-original-video-animation-for-your-music-video.html.gz	1248436
20240602202946	https://www.fiverr.com/goldentones/record-a-premium-middle-aged-male-voiceover	200	data/pilot/html-balanced/goldentones/20240602_record-a-premium-middle-aged-male-voiceover.html.gz	1449533
20240401134656	https://www.fiverr.com/tanveerdogar223/transfer-wordpress-migrate-hosting-change-domain-name	200	data/pilot/html-balanced/tanveerdogar223/20240401_transfer-wordpress-migrate-hosting-change-domain-name.html.gz	1363958
20240428090242	https://www.fiverr.com/danielaberlin/provide-perfect-english-to-german-translation	200	data/pilot/html-balanced/danielaberlin/20240428_provide-perfect-english-to-german-translation.html.gz	1396281
20240402074124	https://www.fiverr.com/gramckovictor/compose-arrange-and-transcribe-music-for-you	200	data/pilot/html-balanced/gramckovictor/20240402_compose-arrange-and-transcribe-music-for-you.html.gz	1252360
20240412014624	https://www.fiverr.com/hamzafarooq/write-1000-words-well-researched-article-for-you	200	data/pilot/html-balanced/hamzafarooq/20240412_write-1000-words-well-researched-article-for-you.html.gz	1333580
20240401192940	https://www.fiverr.com/hussainmaqsud/rank-your-video-in-top-10-with-top-ranking-youtube-keywords	200	data/pilot/html-balanced/hussainmaqsud/20240401_rank-your-video-in-top-10-with-top-ranking-youtube-keywords.html.gz	1151274
20240402092232	https://www.fiverr.com/dj_producer123/do-sound-designing-specially-for-trap-dubstep-and-pop	200	data/pilot/html-balanced/dj_producer123/20240402_do-sound-designing-specially-for-trap-dubstep-and-pop.html.gz	1183926
20240401192638	https://www.fiverr.com/justindjoseph04/audit-your-youtube-channel-and-optimize-for-organic-growth	200	data/pilot/html-balanced/justindjoseph04/20240401_audit-your-youtube-channel-and-optimize-for-organic-growth.html.gz	1194440
20240415014138	https://www.fiverr.com/majidhassan/help-you-generating-bulk-content-via-chatgpt-in-spanish	200	data/pilot/html-balanced/majidhassan/20240415_help-you-generating-bulk-content-via-chatgpt-in-spanish.html.gz	1270140
20240524072221	https://www.fiverr.com/vidpr0/create-cinematic-book-trailer-video	200	data/pilot/html-balanced/vidpr0/20240524_create-cinematic-book-trailer-video.html.gz	730951
20240403075716	https://www.fiverr.com/abdelhamidazizi/make-stunning-ai-generated-animation-music-video	200	data/pilot/html-balanced/abdelhamidazizi/20240403_make-stunning-ai-generated-animation-music-video.html.gz	1331695
20240401131308	https://www.fiverr.com/usamabinkhrshid/use-clickfunnel-to-build-your-audience	200	data/pilot/html-balanced/usamabinkhrshid/20240401_use-clickfunnel-to-build-your-audience.html.gz	1376229
20240401073353	https://www.fiverr.com/digitally_g/write-the-script-for-your-next-banger-video	200	data/pilot/html-balanced/digitally_g/20240401_write-the-script-for-your-next-banger-video.html.gz	1313392
20240401205101	https://www.fiverr.com/dataxpert007/do-fastest-excel-data-entry-job-and-data-analysis-for-you	200	data/pilot/html-balanced/dataxpert007/20240401_do-fastest-excel-data-entry-job-and-data-analysis-for-you.html.gz	1253237
20240401045645	https://www.fiverr.com/jackiejd/edit-and-proofread-your-document-5cca	200	data/pilot/html-balanced/jackiejd/20240401_edit-and-proofread-your-document-5cca.html.gz	1212009
20240421021547	https://www.fiverr.com/stevemossphd/create-a-professional-cv-resume-and-covering-letter	200	data/pilot/html-balanced/stevemossphd/20240421_create-a-professional-cv-resume-and-covering-letter.html.gz	1365562
20240619152705	https://www.fiverr.com/thegreatlewis/manage-your-onlyfans-and-twitter-accounts	200	data/pilot/html-balanced/thegreatlewis/20240619_manage-your-onlyfans-and-twitter-accounts.html.gz	1179454
20240419044320	https://www.fiverr.com/aldodel/do-professional-photoshop-editing	200	data/pilot/html-balanced/aldodel/20240419_do-professional-photoshop-editing.html.gz	1383231
20240401173426	https://www.fiverr.com/cjlucien/record-a-professional-female-american-voiceover	200	data/pilot/html-balanced/cjlucien/20240401_record-a-professional-female-american-voiceover.html.gz	1368977
20240527111058	https://www.fiverr.com/daviiss/promote-your-music-song-on-tiktok-with-my-10k-account	200	data/pilot/html-balanced/daviiss/20240527_promote-your-music-song-on-tiktok-with-my-10k-account.html.gz	1420686
20240401070926	https://www.fiverr.com/mikebushseo/write-a-cold-call-sales-pitch-for-you	200	data/pilot/html-balanced/mikebushseo/20240401_write-a-cold-call-sales-pitch-for-you.html.gz	1205302
20240401142011	https://www.fiverr.com/valentin_vffv/create-a-custom-and-high-quality-telegram-bot-for-you	200	data/pilot/html-balanced/valentin_vffv/20240401_create-a-custom-and-high-quality-telegram-bot-for-you.html.gz	1226025
20240402090607	https://www.fiverr.com/agervasoni/give-you-composition-lessons	200	data/pilot/html-balanced/agervasoni/20240402_give-you-composition-lessons.html.gz	1081552
20240418213212	https://www.fiverr.com/ilovepablo/conversion-rate-optimization-a-b-testing-landing-page	200	data/pilot/html-balanced/ilovepablo/20240418_conversion-rate-optimization-a-b-testing-landing-page.html.gz	1256761
20240401163158	https://www.fiverr.com/ewwaski/digital-drawings-and-animated-gifs-are-my-specialty	200	data/pilot/html-balanced/ewwaski/20240401_digital-drawings-and-animated-gifs-are-my-specialty.html.gz	1324306
20240503112013	https://www.fiverr.com/ahlaj77/create-a-fillable-pdf-form-for-1-page-in-acrobat-pro-livecycle-or-indesign-cs6	200	data/pilot/html-balanced/ahlaj77/20240503_create-a-fillable-pdf-form-for-1-page-in-acrobat-pro-livecycle-or-indesign-cs6.html.gz	1319774
20240401020404	https://www.fiverr.com/evora_retouch/do-high-end-portrait-retouching-photoshop-photo-editing	200	data/pilot/html-balanced/evora_retouch/20240401_do-high-end-portrait-retouching-photoshop-photo-editing.html.gz	1313086
20240401061916	https://www.fiverr.com/daniellehuka/write-you-a-killer-instagram-bio	200	data/pilot/html-balanced/daniellehuka/20240401_write-you-a-killer-instagram-bio.html.gz	1220779
20240425090723	https://www.fiverr.com/jit_compliance/do-prepare-technical-file-assist-you-to-get-product-certified-in-global-market	200	data/pilot/html-balanced/jit_compliance/20240425_do-prepare-technical-file-assist-you-to-get-product-certified-in-global-market.html.gz	1243106
20240401165332	https://www.fiverr.com/colbart/write-true-crime-script-youtube-true-crime-script-podcast-true-crime-script	200	data/pilot/html-balanced/colbart/20240401_write-true-crime-script-youtube-true-crime-script-podcast-true-crime-script.html.gz	1287013
20240603190110	https://www.fiverr.com/apu_mollick1/be-your-social-media-manager-and-content-creator	200	data/pilot/html-balanced/apu_mollick1/20240603_be-your-social-media-manager-and-content-creator.html.gz	957567
20240101150439	https://www.fiverr.com/cascreativearts/produce-intro-music-for-youtube-and-podcast	200	data/pilot/html-balanced/cascreativearts/20240101_produce-intro-music-for-youtube-and-podcast.html.gz	1106798
20240402092642	https://www.fiverr.com/paranoiasound/homemake-a-folder-of-crazy-samples-for-your-hiphop-songs	200	data/pilot/html-balanced/paranoiasound/20240402_homemake-a-folder-of-crazy-samples-for-your-hiphop-songs.html.gz	1184555
20240626085336	https://www.fiverr.com/smmnahidhasan/do-super-fast-instagram-organic-growth-to-grow-organically-be9c	200	data/pilot/html-balanced/smmnahidhasan/20240626_do-super-fast-instagram-organic-growth-to-grow-organically-be9c.html.gz	963876
20240410060948	https://www.fiverr.com/ashleybektesi/be-your-social-media-marketing-manager	200	data/pilot/html-balanced/ashleybektesi/20240410_be-your-social-media-marketing-manager.html.gz	1413765
20240401081933	https://www.fiverr.com/raj2016/make-high-quality-graphics-custom-explainer-video	200	data/pilot/html-balanced/raj2016/20240401_make-high-quality-graphics-custom-explainer-video.html.gz	1377088
20240527060602	https://www.fiverr.com/m_webs/create-a-professional-wordpress-website-within-your-budget	200	data/pilot/html-balanced/m_webs/20240527_create-a-professional-wordpress-website-within-your-budget.html.gz	1453512
20240101121710	https://www.fiverr.com/richardm277/research-and-write-a-script-for-your-youtube-video	200	data/pilot/html-balanced/richardm277/20240101_research-and-write-a-script-for-your-youtube-video.html.gz	990485
20240401064358	https://www.fiverr.com/mirhisham/write-lyrics-for-your-rock-black-or-death-metal-song	200	data/pilot/html-balanced/mirhisham/20240401_write-lyrics-for-your-rock-black-or-death-metal-song.html.gz	1247104
20240502150225	https://www.fiverr.com/ryanberlin874/set-up-a-brilliant-google-ads-campaign-for-your-company	200	data/pilot/html-balanced/ryanberlin874/20240502_set-up-a-brilliant-google-ads-campaign-for-your-company.html.gz	1282195
20240401085807	https://www.fiverr.com/cidemisworking/make-great-music-video-for-your-song	200	data/pilot/html-balanced/cidemisworking/20240401_make-great-music-video-for-your-song.html.gz	1306962
20240621071819	https://www.fiverr.com/seznumia/do-organic-twitter-marketing-for-grow-your-targeted-followers-organically	200	data/pilot/html-balanced/seznumia/20240621_do-organic-twitter-marketing-for-grow-your-targeted-followers-organically.html.gz	967243
20240604003254	https://www.fiverr.com/ranjanbarman/teach-you-complete-digital-marketing	200	data/pilot/html-balanced/ranjanbarman/20240604_teach-you-complete-digital-marketing.html.gz	1276770
20240401124240	https://www.fiverr.com/larakaplash/do-presentation-design-in-accordance-with-you-brand-identity	200	data/pilot/html-balanced/larakaplash/20240401_do-presentation-design-in-accordance-with-you-brand-identity.html.gz	1361182
20240616124156	https://www.fiverr.com/hassansayed2/provide-german-customer-support-and-will-be-your-virtual-assistant-in-german	200	data/pilot/html-balanced/hassansayed2/20240616_provide-german-customer-support-and-will-be-your-virtual-assistant-in-german.html.gz	1280915
20240401132001	https://www.fiverr.com/andrewcarpen756/create-an-automated-shopify-dropshipping-online-store	200	data/pilot/html-balanced/andrewcarpen756/20240401_create-an-automated-shopify-dropshipping-online-store.html.gz	1392250
20240612160350	https://www.fiverr.com/shibeshigemechu/translate-afan-oromo-amharic-english-and-vice-versa	200	data/pilot/html-balanced/shibeshigemechu/20240612_translate-afan-oromo-amharic-english-and-vice-versa.html.gz	853667
20240402174825	https://www.fiverr.com/reaz_ahmed01/recompose-your-zoom-interviews-remote-podcasts-and-webinars-video	200	data/pilot/html-balanced/reaz_ahmed01/20240402_recompose-your-zoom-interviews-remote-podcasts-and-webinars-video.html.gz	1332938
20240430233303	https://www.fiverr.com/simple_social/write-product-descriptions-that-convert-like-crazy	200	data/pilot/html-balanced/simple_social/20240430_write-product-descriptions-that-convert-like-crazy.html.gz	1341890
20240507155724	https://www.fiverr.com/ali_ontheguitar/make-lofi-jazz-music-with-full-rights-using-live-instruments-no-samples	200	data/pilot/html-balanced/ali_ontheguitar/20240507_make-lofi-jazz-music-with-full-rights-using-live-instruments-no-samples.html.gz	1304490
20240419102422	https://www.fiverr.com/vfxrz1/do-disintegration-animation-on-images	200	data/pilot/html-balanced/vfxrz1/20240419_do-disintegration-animation-on-images.html.gz	1254612
20240507132413	https://www.fiverr.com/arubaali480/write-heartfelt-wedding-vows-maid-of-honor-best-man-speech	200	data/pilot/html-balanced/arubaali480/20240507_write-heartfelt-wedding-vows-maid-of-honor-best-man-speech.html.gz	1265647
20240401130543	https://www.fiverr.com/perfectoholic/create-a-marvelous-responsive-wordpress-website	200	data/pilot/html-balanced/perfectoholic/20240401_create-a-marvelous-responsive-wordpress-website.html.gz	1348470
20240428090250	https://www.fiverr.com/christinabndl/translate-500-words-from-english-to-german-3a2bddef-a9ac-4343-b610-43ec7b0f965c	200	data/pilot/html-balanced/christinabndl/20240428_translate-500-words-from-english-to-german-3a2bddef-a9ac-4343-b610-43ec7b0f965c.html.gz	1297335
20240401015125	https://www.fiverr.com/sandaru11/create-premium-effect-house-ar-filters-for-tiktok	200	data/pilot/html-balanced/sandaru11/20240401_create-premium-effect-house-ar-filters-for-tiktok.html.gz	1263509
20240523134408	https://www.fiverr.com/sabrin593/do-boost-your-youtube-account-with-google-ads	200	data/pilot/html-balanced/sabrin593/20240523_do-boost-your-youtube-account-with-google-ads.html.gz	961207
20240530135554	https://www.fiverr.com/nikopaul_cwr/animate-your-photos-and-artwork	200	data/pilot/html-balanced/nikopaul_cwr/20240530_animate-your-photos-and-artwork.html.gz	1289066
20240910172539	https://www.fiverr.com/artsbyyaseen/create-short-video-ads-and-commercials	200	data/pilot/html-balanced/artsbyyaseen/20240910_create-short-video-ads-and-commercials.html.gz	1438374
20240609135320	https://www.fiverr.com/queenofgrafiks/design-perfect-logo-for-your-business-df1a	200	data/pilot/html-balanced/queenofgrafiks/20240609_design-perfect-logo-for-your-business-df1a.html.gz	1206778
20240701122648	https://www.fiverr.com/aubreyillurimo/sing-your-pop-rock-and-rnb-songs	200	data/pilot/html-balanced/aubreyillurimo/20240701_sing-your-pop-rock-and-rnb-songs.html.gz	1360614
20240904103744	https://www.fiverr.com/jogodish_barman/do-shopify-speed-optimization-to-reduce-bounce-rate	200	data/pilot/html-balanced/jogodish_barman/20240904_do-shopify-speed-optimization-to-reduce-bounce-rate.html.gz	996979
20240905091511	https://www.fiverr.com/cyan_cube/create-custom-logo-animation-2d-and-3d	200	data/pilot/html-balanced/cyan_cube/20240905_create-custom-logo-animation-2d-and-3d.html.gz	1414520
20240701073110	https://www.fiverr.com/shakeel_joiya/do-custom-chat-gpt-prompt-for-openai-chat-gpt-bafa	200	data/pilot/html-balanced/shakeel_joiya/20240701_do-custom-chat-gpt-prompt-for-openai-chat-gpt-bafa.html.gz	1243873
20240706032416	https://www.fiverr.com/arcreation/design-unique-flat-minimalist-graphic-icons	200	data/pilot/html-balanced/arcreation/20240706_design-unique-flat-minimalist-graphic-icons.html.gz	1384664
20240903053517	https://www.fiverr.com/charslan47/write-engaging-social-media-copy-and-linkedin-posts	200	data/pilot/html-balanced/charslan47/20240903_write-engaging-social-media-copy-and-linkedin-posts.html.gz	1384363
20240823011551	https://www.fiverr.com/hmdgfx/awesome-book-cover-design-for-you	200	data/pilot/html-balanced/hmdgfx/20240823_awesome-book-cover-design-for-you.html.gz	1399858
20240720040822	https://www.fiverr.com/sightunseenpro/voice-and-produce-your-radio-or-podcast-commercial	200	data/pilot/html-balanced/sightunseenpro/20240720_voice-and-produce-your-radio-or-podcast-commercial.html.gz	1298681
20240715234541	https://www.fiverr.com/remix_ignoranti/transform-your-funny-audio-into-a-unique-remix	200	data/pilot/html-balanced/remix_ignoranti/20240715_transform-your-funny-audio-into-a-unique-remix.html.gz	1314441
20240708051000	https://www.fiverr.com/samwrightwrites/book-ghostwriter-ghostwriting-service	200	data/pilot/html-balanced/samwrightwrites/20240708_book-ghostwriter-ghostwriting-service.html.gz	1411568
20240706193722	https://www.fiverr.com/radiostreamlive/play-your-song-on-miami-beach-radio	200	data/pilot/html-balanced/radiostreamlive/20240706_play-your-song-on-miami-beach-radio.html.gz	1314776
20240701122118	https://www.fiverr.com/lowkeeboy/perform-a-french-rap-on-your-beat-for-a-lincoln	200	data/pilot/html-balanced/lowkeeboy/20240701_perform-a-french-rap-on-your-beat-for-a-lincoln.html.gz	1255913
20240709193728	https://www.fiverr.com/valerio_morini/do-professional-color-grading-to-your-videos-to-give-it-a-cinematic-look	200	data/pilot/html-balanced/valerio_morini/20240709_do-professional-color-grading-to-your-videos-to-give-it-a-cinematic-look.html.gz	1418676
20240801190112	https://www.fiverr.com/selfmotive/do-data-entry-copy-paste-research-in-excel-or-other	200	data/pilot/html-balanced/selfmotive/20240801_do-data-entry-copy-paste-research-in-excel-or-other.html.gz	1449298
20240808225835	https://www.fiverr.com/jorgealvarezvoz/record-neutral-spanish-professional-voice-over-for-you	200	data/pilot/html-balanced/jorgealvarezvoz/20240808_record-neutral-spanish-professional-voice-over-for-you.html.gz	1384208
20240706172947	https://www.fiverr.com/mubashir356/setup-manage-and-optimize-amazon-ppc-campaigns-fba-ppc-ads	200	data/pilot/html-balanced/mubashir356/20240706_setup-manage-and-optimize-amazon-ppc-campaigns-fba-ppc-ads.html.gz	1350824
20240702000733	https://www.fiverr.com/irishcobbler/record-a-child-girl-voice-over	200	data/pilot/html-balanced/irishcobbler/20240702_record-a-child-girl-voice-over.html.gz	1408881
20240714035309	https://www.fiverr.com/shahab01/do-web-programing-responsive-website-fix-web-related-error	200	data/pilot/html-balanced/shahab01/20240714_do-web-programing-responsive-website-fix-web-related-error.html.gz	1428467
20240927191348	https://www.fiverr.com/sujon_86/do-super-fast-instagram-organic-growth-promotion-and-marketing	404		0
20240706183528	https://www.fiverr.com/bilalkhan530/do-text-message-and-email-marketing-with-phone-numbers-leads	200	data/pilot/html-balanced/bilalkhan530/20240706_do-text-message-and-email-marketing-with-phone-numbers-leads.html.gz	1265122
20240705070513	https://www.fiverr.com/mikkelgriffin/do-expert-amazon-private-label-product-research-fba	200	data/pilot/html-balanced/mikkelgriffin/20240705_do-expert-amazon-private-label-product-research-fba.html.gz	1403640
20240701034244	https://www.fiverr.com/twto_tv/design-youtube-banner-art	200	data/pilot/html-balanced/twto_tv/20240701_design-youtube-banner-art.html.gz	1375170
20240720080109	https://www.fiverr.com/vikramsingh662/set-up-rank-math-with-90-seo-score	200	data/pilot/html-balanced/vikramsingh662/20240720_set-up-rank-math-with-90-seo-score.html.gz	1442045
20240816205102	https://www.fiverr.com/rhythmxrecords/mix-and-master-your-music-professionally	200	data/pilot/html-balanced/rhythmxrecords/20240816_mix-and-master-your-music-professionally.html.gz	1372632
20240711033236	https://www.fiverr.com/buczar/professionally-edit-mix-and-master-your-podcast	200	data/pilot/html-balanced/buczar/20240711_professionally-edit-mix-and-master-your-podcast.html.gz	1237947
20240725020710	https://www.fiverr.com/mikeywrites0010/create-a-personalized-mashup-of-two-songs-of-your-choice	200	data/pilot/html-balanced/mikeywrites0010/20240725_create-a-personalized-mashup-of-two-songs-of-your-choice.html.gz	1315779
20240706022313	https://www.fiverr.com/storygeekdom84/do-3-pages-of-storyboards	200	data/pilot/html-balanced/storygeekdom84/20240706_do-3-pages-of-storyboards.html.gz	1417079
20240703011540	https://www.fiverr.com/mruzzol_editing/do-professional-retouch-your-photo-editing-skin	404		0
20240707035225	https://www.fiverr.com/smondal/convert-ai-jpg-psd-to-html-5	200	data/pilot/html-balanced/smondal/20240707_convert-ai-jpg-psd-to-html-5.html.gz	708091
20240726065744	https://www.fiverr.com/mcaddesign/do-jewelry-designing-in-quick-time	200	data/pilot/html-balanced/mcaddesign/20240726_do-jewelry-designing-in-quick-time.html.gz	1314602
20240711064433	https://www.fiverr.com/faded22/make-realistic-animated-video	200	data/pilot/html-balanced/faded22/20240711_make-realistic-animated-video.html.gz	513159
20240712061036	https://www.fiverr.com/paulcopywriter/be-your-email-swipe-copywriter	200	data/pilot/html-balanced/paulcopywriter/20240712_be-your-email-swipe-copywriter.html.gz	1068256
20240708130412	https://www.fiverr.com/florin_alex/do-any-photoshop-editing-you-need	200	data/pilot/html-balanced/florin_alex/20240708_do-any-photoshop-editing-you-need.html.gz	1432767
20240910205110	https://www.fiverr.com/kashyapvyaas/write-a-whitepaper-on-any-technology-topic	200	data/pilot/html-balanced/kashyapvyaas/20240910_write-a-whitepaper-on-any-technology-topic.html.gz	1335677
20240706210247	https://www.fiverr.com/mubashar_mentor/make-youtube-high-quality-intro-or-outro	200	data/pilot/html-balanced/mubashar_mentor/20240706_make-youtube-high-quality-intro-or-outro.html.gz	1417157
20240916024743	https://www.fiverr.com/mdyasul/do-any-excel-job-within-hours-24h7d-with-excellence	200	data/pilot/html-balanced/mdyasul/20240916_do-any-excel-job-within-hours-24h7d-with-excellence.html.gz	1406042
20240915174829	https://www.fiverr.com/waleednasir1/create-best-video-ad-for-social-media-business-or-website	200	data/pilot/html-balanced/waleednasir1/20240915_create-best-video-ad-for-social-media-business-or-website.html.gz	1428293
20240727111106	https://www.fiverr.com/jelle161994/add-dutch-or-english-subtitles-to-your-video-in-a-srt-file	200	data/pilot/html-balanced/jelle161994/20240727_add-dutch-or-english-subtitles-to-your-video-in-a-srt-file.html.gz	1338942
20240706025220	https://www.fiverr.com/mickey185/build-a-wordpress-website-design-responsive-wordpress	200	data/pilot/html-balanced/mickey185/20240706_build-a-wordpress-website-design-responsive-wordpress.html.gz	1386931
20240824102940	https://www.fiverr.com/guimellon/teach-or-help-you-make-music-on-logic-pro	200	data/pilot/html-balanced/guimellon/20240824_teach-or-help-you-make-music-on-logic-pro.html.gz	1356872
20240724045619	https://www.fiverr.com/linis16/design-custom-editable-and-pritable-template-label	200	data/pilot/html-balanced/linis16/20240724_design-custom-editable-and-pritable-template-label.html.gz	1417387
20240905134203	https://www.fiverr.com/marcus_mark/write-ad-copy-that-could-sell-water-to-a-fish	200	data/pilot/html-balanced/marcus_mark/20240905_write-ad-copy-that-could-sell-water-to-a-fish.html.gz	1328501
20240905151557	https://www.fiverr.com/ben_amstutz/mix-and-master-your-song-in-24-hours	200	data/pilot/html-balanced/ben_amstutz/20240905_mix-and-master-your-song-in-24-hours.html.gz	1427442
20240801145502	https://www.fiverr.com/tiana_funnel/build-clickbank-affiliate-marketing-sales-funnel-and-website-link-promotion	200	data/pilot/html-balanced/tiana_funnel/20240801_build-clickbank-affiliate-marketing-sales-funnel-and-website-link-promotion.html.gz	1369777
20240701111539	https://www.fiverr.com/danielleszetela/create-creative-ugc-videos-for-tik-tok	200	data/pilot/html-balanced/danielleszetela/20240701_create-creative-ugc-videos-for-tik-tok.html.gz	1374000
20240701110012	https://www.fiverr.com/newaj058/create-motion-graphic-and-compositing-for-your-video-project	200	data/pilot/html-balanced/newaj058/20240701_create-motion-graphic-and-compositing-for-your-video-project.html.gz	1318058
20240807082902	https://www.fiverr.com/ari_anna/make-creative-2d-animated-video	200	data/pilot/html-balanced/ari_anna/20240807_make-creative-2d-animated-video.html.gz	1463530
20240604095943	https://www.fiverr.com/work_exp/create-interactive-hotspot-on-videos	200	data/pilot/html-balanced/work_exp/20240604_create-interactive-hotspot-on-videos.html.gz	8756
20240720021417	https://www.fiverr.com/barence/design-minimalist-youtube-banner-in-24-hours	200	data/pilot/html-balanced/barence/20240720_design-minimalist-youtube-banner-in-24-hours.html.gz	1199433
20240701124009	https://www.fiverr.com/takiskoroneos/record-rhythm-and-lead-guitar-tracks-for-your-song	200	data/pilot/html-balanced/takiskoroneos/20240701_record-rhythm-and-lead-guitar-tracks-for-your-song.html.gz	1384439
20240701094639	https://www.fiverr.com/ayeyusif/make-unique-animated-lyric-video-in-2-days	200	data/pilot/html-balanced/ayeyusif/20240701_make-unique-animated-lyric-video-in-2-days.html.gz	1376314
20240824175011	https://www.fiverr.com/be_a_pro_media/wix-website-design-wix-website-redesign-wix-ecommerce	200	data/pilot/html-balanced/be_a_pro_media/20240824_wix-website-design-wix-website-redesign-wix-ecommerce.html.gz	1426794
20240705022102	https://www.fiverr.com/mindstalker85/do-a-german-voiceover-as-a-native-speaker	200	data/pilot/html-balanced/mindstalker85/20240705_do-a-german-voiceover-as-a-native-speaker.html.gz	1351451
20240706055535	https://www.fiverr.com/bestdesign4you/design-web-bannerheaderad	200	data/pilot/html-balanced/bestdesign4you/20240706_design-web-bannerheaderad.html.gz	1382191
20240701203623	https://www.fiverr.com/workwithmajai/create-a-custom-discord-bot-for-you	200	data/pilot/html-balanced/workwithmajai/20240701_create-a-custom-discord-bot-for-you.html.gz	1349472
20240708045113	https://www.fiverr.com/whiteelephantco/create-a-result-driven-content-marketing-strategy-for-you	200	data/pilot/html-balanced/whiteelephantco/20240708_create-a-result-driven-content-marketing-strategy-for-you.html.gz	1327733
20240706065739	https://www.fiverr.com/rizabudiarto/make-vintage-style-hand-draw-illustration-for-your-brand	200	data/pilot/html-balanced/rizabudiarto/20240706_make-vintage-style-hand-draw-illustration-for-your-brand.html.gz	1382465
20240701095723	https://www.fiverr.com/lilychinadancer/create-sexy-silhouette-dance-for-any-music	200	data/pilot/html-balanced/lilychinadancer/20240701_create-sexy-silhouette-dance-for-any-music.html.gz	1245899
20240814191624	https://www.fiverr.com/christiana_22/create-youtube-channel-50-relaxing-meditation-music-videos	200	data/pilot/html-balanced/christiana_22/20240814_create-youtube-channel-50-relaxing-meditation-music-videos.html.gz	1156446
20240731181312	https://www.fiverr.com/romariomartinus/make-professional-hololive-cover-song	200	data/pilot/html-balanced/romariomartinus/20240731_make-professional-hololive-cover-song.html.gz	1292069
20240828173924	https://www.fiverr.com/sandra011/produce-awesome-children-music	200	data/pilot/html-balanced/sandra011/20240828_produce-awesome-children-music.html.gz	1408957
20240701225200	https://www.fiverr.com/judeameh/manage-your-virtual-business-and-do-social-media-marketing	200	data/pilot/html-balanced/judeameh/20240701_manage-your-virtual-business-and-do-social-media-marketing.html.gz	1424515
20241001030323	https://www.fiverr.com/rank_champ/be-your-front-end-web-developer-using-html-css-bootstrap-gsap-react-js-jquery	200	data/pilot/html-balanced/rank_champ/20241001_be-your-front-end-web-developer-using-html-css-bootstrap-gsap-react-js-jquery.html.gz	1436689
20240828174458	https://www.fiverr.com/romario007/clean-up-repair-fix-and-restore-audio-recordings-your-podcast-audio-from-v	200	data/pilot/html-balanced/romario007/20240828_clean-up-repair-fix-and-restore-audio-recordings-your-podcast-audio-from-v.html.gz	1409539
20241002194827	https://www.fiverr.com/nadeemzafar786/organic-youtube-video-promotion-marketing-seo-channel-viral-result-top-service	200	data/pilot/html-balanced/nadeemzafar786/20241002_organic-youtube-video-promotion-marketing-seo-channel-viral-result-top-service.html.gz	1408538
20241002193035	https://www.fiverr.com/arakibastudio/rig-and-animate-2d-vtuber-models-live2d-for-streams-with-good-quality	200	data/pilot/html-balanced/arakibastudio/20241002_rig-and-animate-2d-vtuber-models-live2d-for-streams-with-good-quality.html.gz	1480520
20241007222215	https://www.fiverr.com/locutorco/anunciare-tu-gig-en-mi-podcast	200	data/pilot/html-balanced/locutorco/20241007_anunciare-tu-gig-en-mi-podcast.html.gz	1411808
20241001123218	https://www.fiverr.com/mattvopro/evaluate-and-consult-your-podcast-or-audio-sound-quality	200	data/pilot/html-balanced/mattvopro/20241001_evaluate-and-consult-your-podcast-or-audio-sound-quality.html.gz	1371776
20241002123648	https://www.fiverr.com/mwaqash/format-your-ebook-to-createspace-or-kindle	200	data/pilot/html-balanced/mwaqash/20241002_format-your-ebook-to-createspace-or-kindle.html.gz	1475935
20241003214330	https://www.fiverr.com/daud_art/create-awesome-story-children-book-illustrations-and-cover	200	data/pilot/html-balanced/daud_art/20241003_create-awesome-story-children-book-illustrations-and-cover.html.gz	600764
20241222142901	https://www.fiverr.com/cjlucien/record-a-professional-female-american-voiceover	200	data/pilot/html-balanced/cjlucien/20241222_record-a-professional-female-american-voiceover.html.gz	1357045
20241117182957	https://www.fiverr.com/sketchzone/design-creative-logo-and-cartoon-for-your-business	200	data/pilot/html-balanced/sketchzone/20241117_design-creative-logo-and-cartoon-for-your-business.html.gz	640674
20241001215543	https://www.fiverr.com/swetakumari891/edit-an-energetic-music-event-night-party-promo	200	data/pilot/html-balanced/swetakumari891/20241001_edit-an-energetic-music-event-night-party-promo.html.gz	1374543
20241002223252	https://www.fiverr.com/intelicommerce/write-a-professional-brand-story-mission-vision-why-us	200	data/pilot/html-balanced/intelicommerce/20241002_write-a-professional-brand-story-mission-vision-why-us.html.gz	1406269
20241004122712	https://www.fiverr.com/yunxin9802/create-converting-dropshipping-video-ads	200	data/pilot/html-balanced/yunxin9802/20241004_create-converting-dropshipping-video-ads.html.gz	1494525
20241113044546	https://www.fiverr.com/honest_honest/design-a-responsive-beauty-salon-website-makeup-skincare	200	data/pilot/html-balanced/honest_honest/20241113_design-a-responsive-beauty-salon-website-makeup-skincare.html.gz	1004650
20241222074227	https://www.fiverr.com/musamada/create-hand-drawn-grunge-cybersigilsm-design-for-merchandise	200	data/pilot/html-balanced/musamada/20241222_create-hand-drawn-grunge-cybersigilsm-design-for-merchandise.html.gz	1154620
20241002210126	https://www.fiverr.com/nimrayar384/compose-a-speech-at-any-topic-of-your-choice	200	data/pilot/html-balanced/nimrayar384/20241002_compose-a-speech-at-any-topic-of-your-choice.html.gz	1382018
20241002213659	https://www.fiverr.com/vrcollins89/edit-your-romance-novel	200	data/pilot/html-balanced/vrcollins89/20241002_edit-your-romance-novel.html.gz	1414897
20241002174318	https://www.fiverr.com/yeasin_bhuyan/do-kinetic-typography-text-animation-video	200	data/pilot/html-balanced/yeasin_bhuyan/20241002_do-kinetic-typography-text-animation-video.html.gz	1416988
20241006032212	https://www.fiverr.com/lcirkot/write-100-video-prompt-ideas-about-astrology-for-tiktok-reels-youtube	200	data/pilot/html-balanced/lcirkot/20241006_write-100-video-prompt-ideas-about-astrology-for-tiktok-reels-youtube.html.gz	1379873
20241125044034	https://www.fiverr.com/isabellaker/create-nft-smart-contract-and-minting-site	200	data/pilot/html-balanced/isabellaker/20241125_create-nft-smart-contract-and-minting-site.html.gz	1308254
20241106160328	https://www.fiverr.com/rostimunthe/create-3-glitch-logo-intro-animation-videos	200	data/pilot/html-balanced/rostimunthe/20241106_create-3-glitch-logo-intro-animation-videos.html.gz	1030731
20241001030304	https://www.fiverr.com/web_chrome/do-wordpress-website-development-design-redesign-duplicate-wordpress-website	200	data/pilot/html-balanced/web_chrome/20241001_do-wordpress-website-development-design-redesign-duplicate-wordpress-website.html.gz	1456178
20241002162428	https://www.fiverr.com/alexandr02/create-a-music-video-for-your-song	200	data/pilot/html-balanced/alexandr02/20241002_create-a-music-video-for-your-song.html.gz	1481799
20241002212847	https://www.fiverr.com/coraliebelair/ghost-read-your-ebook	200	data/pilot/html-balanced/coraliebelair/20241002_ghost-read-your-ebook.html.gz	1439731
20241005092135	https://www.fiverr.com/emerchant/do-pixel-perfect-label-design-of-your-products	200	data/pilot/html-balanced/emerchant/20241005_do-pixel-perfect-label-design-of-your-products.html.gz	1502819
20241007164542	https://www.fiverr.com/futuretechsol/professionally-rebrand-iptv-android-app-without-source-code	200	data/pilot/html-balanced/futuretechsol/20241007_professionally-rebrand-iptv-android-app-without-source-code.html.gz	1499212
20241001043340	https://www.fiverr.com/ali_ata/develop-an-android-app-or-will-be-your-android-app-developer	200	data/pilot/html-balanced/ali_ata/20241001_develop-an-android-app-or-will-be-your-android-app-developer.html.gz	1471263
20241001144404	https://www.fiverr.com/kttchathuranga/design-amazing-professional-supplement-labels	200	data/pilot/html-balanced/kttchathuranga/20241001_design-amazing-professional-supplement-labels.html.gz	1446614
20241002235054	https://www.fiverr.com/mosesistheone/transcribe-20-minutes-of-audio-for-you	200	data/pilot/html-balanced/mosesistheone/20241002_transcribe-20-minutes-of-audio-for-you.html.gz	1428239
20241121112909	https://www.fiverr.com/mary_jobs55/write-federal-resume-government-military-veteran-executive-usajobs-ksa-respons	200	data/pilot/html-balanced/mary_jobs55/20241121_write-federal-resume-government-military-veteran-executive-usajobs-ksa-respons.html.gz	1075261
20241001102904	https://www.fiverr.com/kisabeldemure/make-ai-spokesperson-video-in-any-language	200	data/pilot/html-balanced/kisabeldemure/20241001_make-ai-spokesperson-video-in-any-language.html.gz	1275413
20241217141307	https://www.fiverr.com/vungocduc/animate-your-game-character	200	data/pilot/html-balanced/vungocduc/20241217_animate-your-game-character.html.gz	1426460
20241002041821	https://www.fiverr.com/rishaat/design-professional-responsive-email-template	200	data/pilot/html-balanced/rishaat/20241002_design-professional-responsive-email-template.html.gz	1442982
20241003190211	https://www.fiverr.com/gabito_/create-real-estate-promo-videos	200	data/pilot/html-balanced/gabito_/20241003_create-real-estate-promo-videos.html.gz	1454437
20241001185552	https://www.fiverr.com/dragonet07/write-a-striking-query-letter-for-your-scifi-or-fantasy-novel	200	data/pilot/html-balanced/dragonet07/20241001_write-a-striking-query-letter-for-your-scifi-or-fantasy-novel.html.gz	1367128
20241104111938	https://www.fiverr.com/abraham_02/sales-funnel-or-website-on-builderall-simvoly-gohighlevel	200	data/pilot/html-balanced/abraham_02/20241104_sales-funnel-or-website-on-builderall-simvoly-gohighlevel.html.gz	558978
20241001161809	https://www.fiverr.com/dongtibule/do-hvac-cooling-load-calculation-and-hvac-design-drawings	200	data/pilot/html-balanced/dongtibule/20241001_do-hvac-cooling-load-calculation-and-hvac-design-drawings.html.gz	1462137
20241002170419	https://www.fiverr.com/azureowlstudio/create-custom-animated-emotes-for-twitch-youtube-or-discord	200	data/pilot/html-balanced/azureowlstudio/20241002_create-custom-animated-emotes-for-twitch-youtube-or-discord.html.gz	1483924
20240909113536	https://www.fiverr.com/anonymouskid/design-awesome-website-psd	200	data/pilot/html-balanced/anonymouskid/20240909_design-awesome-website-psd.html.gz	481003
20241002035423	https://www.fiverr.com/pussyacat/recreate-your-logo-or-image-in-vector-asap	200	data/pilot/html-balanced/pussyacat/20241002_recreate-your-logo-or-image-in-vector-asap.html.gz	1457493
20241008075132	https://www.fiverr.com/willyespinoza94/do-sheet-music-transcrption-for-any-song	200	data/pilot/html-balanced/willyespinoza94/20241008_do-sheet-music-transcrption-for-any-song.html.gz	1441745
20241002172917	https://www.fiverr.com/alifyadesign/create-svg-lottie-animation-gif-from-vector-for-website-and-mobile-app	200	data/pilot/html-balanced/alifyadesign/20241002_create-svg-lottie-animation-gif-from-vector-for-website-and-mobile-app.html.gz	1480702
20241002042326	https://www.fiverr.com/mustasimbillah/design-an-amazing-roll-up-banner-in-6-hours	200	data/pilot/html-balanced/mustasimbillah/20241002_design-an-amazing-roll-up-banner-in-6-hours.html.gz	1460050
20241003000057	https://www.fiverr.com/sashagu/interpret-between-chinese-and-english-over-the-phone	200	data/pilot/html-balanced/sashagu/20241003_interpret-between-chinese-and-english-over-the-phone.html.gz	1415390
20241005091756	https://www.fiverr.com/rezaulrobi/do-slider-hero-image-hero-images-header-banner-web-ads-fb-cover-youtube-cover	200	data/pilot/html-balanced/rezaulrobi/20241005_do-slider-hero-image-hero-images-header-banner-web-ads-fb-cover-youtube-cover.html.gz	1469712
20241001054649	https://www.fiverr.com/husnainbajwa83/optimize-your-etsy-seo-listing-to-top-rank-and-shop-setup-e528	200	data/pilot/html-balanced/husnainbajwa83/20241001_optimize-your-etsy-seo-listing-to-top-rank-and-shop-setup-e528.html.gz	1432749
20241228052938	https://www.fiverr.com/caitlinsloan7/provide-a-professional-genuine-female-american-voiceover	200	data/pilot/html-balanced/caitlinsloan7/20241228_provide-a-professional-genuine-female-american-voiceover.html.gz	1276390
20241217014947	https://www.fiverr.com/motiongrapherr/create-custom-logo-intro-outro-animation-for-your-video	200	data/pilot/html-balanced/motiongrapherr/20241217_create-custom-logo-intro-outro-animation-for-your-video.html.gz	1296436
20241001222249	https://www.fiverr.com/enya3d/make-animation-with-your-photos	200	data/pilot/html-balanced/enya3d/20241001_make-animation-with-your-photos.html.gz	1420862
20241125211559	https://www.fiverr.com/tomtypography/design-a-creative-typography-logo-with-vector-file	200	data/pilot/html-balanced/tomtypography/20241125_design-a-creative-typography-logo-with-vector-file.html.gz	1420445
20241001215750	https://www.fiverr.com/michaelkravc512/record-an-overhead-video-of-any-piece-on-piano	200	data/pilot/html-balanced/michaelkravc512/20241001_record-an-overhead-video-of-any-piece-on-piano.html.gz	1362500
20241008072326	https://www.fiverr.com/matiasra/provide-relaxing-background-music-royalty-free-business-use	200	data/pilot/html-balanced/matiasra/20241008_provide-relaxing-background-music-royalty-free-business-use.html.gz	1491436
20241009211447	https://www.fiverr.com/apollo_studio/do-professional-luxury-business-card	404		0
20241113100802	https://www.fiverr.com/woofy31/create-an-actionable-30-or-100-page-complete-seo-analysis-report-of-your-website	200	data/pilot/html-balanced/woofy31/20241113_create-an-actionable-30-or-100-page-complete-seo-analysis-report-of-your-website.html.gz	848454
20241121223257	https://www.fiverr.com/oleksandr_hazze/guitar-recording-mixing-and-mastering-c975	200	data/pilot/html-balanced/oleksandr_hazze/20241121_guitar-recording-mixing-and-mastering-c975.html.gz	1040841
20241003231514	https://www.fiverr.com/enzo__/record-spanish-nylon-mediterranean-guitar	200	data/pilot/html-balanced/enzo__/20241003_record-spanish-nylon-mediterranean-guitar.html.gz	1420983
20241001054953	https://www.fiverr.com/arham_uppal/create-youtube-timestamps-seo-friendly-video-chapter-names	200	data/pilot/html-balanced/arham_uppal/20241001_create-youtube-timestamps-seo-friendly-video-chapter-names.html.gz	1456527
20241001031746	https://www.fiverr.com/emilyy07/design-professional-manipulation-for-your-photos	200	data/pilot/html-balanced/emilyy07/20241001_design-professional-manipulation-for-your-photos.html.gz	659863
20241003233141	https://www.fiverr.com/boycheque/be-your-hip-hop-rap-rnb-and-trap-songwriter	200	data/pilot/html-balanced/boycheque/20241003_be-your-hip-hop-rap-rnb-and-trap-songwriter.html.gz	1394069
20241001192310	https://www.fiverr.com/kristenjunne/write-your-social-media-captions	200	data/pilot/html-balanced/kristenjunne/20241001_write-your-social-media-captions.html.gz	1417471
20241001221924	https://www.fiverr.com/saleheddin/make-from-your-video-a-piece-of-art	200	data/pilot/html-balanced/saleheddin/20241001_make-from-your-video-a-piece-of-art.html.gz	1216100
20241002161712	https://www.fiverr.com/bluehairdvae/create-ugc-tiktok-video-ads-as-your-personal-spokesman	200	data/pilot/html-balanced/bluehairdvae/20241002_create-ugc-tiktok-video-ads-as-your-personal-spokesman.html.gz	1498323
20241004111924	https://www.fiverr.com/rizwan_shabbir/create-pdf-word-and-excel-fillable-forms	200	data/pilot/html-balanced/rizwan_shabbir/20241004_create-pdf-word-and-excel-fillable-forms.html.gz	1438905
20250115053811	https://www.fiverr.com/nature_shine/do-unique-and-amazing-professional-business-card	200	data/pilot/html-balanced/nature_shine/20250115_do-unique-and-amazing-professional-business-card.html.gz	944284
20241003074418	https://www.fiverr.com/smmrobin777/unfollow-instagram-followings-and-remove-inactive-fake-ghost-and-bot-followers	200	data/pilot/html-balanced/smmrobin777/20241003_unfollow-instagram-followings-and-remove-inactive-fake-ghost-and-bot-followers.html.gz	1104401
20250120142211	https://www.fiverr.com/rajuana2/be-your-expert-facebook-ads-manager	200	data/pilot/html-balanced/rajuana2/20250120_be-your-expert-facebook-ads-manager.html.gz	1034580
20250103234051	https://www.fiverr.com/frankietheboss/do-modern-minimalist-luxury-logo-design	200	data/pilot/html-balanced/frankietheboss/20250103_do-modern-minimalist-luxury-logo-design.html.gz	1476442
20250103211841	https://www.fiverr.com/carddesignrr/do-photoshop-edit-photo-retouching-background-removal-job	200	data/pilot/html-balanced/carddesignrr/20250103_do-photoshop-edit-photo-retouching-background-removal-job.html.gz	1264867
20241112073023	https://www.fiverr.com/nola_b/do-ecommerce-shopify-marketing-boost-shopify-sales-shopify-store-manager	200	data/pilot/html-balanced/nola_b/20241112_do-ecommerce-shopify-marketing-boost-shopify-sales-shopify-store-manager.html.gz	1044990
20250120114514	https://www.fiverr.com/muzamilahmad990/add-captions-or-subtitles-to-your-tiktoks-reels-and-shorts	200	data/pilot/html-balanced/muzamilahmad990/20250120_add-captions-or-subtitles-to-your-tiktoks-reels-and-shorts.html.gz	1291287
20250122151418	https://www.fiverr.com/link68/animate-your-2d-illustration	200	data/pilot/html-balanced/link68/20250122_animate-your-2d-illustration.html.gz	1242900
20250116074316	https://www.fiverr.com/cahwxy/do-programming-project-on-cpp-sql-qt	200	data/pilot/html-balanced/cahwxy/20250116_do-programming-project-on-cpp-sql-qt.html.gz	1300899
20250118223657	https://www.fiverr.com/sobujhasan226/do-professional-creative-minimalist-business-logo-design	200	data/pilot/html-balanced/sobujhasan226/20250118_do-professional-creative-minimalist-business-logo-design.html.gz	1063092
20250117182846	https://www.fiverr.com/vintage_valley/design-professional-business-logo	200	data/pilot/html-balanced/vintage_valley/20250117_design-professional-business-logo.html.gz	1403407
20250127015919	https://www.fiverr.com/viper2024/photograph-events-real-estate-and-portraits	200	data/pilot/html-balanced/viper2024/20250127_photograph-events-real-estate-and-portraits.html.gz	1230354
20250131044435	https://www.fiverr.com/jaylucy/build-the-cult-high-quality-backlinks-seo-services	200	data/pilot/html-balanced/jaylucy/20250131_build-the-cult-high-quality-backlinks-seo-services.html.gz	367258
20250113174905	https://www.fiverr.com/poojay2015/type-equation-editor-for-mathematics	200	data/pilot/html-balanced/poojay2015/20250113_type-equation-editor-for-mathematics.html.gz	178680
20250128135538	https://www.fiverr.com/kamrulhasan90/develop-and-design-ios-and-android-native-and-hybrid-apps	200	data/pilot/html-balanced/kamrulhasan90/20250128_develop-and-design-ios-and-android-native-and-hybrid-apps.html.gz	222280
20250111143955	https://www.fiverr.com/rimuss/create-an-explainer-or-promo-video-for-your-business	200	data/pilot/html-balanced/rimuss/20250111_create-an-explainer-or-promo-video-for-your-business.html.gz	1422451
20250115230758	https://www.fiverr.com/shopify_evelynn/build-8-figure-roi-digital-product-shopify-store-print-on-demand-shopify-store	200	data/pilot/html-balanced/shopify_evelynn/20250115_build-8-figure-roi-digital-product-shopify-store-print-on-demand-shopify-store.html.gz	988393
20250121015322	https://www.fiverr.com/alpi123/extract-instrumental-or-acapella-with-never-seen-before-method	200	data/pilot/html-balanced/alpi123/20250121_extract-instrumental-or-acapella-with-never-seen-before-method.html.gz	1381154
20250103215330	https://www.fiverr.com/sk_explainers/create-a-professional-2d-animated-explainer-video	200	data/pilot/html-balanced/sk_explainers/20250103_create-a-professional-2d-animated-explainer-video.html.gz	1282511
20250103194144	https://www.fiverr.com/galib_ahmed/be-your-social-media-manager	200	data/pilot/html-balanced/galib_ahmed/20250103_be-your-social-media-manager.html.gz	1075701
20250120174043	https://www.fiverr.com/mickey185/build-a-wordpress-website-design-responsive-wordpress	200	data/pilot/html-balanced/mickey185/20250120_build-a-wordpress-website-design-responsive-wordpress.html.gz	1431036
20250131014832	https://www.fiverr.com/animationvalley/make-3d-logo-animation-videos-in-24-hours	200	data/pilot/html-balanced/animationvalley/20250131_make-3d-logo-animation-videos-in-24-hours.html.gz	469789
20250104063100	https://www.fiverr.com/abtom1/manage-reddit-x-twitter-business-website-ecommerce-product-etsy-shopify-store	200	data/pilot/html-balanced/abtom1/20250104_manage-reddit-x-twitter-business-website-ecommerce-product-etsy-shopify-store.html.gz	1062649
20250119170251	https://www.fiverr.com/mozid72063/promote-your-business-by-facebook-marketing	200	data/pilot/html-balanced/mozid72063/20250119_promote-your-business-by-facebook-marketing.html.gz	1040878
20250125022851	https://www.fiverr.com/florencemiaa/create-luxury-website-design-on-wordpress-using-woocommerce	200	data/pilot/html-balanced/florencemiaa/20250125_create-luxury-website-design-on-wordpress-using-woocommerce.html.gz	1142666
20250124202444	https://www.fiverr.com/jsjim05/do-modern-minimalist-logo-design-for-your-business	200	data/pilot/html-balanced/jsjim05/20250124_do-modern-minimalist-logo-design-for-your-business.html.gz	1054092
20250128174526	https://www.fiverr.com/fawaddesigns320/design-instagram-posts-social-media-post-design-facebook-ads-design	200	data/pilot/html-balanced/fawaddesigns320/20250128_design-instagram-posts-social-media-post-design-facebook-ads-design.html.gz	1034792
20250111045215	https://www.fiverr.com/humayunkabir171/grow-instagram-to-your-potential-customer-organically-31c7	200	data/pilot/html-balanced/humayunkabir171/20250111_grow-instagram-to-your-potential-customer-organically-31c7.html.gz	221905
20250117053044	https://www.fiverr.com/charles_wanderi/proofread-and-edit-your-document	404		0
20250119152611	https://www.fiverr.com/kong_vector/ending-or-outro-screen-for-youtube-twitch	200	data/pilot/html-balanced/kong_vector/20250119_ending-or-outro-screen-for-youtube-twitch.html.gz	1519314
20250104231240	https://www.fiverr.com/prof_olusegun/optimize-your-crypto-portfolio	200	data/pilot/html-balanced/prof_olusegun/20250104_optimize-your-crypto-portfolio.html.gz	1093068
20250120224728	https://www.fiverr.com/convobossfiverr/create-your-comprehensive-marketing-strategy-and-plan	200	data/pilot/html-balanced/convobossfiverr/20250120_create-your-comprehensive-marketing-strategy-and-plan.html.gz	1269027
20250121133901	https://www.fiverr.com/myblue/design-restaurant-menu-for-you	200	data/pilot/html-balanced/myblue/20250121_design-restaurant-menu-for-you.html.gz	1459134
20250115172444	https://www.fiverr.com/dulare_80/do-front-end-development-will-be-your-front-end-developer	200	data/pilot/html-balanced/dulare_80/20250115_do-front-end-development-will-be-your-front-end-developer.html.gz	255147
20250126155649	https://www.fiverr.com/isratzahanbd/product-add-upload-products-product-listing-shopify-product-woocommerce-product	200	data/pilot/html-balanced/isratzahanbd/20250126_product-add-upload-products-product-listing-shopify-product-woocommerce-product.html.gz	1383721
20250115220331	https://www.fiverr.com/rodguinnan/create-your-sewing-video-tutorials-for-social-media	200	data/pilot/html-balanced/rodguinnan/20250115_create-your-sewing-video-tutorials-for-social-media.html.gz	1061770
20250130035558	https://www.fiverr.com/yourscreatively/write-your-podcast-show-notes-for-seo	200	data/pilot/html-balanced/yourscreatively/20250130_write-your-podcast-show-notes-for-seo.html.gz	1395296
20250105033155	https://www.fiverr.com/usman_tech12/develop-professional-wordpress-website-and-ecommerce-store	200	data/pilot/html-balanced/usman_tech12/20250105_develop-professional-wordpress-website-and-ecommerce-store.html.gz	1121530
20250116191824	https://www.fiverr.com/pujovski/design-a-professional-logo-for-your-business	200	data/pilot/html-balanced/pujovski/20250116_design-a-professional-logo-for-your-business.html.gz	996089
20250114030140	https://www.fiverr.com/lucyp_designs/design-shopify-etsy-digital-product-print-on-demand-printful-printify-etsy-shop	200	data/pilot/html-balanced/lucyp_designs/20250114_design-shopify-etsy-digital-product-print-on-demand-printful-printify-etsy-shop.html.gz	1362099
20250112212204	https://www.fiverr.com/samn0701/draw-2d-floor-plan-house-plan-elevations-and-3ds-in-archicad	200	data/pilot/html-balanced/samn0701/20250112_draw-2d-floor-plan-house-plan-elevations-and-3ds-in-archicad.html.gz	939601
20250130053648	https://www.fiverr.com/jennamatthews12/write-edit-your-executive-cv-resume-cover-letter	200	data/pilot/html-balanced/jennamatthews12/20250130_write-edit-your-executive-cv-resume-cover-letter.html.gz	1433397
20250128192359	https://www.fiverr.com/da2189/assist-with-proofreading-and-editing-ai-generated-content-for-blogs	200	data/pilot/html-balanced/da2189/20250128_assist-with-proofreading-and-editing-ai-generated-content-for-blogs.html.gz	1123274
20250215093650	https://www.fiverr.com/matthewtw/provide-british-narration-for-your-audiobook	200	data/pilot/html-balanced/matthewtw/20250215_provide-british-narration-for-your-audiobook.html.gz	1548299
20250214150719	https://www.fiverr.com/milkarubtsova/make-any-music-sheet-for-piano	200	data/pilot/html-balanced/milkarubtsova/20250214_make-any-music-sheet-for-piano.html.gz	1444849
20250113064918	https://www.fiverr.com/alimsarder786/create-electric-logo-intro-video	200	data/pilot/html-balanced/alimsarder786/20250113_create-electric-logo-intro-video.html.gz	1037682
20250126004426	https://www.fiverr.com/asaleta/create-a-3d-rendering-for-interior-exterior-architecture	200	data/pilot/html-balanced/asaleta/20250126_create-a-3d-rendering-for-interior-exterior-architecture.html.gz	1039412
20250119211406	https://www.fiverr.com/nuraroni/design-best-custom-twitch-sub-badges-in-24-hours	200	data/pilot/html-balanced/nuraroni/20250119_design-best-custom-twitch-sub-badges-in-24-hours.html.gz	1428393
20250130041536	https://www.fiverr.com/katiejanner/edit-your-podcast-and-add-bumpers	200	data/pilot/html-balanced/katiejanner/20250130_edit-your-podcast-and-add-bumpers.html.gz	1391480
20250123142744	https://www.fiverr.com/serp_spark/create-high-authority-white-hat-contextual-dofollow-seo-backlinks	200	data/pilot/html-balanced/serp_spark/20250123_create-high-authority-white-hat-contextual-dofollow-seo-backlinks.html.gz	1380604
20250119053908	https://www.fiverr.com/agunkrejectz21/do-organic-promotion-to-boost-youtube-revenue-through-ads	200	data/pilot/html-balanced/agunkrejectz21/20250119_do-organic-promotion-to-boost-youtube-revenue-through-ads.html.gz	1487226
20250119193610	https://www.fiverr.com/mustaaqeem/be-your-professional-graphic-designer	200	data/pilot/html-balanced/mustaaqeem/20250119_be-your-professional-graphic-designer.html.gz	913152
20250115080739	https://www.fiverr.com/seobyt/provide-high-authority-white-hat-dofollow-seo-backlinks-service	200	data/pilot/html-balanced/seobyt/20250115_provide-high-authority-white-hat-dofollow-seo-backlinks-service.html.gz	1523406
20250214140608	https://www.fiverr.com/mohammadali04/design-attractive-modern-professional-magazine-cover-layout-or-print-newsletter	200	data/pilot/html-balanced/mohammadali04/20250214_design-attractive-modern-professional-magazine-cover-layout-or-print-newsletter.html.gz	1631177
20250104024246	https://www.fiverr.com/zhankamax/design-custom-shaped-die-cut-weed-pouch-cannabis-mylar-bags-ea38	200	data/pilot/html-balanced/zhankamax/20250104_design-custom-shaped-die-cut-weed-pouch-cannabis-mylar-bags-ea38.html.gz	1085007
20250105033946	https://www.fiverr.com/taufik90design/design-repeat-vector-for-kids-clothing	200	data/pilot/html-balanced/taufik90design/20250105_design-repeat-vector-for-kids-clothing.html.gz	946003
20250125201222	https://www.fiverr.com/mrquotenexus/edit-your-videos-for-social-media-youtube-and-more	200	data/pilot/html-balanced/mrquotenexus/20250125_edit-your-videos-for-social-media-youtube-and-more.html.gz	1036851
20250113121425	https://www.fiverr.com/url_indexing/optimize-google-maps-seo-and-gmb-ranking-for-your-business	200	data/pilot/html-balanced/url_indexing/20250113_optimize-google-maps-seo-and-gmb-ranking-for-your-business.html.gz	1041923
20250114121803	https://www.fiverr.com/mohammadarif75/build-niche-targeted-email-list-for-email-marketing	200	data/pilot/html-balanced/mohammadarif75/20250114_build-niche-targeted-email-list-for-email-marketing.html.gz	1092105
20250124124746	https://www.fiverr.com/ahmedali202/do-amazing-youtube-video-editing-within-24-hours	200	data/pilot/html-balanced/ahmedali202/20250124_do-amazing-youtube-video-editing-within-24-hours.html.gz	1469074
20250112193615	https://www.fiverr.com/careercoach11/do-any-graphic-design-and-adobe-illustrator-work-you-need	200	data/pilot/html-balanced/careercoach11/20250112_do-any-graphic-design-and-adobe-illustrator-work-you-need.html.gz	1057945
20250119215037	https://www.fiverr.com/klevitt70/promote-your-business-on-my-podcast	200	data/pilot/html-balanced/klevitt70/20250119_promote-your-business-on-my-podcast.html.gz	1472536
20250516135834	https://www.fiverr.com/carina_11/write-in-japanese-kanji	200	data/pilot/html-balanced/carina_11/20250516_write-in-japanese-kanji.html.gz	1669453
20250131000742	https://www.fiverr.com/dogebao976/generate-up-to-10-000-collectible-nfts-for-listing-on-opensea	200	data/pilot/html-balanced/dogebao976/20250131_generate-up-to-10-000-collectible-nfts-for-listing-on-opensea.html.gz	1276145
20250426074050	https://www.fiverr.com/shuvo110224/design-a-yard-sign-billboard-and-signage	200	data/pilot/html-balanced/shuvo110224/20250426_design-a-yard-sign-billboard-and-signage.html.gz	866289
20250506033345	https://www.fiverr.com/krisdon22chris/help-you-build-your-brand-and-grow-your-online-presence	404		0
20250502154159	https://www.fiverr.com/superfast2017/do-photoshop-editing-face-or-head-swap-in-1-hour-skin-retouching	200	data/pilot/html-balanced/superfast2017/20250502_do-photoshop-editing-face-or-head-swap-in-1-hour-skin-retouching.html.gz	1097349
20250426163221	https://www.fiverr.com/prithvirajp99/be-your-creative-youtube-video-editor	200	data/pilot/html-balanced/prithvirajp99/20250426_be-your-creative-youtube-video-editor.html.gz	1478022
20250426152028	https://www.fiverr.com/creeddesigners/design-my-uniquestill-logo-for-you	200	data/pilot/html-balanced/creeddesigners/20250426_design-my-uniquestill-logo-for-you.html.gz	1489477
20250625001231	https://www.fiverr.com/shopify_savvy78/do-airbnb-promotion-airbnb-listing-airbnb-booking-airbnb-marketing-vrbo	200	data/pilot/html-balanced/shopify_savvy78/20250625_do-airbnb-promotion-airbnb-listing-airbnb-booking-airbnb-marketing-vrbo.html.gz	1051481
20250118143145	https://www.fiverr.com/atik6733/do-perfect-photoshop-editing	200	data/pilot/html-balanced/atik6733/20250118_do-perfect-photoshop-editing.html.gz	1335139
20250512162032	https://www.fiverr.com/brandk/do-instagram-marketing-for-super-fast-organic-growth	200	data/pilot/html-balanced/brandk/20250512_do-instagram-marketing-for-super-fast-organic-growth.html.gz	936702
20250123161938	https://www.fiverr.com/graphi_que/design-any-kind-of-business-logo-efe1f085-77fe-4e22-911d-fb9854a7ae87	200	data/pilot/html-balanced/graphi_que/20250123_design-any-kind-of-business-logo-efe1f085-77fe-4e22-911d-fb9854a7ae87.html.gz	1399105
20250514134246	https://www.fiverr.com/muntashirm2000/do-wordpress-malware-removal-and-fix-hacked-website	200	data/pilot/html-balanced/muntashirm2000/20250514_do-wordpress-malware-removal-and-fix-hacked-website.html.gz	1083301
20250513212056	https://www.fiverr.com/rumapaik/design-amazon-kdp-a-plus-content-for-your-book	200	data/pilot/html-balanced/rumapaik/20250513_design-amazon-kdp-a-plus-content-for-your-book.html.gz	950226
20250426035914	https://www.fiverr.com/sadiaakterskd2/do-3-professional-creative-modern-minimalist-logo-creation-for-your-business	200	data/pilot/html-balanced/sadiaakterskd2/20250426_do-3-professional-creative-modern-minimalist-logo-creation-for-your-business.html.gz	602405
20250426005719	https://www.fiverr.com/olansile_apex/expert-shopify-store-setup-design-redesign-branded-and-custom-online-store	200	data/pilot/html-balanced/olansile_apex/20250426_expert-shopify-store-setup-design-redesign-branded-and-custom-online-store.html.gz	1068488
20250123135616	https://www.fiverr.com/najibfatikhun/vectorize-tracing-redraw-your-sketch-or-logo-or-image	200	data/pilot/html-balanced/najibfatikhun/20250123_vectorize-tracing-redraw-your-sketch-or-logo-or-image.html.gz	838258
20250430085701	https://www.fiverr.com/webtechiess11/landing-page-wordpress-responsive-landing-page-design-single-page-website-design	200	data/pilot/html-balanced/webtechiess11/20250430_landing-page-wordpress-responsive-landing-page-design-single-page-website-design.html.gz	1793495
20250627031026	https://www.fiverr.com/bolt_runner/create-a-south-park-style-animation	200	data/pilot/html-balanced/bolt_runner/20250627_create-a-south-park-style-animation.html.gz	1762282
20250513193445	https://www.fiverr.com/nooraaiin/do-3d-timeless-modern-business-logo-design-in-24-hours	200	data/pilot/html-balanced/nooraaiin/20250513_do-3d-timeless-modern-business-logo-design-in-24-hours.html.gz	1563073
20250514143103	https://www.fiverr.com/webbrave_/design-redesign-shopify-store-shopify-dropshipping-store-shopify-website	200	data/pilot/html-balanced/webbrave_/20250514_design-redesign-shopify-store-shopify-dropshipping-store-shopify-website.html.gz	1453297
20250427001150	https://www.fiverr.com/denis2306/be-your-social-media-marketing-manager-and-content-creator	200	data/pilot/html-balanced/denis2306/20250427_be-your-social-media-marketing-manager-and-content-creator.html.gz	1578190
20250427083348	https://www.fiverr.com/peace_pro123/do-facebook-ads-campaign-run-instagram-marketing-meta-advertising-shopify-fb-ads	200	data/pilot/html-balanced/peace_pro123/20250427_do-facebook-ads-campaign-run-instagram-marketing-meta-advertising-shopify-fb-ads.html.gz	1045259
20250430010023	https://www.fiverr.com/kendra_esther/design-iv-hydration-website-iv-therapy-website-medical-website-wellness-website	200	data/pilot/html-balanced/kendra_esther/20250430_design-iv-hydration-website-iv-therapy-website-medical-website-wellness-website.html.gz	1053603
20250513192819	https://www.fiverr.com/faded22/make-white-board-animated-videos	200	data/pilot/html-balanced/faded22/20250513_make-white-board-animated-videos.html.gz	520815
20250426115411	https://www.fiverr.com/perfectdesigns7/design-a-watercolor-or-professional-logo-design	200	data/pilot/html-balanced/perfectdesigns7/20250426_design-a-watercolor-or-professional-logo-design.html.gz	358169
20250514113830	https://www.fiverr.com/genny_roberts/design-responsive-high-end-divi-wordpress-website	200	data/pilot/html-balanced/genny_roberts/20250514_design-responsive-high-end-divi-wordpress-website.html.gz	311208
20250514111331	https://www.fiverr.com/creativehunters/produce-professional-advertising-promotional-video	200	data/pilot/html-balanced/creativehunters/20250514_produce-professional-advertising-promotional-video.html.gz	1392829
20250630171901	https://www.fiverr.com/hoot_yt/record-a-smoke-voiceover-for-you-from-rainbow-six-siege	200	data/pilot/html-balanced/hoot_yt/20250630_record-a-smoke-voiceover-for-you-from-rainbow-six-siege.html.gz	1675969
20250514133539	https://www.fiverr.com/ibrahimshah361/create-wordpress-website-exactly-as-you-want	200	data/pilot/html-balanced/ibrahimshah361/20250514_create-wordpress-website-exactly-as-you-want.html.gz	1401025
20250513160804	https://www.fiverr.com/logomoko/create-steampunk-themed-logo	200	data/pilot/html-balanced/logomoko/20250513_create-steampunk-themed-logo.html.gz	1120439
20250513190822	https://www.fiverr.com/graphics_spine/do-modern-monogram-or-personal-initial-letter-logo-design	200	data/pilot/html-balanced/graphics_spine/20250513_do-modern-monogram-or-personal-initial-letter-logo-design.html.gz	959224
20250405020849	https://www.fiverr.com/fatihasyuhada/make-intro-promotion-video-debut-for-vtuber-or-streamer	200	data/pilot/html-balanced/fatihasyuhada/20250405_make-intro-promotion-video-debut-for-vtuber-or-streamer.html.gz	1258384
20250426102033	https://www.fiverr.com/graphicsqueens/create-this-book-promotion-video-trailer	200	data/pilot/html-balanced/graphicsqueens/20250426_create-this-book-promotion-video-trailer.html.gz	263718
20250513221139	https://www.fiverr.com/blitzd/create-your-own-cryptocurrency-like-bitcoin	200	data/pilot/html-balanced/blitzd/20250513_create-your-own-cryptocurrency-like-bitcoin.html.gz	1214864
20250513213721	https://www.fiverr.com/faded22/make-dental-4d-animated-videos	404		0
20250426163632	https://www.fiverr.com/vfx_store/create-the-best-amazing-car-logo-animation-video	404		0
20250426150251	https://www.fiverr.com/farhingul/merge-clean-and-export-google-contacts-to-excel	404		0
20250426184810	https://www.fiverr.com/sitnicdumitru/premium-quality-youtube-banner-cover	404		0
20250506001717	https://www.fiverr.com/tanvir_hushan/do-your-youtube-video-seo-for-top-ranking-on-search-results	200	data/pilot/html-balanced/tanvir_hushan/20250506_do-your-youtube-video-seo-for-top-ranking-on-search-results.html.gz	1469090
20250426032243	https://www.fiverr.com/nasir715/modern-iconic-logo-design	200	data/pilot/html-balanced/nasir715/20250426_modern-iconic-logo-design.html.gz	495789
20250426154639	https://www.fiverr.com/mr_ponu/fix-any-kinds-wordpress-issue	200	data/pilot/html-balanced/mr_ponu/20250426_fix-any-kinds-wordpress-issue.html.gz	235598
20250406141210	https://www.fiverr.com/terrancenibbles/certify-your-crypto-project-after-analytical-review	200	data/pilot/html-balanced/terrancenibbles/20250406_certify-your-crypto-project-after-analytical-review.html.gz	1470616
20250429075726	https://www.fiverr.com/bijoypal1721/design-logo-for-real-estate-and-construction-businesses	200	data/pilot/html-balanced/bijoypal1721/20250429_design-logo-for-real-estate-and-construction-businesses.html.gz	432212
20250427130421	https://www.fiverr.com/skydesigner/do-flat-logo-logo	200	data/pilot/html-balanced/skydesigner/20250427_do-flat-logo-logo.html.gz	1323676
20250514154250	https://www.fiverr.com/nandan_roy/design-professional-business-cards	200	data/pilot/html-balanced/nandan_roy/20250514_design-professional-business-cards.html.gz	1305551
20250426150322	https://www.fiverr.com/mary_jobs55/write-perfect-software-engineering-tech-it-faang-cybersecurity-resume-writing	200	data/pilot/html-balanced/mary_jobs55/20250426_write-perfect-software-engineering-tech-it-faang-cybersecurity-resume-writing.html.gz	1350272
20250426123427	https://www.fiverr.com/taherasdesign/design-modern-minimalist-and-elegant-business-card	404		0
20250514142018	https://www.fiverr.com/sonarish/build-profitable-shopify-website-shopify-store-with-fb-ads	200	data/pilot/html-balanced/sonarish/20250514_build-profitable-shopify-website-shopify-store-with-fb-ads.html.gz	1521472
20250412191714	https://www.fiverr.com/atharvamore679/design-professional-thumbnails-increase-ctr	200	data/pilot/html-balanced/atharvamore679/20250412_design-professional-thumbnails-increase-ctr.html.gz	1345643
20250426210052	https://www.fiverr.com/peterfrxbot/give-you-forex-robot-nasdaq-trading-robot-for-consistence-profit-nasdaq-ea	200	data/pilot/html-balanced/peterfrxbot/20250426_give-you-forex-robot-nasdaq-trading-robot-for-consistence-profit-nasdaq-ea.html.gz	1080066
20250425235208	https://www.fiverr.com/blackman111/do-excellent-offpage-seo	200	data/pilot/html-balanced/blackman111/20250425_do-excellent-offpage-seo.html.gz	956973
20250514143253	https://www.fiverr.com/waleedview/create-fix-customize-your-wordpress-website	200	data/pilot/html-balanced/waleedview/20250514_create-fix-customize-your-wordpress-website.html.gz	1515757
20250415162021	https://www.fiverr.com/awais47/build-your-email-database	200	data/pilot/html-balanced/awais47/20250415_build-your-email-database.html.gz	1429848
20250513122431	https://www.fiverr.com/soundsandarts/record-voiceover-and-singing	200	data/pilot/html-balanced/soundsandarts/20250513_record-voiceover-and-singing.html.gz	1422119
20250426014527	https://www.fiverr.com/alimsarder786/make-an-advertising-video-of-your-brand-logo-01e9	200	data/pilot/html-balanced/alimsarder786/20250426_make-an-advertising-video-of-your-brand-logo-01e9.html.gz	295038
20250403165044	https://www.fiverr.com/animes477/precisely-translate-between-canadian-french-and-english	404		0
20250514152800	https://www.fiverr.com/michealfaith1/design-and-redesign-revamp-wordpress-website-development	200	data/pilot/html-balanced/michealfaith1/20250514_design-and-redesign-revamp-wordpress-website-development.html.gz	1317904
20250513051409	https://www.fiverr.com/rachel_ngochau/create-cute-cartoon-illustrations	200	data/pilot/html-balanced/rachel_ngochau/20250513_create-cute-cartoon-illustrations.html.gz	1378283
20250514105212	https://www.fiverr.com/waleed001/do-professional-video-editing-with-in-24-hours	200	data/pilot/html-balanced/waleed001/20250514_do-professional-video-editing-with-in-24-hours.html.gz	1441596
20250426191333	https://www.fiverr.com/bpenkov/professionally-edit-your-youtube-video	404		0
20250514101429	https://www.fiverr.com/tamieaton/create-ugc-videos-for-your-tiktoks-and-other-social-medias	200	data/pilot/html-balanced/tamieaton/20250514_create-ugc-videos-for-your-tiktoks-and-other-social-medias.html.gz	1449565
20250426044446	https://www.fiverr.com/reesewms/develop-your-brand-voice-identity-and-content-strategy	200	data/pilot/html-balanced/reesewms/20250426_develop-your-brand-voice-identity-and-content-strategy.html.gz	1464863
20250426185534	https://www.fiverr.com/cc_pranto/design-editable-letterheads-or-full-stationary-design	200	data/pilot/html-balanced/cc_pranto/20250426_design-editable-letterheads-or-full-stationary-design.html.gz	1095456
20250427084758	https://www.fiverr.com/jobmunene/tag-annotate-and-label-all-those-images-within-a-short-time	200	data/pilot/html-balanced/jobmunene/20250427_tag-annotate-and-label-all-those-images-within-a-short-time.html.gz	1126299
20250514154357	https://www.fiverr.com/sorathejapanese/record-japanese-make-voice-over-in-english-or-japnaese	200	data/pilot/html-balanced/sorathejapanese/20250514_record-japanese-make-voice-over-in-english-or-japnaese.html.gz	1701139
20250814054659	https://www.fiverr.com/thebackpacker/rewrite-and-optimize-your-linkedin-profile	200	data/pilot/html-balanced/thebackpacker/20250814_rewrite-and-optimize-your-linkedin-profile.html.gz	1411972
20250426012959	https://www.fiverr.com/torekul2017/design-amazing-logo-within-24-hours	200	data/pilot/html-balanced/torekul2017/20250426_design-amazing-logo-within-24-hours.html.gz	438733
20250426001225	https://www.fiverr.com/nasimasarder007/create-your-new-book-promo-video	200	data/pilot/html-balanced/nasimasarder007/20250426_create-your-new-book-promo-video.html.gz	554056
20250425233623	https://www.fiverr.com/hashimreza37/all-banner-header-facebook-cover-design	200	data/pilot/html-balanced/hashimreza37/20250425_all-banner-header-facebook-cover-design.html.gz	185690
20250707214513	https://www.fiverr.com/dropnight/promote-your-music-to-188k-subs-youtube-channel	200	data/pilot/html-balanced/dropnight/20250707_promote-your-music-to-188k-subs-youtube-channel.html.gz	578339
20250813080047	https://www.fiverr.com/arsuchismita/landscape-design-backyard-patio-front-yard-terrace-garden	200	data/pilot/html-balanced/arsuchismita/20250813_landscape-design-backyard-patio-front-yard-terrace-garden.html.gz	489701
20241108185353	https://www.fiverr.com/czarekpiast/do-fresh-and-professional-video-editing	200	data/pilot/html-balanced/czarekpiast/20241108_do-fresh-and-professional-video-editing.html.gz	652714
20250805115224	https://www.fiverr.com/carddesignrr/design-unique-pupsocks-for-you	200	data/pilot/html-balanced/carddesignrr/20250805_design-unique-pupsocks-for-you.html.gz	1133706
20250805071753	https://www.fiverr.com/sandubae/do-instagram-marketing-manage-grow-and-promote-your-page-organically	404		0
20250725125222	https://www.fiverr.com/mrkrok/animate-your-pictures-and-paintings	200	data/pilot/html-balanced/mrkrok/20250725_animate-your-pictures-and-paintings.html.gz	1467070
20250811193123	https://www.fiverr.com/shaibujohnjacob/shopify-product-upload-shopify-product-upload-shopify-product-upload	404		0
20250922114241	https://www.fiverr.com/ben_young/create-photorealistic-samurai-warriors-characters-and-concept-art-with-ai	200	data/pilot/html-balanced/ben_young/20250922_create-photorealistic-samurai-warriors-characters-and-concept-art-with-ai.html.gz	1706338
20250814173607	https://www.fiverr.com/fabulastudios/design-premium-packaging-for-your-brand	200	data/pilot/html-balanced/fabulastudios/20250814_design-premium-packaging-for-your-brand.html.gz	1484183
20250818010339	https://www.fiverr.com/three_web/design-redesign-shopify-store-shopify-dropshipping-store-shopify-website	200	data/pilot/html-balanced/three_web/20250818_design-redesign-shopify-store-shopify-dropshipping-store-shopify-website.html.gz	1245076
20250824202110	https://www.fiverr.com/jjvera26/develop-wordpress-ecommerce-website-perfect-for-you	200	data/pilot/html-balanced/jjvera26/20250824_develop-wordpress-ecommerce-website-perfect-for-you.html.gz	1531069
20250808194316	https://www.fiverr.com/alimsarder786/create-professional-3d-logo-intro-animation	200	data/pilot/html-balanced/alimsarder786/20250808_create-professional-3d-logo-intro-animation.html.gz	1181390
20250808111956	https://www.fiverr.com/usman_tech12/develop-professional-wordpress-website-and-ecommerce-store	200	data/pilot/html-balanced/usman_tech12/20250808_develop-professional-wordpress-website-and-ecommerce-store.html.gz	1121530
20250902062501	https://www.fiverr.com/ranahassan7755/build-high-quality-uk-seo-co-uk-backlinks-high-da-and-dr	404		0
20250810222249	https://www.fiverr.com/sanjidajahan339/do-seo-keyword-research-and-competitor-analysis	200	data/pilot/html-balanced/sanjidajahan339/20250810_do-seo-keyword-research-and-competitor-analysis.html.gz	986865
20250924104559	https://www.fiverr.com/noyonalibd/do-setup-tailwind-and-be-your-pinterest-marketing-manager-2080	200	data/pilot/html-balanced/noyonalibd/20250924_do-setup-tailwind-and-be-your-pinterest-marketing-manager-2080.html.gz	1512263
20250805004201	https://www.fiverr.com/nhpasha/build-and-integrate-travel-and-tour-booking-apis-for-your-business	200	data/pilot/html-balanced/nhpasha/20250805_build-and-integrate-travel-and-tour-booking-apis-for-your-business.html.gz	1312997
20250808115540	https://www.fiverr.com/elifaydogan/be-your-social-media-marketing-manager	200	data/pilot/html-balanced/elifaydogan/20250808_be-your-social-media-marketing-manager.html.gz	1753504
20250928020629	https://www.fiverr.com/antonio26900/add-your-content-on-this-times-square-billboard-new-york-in-this-video	200	data/pilot/html-balanced/antonio26900/20250928_add-your-content-on-this-times-square-billboard-new-york-in-this-video.html.gz	1745698
20250817182233	https://www.fiverr.com/monir_hosan/design-junk-removal-transport-logo-with-copyright	200	data/pilot/html-balanced/monir_hosan/20250817_design-junk-removal-transport-logo-with-copyright.html.gz	688193
20250922130705	https://www.fiverr.com/usmanasif11/be-your-front-end-react-js-developer-and-designer	200	data/pilot/html-balanced/usmanasif11/20250922_be-your-front-end-react-js-developer-and-designer.html.gz	1233451
20250811030106	https://www.fiverr.com/brainflux/be-full-stack-developer-front-end-web-developer	404		0
20250804155318	https://www.fiverr.com/mitsumightous/draw-your-book-map-in-photoshop	200	data/pilot/html-balanced/mitsumightous/20250804_draw-your-book-map-in-photoshop.html.gz	1685688
20250821082609	https://www.fiverr.com/arubikdesigns/twitch-logo-and-overlays-in-24-hours	200	data/pilot/html-balanced/arubikdesigns/20250821_twitch-logo-and-overlays-in-24-hours.html.gz	1425567
20250903164029	https://www.fiverr.com/zaafirbaig/do-kindle-formatting-ebook-book-formatting-and-layout-design-for-kdp	200	data/pilot/html-balanced/zaafirbaig/20250903_do-kindle-formatting-ebook-book-formatting-and-layout-design-for-kdp.html.gz	1057557
20250926140727	https://www.fiverr.com/penpupen/draw-or-design-characters-reference-sheet	200	data/pilot/html-balanced/penpupen/20250926_draw-or-design-characters-reference-sheet.html.gz	1706659
20250701121437	https://www.fiverr.com/mohiminul12/do-amazing-coloring-book-page-and-illustration-for-kids-and-adults-in-hour	200	data/pilot/html-balanced/mohiminul12/20250701_do-amazing-coloring-book-page-and-illustration-for-kids-and-adults-in-hour.html.gz	1666039
20250704125147	https://www.fiverr.com/logoai/create-a-modern-minimalist-and-luxury-logo-design	200	data/pilot/html-balanced/logoai/20250704_create-a-modern-minimalist-and-luxury-logo-design.html.gz	1830125
20250929060324	https://www.fiverr.com/joyh97/do-british-voice-over-narration	200	data/pilot/html-balanced/joyh97/20250929_do-british-voice-over-narration.html.gz	1765076
20250820181920	https://www.fiverr.com/petark777/make-a-full-hd-karaoke-style-or-lyrics-video-for-any-song	200	data/pilot/html-balanced/petark777/20250820_make-a-full-hd-karaoke-style-or-lyrics-video-for-any-song.html.gz	1777464
20250916181758	https://www.fiverr.com/basit_arman/do-creative-minimal-logo-design-a1dd	200	data/pilot/html-balanced/basit_arman/20250916_do-creative-minimal-logo-design-a1dd.html.gz	1731664
20250816054611	https://www.fiverr.com/dreaminks/create-flat-minimalist-logo-design-for-your-brand	200	data/pilot/html-balanced/dreaminks/20250816_create-flat-minimalist-logo-design-for-your-brand.html.gz	440838
20250902175125	https://www.fiverr.com/nabilandak/draw-vector-portrait-from-your-photos	200	data/pilot/html-balanced/nabilandak/20250902_draw-vector-portrait-from-your-photos.html.gz	1670192
20250824030016	https://www.fiverr.com/lmasten99/create-a-branded-office-spokesperson-video	200	data/pilot/html-balanced/lmasten99/20250824_create-a-branded-office-spokesperson-video.html.gz	1462189
20250818224754	https://www.fiverr.com/modernmarvel/design-2-modern-minimalist-logo	200	data/pilot/html-balanced/modernmarvel/20250818_design-2-modern-minimalist-logo.html.gz	1113432
20250814213605	https://www.fiverr.com/mashudurnehad/organic-growth-instagram-marketing-increase-followers-promotion-super-fast	200	data/pilot/html-balanced/mashudurnehad/20250814_organic-growth-instagram-marketing-increase-followers-promotion-super-fast.html.gz	1620393
20250911011544	https://www.fiverr.com/designmastercom/do-clean-attractive-resume-design-cv-design	200	data/pilot/html-balanced/designmastercom/20250911_do-clean-attractive-resume-design-cv-design.html.gz	1146432
20250815164959	https://www.fiverr.com/principalmike/write-and-design-a-great-cv-or-cover-letter	200	data/pilot/html-balanced/principalmike/20250815_write-and-design-a-great-cv-or-cover-letter.html.gz	1463514
20250804214400	https://www.fiverr.com/dear_abdullah1/be-your-professional-digital-marketer-and-social-media-manager	200	data/pilot/html-balanced/dear_abdullah1/20250804_be-your-professional-digital-marketer-and-social-media-manager.html.gz	1064199
20250903082405	https://www.fiverr.com/miranda_davis/white-hat-dofollow-seo-backlinks	200	data/pilot/html-balanced/miranda_davis/20250903_white-hat-dofollow-seo-backlinks.html.gz	1829576
20250816210038	https://www.fiverr.com/oliverswinburne/design-a-modern-minimal-logo	200	data/pilot/html-balanced/oliverswinburne/20250816_design-a-modern-minimal-logo.html.gz	1873319
20250825053901	https://www.fiverr.com/dazzling_rai/create-a-stunning-infographic-in-flat-2d-style	200	data/pilot/html-balanced/dazzling_rai/20250825_create-a-stunning-infographic-in-flat-2d-style.html.gz	1484317
20250725064216	https://www.fiverr.com/valleys2785/set-up-your-facebook-and-instagram-ads	200	data/pilot/html-balanced/valleys2785/20250725_set-up-your-facebook-and-instagram-ads.html.gz	1546293
20250803152541	https://www.fiverr.com/mashiro787/draw-a-cute-avatar-cartoon-of-your-photo-58f67956-d4ee-4399-9fba-5175b125a89c	200	data/pilot/html-balanced/mashiro787/20250803_draw-a-cute-avatar-cartoon-of-your-photo-58f67956-d4ee-4399-9fba-5175b125a89c.html.gz	1666345
20250731173254	https://www.fiverr.com/best_seo/create-300-social-bookmarks-high-quality-seo-backlinks-pr0-to-pr8	200	data/pilot/html-balanced/best_seo/20250731_create-300-social-bookmarks-high-quality-seo-backlinks-pr0-to-pr8.html.gz	1286727
20250804042933	https://www.fiverr.com/boomsa/edit-your-complex-resume-cover-letter-or-linkedin	200	data/pilot/html-balanced/boomsa/20250804_edit-your-complex-resume-cover-letter-or-linkedin.html.gz	1435758
20250807015803	https://www.fiverr.com/topcreativemind/do-unique-professional-book-cover-design-and-ebook-cover	200	data/pilot/html-balanced/topcreativemind/20250807_do-unique-professional-book-cover-design-and-ebook-cover.html.gz	1492683
20250817184833	https://www.fiverr.com/nekochin/draw-amazing-custom-youtube-thumbnail	200	data/pilot/html-balanced/nekochin/20250817_draw-amazing-custom-youtube-thumbnail.html.gz	1320533
20250721165734	https://www.fiverr.com/nevlin18/design-and-code-your-mailchimp-email	200	data/pilot/html-balanced/nevlin18/20250721_design-and-code-your-mailchimp-email.html.gz	1492729
20250706202205	https://www.fiverr.com/super7pro/design-unique-business-card-for-car-taxi-motorcycle	404		0
20250906080154	https://www.fiverr.com/fkfung/design-a-high-quality-live2d-model-for-facerig-vtuber	200	data/pilot/html-balanced/fkfung/20250906_design-a-high-quality-live2d-model-for-facerig-vtuber.html.gz	1724865
20250811183226	https://www.fiverr.com/maryam_fatima94/create-ui-ux-design-for-website-or-mobile-app-with-prototype	200	data/pilot/html-balanced/maryam_fatima94/20250811_create-ui-ux-design-for-website-or-mobile-app-with-prototype.html.gz	1468269
20250812144945	https://www.fiverr.com/harisawan551/design-modern-sports-fitness-gym-football-basketball-flyer-and-poster	200	data/pilot/html-balanced/harisawan551/20250812_design-modern-sports-fitness-gym-football-basketball-flyer-and-poster.html.gz	611149
20250717075627	https://www.fiverr.com/ahmed_yousuf007/edit-youtube-shorts-instagram-reel-and-tiktok-videos-for-you-in-24-hours	200	data/pilot/html-balanced/ahmed_yousuf007/20250717_edit-youtube-shorts-instagram-reel-and-tiktok-videos-for-you-in-24-hours.html.gz	1428844
20250916174849	https://www.fiverr.com/ayezacreat/create-baby-milestone-baby-logo-baby-milestone-blanket	200	data/pilot/html-balanced/ayezacreat/20250916_create-baby-milestone-baby-logo-baby-milestone-blanket.html.gz	1727101
20250818062726	https://www.fiverr.com/hussainhameed/remove-background-from-a-gif	200	data/pilot/html-balanced/hussainhameed/20250818_remove-background-from-a-gif.html.gz	28035
20250811202101	https://www.fiverr.com/editingprobd/do-realistic-face-swap-photo-composition-manipulation-head-replacement	200	data/pilot/html-balanced/editingprobd/20250811_do-realistic-face-swap-photo-composition-manipulation-head-replacement.html.gz	1367115
20250815165541	https://www.fiverr.com/designer_mamu/do-modern-business-logo-design-with-copyrights	200	data/pilot/html-balanced/designer_mamu/20250815_do-modern-business-logo-design-with-copyrights.html.gz	956973
20250803153514	https://www.fiverr.com/macdejiy/viral-amazon-book-promotion-kindle-book-marketing-ebook-advertising-book-sales	200	data/pilot/html-balanced/macdejiy/20250803_viral-amazon-book-promotion-kindle-book-marketing-ebook-advertising-book-sales.html.gz	1075953
20250808042717	https://www.fiverr.com/carddesignrr/create-christmas-logo-makeover-or-card-design	200	data/pilot/html-balanced/carddesignrr/20250808_create-christmas-logo-makeover-or-card-design.html.gz	1268126
20251219142323	https://www.fiverr.com/alvazama/create-unique-attractive-mascot-food-animal-cartoon-character-logo-design	404		0
20251002220252	https://www.fiverr.com/zachandco/make-a-canva-templates-for-your-social-media-posts	200	data/pilot/html-balanced/zachandco/20251002_make-a-canva-templates-for-your-social-media-posts.html.gz	1461636
20251117054309	https://www.fiverr.com/uniquefivex/create-an-engaging-animated-explainer-video	200	data/pilot/html-balanced/uniquefivex/20251117_create-an-engaging-animated-explainer-video.html.gz	1425245
20251128144639	https://www.fiverr.com/web_spero/build-wordpress-website-custom-wordpress-website-business-website-development	200	data/pilot/html-balanced/web_spero/20251128_build-wordpress-website-custom-wordpress-website-business-website-development.html.gz	1410229
20251223115857	https://www.fiverr.com/muqaddus/unfollow-unwanted-instagram-followers-fast	200	data/pilot/html-balanced/muqaddus/20251223_unfollow-unwanted-instagram-followers-fast.html.gz	1022377
20251026233526	https://www.fiverr.com/designer_rita/do-modern-real-estate-realtor-logo-creator-in-24-hour	200	data/pilot/html-balanced/designer_rita/20251026_do-modern-real-estate-realtor-logo-creator-in-24-hour.html.gz	296093
20251130175607	https://www.fiverr.com/elifaydogan/be-your-social-media-marketing-manager	200	data/pilot/html-balanced/elifaydogan/20251130_be-your-social-media-marketing-manager.html.gz	1753504
20251012183959	https://www.fiverr.com/expertseosite/high-quality-da-pa-dofollow-web-mini-blog-backlinks-done-for-you	200	data/pilot/html-balanced/expertseosite/20251012_high-quality-da-pa-dofollow-web-mini-blog-backlinks-done-for-you.html.gz	1637181
20250831061012	https://www.fiverr.com/mrdabster/optimize-blogger-website-speed-to-increase-page-speed-and-improve-performance	200	data/pilot/html-balanced/mrdabster/20250831_optimize-blogger-website-speed-to-increase-page-speed-and-improve-performance.html.gz	1665142
20251216000038	https://www.fiverr.com/erwinfabiala/custom-nba-mlb-nfl-nhl-ncaa-ufc-mixed-logo	200	data/pilot/html-balanced/erwinfabiala/20251216_custom-nba-mlb-nfl-nhl-ncaa-ufc-mixed-logo.html.gz	1528862
20251115085653	https://www.fiverr.com/anecdotesclub/create-a-retro-8-bit-pixel-art-style-gif-animation	200	data/pilot/html-balanced/anecdotesclub/20251115_create-a-retro-8-bit-pixel-art-style-gif-animation.html.gz	1511928
20251024021747	https://www.fiverr.com/jannatul_korobi/do-on-page-seo-for-wordpress-wix-and-shopify	404		0
20251124133031	https://www.fiverr.com/rakadesign/design-you-3-youtube-thumbnails	200	data/pilot/html-balanced/rakadesign/20251124_design-you-3-youtube-thumbnails.html.gz	1364497
20251129124608	https://www.fiverr.com/sharifrif48/architect-floor-plans-2d-in-autocad	200	data/pilot/html-balanced/sharifrif48/20251129_architect-floor-plans-2d-in-autocad.html.gz	1345959
20250706010751	https://www.fiverr.com/ghadabatta/do-your-2d-architectural-plan-and-presentation-by-photoshop	404		0
20251202102845	https://www.fiverr.com/peterlamiel29/create-a-full-acoustic-instrumental-for-your-song-or-cover	200	data/pilot/html-balanced/peterlamiel29/20251202_create-a-full-acoustic-instrumental-for-your-song-or-cover.html.gz	1460685
20251102083854	https://www.fiverr.com/mahakarachi/your-social-media-marketing-manager-and-content-creator	200	data/pilot/html-balanced/mahakarachi/20251102_your-social-media-marketing-manager-and-content-creator.html.gz	1474779
20251230142958	https://www.fiverr.com/samee50/do-pipe-sizing-and-design-any-plumbing-system	200	data/pilot/html-balanced/samee50/20251230_do-pipe-sizing-and-design-any-plumbing-system.html.gz	1284192
20251210180137	https://www.fiverr.com/shuvosays/setup-complete-klaviyo-and-shopify-integration	200	data/pilot/html-balanced/shuvosays/20251210_setup-complete-klaviyo-and-shopify-integration.html.gz	1381894
20250718150650	https://www.fiverr.com/zancthecreator/design-a-unique-vintage-style-bootleg-rap-tee-for-you	200	data/pilot/html-balanced/zancthecreator/20250718_design-a-unique-vintage-style-bootleg-rap-tee-for-you.html.gz	1531357
20251229232337	https://www.fiverr.com/skys_designer1/produce-professional-screens-twitch-logo-and-overlays-within-a-day	200	data/pilot/html-balanced/skys_designer1/20251229_produce-professional-screens-twitch-logo-and-overlays-within-a-day.html.gz	500065
20251230164308	https://www.fiverr.com/jayaraj5955/do-5-pages-pdf-to-word-excel-file	200	data/pilot/html-balanced/jayaraj5955/20251230_do-5-pages-pdf-to-word-excel-file.html.gz	338143
20251124145729	https://www.fiverr.com/jakub_junek/3d-print-and-ship-parts-to-you	200	data/pilot/html-balanced/jakub_junek/20251124_3d-print-and-ship-parts-to-you.html.gz	1451101
20251211235303	https://www.fiverr.com/plannervect/do-modern-roll-up-banner-x-stand-banner-retractable-banner-pull-up-lawn-sign	404		0
20250820043554	https://www.fiverr.com/robinbd679/do-professional-business-card-design	200	data/pilot/html-balanced/robinbd679/20250820_do-professional-business-card-design.html.gz	1482261
20251123060808	https://www.fiverr.com/graphixd6/do-candle-label-and-packaging-for-you	200	data/pilot/html-balanced/graphixd6/20251123_do-candle-label-and-packaging-for-you.html.gz	1699567
20251017212006	https://www.fiverr.com/mikenardi/write-compelling-sales-and-marketing-emails-for-your-business	200	data/pilot/html-balanced/mikenardi/20251017_write-compelling-sales-and-marketing-emails-for-your-business.html.gz	1409710
20251004030553	https://www.fiverr.com/studio_mosaic/design-screenshot-for-your-ios-and-android-app	200	data/pilot/html-balanced/studio_mosaic/20251004_design-screenshot-for-your-ios-and-android-app.html.gz	586702
20251209003903	https://www.fiverr.com/sheikhriad1185/well-researched-articles-for-your-niche	200	data/pilot/html-balanced/sheikhriad1185/20251209_well-researched-articles-for-your-niche.html.gz	1526277
20251004092846	https://www.fiverr.com/soufianelfanany/draw-a-geometric-minimal-tattoo-design-by-hand-for-you	200	data/pilot/html-balanced/soufianelfanany/20251004_draw-a-geometric-minimal-tattoo-design-by-hand-for-you.html.gz	1747355
20251201055700	https://www.fiverr.com/lytra_/draw-cute-cartoon-portrait-couple-or-family-illustrations	200	data/pilot/html-balanced/lytra_/20251201_draw-cute-cartoon-portrait-couple-or-family-illustrations.html.gz	1478051
20251201055921	https://www.fiverr.com/webby_expert/create-a-complete-responsive-wordpress-website	200	data/pilot/html-balanced/webby_expert/20251201_create-a-complete-responsive-wordpress-website.html.gz	1857199
20251001161716	https://www.fiverr.com/geekfoxy/create-a-professional-explainer-video-e3dd78ea-cfa7-41e0-b16c-9968369d3187	200	data/pilot/html-balanced/geekfoxy/20251001_create-a-professional-explainer-video-e3dd78ea-cfa7-41e0-b16c-9968369d3187.html.gz	781544
20251204002401	https://www.fiverr.com/satwindernft/offer-local-seo-services-to-increase-online-visibility	200	data/pilot/html-balanced/satwindernft/20251204_offer-local-seo-services-to-increase-online-visibility.html.gz	1597976
20251028113025	https://www.fiverr.com/ttasev92/design-creative-facebook-ads	200	data/pilot/html-balanced/ttasev92/20251028_design-creative-facebook-ads.html.gz	1575675
20251203134809	https://www.fiverr.com/erikson24/create-and-manage-your-instagram-account	200	data/pilot/html-balanced/erikson24/20251203_create-and-manage-your-instagram-account.html.gz	201130
20251130215500	https://www.fiverr.com/xrender/create-awesome-3d-renderings-from-your-design	200	data/pilot/html-balanced/xrender/20251130_create-awesome-3d-renderings-from-your-design.html.gz	266087
20251220194035	https://www.fiverr.com/kalimullah507/creative-podcast-cover-art-and-podcast-logo	404		0
20251023234532	https://www.fiverr.com/aqeel8/create-6-amazing-video-logo-intro-animation-in-24-hours	200	data/pilot/html-balanced/aqeel8/20251023_create-6-amazing-video-logo-intro-animation-in-24-hours.html.gz	1849705
20251229182302	https://www.fiverr.com/devsguru/do-professional-and-modern-mailchimp-html-email-template	404		0
20251225062730	https://www.fiverr.com/talukder/do-clothing-labels-barcode-label-label-tag-price-tag	200	data/pilot/html-balanced/talukder/20251225_do-clothing-labels-barcode-label-label-tag-price-tag.html.gz	651847
20251122105531	https://www.fiverr.com/degeha/do-aesthetic-neon-vaporwave-cartoon-hiphop-rap-illustration	200	data/pilot/html-balanced/degeha/20251122_do-aesthetic-neon-vaporwave-cartoon-hiphop-rap-illustration.html.gz	1763195
20251229145701	https://www.fiverr.com/ranjanbarman/teach-you-complete-digital-marketing	200	data/pilot/html-balanced/ranjanbarman/20251229_teach-you-complete-digital-marketing.html.gz	1289813
20251225214946	https://www.fiverr.com/vignesh_123/hts-codes-classification-import-export	200	data/pilot/html-balanced/vignesh_123/20251225_hts-codes-classification-import-export.html.gz	1414905
20251204044238	https://www.fiverr.com/binarygod/draw-a-caricature-of-you-a-friend-or-a-loved-one	200	data/pilot/html-balanced/binarygod/20251204_draw-a-caricature-of-you-a-friend-or-a-loved-one.html.gz	1272669
20251028052012	https://www.fiverr.com/dynzvect/create-spectacular-football-cartoons-from-your-photos	404		0
20251122013242	https://www.fiverr.com/slanuu/create-unique-professional-tattoo-design	200	data/pilot/html-balanced/slanuu/20251122_create-unique-professional-tattoo-design.html.gz	1743484
20251229194419	https://www.fiverr.com/vector_mediaqo/do-youtube-video-promotion-to-boost-video-ranking	200	data/pilot/html-balanced/vector_mediaqo/20251229_do-youtube-video-promotion-to-boost-video-ranking.html.gz	1781933
20251203053045	https://www.fiverr.com/pzuh88/create-high-quality-game-title-or-logo-for-your-video-games	200	data/pilot/html-balanced/pzuh88/20251203_create-high-quality-game-title-or-logo-for-your-video-games.html.gz	1740518
20251128012820	https://www.fiverr.com/epic_bookcovers/design-the-book-cover-ebook-cover-paperback-and-kdp-cover	200	data/pilot/html-balanced/epic_bookcovers/20251128_design-the-book-cover-ebook-cover-paperback-and-kdp-cover.html.gz	1318757
20251230130437	https://www.fiverr.com/shanto861/be-your-professional-digital-marketer	200	data/pilot/html-balanced/shanto861/20251230_be-your-professional-digital-marketer.html.gz	1563474
20251003143737	https://www.fiverr.com/loftydesignshop/do-modern-minimalist-logo-design-for-your-business	200	data/pilot/html-balanced/loftydesignshop/20251003_do-modern-minimalist-logo-design-for-your-business.html.gz	1524401
20251223214111	https://www.fiverr.com/ilyashamuara/design-a-logo-for-your-streetwear-brand	200	data/pilot/html-balanced/ilyashamuara/20251223_design-a-logo-for-your-streetwear-brand.html.gz	1540523
20251204174922	https://www.fiverr.com/coder_yousuf/get-your-website-to-outrank-with-bookmark-seo	200	data/pilot/html-balanced/coder_yousuf/20251204_get-your-website-to-outrank-with-bookmark-seo.html.gz	198429
20251124074113	https://www.fiverr.com/sandrabulloc824/shopify-print-on-demand-store-shopify-dropshipping-printful-printify-pod-store	404		0
20251123235028	https://www.fiverr.com/brandmoose/design-custom-professional-logo	200	data/pilot/html-balanced/brandmoose/20251123_design-custom-professional-logo.html.gz	1034247
20251012095010	https://www.fiverr.com/arcamusinkworks/create-edgy-skull-grim-skeleton-for-streetwear-tshirt-design	404		0
20251216120204	https://www.fiverr.com/alaminroky/create-new-crypto-and-cryptocurrency-token-logo-design-for-coin	200	data/pilot/html-balanced/alaminroky/20251216_create-new-crypto-and-cryptocurrency-token-logo-design-for-coin.html.gz	529087
20251209065102	https://www.fiverr.com/nickjohnson1/build-your-professional-dropshipping-shopify-store	200	data/pilot/html-balanced/nickjohnson1/20251209_build-your-professional-dropshipping-shopify-store.html.gz	1451653
20251003232656	https://www.fiverr.com/tshahar/create-ai-art-for-your-business-and-personal-needs	200	data/pilot/html-balanced/tshahar/20251003_create-ai-art-for-your-business-and-personal-needs.html.gz	1528744
20251225181430	https://www.fiverr.com/rachel_lloyd1/do-awesome-childcare-mother-care-education-logo-with-creative-thinking	404		0
20251115033020	https://www.fiverr.com/bellavofficial/sing-professional-rock-vocals-on-your-song	200	data/pilot/html-balanced/bellavofficial/20251115_sing-professional-rock-vocals-on-your-song.html.gz	1331811
20251130113608	https://www.fiverr.com/rashidmahmood87/design-app-screenshots-for-app-store-and-play-store	200	data/pilot/html-balanced/rashidmahmood87/20251130_design-app-screenshots-for-app-store-and-play-store.html.gz	660120
20260130090906	https://www.fiverr.com/fkfung/design-a-high-quality-live2d-model-for-facerig-vtuber	200	data/pilot/html-balanced/fkfung/20260130_design-a-high-quality-live2d-model-for-facerig-vtuber.html.gz	1836085
20251115082703	https://www.fiverr.com/jamalrafi/optimize-youtube-video-seo-for-channel-growth-manager	200	data/pilot/html-balanced/jamalrafi/20251115_optimize-youtube-video-seo-for-channel-growth-manager.html.gz	1397166
20251023112734	https://www.fiverr.com/rileyhorbacio/create-a-catchy-custom-intro-and-outro-for-your-podcast	200	data/pilot/html-balanced/rileyhorbacio/20251023_create-a-catchy-custom-intro-and-outro-for-your-podcast.html.gz	1739018
20260107133847	https://www.fiverr.com/basitali12a/transform-your-ideas-into-3d-reality-cad-cam-expert	404		0
20260102225043	https://www.fiverr.com/ajayceo1985/design-develop-native-and-hybrid-apps	200	data/pilot/html-balanced/ajayceo1985/20260102_design-develop-native-and-hybrid-apps.html.gz	1500841
20251031174804	https://www.fiverr.com/smartkoncept1/setup-automations-workflows-and-management-on-apollo-io-instantly-ai	200	data/pilot/html-balanced/smartkoncept1/20251031_setup-automations-workflows-and-management-on-apollo-io-instantly-ai.html.gz	1760081
20251204181158	https://www.fiverr.com/quenysubong/make-illustrations-for-comic-book-graphic-novels-and-books	200	data/pilot/html-balanced/quenysubong/20251204_make-illustrations-for-comic-book-graphic-novels-and-books.html.gz	591550
20260201004752	https://www.fiverr.com/sufyan851/draw-2d-architectural-floor-plans-in-autocad	200	data/pilot/html-balanced/sufyan851/20260201_draw-2d-architectural-floor-plans-in-autocad.html.gz	1397357
20260209170950	https://www.fiverr.com/vicmangraphix/design-an-excellent-podcast-art-cover-for-you	200	data/pilot/html-balanced/vicmangraphix/20260209_design-an-excellent-podcast-art-cover-for-you.html.gz	1753782
20260206023037	https://www.fiverr.com/creativeguide_/be-your-pinterest-tailwind-marketing-manager-and-pin-designer	200	data/pilot/html-balanced/creativeguide_/20260206_be-your-pinterest-tailwind-marketing-manager-and-pin-designer.html.gz	1826240
20260116173457	https://www.fiverr.com/joyfeliza/create-handwritten-personal-signature-calligraphy-or-brand-signature-logo	200	data/pilot/html-balanced/joyfeliza/20260116_create-handwritten-personal-signature-calligraphy-or-brand-signature-logo.html.gz	1334607
20260131085221	https://www.fiverr.com/daman_khalid/create-cinematic-trailer-commercial-marketing-video-or-crowdfunding-ad	200	data/pilot/html-balanced/daman_khalid/20260131_create-cinematic-trailer-commercial-marketing-video-or-crowdfunding-ad.html.gz	1491097
20260129211056	https://www.fiverr.com/nabeelafzal007/write-and-design-company-profile-booklet-and-annual-report	404		0
20260103110444	https://www.fiverr.com/hmailimaro/design-eye-catchy-youtube-thumbnail	200	data/pilot/html-balanced/hmailimaro/20260103_design-eye-catchy-youtube-thumbnail.html.gz	1567455
20260103131443	https://www.fiverr.com/mr_artis/do-minecraft-server-logo-design-and-icon-with-custom-elements	404		0
20260209112416	https://www.fiverr.com/zenatta/provide-a-professional-british-voice-over	200	data/pilot/html-balanced/zenatta/20260209_provide-a-professional-british-voice-over.html.gz	1482848
20260109232437	https://www.fiverr.com/albertanimation/create-custom-explainer-video-animation-custom-explainer-video-animation	200	data/pilot/html-balanced/albertanimation/20260109_create-custom-explainer-video-animation-custom-explainer-video-animation.html.gz	1468640
20260111123255	https://www.fiverr.com/usmanmauvia110/convert-all-type-of-file-conversion	200	data/pilot/html-balanced/usmanmauvia110/20260111_convert-all-type-of-file-conversion.html.gz	1418272
20260101234031	https://www.fiverr.com/mutunemunyaka/write-cloud-computing-and-cyber-security-whitepapers	200	data/pilot/html-balanced/mutunemunyaka/20260101_write-cloud-computing-and-cyber-security-whitepapers.html.gz	1397432
20260202040636	https://www.fiverr.com/ads_fire/create-and-manage-ai-empowered-high-profitable-google-ads-campaigns-ppc-adwords	404		0
20260211095207	https://www.fiverr.com/ubaidchohan/create-a-eye-catchy-and-indelible-logo-for-your-business	200	data/pilot/html-balanced/ubaidchohan/20260211_create-a-eye-catchy-and-indelible-logo-for-your-business.html.gz	1217366
20260102035059	https://www.fiverr.com/abdullaalmajayd/design-creative-box-design	200	data/pilot/html-balanced/abdullaalmajayd/20260102_design-creative-box-design.html.gz	333368
20260102063826	https://www.fiverr.com/art_imperio/draw-eye-catching-cartoon-youtube-thumbnail-within-24h	200	data/pilot/html-balanced/art_imperio/20260102_draw-eye-catching-cartoon-youtube-thumbnail-within-24h.html.gz	1589620
20260211021731	https://www.fiverr.com/gu_pamei/implement-google-ads-conversion-tracking-code	200	data/pilot/html-balanced/gu_pamei/20260211_implement-google-ads-conversion-tracking-code.html.gz	1776411
20260205093144	https://www.fiverr.com/farrukh_bala/design-an-ultimate-book-cover-design-and-ebook-cover-design	200	data/pilot/html-balanced/farrukh_bala/20260205_design-an-ultimate-book-cover-design-and-ebook-cover-design.html.gz	1857030
20260105184026	https://www.fiverr.com/simplifiedseo/do-promote-and-organic-growth-in-your-instagram	200	data/pilot/html-balanced/simplifiedseo/20260105_do-promote-and-organic-growth-in-your-instagram.html.gz	1138046
20260204030649	https://www.fiverr.com/sheikhkhurram_/create-ai-chatbot-for-social-media-platforms-using-manychat-uchat-tidio	404		0
20260101103645	https://www.fiverr.com/wardashabbir201/convert-pdf-to-word-powerpoint-and-excel	200	data/pilot/html-balanced/wardashabbir201/20260101_convert-pdf-to-word-powerpoint-and-excel.html.gz	1456301
20260101092051	https://www.fiverr.com/ria2522/design-canva-ebook-lead-magnet-workbook-pdf-amazon-kdp-indesign	200	data/pilot/html-balanced/ria2522/20260101_design-canva-ebook-lead-magnet-workbook-pdf-amazon-kdp-indesign.html.gz	1570367
20260101123803	https://www.fiverr.com/rachel_ngochau/create-cute-cartoon-illustrations	200	data/pilot/html-balanced/rachel_ngochau/20260101_create-cute-cartoon-illustrations.html.gz	1378283
20260202135232	https://www.fiverr.com/creativeman/analyze-your-facebook-page	200	data/pilot/html-balanced/creativeman/20260202_analyze-your-facebook-page.html.gz	1744881
20260101131558	https://www.fiverr.com/brandmoose/design-custom-professional-logo	200	data/pilot/html-balanced/brandmoose/20260101_design-custom-professional-logo.html.gz	1034247
20260128120144	https://www.fiverr.com/hotdesignfast/design-minimal-luxury-heraldic-family-crest-logo	200	data/pilot/html-balanced/hotdesignfast/20260128_design-minimal-luxury-heraldic-family-crest-logo.html.gz	1828994
20260101214710	https://www.fiverr.com/imagineaistudio/create-professional-linkedin-profile-photos-with-ai-magic	200	data/pilot/html-balanced/imagineaistudio/20260101_create-professional-linkedin-profile-photos-with-ai-magic.html.gz	1753863
20260130201316	https://www.fiverr.com/alvazama/design-custom-mascot-cartoon-character-logo-design-for-your-brand	404		0
20260106015815	https://www.fiverr.com/mickelboos/create-professional-flyer-design	200	data/pilot/html-balanced/mickelboos/20260106_create-professional-flyer-design.html.gz	1305051
20260102031313	https://www.fiverr.com/dave3d_visuals/create-stunning-ai-videos-for-music-visuals-and-immersive-experiences	200	data/pilot/html-balanced/dave3d_visuals/20260102_create-stunning-ai-videos-for-music-visuals-and-immersive-experiences.html.gz	1348290
20260129070925	https://www.fiverr.com/camilozuluagaf/create-brand-logo-identity-and-website	200	data/pilot/html-balanced/camilozuluagaf/20260129_create-brand-logo-identity-and-website.html.gz	1480748
20260114015645	https://www.fiverr.com/georgeconfucius/do-th-e-best-seo	200	data/pilot/html-balanced/georgeconfucius/20260114_do-th-e-best-seo.html.gz	1307438
20260131022450	https://www.fiverr.com/skydesigner/make-you-awsome-logo-for-you-or-your-company	200	data/pilot/html-balanced/skydesigner/20260131_make-you-awsome-logo-for-you-or-your-company.html.gz	1347549
20260130050358	https://www.fiverr.com/space_edge/make-a-cute-cartoon-thanksgiving-video-with-your-logo	200	data/pilot/html-balanced/space_edge/20260130_make-a-cute-cartoon-thanksgiving-video-with-your-logo.html.gz	819251
20260114075822	https://www.fiverr.com/geonax_tech/develop-blockchain-software-using-web3-solana-nft-website-crypto-token-dapp	200	data/pilot/html-balanced/geonax_tech/20260114_develop-blockchain-software-using-web3-solana-nft-website-crypto-token-dapp.html.gz	1051139
20260102181208	https://www.fiverr.com/mubeenanime/do-seamless-restaurant-menu-tv-screen-animation	200	data/pilot/html-balanced/mubeenanime/20260102_do-seamless-restaurant-menu-tv-screen-animation.html.gz	903939
20260129070935	https://www.fiverr.com/antonyalok27/do-custom-vector-logo-with-unlimited-revisions	200	data/pilot/html-balanced/antonyalok27/20260129_do-custom-vector-logo-with-unlimited-revisions.html.gz	1433621
20260105002328	https://www.fiverr.com/mera_noor/expertly-design-pdf-fillable-form	200	data/pilot/html-balanced/mera_noor/20260105_expertly-design-pdf-fillable-form.html.gz	1546890
20260201053519	https://www.fiverr.com/ranahassan7755/provide-french-link-building-with-high-da-dofollow-french-seo-backlinks	200	data/pilot/html-balanced/ranahassan7755/20260201_provide-french-link-building-with-high-da-dofollow-french-seo-backlinks.html.gz	808661
20260202110309	https://www.fiverr.com/shafin790/do-professional-videoediting-and-cinematography	200	data/pilot/html-balanced/shafin790/20260202_do-professional-videoediting-and-cinematography.html.gz	1491175
20260108080610	https://www.fiverr.com/nwc_digital/manage-your-amazon-ppc-campaigns	200	data/pilot/html-balanced/nwc_digital/20260108_manage-your-amazon-ppc-campaigns.html.gz	1251961
20260204030801	https://www.fiverr.com/adnanranna/do-isometric-2d-animation	200	data/pilot/html-balanced/adnanranna/20260204_do-isometric-2d-animation.html.gz	1480214
20260206203345	https://www.fiverr.com/sonagalstyan/add-animated-text-title-to-your-video	200	data/pilot/html-balanced/sonagalstyan/20260206_add-animated-text-title-to-your-video.html.gz	1477171
20260107144359	https://www.fiverr.com/ghadabatta/do-your-2d-architectural-plan-and-presentation-by-photoshop	404		0
20260202045458	https://www.fiverr.com/pickera/customize-this-great-business-success-video-commercial	200	data/pilot/html-balanced/pickera/20260202_customize-this-great-business-success-video-commercial.html.gz	831373
20260110204403	https://www.fiverr.com/sandrotsk/create-loop-animations-for-streamers-brb-starting-soon	200	data/pilot/html-balanced/sandrotsk/20260110_create-loop-animations-for-streamers-brb-starting-soon.html.gz	1790180
20260129143710	https://www.fiverr.com/crslaytor/do-professional-video-editing	200	data/pilot/html-balanced/crslaytor/20260129_do-professional-video-editing.html.gz	1444567
20260206095533	https://www.fiverr.com/minh6a0/do-roblox-gfx-banner-and-profile-pictures	200	data/pilot/html-balanced/minh6a0/20260206_do-roblox-gfx-banner-and-profile-pictures.html.gz	1455603
20260105213439	https://www.fiverr.com/vilanpams/draw-cute-cartoon-characters-in-less-than-24-hours	200	data/pilot/html-balanced/vilanpams/20260105_draw-cute-cartoon-characters-in-less-than-24-hours.html.gz	1253028
20260202195332	https://www.fiverr.com/kumailmehdi1272/design-minimal-logo-with-brand-style-guides	200	data/pilot/html-balanced/kumailmehdi1272/20260202_design-minimal-logo-with-brand-style-guides.html.gz	1694679
20260101134046	https://www.fiverr.com/simone_va/successfully-update-and-manage-your-pinterest-account	200	data/pilot/html-balanced/simone_va/20260101_successfully-update-and-manage-your-pinterest-account.html.gz	289007
20260202042036	https://www.fiverr.com/tanvirbacklinks/do-onpage-seo-optimization-to-improve-your-site-rankings	404		0
20260129140929	https://www.fiverr.com/aaftabi/design-logo-for-life-coach-health-coach-fitness-coach	200	data/pilot/html-balanced/aaftabi/20260129_design-logo-for-life-coach-health-coach-fitness-coach.html.gz	25662
20260112212848	https://www.fiverr.com/samilislam10/design-photography-logo-watermark-and-signature-with-camera	200	data/pilot/html-balanced/samilislam10/20260112_design-photography-logo-watermark-and-signature-with-camera.html.gz	846795
20260101063859	https://www.fiverr.com/ggerbus/professionally-edit-and-proofread-your-ai-and-chatgpt-content	200	data/pilot/html-balanced/ggerbus/20260101_professionally-edit-and-proofread-your-ai-and-chatgpt-content.html.gz	1427389
20260202043307	https://www.fiverr.com/ebaadamin/make-shopify-website-shopify-store-and-shopify-dropshipping	200	data/pilot/html-balanced/ebaadamin/20260202_make-shopify-website-shopify-store-and-shopify-dropshipping.html.gz	1540985
20260103213607	https://www.fiverr.com/mehedi2220/design-and-develop-wordpress-ecommerce-website-or-online-store	200	data/pilot/html-balanced/mehedi2220/20260103_design-and-develop-wordpress-ecommerce-website-or-online-store.html.gz	1646413
20260210102620	https://www.fiverr.com/team_alliance20/create-setup-and-optimize-all-social-media-account-and-pages	200	data/pilot/html-balanced/team_alliance20/20260210_create-setup-and-optimize-all-social-media-account-and-pages.html.gz	485236
20260209124538	https://www.fiverr.com/ashleybektesi/be-your-social-media-marketing-manager	200	data/pilot/html-balanced/ashleybektesi/20260209_be-your-social-media-marketing-manager.html.gz	1425001
20251229075733	https://www.fiverr.com/hajath/do-the-ebook-conversion-from-pdf-word-indesign-into-epub-and-kindle-formats-8-years-experience-and-converted-5000-books	fail		0
20260101081445	https://www.fiverr.com/jamal_khalis/design-a-stunning-website-for-your-service-based-business	200	data/pilot/html-balanced/jamal_khalis/20260101_design-a-stunning-website-for-your-service-based-business.html.gz	1572665
20260101075422	https://www.fiverr.com/iamdavidporter/write-500-words-blog-articles-by-native-english-in-24-hours	200	data/pilot/html-balanced/iamdavidporter/20260101_write-500-words-blog-articles-by-native-english-in-24-hours.html.gz	1797553
