file	error
data/pilot/html-balanced/aaftabi/20210610_design-logo-for-life-coach-health-coach-fitness-coach.html.gz	no_price_found
data/pilot/html-balanced/aaftabi/20210725_design-logo-for-life-coach-health-coach-fitness-coach.html.gz	no_price_found
data/pilot/html-balanced/aaftabi/20251028_design-logo-for-life-coach-health-coach-fitness-coach.html.gz	no_price_found
data/pilot/html-balanced/aaftabi/20260129_design-logo-for-life-coach-health-coach-fitness-coach.html.gz	no_price_found
data/pilot/html-balanced/abdheshkjha/20201107_design-a-lead-magnet-health-fitness-ebook-and-pdf.html.gz	no_price_found
data/pilot/html-balanced/abdul8632/20210407_design-and-develop-a-professional-website-for-you.html.gz	no_price_found
data/pilot/html-balanced/abdulqadir101/20210515_redesign-wordpress-website-and-design.html.gz	no_price_found
data/pilot/html-balanced/abir_nayeem/20201101_design-redesign-responsive-dynamic-wix-website.html.gz	no_price_found
data/pilot/html-balanced/abir_nayeem/20210119_create-or-redesign-squarespace-business-website.html.gz	no_price_found
data/pilot/html-balanced/abir_nayeem/20210610_create-or-redesign-squarespace-business-website.html.gz	no_price_found
data/pilot/html-balanced/abir_nayeem/20210616_design-redesign-responsive-dynamic-wix-website.html.gz	no_price_found
data/pilot/html-balanced/abir_nayeem/20210713_create-or-redesign-squarespace-business-website.html.gz	no_price_found
data/pilot/html-balanced/abir_nayeem/20210713_design-redesign-responsive-dynamic-wix-website.html.gz	no_price_found
data/pilot/html-balanced/abir_nayeem/20211204_create-or-redesign-squarespace-business-website.html.gz	no_price_found
data/pilot/html-balanced/abir_nayeem/20211220_design-redesign-responsive-dynamic-wix-website.html.gz	no_price_found
data/pilot/html-balanced/abir_nayeem/20220102_create-or-redesign-squarespace-business-website.html.gz	no_price_found
data/pilot/html-balanced/abir_nayeem/20220102_design-redesign-responsive-dynamic-wix-website.html.gz	no_price_found
data/pilot/html-balanced/abir_nayeem/20220523_design-redesign-responsive-dynamic-wix-website.html.gz	no_price_found
data/pilot/html-balanced/abir_nayeem/20220609_create-or-redesign-squarespace-business-website.html.gz	no_price_found
data/pilot/html-balanced/abir_nayeem/20220717_design-redesign-responsive-dynamic-wix-website.html.gz	no_price_found
data/pilot/html-balanced/abir_nayeem/20220917_create-or-redesign-squarespace-business-website.html.gz	no_price_found
data/pilot/html-balanced/abir_nayeem/20221015_create-or-redesign-squarespace-business-website.html.gz	no_price_found
data/pilot/html-balanced/abir_nayeem/20221026_design-redesign-responsive-dynamic-wix-website.html.gz	no_price_found
data/pilot/html-balanced/abir_nayeem/20230103_design-redesign-responsive-dynamic-wix-website.html.gz	no_price_found
data/pilot/html-balanced/abir_nayeem/20230626_design-redesign-responsive-dynamic-wix-website.html.gz	no_price_found
data/pilot/html-balanced/abir_nayeem/20240611_design-redesign-responsive-dynamic-wix-website.html.gz	no_price_found
data/pilot/html-balanced/abir_nayeem/20240613_create-or-redesign-squarespace-business-website.html.gz	no_price_found
data/pilot/html-balanced/abir_nayeem/20240707_create-or-redesign-squarespace-business-website.html.gz	no_price_found
data/pilot/html-balanced/abir_nayeem/20240711_design-redesign-responsive-dynamic-wix-website.html.gz	no_price_found
data/pilot/html-balanced/abir_nayeem/20241106_create-or-redesign-squarespace-business-website.html.gz	no_price_found
data/pilot/html-balanced/abir_nayeem/20241106_design-redesign-responsive-dynamic-wix-website.html.gz	no_price_found
data/pilot/html-balanced/abir_nayeem/20250514_create-or-redesign-squarespace-business-website.html.gz	no_price_found
data/pilot/html-balanced/abir_nayeem/20250514_design-redesign-responsive-dynamic-wix-website.html.gz	no_price_found
data/pilot/html-balanced/abshajib/20210105_do-professional-product-packaging-and-label-design-within-10-hours.html.gz	no_price_found
data/pilot/html-balanced/abusahal/20210201_set-up-your-successful-pinterest-ads-campaigns.html.gz	no_price_found
data/pilot/html-balanced/abut21/20201118_translate-from-english-to-spanish.html.gz	no_price_found
data/pilot/html-balanced/adnansyed1/20201101_dropshipping-products-instagram-ad-and-facebook-video-ads.html.gz	no_price_found
data/pilot/html-balanced/aforarif/20210609_setup-google-display-ads-dynamic-remarketing-retargeting-campaign.html.gz	no_price_found
data/pilot/html-balanced/afusat_marketer/20201105_do-bulk-email-bulk-email-sender-bulk-email-blast-email-sender-email-marketing.html.gz	no_price_found
data/pilot/html-balanced/afusat_marketer/20210307_do-bulk-email-bulk-email-sender-bulk-email-blast-email-sender-email-marketing.html.gz	no_price_found
data/pilot/html-balanced/ahmed0509/20201103_love-to-create-ambient-sleep-music-for-your-relaxing.html.gz	no_price_found
data/pilot/html-balanced/ahmed0509/20210116_love-to-create-ambient-sleep-music-for-your-relaxing.html.gz	no_price_found
data/pilot/html-balanced/ahmed_gfx786/20201113_design-a-unique-and-professional-logo-for-you.html.gz	no_price_found
data/pilot/html-balanced/ahridoy/20190602_photoshop-remove-background-of-500-images.html.gz	no_price_found
data/pilot/html-balanced/ahridoy/20201101_amazon-photo-editing-for-ecommerce-and-background-removal.html.gz	no_price_found
data/pilot/html-balanced/ahridoy/20201101_any-photoshop-edit-work-with-12-hrs.html.gz	no_price_found
data/pilot/html-balanced/ahridoy/20201101_remove-background-or-photoshop-edit-quickly.html.gz	no_price_found
data/pilot/html-balanced/ahridoy/20201105_photoshop-remove-background-of-500-images.html.gz	no_price_found
data/pilot/html-balanced/ahridoy/20210104_remove-background-or-photoshop-edit-quickly.html.gz	no_price_found
data/pilot/html-balanced/ahridoy/20210108_amazon-photo-editing-for-ecommerce-and-background-removal.html.gz	no_price_found
data/pilot/html-balanced/ahridoy/20210108_any-photoshop-edit-work-with-12-hrs.html.gz	no_price_found
data/pilot/html-balanced/ahridoy/20210401_amazon-photo-editing-for-ecommerce-and-background-removal.html.gz	no_price_found
data/pilot/html-balanced/ahridoy/20210401_remove-background-or-photoshop-edit-quickly.html.gz	no_price_found
data/pilot/html-balanced/ahridoy/20210403_any-photoshop-edit-work-with-12-hrs.html.gz	no_price_found
data/pilot/html-balanced/ahridoy/20210703_remove-background-or-photoshop-edit-quickly.html.gz	no_price_found
data/pilot/html-balanced/ahridoy/20210706_any-photoshop-edit-work-with-12-hrs.html.gz	no_price_found
data/pilot/html-balanced/ahridoy/20210709_amazon-photo-editing-for-ecommerce-and-background-removal.html.gz	no_price_found
data/pilot/html-balanced/ahridoy/20211010_any-photoshop-edit-work-with-12-hrs.html.gz	no_price_found
data/pilot/html-balanced/ahridoy/20220101_any-photoshop-edit-work-with-12-hrs.html.gz	no_price_found
data/pilot/html-balanced/ahridoy/20220401_any-photoshop-edit-work-with-12-hrs.html.gz	no_price_found
data/pilot/html-balanced/ahridoy/20220704_any-photoshop-edit-work-with-12-hrs.html.gz	no_price_found
data/pilot/html-balanced/ahridoy/20221024_any-photoshop-edit-work-with-12-hrs.html.gz	no_price_found
data/pilot/html-balanced/ahridoy/20230116_any-photoshop-edit-work-with-12-hrs.html.gz	no_price_found
data/pilot/html-balanced/ahridoy/20230411_any-photoshop-edit-work-with-12-hrs.html.gz	no_price_found
data/pilot/html-balanced/ahridoy/20240523_any-photoshop-edit-work-with-12-hrs.html.gz	no_price_found
data/pilot/html-balanced/ahridoy/20240701_any-photoshop-edit-work-with-12-hrs.html.gz	no_price_found
data/pilot/html-balanced/ahridoy/20241002_any-photoshop-edit-work-with-12-hrs.html.gz	no_price_found
data/pilot/html-balanced/ahridoy/20250111_any-photoshop-edit-work-with-12-hrs.html.gz	no_price_found
data/pilot/html-balanced/ahridoy/20250426_any-photoshop-edit-work-with-12-hrs.html.gz	no_price_found
data/pilot/html-balanced/aimunshi/20201112_customize-any-premium-wordpress-theme-website-within-24-hour.html.gz	no_price_found
data/pilot/html-balanced/aioriar/20201112_master-your-song-in-1-day.html.gz	no_price_found
data/pilot/html-balanced/ajetomobii/20200809_pr0mot-your-youtube-channel-to-increase-subscribers.html.gz	no_price_found
data/pilot/html-balanced/alamin2276/20201030_design-outstanding-letterhead-in-editable-word-format-6-hours.html.gz	no_price_found
data/pilot/html-balanced/alamin2276/20210103_design-outstanding-letterhead-in-editable-word-format-6-hours.html.gz	no_price_found
data/pilot/html-balanced/alamin2276/20210417_design-outstanding-letterhead-in-editable-word-format-6-hours.html.gz	no_price_found
data/pilot/html-balanced/alamin2276/20210729_design-outstanding-letterhead-in-editable-word-format-6-hours.html.gz	no_price_found
data/pilot/html-balanced/alamin2276/20211007_design-outstanding-letterhead-in-editable-word-format-6-hours.html.gz	no_price_found
data/pilot/html-balanced/alamin2276/20220619_design-outstanding-letterhead-in-editable-word-format-6-hours.html.gz	no_price_found
data/pilot/html-balanced/alamin2276/20220720_design-outstanding-letterhead-in-editable-word-format-6-hours.html.gz	no_price_found
data/pilot/html-balanced/alamin2276/20240522_design-outstanding-letterhead-in-editable-word-format-6-hours.html.gz	no_price_found
data/pilot/html-balanced/alamin2276/20240704_design-outstanding-letterhead-in-editable-word-format-6-hours.html.gz	no_price_found
data/pilot/html-balanced/alamin2276/20241004_design-outstanding-letterhead-in-editable-word-format-6-hours.html.gz	no_price_found
data/pilot/html-balanced/alamin2276/20250125_design-outstanding-letterhead-in-editable-word-format-6-hours.html.gz	no_price_found
data/pilot/html-balanced/alamin2276/20250426_design-outstanding-letterhead-in-editable-word-format-6-hours.html.gz	no_price_found
data/pilot/html-balanced/alamin2276/20250807_design-outstanding-letterhead-in-editable-word-format-6-hours.html.gz	no_price_found
data/pilot/html-balanced/alamjahidul/20210614_wordpress-responsive-elementor-pro-landing-squeeze-page-swipe-page-landing-page.html.gz	no_price_found
data/pilot/html-balanced/albertanimation/20201111_create-custom-gif-animation-for-your-website-icon.html.gz	no_price_found
data/pilot/html-balanced/ale123/20210817_give-you-16-training-videos-on-amazon-affiliate-marketing.html.gz	no_price_found
data/pilot/html-balanced/alexmiza/20210107_create-animated-html5-banner-ads.html.gz	no_price_found
data/pilot/html-balanced/alicebuchanan5/20210606_design-wix-wordpress-squarespace-landing-page.html.gz	no_price_found
data/pilot/html-balanced/alicebuchanan5/20210811_design-wix-wordpress-squarespace-landing-page.html.gz	no_price_found
data/pilot/html-balanced/alicebuchanan5/20211219_design-wix-wordpress-squarespace-landing-page.html.gz	no_price_found
data/pilot/html-balanced/alicebuchanan5/20220102_design-wix-wordpress-squarespace-landing-page.html.gz	no_price_found
data/pilot/html-balanced/alicebuchanan5/20220609_design-wix-wordpress-squarespace-landing-page.html.gz	no_price_found
data/pilot/html-balanced/alicebuchanan5/20220714_design-wix-wordpress-squarespace-landing-page.html.gz	no_price_found
data/pilot/html-balanced/alicebuchanan5/20221026_design-wix-wordpress-squarespace-landing-page.html.gz	no_price_found
data/pilot/html-balanced/alicebuchanan5/20230109_design-wix-wordpress-squarespace-landing-page.html.gz	no_price_found
data/pilot/html-balanced/alicebuchanan5/20240530_design-wix-wordpress-squarespace-landing-page.html.gz	no_price_found
data/pilot/html-balanced/alicebuchanan5/20240703_design-wix-wordpress-squarespace-landing-page.html.gz	no_price_found
data/pilot/html-balanced/alicebuchanan5/20241112_design-wix-wordpress-squarespace-landing-page.html.gz	no_price_found
data/pilot/html-balanced/alicebuchanan5/20250513_design-wix-wordpress-squarespace-landing-page.html.gz	no_price_found
data/pilot/html-balanced/alicebuchanan5/20250808_design-wix-wordpress-squarespace-landing-page.html.gz	no_price_found
data/pilot/html-balanced/alimsarder786/20201115_make-amazing-car-intro-logo-animation-video.html.gz	no_price_found
data/pilot/html-balanced/alimsarder786/20201205_create-20-animated-logo-intro-video.html.gz	no_price_found
data/pilot/html-balanced/aliusman504/20211124_professional-translater-eng-into-spanish.html.gz	no_price_found
data/pilot/html-balanced/ambiaria/20201111_do-google-map-citation-aaa-seo-for-your-local-business.html.gz	no_price_found
data/pilot/html-balanced/ambitioniskey92/20201115_do-social-media-management.html.gz	no_price_found
data/pilot/html-balanced/ambitioniskey92/20210402_do-social-media-management.html.gz	no_price_found
data/pilot/html-balanced/ambitioniskey92/20210723_do-social-media-management.html.gz	no_price_found
data/pilot/html-balanced/ambitioniskey92/20211017_do-social-media-management.html.gz	no_price_found
data/pilot/html-balanced/ambitioniskey92/20220219_do-social-media-management.html.gz	no_price_found
data/pilot/html-balanced/amelderwich/20210422_translate-review-documents-in-english-french-and-arabic.html.gz	no_price_found
data/pilot/html-balanced/amelderwich/20210824_translate-review-documents-in-english-french-and-arabic.html.gz	no_price_found
data/pilot/html-balanced/amyample/20201113_write-a-perfect-ebook.html.gz	no_price_found
data/pilot/html-balanced/ana_seo_85/20201110_build-perfect-seo-strategy-backlinks.html.gz	no_price_found
data/pilot/html-balanced/andersonduar129/20210618_translate-texts-for-games-into-spanish.html.gz	no_price_found
data/pilot/html-balanced/andersonduar129/20210701_translate-texts-for-games-into-spanish.html.gz	no_price_found
data/pilot/html-balanced/andresvargas/20201102_record-a-spanish-voice-over-with-a-latin-american-accent.html.gz	no_price_found
data/pilot/html-balanced/andresvargas/20210316_record-a-spanish-voice-over-with-a-latin-american-accent.html.gz	no_price_found
data/pilot/html-balanced/andresvargas/20210420_record-a-spanish-voice-over-with-a-latin-american-accent.html.gz	no_price_found
data/pilot/html-balanced/andycarolina/20201101_convert-youtube-to-mp4-or-mp3.html.gz	no_price_found
data/pilot/html-balanced/animationvalley/20201118_create-an-epic-cinematic-book-trailer-video.html.gz	no_price_found
data/pilot/html-balanced/animcreativity/20210715_create-a-beautiful-html5-css-scss-animation.html.gz	no_price_found
data/pilot/html-balanced/anonymouskid/20201101_design-mobile-user-friendly-app.html.gz	no_price_found
data/pilot/html-balanced/anonymouskid/20210704_design-mobile-user-friendly-app.html.gz	no_price_found
data/pilot/html-balanced/anonymouskid/20211026_design-mobile-user-friendly-app.html.gz	no_price_found
data/pilot/html-balanced/anonymouskid/20220627_design-mobile-user-friendly-app.html.gz	no_price_found
data/pilot/html-balanced/anonymouskid/20240909_design-mobile-user-friendly-app.html.gz	no_price_found
data/pilot/html-balanced/anonymouskid/20241116_design-mobile-user-friendly-app.html.gz	no_price_found
data/pilot/html-balanced/anonymouskid/20250118_design-mobile-user-friendly-app.html.gz	no_price_found
data/pilot/html-balanced/anukds01/20201101_design-e-liquid-bottle-labels.html.gz	no_price_found
data/pilot/html-balanced/anukds01/20210207_design-e-liquid-bottle-labels.html.gz	no_price_found
data/pilot/html-balanced/anukds01/20210401_design-e-liquid-bottle-labels.html.gz	no_price_found
data/pilot/html-balanced/anukds01/20210802_design-e-liquid-bottle-labels.html.gz	no_price_found
data/pilot/html-balanced/anukds01/20211004_design-e-liquid-bottle-labels.html.gz	no_price_found
data/pilot/html-balanced/anukds01/20220307_design-e-liquid-bottle-labels.html.gz	no_price_found
data/pilot/html-balanced/anukds01/20220402_design-e-liquid-bottle-labels.html.gz	no_price_found
data/pilot/html-balanced/anukds01/20220715_design-e-liquid-bottle-labels.html.gz	no_price_found
data/pilot/html-balanced/anukds01/20221010_design-e-liquid-bottle-labels.html.gz	no_price_found
data/pilot/html-balanced/anukds01/20240816_design-e-liquid-bottle-labels.html.gz	no_price_found
data/pilot/html-balanced/aqibkhan92/20210126_write-magnificent-seo-optimized-description-with-the-title.html.gz	no_price_found
data/pilot/html-balanced/aqibkhan92/20210726_write-magnificent-seo-optimized-description-with-the-title.html.gz	no_price_found
data/pilot/html-balanced/arahmanjon/20210408_create-all-social-media-account.html.gz	no_price_found
data/pilot/html-balanced/arahmanjon/20210707_create-all-social-media-account.html.gz	no_price_found
data/pilot/html-balanced/archafroz/20210102_draw-architectural-floor-plans-elevation-and-section.html.gz	no_price_found
data/pilot/html-balanced/archafroz/20210401_draw-architectural-floor-plans-elevation-and-section.html.gz	no_price_found
data/pilot/html-balanced/archafroz/20210804_draw-architectural-floor-plans-elevation-and-section.html.gz	no_price_found
data/pilot/html-balanced/areatalent/20210428_resume-cover-letter-and-linkedin-profile-optimization.html.gz	no_price_found
data/pilot/html-balanced/arifalibd70/20210705_30-germany-link-building.html.gz	no_price_found
data/pilot/html-balanced/arifalibd70/20211007_30-germany-link-building.html.gz	no_price_found
data/pilot/html-balanced/arifalibd70/20220114_30-germany-link-building.html.gz	no_price_found
data/pilot/html-balanced/arifalibd70/20220822_30-germany-link-building.html.gz	no_price_found
data/pilot/html-balanced/arifalibd70/20221102_30-germany-link-building.html.gz	no_price_found
data/pilot/html-balanced/arsalan26666/20210324_write-a-professional-well-researched-white-paper-for-you.html.gz	no_price_found
data/pilot/html-balanced/arsalan26666/20210413_write-a-professional-well-researched-white-paper-for-you.html.gz	no_price_found
data/pilot/html-balanced/art_treasure01/20210710_create-professional-unique-modern-minimalist-logo-designs.html.gz	no_price_found
data/pilot/html-balanced/asela897designs/20201101_design-unique-logo-within-24-hours.html.gz	no_price_found
data/pilot/html-balanced/ashabity11/20201107_do-complete-email-marketing-sales-funnel-and-to-boost-traffic-conversion.html.gz	no_price_found
data/pilot/html-balanced/ashabity11/20210304_do-complete-email-marketing-sales-funnel-and-to-boost-traffic-conversion.html.gz	no_price_found
data/pilot/html-balanced/ashabity11/20210419_do-complete-email-marketing-sales-funnel-and-to-boost-traffic-conversion.html.gz	no_price_found
data/pilot/html-balanced/ashfa778/20201219_do-urdu-typing-in-ms-word.html.gz	no_price_found
data/pilot/html-balanced/ashley24906/20201112_transcribe-any-document-for-you.html.gz	no_price_found
data/pilot/html-balanced/ashley24906/20211105_transcribe-any-document-for-you.html.gz	no_price_found
data/pilot/html-balanced/ashraful_amin/20201114_do-translate-your-website.html.gz	no_price_found
data/pilot/html-balanced/assetecommerce/20210119_do-instagram-content-creation-and-growth-management.html.gz	no_price_found
data/pilot/html-balanced/atiqarasool534/20210101_translate-any-language-in-english.html.gz	no_price_found
data/pilot/html-balanced/avproaudio/20210308_make-your-podcast-sound-professional.html.gz	no_price_found
data/pilot/html-balanced/awaisshab117/20210320_provides-high-authority-da-90-plus-seo-dofollow-backlinks.html.gz	no_price_found
data/pilot/html-balanced/azibbutt/20201211_fix-any-php-or-sql-issue.html.gz	no_price_found
data/pilot/html-balanced/b_dash/20201113_do-wordpress-customization-and-fix-errors-or-widget.html.gz	no_price_found
data/pilot/html-balanced/b_kohinur/20210419_promote-youtube-video-to-make-it-viral.html.gz	no_price_found
data/pilot/html-balanced/basobdeb1/20190228_do-exclusive-instagram-promotion-professionaly.html.gz	no_price_found
data/pilot/html-balanced/basobdeb1/20190501_do-exclusive-instagram-promotion-professionaly.html.gz	no_price_found
data/pilot/html-balanced/bbbcorbittradio/20201006_play-your-song-on-fm-radio-station.html.gz	no_price_found
data/pilot/html-balanced/bellapromoter/20201104_set-you-up-with-an-awesome-automated-email-marketing-campaign-series.html.gz	no_price_found
data/pilot/html-balanced/bellapromoter/20210208_set-you-up-with-an-awesome-automated-email-marketing-campaign-series.html.gz	no_price_found
data/pilot/html-balanced/bellapromoter/20210402_set-you-up-with-an-awesome-automated-email-marketing-campaign-series.html.gz	no_price_found
data/pilot/html-balanced/bernie_resume/20201117_do-30-minute-transcribe-for-audio-or-video-files.html.gz	no_price_found
data/pilot/html-balanced/bimolete420/20210101_design-property-management-modern-minimalist-logo.html.gz	no_price_found
data/pilot/html-balanced/bimolete420/20210401_design-property-management-modern-minimalist-logo.html.gz	no_price_found
data/pilot/html-balanced/bimolete420/20210703_design-property-management-modern-minimalist-logo.html.gz	no_price_found
data/pilot/html-balanced/binarani/20210104_collect-niche-targeted-bulk-email-list-for-email-marketing.html.gz	no_price_found
data/pilot/html-balanced/binarani/20210401_collect-niche-targeted-bulk-email-list-for-email-marketing.html.gz	no_price_found
data/pilot/html-balanced/binarani/20210815_collect-niche-targeted-bulk-email-list-for-email-marketing.html.gz	no_price_found
data/pilot/html-balanced/birendranath/20201116_do-product-photo-editing-in-photoshop.html.gz	no_price_found
data/pilot/html-balanced/bobbyblaze744/20201106_tweet-you-podcast-link-and-info-out-to-over-159k-followers.html.gz	no_price_found
data/pilot/html-balanced/bola_marketer/20201113_do-mlm-promotion-network-marketing-solo-ads-and-drive-traffic.html.gz	no_price_found
data/pilot/html-balanced/bola_marketer/20210128_do-mlm-promotion-network-marketing-solo-ads-and-drive-traffic.html.gz	no_price_found
data/pilot/html-balanced/bola_marketer/20210530_do-mlm-promotion-network-marketing-solo-ads-and-drive-traffic.html.gz	no_price_found
data/pilot/html-balanced/book_format/20210705_format-ebook-layout-for-amazon-createspace-kindle-epub-mobi.html.gz	no_price_found
data/pilot/html-balanced/bosphorus34/20201101_transcribe-your-videos-and-add-subtitle-to-them-in-24-hours.html.gz	no_price_found
data/pilot/html-balanced/brandk/20210106_do-instagram-marketing-for-super-fast-organic-growth.html.gz	no_price_found
data/pilot/html-balanced/brother/20201103_convert-images-to-vector-files-ai-psd-eps.html.gz	no_price_found
data/pilot/html-balanced/canhphuoc/20210427_design-and-render-interior-exterior-by-3dmax.html.gz	no_price_found
data/pilot/html-balanced/carddesignrr/20210503_do-photoshop-edit-photo-retouching-background-removal-job.html.gz	no_price_found
data/pilot/html-balanced/carddesignrr/20210828_do-photoshop-edit-photo-retouching-background-removal-job.html.gz	no_price_found
data/pilot/html-balanced/carddesignrr/20211010_do-photoshop-edit-photo-retouching-background-removal-job.html.gz	no_price_found
data/pilot/html-balanced/carddesignrr/20220131_do-photoshop-edit-photo-retouching-background-removal-job.html.gz	no_price_found
data/pilot/html-balanced/carddesignrr/20220710_do-photoshop-edit-photo-retouching-background-removal-job.html.gz	no_price_found
data/pilot/html-balanced/careem/20190220_promote-your-crowdfunding-campaign-on-social-media.html.gz	no_price_found
data/pilot/html-balanced/careem/20190501_promote-your-crowdfunding-campaign-on-social-media.html.gz	no_price_found
data/pilot/html-balanced/cc_pranto/20201104_design-a-billboard-yard-sign-and-signage.html.gz	no_price_found
data/pilot/html-balanced/celelia/20201105_perfectly-translate-anything-between-english-and-chinese-in-24-hours.html.gz	no_price_found
data/pilot/html-balanced/celestialsteps/20201103_write-about-your-full-astrological-profile-and-birth-chart.html.gz	no_price_found
data/pilot/html-balanced/charles_mic/20201217_provide-active-mlm-leads-mlm-promotion-website-traffic-network-marketing-soloads.html.gz	no_price_found
data/pilot/html-balanced/charles_mic/20210105_provide-active-mlm-leads-mlm-promotion-website-traffic-network-marketing-soloads.html.gz	no_price_found
data/pilot/html-balanced/charles_mic/20210130_help-you-get-an-email-marketing-review-to-improve-your-subscriber-engagement.html.gz	no_price_found
data/pilot/html-balanced/charles_mic/20210528_help-you-get-an-email-marketing-review-to-improve-your-subscriber-engagement.html.gz	no_price_found
data/pilot/html-balanced/cheriefox/20210614_design-the-cover-your-book-has-been-dreaming-of.html.gz	no_price_found
data/pilot/html-balanced/chris_ld/20201104_redraw-your-logo-in-4-hours.html.gz	no_price_found
data/pilot/html-balanced/christian_2222/20201116_record-a-unique-african-male-voice-over-of-all-types.html.gz	no_price_found
data/pilot/html-balanced/clean_coder/20180728_duplicate-clone-copy-or-redesign-any-website.html.gz	no_price_found
data/pilot/html-balanced/clean_coder/20181013_duplicate-clone-copy-or-redesign-any-website.html.gz	no_price_found
data/pilot/html-balanced/clean_coder/20190111_duplicate-clone-copy-or-redesign-any-website.html.gz	no_price_found
data/pilot/html-balanced/clean_coder/20201103_fix-any-wordpress-error-html-css-issue.html.gz	no_price_found
data/pilot/html-balanced/clean_coder/20201103_redesign-duplicate-or-copy-any-website.html.gz	no_price_found
data/pilot/html-balanced/clean_coder/20201105_duplicate-clone-copy-or-redesign-any-website.html.gz	no_price_found
data/pilot/html-balanced/clean_coder/20210106_fix-any-wordpress-error-html-css-issue.html.gz	no_price_found
data/pilot/html-balanced/clean_coder/20210114_duplicate-clone-copy-or-redesign-any-website.html.gz	no_price_found
data/pilot/html-balanced/clean_coder/20210411_duplicate-clone-copy-or-redesign-any-website.html.gz	no_price_found
data/pilot/html-balanced/clean_coder/20210421_fix-any-wordpress-error-html-css-issue.html.gz	no_price_found
data/pilot/html-balanced/clean_coder/20210708_fix-any-wordpress-error-html-css-issue.html.gz	no_price_found
data/pilot/html-balanced/clean_coder/20210715_duplicate-clone-copy-or-redesign-any-website.html.gz	no_price_found
data/pilot/html-balanced/clean_coder/20211001_duplicate-clone-copy-or-redesign-any-website.html.gz	no_price_found
data/pilot/html-balanced/clean_coder/20211001_fix-any-wordpress-error-html-css-issue.html.gz	no_price_found
data/pilot/html-balanced/clipping_path48/20210203_jewelry-images-retouch-in-photoshop.html.gz	no_price_found
data/pilot/html-balanced/clippinggaide/20210112_change-color-of-anything-super-fast-in-photoshop.html.gz	no_price_found
data/pilot/html-balanced/cockermouse/20210701_do-any-social-media-content-in-24-hours.html.gz	no_price_found
data/pilot/html-balanced/coder_yousuf/20201013_create-law-firm-seo-backlinks-for-lawyers-on-da100.html.gz	no_price_found
data/pilot/html-balanced/coder_yousuf/20201021_submit-1000-seo-bookmarks-manually-to-rank-website-on-serp.html.gz	no_price_found
data/pilot/html-balanced/coder_yousuf/20201202_rank-website-by-improve-seo-friendly-backlink.html.gz	no_price_found
data/pilot/html-balanced/coderarif/20210413_design-a-responsive-professional-wordpress-landing-page-with-elementor-pro.html.gz	no_price_found
data/pilot/html-balanced/colinmooney/20210614_record-an-australian-male-voice-over-narration.html.gz	no_price_found
data/pilot/html-balanced/colinmooney/20210809_record-an-australian-male-voice-over-narration.html.gz	no_price_found
data/pilot/html-balanced/colinmooney/20211126_record-an-australian-male-voice-over-narration.html.gz	no_price_found
data/pilot/html-balanced/colinmooney/20220414_record-an-australian-male-voice-over-narration.html.gz	no_price_found
data/pilot/html-balanced/compumusic/20201115_send-you-tempo-meter-key-changes-markers-of-any-song.html.gz	no_price_found
data/pilot/html-balanced/compumusic/20201115_transcribe-any-ukulele-song-to-tab-or-notation.html.gz	no_price_found
data/pilot/html-balanced/compumusic/20210102_transcribe-any-ukulele-song-to-tab-or-notation.html.gz	no_price_found
data/pilot/html-balanced/compumusic/20210102_transpose-your-sheet-music-to-another-key.html.gz	no_price_found
data/pilot/html-balanced/compumusic/20211010_transcribe-any-ukulele-song-to-tab-or-notation.html.gz	no_price_found
data/pilot/html-balanced/compumusic/20220611_transcribe-any-ukulele-song-to-tab-or-notation.html.gz	no_price_found
data/pilot/html-balanced/compumusic/20221115_transcribe-any-ukulele-song-to-tab-or-notation.html.gz	no_price_found
data/pilot/html-balanced/compumusic/20240714_transcribe-any-ukulele-song-to-tab-or-notation.html.gz	no_price_found
data/pilot/html-balanced/cosminmala/20210419_design-facebook-cover-for-your-timeline.html.gz	no_price_found
data/pilot/html-balanced/creativee2/20210114_draw-watercolor-illustration-from-your-photo.html.gz	no_price_found
data/pilot/html-balanced/creativee2/20210402_draw-watercolor-illustration-from-your-photo.html.gz	no_price_found
data/pilot/html-balanced/creativee2/20210718_draw-watercolor-illustration-from-your-photo.html.gz	no_price_found
data/pilot/html-balanced/creativee2/20211202_draw-watercolor-illustration-from-your-photo.html.gz	no_price_found
data/pilot/html-balanced/creativee2/20220111_draw-watercolor-illustration-from-your-photo.html.gz	no_price_found
data/pilot/html-balanced/creativee2/20220525_draw-watercolor-illustration-from-your-photo.html.gz	no_price_found
data/pilot/html-balanced/creativee2/20220712_draw-watercolor-illustration-from-your-photo.html.gz	no_price_found
data/pilot/html-balanced/creativee2/20250513_draw-watercolor-illustration-from-your-photo.html.gz	no_price_found
data/pilot/html-balanced/creativee2/20250809_draw-watercolor-illustration-from-your-photo.html.gz	no_price_found
data/pilot/html-balanced/creativesidea/20201101_design-pro-flyer-or-postcard-in-just-24-hours.html.gz	no_price_found
data/pilot/html-balanced/creeddesigners/20201101_design-my-uniquestill-logo-for-you.html.gz	no_price_found
data/pilot/html-balanced/crorkservice_k/20201101_send-genuine-us-social-media-organic-traffic-280k-adsense-safe.html.gz	no_price_found
data/pilot/html-balanced/crorkservice_k/20210221_send-genuine-us-social-media-organic-traffic-280k-adsense-safe.html.gz	no_price_found
data/pilot/html-balanced/crorkservice_k/20210802_send-genuine-us-social-media-organic-traffic-280k-adsense-safe.html.gz	no_price_found
data/pilot/html-balanced/curtisbrown325/20201105_be-your-professional-singer-songwriter.html.gz	no_price_found
data/pilot/html-balanced/curtisbrown325/20210120_be-your-professional-singer-songwriter.html.gz	no_price_found
data/pilot/html-balanced/curtismintah/20210704_transcribe-audio-video-recording-to-text-in-fast-accurate-transcription.html.gz	no_price_found
data/pilot/html-balanced/danno1950/20201129_write-your-professional-brochure-content.html.gz	no_price_found
data/pilot/html-balanced/davedata1/20200730_transcribe-60minutes-audio-or-video-transcription-in-48-hrs.html.gz	no_price_found
data/pilot/html-balanced/davedata1/20210725_transcribe-60minutes-audio-or-video-transcription-in-48-hrs.html.gz	no_price_found
data/pilot/html-balanced/davisbrown01/20201105_do-affiliate-link-promotion.html.gz	no_price_found
data/pilot/html-balanced/debbypenat/20201104_do-fast-and-flawless-transcription-transcript.html.gz	no_price_found
data/pilot/html-balanced/debbypenat/20201223_do-professional-medical-transcriptions.html.gz	no_price_found
data/pilot/html-balanced/debbypenat/20210111_do-professional-medical-transcriptions.html.gz	no_price_found
data/pilot/html-balanced/debbypenat/20210525_do-professional-medical-transcriptions.html.gz	no_price_found
data/pilot/html-balanced/design_fdnk/20210709_do-technical-flat-sketch-tech-pack-cad-and-garments-design.html.gz	no_price_found
data/pilot/html-balanced/designer119/20201113_amazing-corporate-brochure-design.html.gz	no_price_found
data/pilot/html-balanced/designericon/20201101_do-nice-flyer-sports-flyer-and-event-flyer.html.gz	no_price_found
data/pilot/html-balanced/designmastercom/20210404_do-clean-attractive-resume-design-cv-design.html.gz	no_price_found
data/pilot/html-balanced/designstation25/20201130_design-perfect-youtube-banner-and-logo-within-24hrs.html.gz	no_price_found
data/pilot/html-balanced/designstudio_ui/20201205_design-stunning-ui-graphics-for-your-mobile-app.html.gz	no_price_found
data/pilot/html-balanced/developoo/20201127_do-a-professional-weebly-website-or-weebly-seo-in-24hours.html.gz	no_price_found
data/pilot/html-balanced/dexart1/20210202_creative-animator-skilled-artist-both-3d-and-2d.html.gz	no_price_found
data/pilot/html-balanced/dinislamsk7093/20201028_provide-seo-service-for-top-five-google-ranking.html.gz	no_price_found
data/pilot/html-balanced/dolly_donut/20201115_record-a-professional-female-british-voiceover.html.gz	no_price_found
data/pilot/html-balanced/donaldjr/20210118_record-a-professional-sounding-voiceover-3-minutes-or-less.html.gz	no_price_found
data/pilot/html-balanced/dreamgraphic786/20201112_design-creative-bi-fold-or-three-fold-brochure.html.gz	no_price_found
data/pilot/html-balanced/dreamgraphic786/20201116_design-professional-flyer-and-brochure-for-your-business-10ac.html.gz	no_price_found
data/pilot/html-balanced/dreamgraphic786/20210303_design-creative-bi-fold-or-three-fold-brochure.html.gz	no_price_found
data/pilot/html-balanced/dreamgraphic786/20210411_design-creative-bi-fold-or-three-fold-brochure.html.gz	no_price_found
data/pilot/html-balanced/dreamgraphic786/20210713_design-creative-bi-fold-or-three-fold-brochure.html.gz	no_price_found
data/pilot/html-balanced/dreejc7/20201126_design-infographics-for-your-social-media.html.gz	no_price_found
data/pilot/html-balanced/dreejc7/20210325_design-infographics-for-your-social-media.html.gz	no_price_found
data/pilot/html-balanced/dreejc7/20210423_design-infographics-for-your-social-media.html.gz	no_price_found
data/pilot/html-balanced/dreejc7/20211117_design-infographics-for-your-social-media.html.gz	no_price_found
data/pilot/html-balanced/dreejc7/20220331_design-infographics-for-your-social-media.html.gz	no_price_found
data/pilot/html-balanced/dreejc7/20220617_design-infographics-for-your-social-media.html.gz	no_price_found
data/pilot/html-balanced/dreejc7/20220714_design-infographics-for-your-social-media.html.gz	no_price_found
data/pilot/html-balanced/dreejc7/20221006_design-infographics-for-your-social-media.html.gz	no_price_found
data/pilot/html-balanced/dropshipping99/20201118_csv-bulk-import-for-shopify-or-bigcommerce-for-buyers.html.gz	no_price_found
data/pilot/html-balanced/dropshipping99/20210223_csv-bulk-import-for-shopify-or-bigcommerce-for-buyers.html.gz	no_price_found
data/pilot/html-balanced/dropshipping99/20210401_csv-bulk-import-for-shopify-or-bigcommerce-for-buyers.html.gz	no_price_found
data/pilot/html-balanced/dtongsports/20210522_offer-radio-podcast-advertising-mention-and-promotion-to-thousands-of-listeners.html.gz	no_price_found
data/pilot/html-balanced/dudart_project/20201105_draw-realistic-pet-portrait-into-digital-oil-painting.html.gz	no_price_found
data/pilot/html-balanced/dudart_project/20210119_draw-realistic-digital-oil-painting-best-gift.html.gz	no_price_found
data/pilot/html-balanced/dzinrz/20210323_illustrate-children-story-book-with-digital-coloring.html.gz	no_price_found
data/pilot/html-balanced/eaminhossain/20210103_do-modern-minimalist-logo.html.gz	no_price_found
data/pilot/html-balanced/elizasmith88/20210422_create-response-ecommerce-website-in-wordpress.html.gz	no_price_found
data/pilot/html-balanced/elizasmith88/20210709_create-response-ecommerce-website-in-wordpress.html.gz	no_price_found
data/pilot/html-balanced/ellamuskan/20201101_do-outstanding-amazon-photo-editing-and-remove-background.html.gz	no_price_found
data/pilot/html-balanced/ellie_graphics0/20201111_create-a-podcast-cover-art.html.gz	no_price_found
data/pilot/html-balanced/ellie_graphics0/20210214_create-a-podcast-cover-art.html.gz	no_price_found
data/pilot/html-balanced/ellie_graphics0/20210418_create-a-podcast-cover-art.html.gz	no_price_found
data/pilot/html-balanced/ellie_graphics0/20220214_create-a-podcast-cover-art.html.gz	no_price_found
data/pilot/html-balanced/email_signaturf/20201017_create-professional-clickable-html-email-signature.html.gz	no_price_found
data/pilot/html-balanced/emdad2019/20201101_create-and-customize-your-shopify-store.html.gz	no_price_found
data/pilot/html-balanced/emdad2019/20210102_create-and-customize-your-shopify-store.html.gz	no_price_found
data/pilot/html-balanced/emilyy07/20201029_design-professional-manipulation-for-your-photos.html.gz	no_price_found
data/pilot/html-balanced/emilyy07/20210128_design-professional-manipulation-for-your-photos.html.gz	no_price_found
data/pilot/html-balanced/energyhealing_/20210701_find-cause-of-your-ailment-using-body-code.html.gz	no_price_found
data/pilot/html-balanced/ergunbso/20201112_social-media-cover-design-graphic-facebook-twitter-youtube.html.gz	no_price_found
data/pilot/html-balanced/erikjhonzeta/20210517_record-a-male-spanish-voice-over-200-words.html.gz	no_price_found
data/pilot/html-balanced/erikjhonzeta/20210517_record-male-voice-over-in-spanish-with-energy-for-audio-ads-production.html.gz	no_price_found
data/pilot/html-balanced/erikjhonzeta/20210720_record-a-male-spanish-voice-over-200-words.html.gz	no_price_found
data/pilot/html-balanced/erikjhonzeta/20211002_record-a-male-spanish-voice-over-200-words.html.gz	no_price_found
data/pilot/html-balanced/erin425hz/20201103_be-your-pinterest-manager-for-your-business.html.gz	no_price_found
data/pilot/html-balanced/erin425hz/20201104_professionally-be-your-instagram-marketing-manager.html.gz	no_price_found
data/pilot/html-balanced/erin425hz/20210420_be-your-pinterest-manager-for-your-business.html.gz	no_price_found
data/pilot/html-balanced/erin425hz/20210715_be-your-pinterest-manager-for-your-business.html.gz	no_price_found
data/pilot/html-balanced/erin425hz/20211004_be-your-pinterest-manager-for-your-business.html.gz	no_price_found
data/pilot/html-balanced/erin425hz/20220403_be-your-pinterest-manager-for-your-business.html.gz	no_price_found
data/pilot/html-balanced/erin425hz/20220717_be-your-pinterest-manager-for-your-business.html.gz	no_price_found
data/pilot/html-balanced/ersomprakash198/20201101_do-programming-in-c-cpp-java-csharp-matlab.html.gz	no_price_found
data/pilot/html-balanced/ersomprakash198/20210101_do-programming-in-c-cpp-java-csharp-matlab.html.gz	no_price_found
data/pilot/html-balanced/ersomprakash198/20210402_do-programming-in-c-cpp-java-csharp-matlab.html.gz	no_price_found
data/pilot/html-balanced/ersomprakash198/20210702_do-programming-in-c-cpp-java-csharp-matlab.html.gz	no_price_found
data/pilot/html-balanced/ersomprakash198/20211009_do-programming-in-c-cpp-java-csharp-matlab.html.gz	no_price_found
data/pilot/html-balanced/ersomprakash198/20220102_do-programming-in-c-cpp-java-csharp-matlab.html.gz	no_price_found
data/pilot/html-balanced/ersomprakash198/20220403_do-programming-in-c-cpp-java-csharp-matlab.html.gz	no_price_found
data/pilot/html-balanced/ersomprakash198/20220712_do-programming-in-c-cpp-java-csharp-matlab.html.gz	no_price_found
data/pilot/html-balanced/ersomprakash198/20221027_do-programming-in-c-cpp-java-csharp-matlab.html.gz	no_price_found
data/pilot/html-balanced/eugene_marketer/20200623_create-any-type-of-sales-funnel-in-click-funnels-leadpages-mailchimp-builderall.html.gz	no_price_found
data/pilot/html-balanced/excellency224/20201113_build-affiliate-funnel-on-clickfunnel-leadpages-simvoly.html.gz	no_price_found
data/pilot/html-balanced/excellency224/20201116_affiliate-link-promotion-click-bank-promotion-affiliate-marketing.html.gz	no_price_found
data/pilot/html-balanced/expertrr/20210406_promote-your-websiteproductlink-on-twitter.html.gz	no_price_found
data/pilot/html-balanced/expertrr/20210917_promote-your-websiteproductlink-on-twitter.html.gz	no_price_found
data/pilot/html-balanced/expertrr/20220224_promote-your-websiteproductlink-on-twitter.html.gz	no_price_found
data/pilot/html-balanced/f4him_/20201219_do-product-upload-or-listing-and-manage-your-shopify-store.html.gz	no_price_found
data/pilot/html-balanced/fahadmustafa004/20210110_create-professional-wordpress-website-design.html.gz	no_price_found
data/pilot/html-balanced/fahadmustafa004/20210408_create-professional-wordpress-website-design.html.gz	no_price_found
data/pilot/html-balanced/fahadmustafa004/20210812_create-professional-wordpress-website-design.html.gz	no_price_found
data/pilot/html-balanced/fakorode/20210206_create-2d-drawing-3d-modelling-with-solidworks-and-inventor.html.gz	no_price_found
data/pilot/html-balanced/farhana_wahida_/20201113_collect-verify-mail-list-for-email-marketing-and-niche-targeted-list.html.gz	no_price_found
data/pilot/html-balanced/farhana_wahida_/20201115_build-a-niche-targeted-email-address-list-email-marketing-any-country-in-24-hrs.html.gz	no_price_found
data/pilot/html-balanced/farhana_wahida_/20210128_collect-verify-mail-list-for-email-marketing-and-niche-targeted-list.html.gz	no_price_found
data/pilot/html-balanced/farhana_wahida_/20210427_collect-verify-mail-list-for-email-marketing-and-niche-targeted-list.html.gz	no_price_found
data/pilot/html-balanced/farhanahmad665/20210126_make-model-and-design-realistic-interior-render-using-vray.html.gz	no_price_found
data/pilot/html-balanced/farhananimation/20210408_mind-blowing-youtube-intro-and-outro.html.gz	no_price_found
data/pilot/html-balanced/farhananimation/20210729_mind-blowing-youtube-intro-and-outro.html.gz	no_price_found
data/pilot/html-balanced/farhanfaiz039/20201112_custom-code-edit-customize-or-redesign-shopify-store.html.gz	no_price_found
data/pilot/html-balanced/farhangul262/20210228_solve-microsoft-excel-issues-formula-calculation-excel-spreadsheet.html.gz	no_price_found
data/pilot/html-balanced/faria_mahjabin/20201104_promote-organic-fiverr-gigs-on-social-media-effectively-and-professionally.html.gz	no_price_found
data/pilot/html-balanced/faria_mahjabin/20210131_promote-organic-fiverr-gigs-on-social-media-effectively-and-professionally.html.gz	no_price_found
data/pilot/html-balanced/faria_mahjabin/20210401_promote-organic-fiverr-gigs-on-social-media-effectively-and-professionally.html.gz	no_price_found
data/pilot/html-balanced/faria_mahjabin/20210402_do-social-media-marketing.html.gz	no_price_found
data/pilot/html-balanced/faria_mahjabin/20210416_create-setup-and-manage-your-bing-ads-ppc-campaign.html.gz	no_price_found
data/pilot/html-balanced/faria_mahjabin/20210717_create-setup-and-manage-your-bing-ads-ppc-campaign.html.gz	no_price_found
data/pilot/html-balanced/faria_mahjabin/20210717_do-social-media-marketing.html.gz	no_price_found
data/pilot/html-balanced/faria_mahjabin/20210717_promote-organic-fiverr-gigs-on-social-media-effectively-and-professionally.html.gz	no_price_found
data/pilot/html-balanced/faria_mahjabin/20211001_create-setup-and-manage-your-bing-ads-ppc-campaign.html.gz	no_price_found
data/pilot/html-balanced/faria_mahjabin/20211001_do-social-media-marketing.html.gz	no_price_found
data/pilot/html-balanced/faria_mahjabin/20211002_promote-organic-fiverr-gigs-on-social-media-effectively-and-professionally.html.gz	no_price_found
data/pilot/html-balanced/faria_mahjabin/20220101_create-setup-and-manage-your-bing-ads-ppc-campaign.html.gz	no_price_found
data/pilot/html-balanced/faria_mahjabin/20220101_do-social-media-marketing.html.gz	no_price_found
data/pilot/html-balanced/faria_mahjabin/20220101_promote-organic-fiverr-gigs-on-social-media-effectively-and-professionally.html.gz	no_price_found
data/pilot/html-balanced/faria_mahjabin/20220521_create-setup-and-manage-your-bing-ads-ppc-campaign.html.gz	no_price_found
data/pilot/html-balanced/faria_mahjabin/20220528_do-social-media-marketing.html.gz	no_price_found
data/pilot/html-balanced/faria_mahjabin/20220614_promote-organic-fiverr-gigs-on-social-media-effectively-and-professionally.html.gz	no_price_found
data/pilot/html-balanced/faria_mahjabin/20220701_do-social-media-marketing.html.gz	no_price_found
data/pilot/html-balanced/faria_mahjabin/20220712_create-setup-and-manage-your-bing-ads-ppc-campaign.html.gz	no_price_found
data/pilot/html-balanced/faria_mahjabin/20221007_do-social-media-marketing.html.gz	no_price_found
data/pilot/html-balanced/faswaldo/20210323_write-a-blog-post-3c876722-373e-4a19-a13b-d5d2b0af281d.html.gz	no_price_found
data/pilot/html-balanced/faswaldo/20210610_write-a-blog-post-3c876722-373e-4a19-a13b-d5d2b0af281d.html.gz	no_price_found
data/pilot/html-balanced/fazlul848/20201115_do-social-media-marketing-service-for-your-any-product-or-business-in-the-usa.html.gz	no_price_found
data/pilot/html-balanced/fazlul848/20210327_do-social-media-marketing-service-for-your-any-product-or-business-in-the-usa.html.gz	no_price_found
data/pilot/html-balanced/fazlul848/20210411_do-social-media-marketing-service-for-your-any-product-or-business-in-the-usa.html.gz	no_price_found
data/pilot/html-balanced/ferdusakhter/20210107_check-your-website-errors-and-improve-and-correct-audit-seo-issues-plus-action.html.gz	no_price_found
data/pilot/html-balanced/firozalam_cse/20201223_add-your-shopify-products.html.gz	no_price_found
data/pilot/html-balanced/firozapparel4/20210210_create-technical-flats-and-tech-packs-for-your-designs-0d7b.html.gz	no_price_found
data/pilot/html-balanced/foxypancakes/20200104_write-a-fictional-story.html.gz	no_price_found
data/pilot/html-balanced/frewac/20201105_create-set-up-and-optimize-social-media-account.html.gz	no_price_found
data/pilot/html-balanced/frewac/20210309_create-set-up-and-optimize-social-media-account.html.gz	no_price_found
data/pilot/html-balanced/frewac/20210617_create-set-up-and-optimize-social-media-account.html.gz	no_price_found
data/pilot/html-balanced/garispena/20201117_design-initial-gaming-logo-esport-twitch-youtube.html.gz	no_price_found
data/pilot/html-balanced/garispena/20210420_design-initial-gaming-logo-esport-twitch-youtube.html.gz	no_price_found
data/pilot/html-balanced/garispena/20210714_design-initial-gaming-logo-esport-twitch-youtube.html.gz	no_price_found
data/pilot/html-balanced/gaudiored/20210316_record-a-pro-spanish-voice-over-for-your-whiteboard.html.gz	no_price_found
data/pilot/html-balanced/gaudiored/20210515_record-a-pro-spanish-voice-over-for-your-whiteboard.html.gz	no_price_found
data/pilot/html-balanced/geniusgenius01/20210425_amazon-enhanced-brand-content.html.gz	no_price_found
data/pilot/html-balanced/genny_roberts/20201111_build-shopify-dropshipping-store.html.gz	no_price_found
data/pilot/html-balanced/genny_roberts/20210122_create-a-responsive-custom-wix-website-design-with-wix-seo.html.gz	no_price_found
data/pilot/html-balanced/genny_roberts/20210424_create-a-responsive-custom-wix-website-design-with-wix-seo.html.gz	no_price_found
data/pilot/html-balanced/genny_roberts/20210605_build-shopify-dropshipping-store.html.gz	no_price_found
data/pilot/html-balanced/genny_roberts/20210701_build-shopify-dropshipping-store.html.gz	no_price_found
data/pilot/html-balanced/genny_roberts/20210810_create-a-responsive-custom-wix-website-design-with-wix-seo.html.gz	no_price_found
data/pilot/html-balanced/genny_roberts/20211108_build-shopify-dropshipping-store.html.gz	no_price_found
data/pilot/html-balanced/genny_roberts/20211108_create-a-responsive-custom-wix-website-design-with-wix-seo.html.gz	no_price_found
data/pilot/html-balanced/genny_roberts/20220102_build-shopify-dropshipping-store.html.gz	no_price_found
data/pilot/html-balanced/genny_roberts/20220102_create-a-responsive-custom-wix-website-design-with-wix-seo.html.gz	no_price_found
data/pilot/html-balanced/genny_roberts/20220606_create-a-responsive-custom-wix-website-design-with-wix-seo.html.gz	no_price_found
data/pilot/html-balanced/genny_roberts/20220609_build-shopify-dropshipping-store.html.gz	no_price_found
data/pilot/html-balanced/genny_roberts/20220714_build-shopify-dropshipping-store.html.gz	no_price_found
data/pilot/html-balanced/genny_roberts/20220917_create-a-responsive-custom-wix-website-design-with-wix-seo.html.gz	no_price_found
data/pilot/html-balanced/genny_roberts/20221102_build-shopify-dropshipping-store.html.gz	no_price_found
data/pilot/html-balanced/genny_roberts/20230409_create-a-responsive-custom-wix-website-design-with-wix-seo.html.gz	no_price_found
data/pilot/html-balanced/genny_roberts/20240524_create-a-responsive-custom-wix-website-design-with-wix-seo.html.gz	no_price_found
data/pilot/html-balanced/genny_roberts/20240525_build-shopify-dropshipping-store.html.gz	no_price_found
data/pilot/html-balanced/genny_roberts/20240702_create-a-responsive-custom-wix-website-design-with-wix-seo.html.gz	no_price_found
data/pilot/html-balanced/genny_roberts/20240703_build-shopify-dropshipping-store.html.gz	no_price_found
data/pilot/html-balanced/genny_roberts/20241006_create-a-responsive-custom-wix-website-design-with-wix-seo.html.gz	no_price_found
data/pilot/html-balanced/genny_roberts/20241114_build-shopify-dropshipping-store.html.gz	no_price_found
data/pilot/html-balanced/genny_roberts/20250104_create-a-responsive-custom-wix-website-design-with-wix-seo.html.gz	no_price_found
data/pilot/html-balanced/genny_roberts/20250514_build-shopify-dropshipping-store.html.gz	no_price_found
data/pilot/html-balanced/genny_roberts/20250514_create-a-responsive-custom-wix-website-design-with-wix-seo.html.gz	no_price_found
data/pilot/html-balanced/genzelradio/20210106_put-your-song-or-remix-on-our-hits-and-top-40-edm-station.html.gz	no_price_found
data/pilot/html-balanced/ghazalataimur/20210622_translate-english-to-urdu.html.gz	no_price_found
data/pilot/html-balanced/ghazalataimur/20210917_translate-english-to-urdu.html.gz	no_price_found
data/pilot/html-balanced/gideon_mugo/20210409_do-circuit-design-and-analysis-pcbs-and-gebers-generation.html.gz	no_price_found
data/pilot/html-balanced/gig_freak/20201112_design-your-social-media-banners-including-social-media-kit.html.gz	no_price_found
data/pilot/html-balanced/gmkhondaker/20210124_give-details-verified-email-list-marketing-and-campaign.html.gz	no_price_found
data/pilot/html-balanced/gmkhondaker/20210428_give-details-verified-email-list-marketing-and-campaign.html.gz	no_price_found
data/pilot/html-balanced/gmkmvisualz/20210429_make-a-very-beautiful-lyric-video-for-your-christian-song.html.gz	no_price_found
data/pilot/html-balanced/gogugmg/20201114_create-7-intro-animated-logo-for-youtube.html.gz	no_price_found
data/pilot/html-balanced/goodluckgabriel/20201128_translate-texts-from-english-to-swahili.html.gz	no_price_found
data/pilot/html-balanced/gourango28/20201114_set-up-google-analytics-and-tag-manager-on-your-website.html.gz	no_price_found
data/pilot/html-balanced/gourango28/20210222_set-up-google-analytics-and-tag-manager-on-your-website.html.gz	no_price_found
data/pilot/html-balanced/gourango28/20210402_set-up-google-analytics-and-tag-manager-on-your-website.html.gz	no_price_found
data/pilot/html-balanced/grafix29/20211208_create-awesome-phone-case-design-in-few-hours.html.gz	no_price_found
data/pilot/html-balanced/graphicslc/20201109_create-a-custom-made-happy-holidays-video.html.gz	no_price_found
data/pilot/html-balanced/graphicsqueens/20201101_create-3d-construction-animation-video.html.gz	no_price_found
data/pilot/html-balanced/graphicsqueens/20201116_create-a-luxury-real-estate-listing-video.html.gz	no_price_found
data/pilot/html-balanced/graphicsqueens/20210104_create-3d-construction-animation-video.html.gz	no_price_found
data/pilot/html-balanced/graphicsqueens/20210104_create-a-luxury-real-estate-listing-video.html.gz	no_price_found
data/pilot/html-balanced/graphicsqueens/20210209_do-cinematic-gaming-intro-youtube-intro-logo-animation.html.gz	no_price_found
data/pilot/html-balanced/graphicsqueens/20210407_create-3d-construction-animation-video.html.gz	no_price_found
data/pilot/html-balanced/graphicsqueens/20211010_create-3d-construction-animation-video.html.gz	no_price_found
data/pilot/html-balanced/graphicsqueens/20220129_create-3d-construction-animation-video.html.gz	no_price_found
data/pilot/html-balanced/graphicsqueens/20220528_create-3d-construction-animation-video.html.gz	no_price_found
data/pilot/html-balanced/graphicsqueens/20220829_create-3d-construction-animation-video.html.gz	no_price_found
data/pilot/html-balanced/graphicsqueens/20230125_create-3d-construction-animation-video.html.gz	no_price_found
data/pilot/html-balanced/graphicsqueens/20230701_create-3d-construction-animation-video.html.gz	no_price_found
data/pilot/html-balanced/graphicsqueens/20240524_create-3d-construction-animation-video.html.gz	no_price_found
data/pilot/html-balanced/graphicsqueens/20240702_create-3d-construction-animation-video.html.gz	no_price_found
data/pilot/html-balanced/graphicsqueens/20241004_create-3d-construction-animation-video.html.gz	no_price_found
data/pilot/html-balanced/graphicsqueens/20250111_create-3d-construction-animation-video.html.gz	no_price_found
data/pilot/html-balanced/graphicsqueens/20250426_create-3d-construction-animation-video.html.gz	no_price_found
data/pilot/html-balanced/graphicsqueens/20250809_create-3d-construction-animation-video.html.gz	no_price_found
data/pilot/html-balanced/graphicszonebd/20210106_do-amazon-product-photography-editing-with-remove-background.html.gz	no_price_found
data/pilot/html-balanced/graphicszonebd/20210402_remove-background-photoshop-editing-cut-out-images-white-e7c4.html.gz	no_price_found
data/pilot/html-balanced/guljanjua/20201105_help-you-in-programming-your-arduino-fc8f.html.gz	no_price_found
data/pilot/html-balanced/habibatabassum/20210110_professionally-translate-english-to-french-and-vice-versa.html.gz	no_price_found
data/pilot/html-balanced/haji_optimist/20210422_design-online-course-ecover-of-3d-flat-screen-book-cover-box-set-ebook-bundle.html.gz	no_price_found
data/pilot/html-balanced/hamidulislam961/20210226_expand-your-business-website-with-seo-bookmark-backlink.html.gz	no_price_found
data/pilot/html-balanced/hamidulislam961/20210429_expand-your-business-website-with-seo-bookmark-backlink.html.gz	no_price_found
data/pilot/html-balanced/haroonansari/20210109_design-ecommerce-wix-website.html.gz	no_price_found
data/pilot/html-balanced/hazar232/20210105_design-shopify-website-shopify-store-dropshipping-website.html.gz	no_price_found
data/pilot/html-balanced/hazar232/20210111_create-and-manage-amazon-ppc-campaign.html.gz	no_price_found
data/pilot/html-balanced/hazar232/20210413_design-shopify-website-shopify-store-dropshipping-website.html.gz	no_price_found
data/pilot/html-balanced/hazar232/20210701_design-shopify-website-shopify-store-dropshipping-website.html.gz	no_price_found
data/pilot/html-balanced/hazar232/20211004_design-shopify-website-shopify-store-dropshipping-website.html.gz	no_price_found
data/pilot/html-balanced/hazar232/20211220_create-and-manage-amazon-ppc-campaign.html.gz	no_price_found
data/pilot/html-balanced/hazar232/20220101_create-and-manage-amazon-ppc-campaign.html.gz	no_price_found
data/pilot/html-balanced/hazar232/20220103_design-shopify-website-shopify-store-dropshipping-website.html.gz	no_price_found
data/pilot/html-balanced/hazar232/20220525_design-shopify-website-shopify-store-dropshipping-website.html.gz	no_price_found
data/pilot/html-balanced/hazar232/20220609_create-and-manage-amazon-ppc-campaign.html.gz	no_price_found
data/pilot/html-balanced/hazar232/20220712_design-shopify-website-shopify-store-dropshipping-website.html.gz	no_price_found
data/pilot/html-balanced/hazar232/20220713_create-and-manage-amazon-ppc-campaign.html.gz	no_price_found
data/pilot/html-balanced/heris65/20201106_professionally-do-twitter-marketing-professionally.html.gz	no_price_found
data/pilot/html-balanced/hirehtmlcoder/20210422_do-professional-banner-header-facebook-ads-google-ads-design-with-in-5-hours.html.gz	no_price_found
data/pilot/html-balanced/hirehtmlcoder/20210717_create-an-unique-infographic-within-1-days.html.gz	no_price_found
data/pilot/html-balanced/hireusagain/20201103_apply-hidden-seo-technique-for-website-ranking-on-google.html.gz	no_price_found
data/pilot/html-balanced/hireusagain/20201103_create-unique-top-bookmarking-backlinks-for-website-seo.html.gz	no_price_found
data/pilot/html-balanced/hireusagain/20201103_give-you-unique-referring-domain-seo-backlinks-for-google-ranking-f2ef.html.gz	no_price_found
data/pilot/html-balanced/hireusagain/20210119_apply-hidden-seo-technique-for-website-ranking-on-google.html.gz	no_price_found
data/pilot/html-balanced/hireusagain/20210426_apply-hidden-seo-technique-for-website-ranking-on-google.html.gz	no_price_found
data/pilot/html-balanced/horthman/20201228_set-up-builderall-sales-funnel-getresponse-affiliate-marketing-landing-page.html.gz	no_price_found
data/pilot/html-balanced/hrobey/20201116_do-top-youtube-promotion-2500-backlinks-within-24-hour.html.gz	no_price_found
data/pilot/html-balanced/hrobey/20210101_do-top-youtube-promotion-2500-backlinks-within-24-hour.html.gz	no_price_found
data/pilot/html-balanced/hrobey/20210501_do-top-youtube-promotion-2500-backlinks-within-24-hour.html.gz	no_price_found
data/pilot/html-balanced/humayunkabir171/20201211_do-instagram-promotion-plus-for-brand-products-service.html.gz	no_price_found
data/pilot/html-balanced/hussain_jabir/20201213_convert-or-transfer-any-kind-of-wix-website-to-wordpress-website-using-elementor-832b.html.gz	no_price_found
data/pilot/html-balanced/hussainhameed/20201103_edit-gif-pdf-ai-psd-eps-jpg-png-files.html.gz	no_price_found
data/pilot/html-balanced/hussainhameed/20201104_do-amazon-or-ebay-product-editing.html.gz	no_price_found
data/pilot/html-balanced/hussainhameed/20201104_do-minor-video-editing.html.gz	no_price_found
data/pilot/html-balanced/hussainhameed/20201105_convert-your-videos-photos-into-gif.html.gz	no_price_found
data/pilot/html-balanced/hussainhameed/20201113_edit-or-make-new-giphy-gifs.html.gz	no_price_found
data/pilot/html-balanced/hussainhameed/20210101_do-minor-video-editing.html.gz	no_price_found
data/pilot/html-balanced/hussainhameed/20210102_edit-gif-pdf-ai-psd-eps-jpg-png-files.html.gz	no_price_found
data/pilot/html-balanced/hussainhameed/20210104_do-amazon-or-ebay-product-editing.html.gz	no_price_found
data/pilot/html-balanced/hussainhameed/20210407_edit-gif-pdf-ai-psd-eps-jpg-png-files.html.gz	no_price_found
data/pilot/html-balanced/hussainhameed/20210410_do-amazon-or-ebay-product-editing.html.gz	no_price_found
data/pilot/html-balanced/hussainhameed/20210412_do-minor-video-editing.html.gz	no_price_found
data/pilot/html-balanced/hussainhameed/20210702_do-minor-video-editing.html.gz	no_price_found
data/pilot/html-balanced/hussainhameed/20210709_edit-gif-pdf-ai-psd-eps-jpg-png-files.html.gz	no_price_found
data/pilot/html-balanced/hussainhameed/20210711_do-amazon-or-ebay-product-editing.html.gz	no_price_found
data/pilot/html-balanced/hussainhameed/20210716_remove-background-from-a-gif.html.gz	no_price_found
data/pilot/html-balanced/hussainhameed/20211001_do-amazon-or-ebay-product-editing.html.gz	no_price_found
data/pilot/html-balanced/hussainhameed/20211001_do-minor-video-editing.html.gz	no_price_found
data/pilot/html-balanced/hussainhameed/20211001_edit-gif-pdf-ai-psd-eps-jpg-png-files.html.gz	no_price_found
data/pilot/html-balanced/hussainhameed/20211001_remove-background-from-a-gif.html.gz	no_price_found
data/pilot/html-balanced/hussainhameed/20220101_do-minor-video-editing.html.gz	no_price_found
data/pilot/html-balanced/hussainhameed/20220101_remove-background-from-a-gif.html.gz	no_price_found
data/pilot/html-balanced/hussainhameed/20220116_do-amazon-or-ebay-product-editing.html.gz	no_price_found
data/pilot/html-balanced/hussainhameed/20220120_edit-gif-pdf-ai-psd-eps-jpg-png-files.html.gz	no_price_found
data/pilot/html-balanced/hussainhameed/20220401_remove-background-from-a-gif.html.gz	no_price_found
data/pilot/html-balanced/hussainhameed/20220402_do-amazon-or-ebay-product-editing.html.gz	no_price_found
data/pilot/html-balanced/hussainhameed/20220402_edit-gif-pdf-ai-psd-eps-jpg-png-files.html.gz	no_price_found
data/pilot/html-balanced/hussainhameed/20220403_do-minor-video-editing.html.gz	no_price_found
data/pilot/html-balanced/hussainhameed/20220701_do-amazon-or-ebay-product-editing.html.gz	no_price_found
data/pilot/html-balanced/hussainhameed/20220701_edit-gif-pdf-ai-psd-eps-jpg-png-files.html.gz	no_price_found
data/pilot/html-balanced/hussainhameed/20220703_do-minor-video-editing.html.gz	no_price_found
data/pilot/html-balanced/hussainhameed/20220710_remove-background-from-a-gif.html.gz	no_price_found
data/pilot/html-balanced/hussainhameed/20221001_do-minor-video-editing.html.gz	no_price_found
data/pilot/html-balanced/hussainhameed/20221001_edit-gif-pdf-ai-psd-eps-jpg-png-files.html.gz	no_price_found
data/pilot/html-balanced/hussainhameed/20221008_do-amazon-or-ebay-product-editing.html.gz	no_price_found
data/pilot/html-balanced/hussainhameed/20221021_remove-background-from-a-gif.html.gz	no_price_found
data/pilot/html-balanced/hussainhameed/20230114_do-minor-video-editing.html.gz	no_price_found
data/pilot/html-balanced/hussainhameed/20230703_remove-background-from-a-gif.html.gz	no_price_found
data/pilot/html-balanced/hussainhameed/20240523_do-minor-video-editing.html.gz	no_price_found
data/pilot/html-balanced/hussainhameed/20240525_remove-background-from-a-gif.html.gz	no_price_found
data/pilot/html-balanced/hussainhameed/20240613_do-amazon-or-ebay-product-editing.html.gz	no_price_found
data/pilot/html-balanced/hussainhameed/20240814_do-minor-video-editing.html.gz	no_price_found
data/pilot/html-balanced/hussainhameed/20240814_remove-background-from-a-gif.html.gz	no_price_found
data/pilot/html-balanced/hussainhameed/20240815_do-amazon-or-ebay-product-editing.html.gz	no_price_found
data/pilot/html-balanced/hussainhameed/20241002_do-amazon-or-ebay-product-editing.html.gz	no_price_found
data/pilot/html-balanced/hussainhameed/20241002_do-minor-video-editing.html.gz	no_price_found
data/pilot/html-balanced/hussainhameed/20241003_remove-background-from-a-gif.html.gz	no_price_found
data/pilot/html-balanced/hussainhameed/20250806_do-amazon-or-ebay-product-editing.html.gz	no_price_found
data/pilot/html-balanced/hussainhameed/20250818_remove-background-from-a-gif.html.gz	no_price_found
data/pilot/html-balanced/i_husnain/20201111_make-outstanding-creative-animated-lyric-video.html.gz	no_price_found
data/pilot/html-balanced/i_husnain/20201113_make-an-outstanding-creative-animated-lyric-video.html.gz	no_price_found
data/pilot/html-balanced/iamcarlosm/20201101_draw-your-favorite-characters-from-my-hero-academy.html.gz	no_price_found
data/pilot/html-balanced/iamcarlosm/20201104_design-and-draw-the-characters-in-your-comic-or-manga.html.gz	no_price_found
data/pilot/html-balanced/ianmoore/20210605_edit-your-music-video.html.gz	no_price_found
data/pilot/html-balanced/iconicamedia/20201108_grow-your-twitter-account-by-up-to-10-000-followers-per-day.html.gz	no_price_found
data/pilot/html-balanced/iftikhar01/20201101_create-email-signature-html-email-signature-email-signature.html.gz	no_price_found
data/pilot/html-balanced/iftikhar01/20210102_create-email-signature-html-email-signature-email-signature.html.gz	no_price_found
data/pilot/html-balanced/iftikhar01/20210402_create-email-signature-html-email-signature-email-signature.html.gz	no_price_found
data/pilot/html-balanced/iftikhar01/20210730_create-email-signature-html-email-signature-email-signature.html.gz	no_price_found
data/pilot/html-balanced/iftikhar01/20211009_create-email-signature-html-email-signature-email-signature.html.gz	no_price_found
data/pilot/html-balanced/iftikhar01/20220101_create-email-signature-html-email-signature-email-signature.html.gz	no_price_found
data/pilot/html-balanced/iftikhar01/20220401_create-email-signature-html-email-signature-email-signature.html.gz	no_price_found
data/pilot/html-balanced/imehedi111/20201112_do-woocommerce-wordpress-website-customization.html.gz	no_price_found
data/pilot/html-balanced/imehedi111/20201121_design-wordpress-landing-page-website-by-the-elementor-pro.html.gz	no_price_found
data/pilot/html-balanced/imrankhan008/20201101_instagram-marketing-instagram-follower-grow-instagram-promotion.html.gz	no_price_found
data/pilot/html-balanced/imranpavel/20201105_create-manage-gmb-listing-and-local-seo-citation.html.gz	no_price_found
data/pilot/html-balanced/imranpavel/20210103_create-manage-gmb-listing-and-local-seo-citation.html.gz	no_price_found
data/pilot/html-balanced/indrebenetaite/20210302_create-you-a-professional-powerpoint-presentation.html.gz	no_price_found
data/pilot/html-balanced/instagram_pix/20210605_find-best-instagram-influencer.html.gz	no_price_found
data/pilot/html-balanced/instagram_pix/20210725_find-best-instagram-influencer.html.gz	no_price_found
data/pilot/html-balanced/instagram_pix/20211013_find-best-instagram-influencer.html.gz	no_price_found
data/pilot/html-balanced/instagram_pix/20220102_find-best-instagram-influencer.html.gz	no_price_found
data/pilot/html-balanced/it_solutions_bd/20201113_fire-energy-electric-smoke-neon-glow-lightning-animation-video-video-maker.html.gz	no_price_found
data/pilot/html-balanced/jahch_994/20201105_translate-from-german-to-spanish.html.gz	no_price_found
data/pilot/html-balanced/jahid_cse/20201101_convert-psd-to-html-responsive.html.gz	no_price_found
data/pilot/html-balanced/jahid_cse/20201103_convert-psd-to-wordpress-or-html-to-wordpress.html.gz	no_price_found
data/pilot/html-balanced/jahid_cse/20210116_convert-psd-to-html-responsive.html.gz	no_price_found
data/pilot/html-balanced/jahid_cse/20210121_convert-psd-to-wordpress-or-html-to-wordpress.html.gz	no_price_found
data/pilot/html-balanced/jahid_cse/20210531_convert-psd-to-html-responsive.html.gz	no_price_found
data/pilot/html-balanced/jahid_cse/20210531_convert-psd-to-wordpress-or-html-to-wordpress.html.gz	no_price_found
data/pilot/html-balanced/jahid_cse/20210825_convert-psd-to-wordpress-or-html-to-wordpress.html.gz	no_price_found
data/pilot/html-balanced/jahid_cse/20210828_convert-psd-to-html-responsive.html.gz	no_price_found
data/pilot/html-balanced/jahid_cse/20211120_convert-psd-to-wordpress-or-html-to-wordpress.html.gz	no_price_found
data/pilot/html-balanced/jahid_cse/20211205_convert-psd-to-html-responsive.html.gz	no_price_found
data/pilot/html-balanced/jahid_cse/20220327_convert-psd-to-html-responsive.html.gz	no_price_found
data/pilot/html-balanced/jahid_cse/20220327_convert-psd-to-wordpress-or-html-to-wordpress.html.gz	no_price_found
data/pilot/html-balanced/jahid_cse/20220403_convert-psd-to-wordpress-or-html-to-wordpress.html.gz	no_price_found
data/pilot/html-balanced/jahid_cse/20220619_convert-psd-to-html-responsive.html.gz	no_price_found
data/pilot/html-balanced/jahid_cse/20220714_convert-psd-to-html-responsive.html.gz	no_price_found
data/pilot/html-balanced/jahid_cse/20221017_convert-psd-to-wordpress-or-html-to-wordpress.html.gz	no_price_found
data/pilot/html-balanced/jahid_cse/20221027_convert-psd-to-html-responsive.html.gz	no_price_found
data/pilot/html-balanced/jajaborsadek/20201111_do-spotify-promotion-for-your-spotify-music.html.gz	no_price_found
data/pilot/html-balanced/james_arwell005/20201113_provide-a-top-quality-and-perfect-italian-to-english-in-24hours.html.gz	no_price_found
data/pilot/html-balanced/jamiulhasan/20201005_3-niche-quality-pr-guest-post-seo-rank-traffic-grow.html.gz	no_price_found
data/pilot/html-balanced/jannat2205/20210402_do-google-top-ranking-your-website-with-white-hat-seo.html.gz	no_price_found
data/pilot/html-balanced/janntun01723024/20201105_provide-seo-service-for-google-top-rank.html.gz	no_price_found
data/pilot/html-balanced/jargo_jargzbeat/20210207_edit-mix-and-master-your-songs-audio-podcast-etc.html.gz	no_price_found
data/pilot/html-balanced/jasonrank/20201009_make-high-authority-seo-backlinks-for-your-website.html.gz	no_price_found
data/pilot/html-balanced/javierortega01/20201215_edit-a-professional-video.html.gz	no_price_found
data/pilot/html-balanced/jawad66/20201121_create-stunning-lyric-video-for-your-any-music-or-rap-track.html.gz	no_price_found
data/pilot/html-balanced/jaylucy/20201101_do-complete-monthly-seo-package-with-ultimate-link-building.html.gz	no_price_found
data/pilot/html-balanced/jaylucy/20201105_do-alpha-gods-seo-package-to-explode-your-ranking.html.gz	no_price_found
data/pilot/html-balanced/jayne_shaw/20201111_create-or-redesign-squarespace-business-website.html.gz	no_price_found
data/pilot/html-balanced/jeffcasto/20181006_develop-a-full-marketing-strategy-and-plan-for-your-business.html.gz	no_price_found
data/pilot/html-balanced/jeffcasto/20190127_develop-a-full-marketing-strategy-and-plan-for-your-business.html.gz	no_price_found
data/pilot/html-balanced/jeffcasto/20190501_develop-a-full-marketing-strategy-and-plan-for-your-business.html.gz	no_price_found
data/pilot/html-balanced/jhonehenry333/20210409_do-your-logo-within-6-hours.html.gz	no_price_found
data/pilot/html-balanced/jhonehenry333/20211009_do-your-logo-within-6-hours.html.gz	no_price_found
data/pilot/html-balanced/jhonehenry333/20220526_do-your-logo-within-6-hours.html.gz	no_price_found
data/pilot/html-balanced/jhonehenry333/20220913_do-your-logo-within-6-hours.html.gz	no_price_found
data/pilot/html-balanced/jhonehenry333/20240905_do-your-logo-within-6-hours.html.gz	no_price_found
data/pilot/html-balanced/jhonehenry333/20241208_do-your-logo-within-6-hours.html.gz	no_price_found
data/pilot/html-balanced/jhonehenry333/20250120_do-your-logo-within-6-hours.html.gz	no_price_found
data/pilot/html-balanced/jimmy_marketer/20210104_do-profitable-affiliate-marketing-affiliate-link-promotion-click-bank-promotion.html.gz	no_price_found
data/pilot/html-balanced/jimmyhien/20210313_install-japanese-language-package-to-your-magento-store.html.gz	no_price_found
data/pilot/html-balanced/jimmyhien/20210605_install-japanese-language-package-to-your-magento-store.html.gz	no_price_found
data/pilot/html-balanced/jinat84776/20210605_provide-the-best-keyword-seo-service-for-google-top-ranking.html.gz	no_price_found
data/pilot/html-balanced/jinat84776/20210810_provide-the-best-keyword-seo-service-for-google-top-ranking.html.gz	no_price_found
data/pilot/html-balanced/jishan8/20201030_design-and-develop-full-website-in-php-framework-laravel.html.gz	no_price_found
data/pilot/html-balanced/jishan8/20210116_design-and-develop-full-website-in-php-framework-laravel.html.gz	no_price_found
data/pilot/html-balanced/jishan8/20210408_design-and-develop-full-website-in-php-framework-laravel.html.gz	no_price_found
data/pilot/html-balanced/jishan8/20210708_design-and-develop-full-website-in-php-framework-laravel.html.gz	no_price_found
data/pilot/html-balanced/jiwoo19/20201105_do-korean-to-english-translation-and-vice-versa.html.gz	no_price_found
data/pilot/html-balanced/jobayer_12/20201130_do-100-board-and-500-pins-as-a-pinterest-marketing-manager.html.gz	no_price_found
data/pilot/html-balanced/jobayer_12/20210115_do-100-board-and-500-pins-as-a-pinterest-marketing-manager.html.gz	no_price_found
data/pilot/html-balanced/jobayer_12/20210417_do-100-board-and-500-pins-as-a-pinterest-marketing-manager.html.gz	no_price_found
data/pilot/html-balanced/john_millre/20210323_do-cilckbank-affiliate-link-promotion-share-link-promotion.html.gz	no_price_found
data/pilot/html-balanced/johnbks/20210425_translate-texts-from-english-to-french.html.gz	no_price_found
data/pilot/html-balanced/johnbks/20210719_translate-texts-from-english-to-french.html.gz	no_price_found
data/pilot/html-balanced/johnlingua/20210102_be-the-narrator-for-your-special-projects.html.gz	no_price_found
data/pilot/html-balanced/johnlingua/20210416_be-the-narrator-for-your-special-projects.html.gz	no_price_found
data/pilot/html-balanced/jonooldham/20201103_get-youre-voice-over-recorded-in-a-day.html.gz	no_price_found
data/pilot/html-balanced/jordynvicente/20210716_transcript-your-song-lyrics-onto-genius.html.gz	no_price_found
data/pilot/html-balanced/jpshop/20210208_do-any-photoshop-editing-in-less-than-24-hours.html.gz	no_price_found
data/pilot/html-balanced/jpshop/20210425_do-any-photoshop-editing-in-less-than-24-hours.html.gz	no_price_found
data/pilot/html-balanced/jpshop/20210713_do-any-photoshop-editing-in-less-than-24-hours.html.gz	no_price_found
data/pilot/html-balanced/jpshop/20211001_do-any-photoshop-editing-in-less-than-24-hours.html.gz	no_price_found
data/pilot/html-balanced/jpshop/20220103_do-any-photoshop-editing-in-less-than-24-hours.html.gz	no_price_found
data/pilot/html-balanced/jpshop/20220401_do-any-photoshop-editing-in-less-than-24-hours.html.gz	no_price_found
data/pilot/html-balanced/jpshop/20220701_do-any-photoshop-editing-in-less-than-24-hours.html.gz	no_price_found
data/pilot/html-balanced/juancarlos16/20210428_do-record-300-words-for-you-video-spanish.html.gz	no_price_found
data/pilot/html-balanced/juancarlos16/20210905_do-record-300-words-for-you-video-spanish.html.gz	no_price_found
data/pilot/html-balanced/juancarlos16/20211214_do-record-300-words-for-you-video-spanish.html.gz	no_price_found
data/pilot/html-balanced/juancarlos16/20220203_do-record-300-words-for-you-video-spanish.html.gz	no_price_found
data/pilot/html-balanced/juancarlos16/20220922_do-record-300-words-for-you-video-spanish.html.gz	no_price_found
data/pilot/html-balanced/juandiazpro/20210119_design-you-an-attractive-flyer-for-your-product-or-event.html.gz	no_price_found
data/pilot/html-balanced/jugavisual/20210202_exclusive-and-custom-fortnite-intros.html.gz	no_price_found
data/pilot/html-balanced/juliableck/20201202_format-and-convert-your-book-for-kindle-or-epub-or-createspace-ebook.html.gz	no_price_found
data/pilot/html-balanced/juliableck/20210126_format-and-convert-your-book-for-kindle-or-epub-or-createspace-ebook.html.gz	no_price_found
data/pilot/html-balanced/juliasetagi/20210128_subtitle-your-german-or-english-video.html.gz	no_price_found
data/pilot/html-balanced/juliyat676427/20201115_do-product-packaging-design-for-you.html.gz	no_price_found
data/pilot/html-balanced/justinefauni/20210212_submit-coupon-codes-and-discounts-to-various-deal-websites.html.gz	no_price_found
data/pilot/html-balanced/kader07/20201102_file-convert-to-ai-psd-eps-pdf-jpeg.html.gz	no_price_found
data/pilot/html-balanced/kader07/20210103_file-convert-to-ai-psd-eps-pdf-jpeg.html.gz	no_price_found
data/pilot/html-balanced/kaisarhamidjoy9/20201101_create-10-professional-custom-video-intro-for-youtube-in-4k.html.gz	no_price_found
data/pilot/html-balanced/kamrulhasan90/20201117_develop-pos-software-cloud-based.html.gz	no_price_found
data/pilot/html-balanced/kamrulhasan90/20201117_hotel-management-software-desktop-based-or-cloud.html.gz	no_price_found
data/pilot/html-balanced/kamrulhasan90/20210102_hotel-management-software-desktop-based-or-cloud.html.gz	no_price_found
data/pilot/html-balanced/kamrulhasan90/20210128_develop-pos-software-cloud-based.html.gz	no_price_found
data/pilot/html-balanced/kamrulhasan90/20210503_develop-and-design-fully-responsive-website.html.gz	no_price_found
data/pilot/html-balanced/kamrulhasan90/20210505_develop-pos-software-cloud-based.html.gz	no_price_found
data/pilot/html-balanced/kamrulhasan90/20210520_restaurant-pos-software-with-kot-and-mobile-app.html.gz	no_price_found
data/pilot/html-balanced/kamrulhasan90/20210905_restaurant-pos-software-with-kot-and-mobile-app.html.gz	no_price_found
data/pilot/html-balanced/kamrulhasan90/20211101_restaurant-pos-software-with-kot-and-mobile-app.html.gz	no_price_found
data/pilot/html-balanced/kamrulhasan90/20220212_restaurant-pos-software-with-kot-and-mobile-app.html.gz	no_price_found
data/pilot/html-balanced/kamrulhasan90/20241113_restaurant-pos-software-with-kot-and-mobile-app.html.gz	no_price_found
data/pilot/html-balanced/kamrulhasan90/20250128_restaurant-pos-software-with-kot-and-mobile-app.html.gz	no_price_found
data/pilot/html-balanced/kamrulornob/20210207_create-any-social-media-accounts.html.gz	no_price_found
data/pilot/html-balanced/karuzone/20201104_create-an-outstanding-flyer-brochure-poster-design.html.gz	no_price_found
data/pilot/html-balanced/karuzone/20210105_create-an-outstanding-flyer-brochure-poster-design.html.gz	no_price_found
data/pilot/html-balanced/karuzone/20210409_create-an-outstanding-flyer-brochure-poster-design.html.gz	no_price_found
data/pilot/html-balanced/karuzone/20210806_create-an-outstanding-flyer-brochure-poster-design.html.gz	no_price_found
data/pilot/html-balanced/karuzone/20211213_create-an-outstanding-flyer-brochure-poster-design.html.gz	no_price_found
data/pilot/html-balanced/karuzone/20220104_create-an-outstanding-flyer-brochure-poster-design.html.gz	no_price_found
data/pilot/html-balanced/karuzone/20220402_create-an-outstanding-flyer-brochure-poster-design.html.gz	no_price_found
data/pilot/html-balanced/karuzone/20220921_create-an-outstanding-flyer-brochure-poster-design.html.gz	no_price_found
data/pilot/html-balanced/karuzone/20230526_create-an-outstanding-flyer-brochure-poster-design.html.gz	no_price_found
data/pilot/html-balanced/karuzone/20240523_create-an-outstanding-flyer-brochure-poster-design.html.gz	no_price_found
data/pilot/html-balanced/karuzone/20240910_create-an-outstanding-flyer-brochure-poster-design.html.gz	no_price_found
data/pilot/html-balanced/karuzone/20241008_create-an-outstanding-flyer-brochure-poster-design.html.gz	no_price_found
data/pilot/html-balanced/kassou_design/20210203_design-a-unique-logo-with-free-revisions.html.gz	no_price_found
data/pilot/html-balanced/kawsartk66/20210831_provide-instagram-promotion-and-marketing-organically.html.gz	no_price_found
data/pilot/html-balanced/kecosocialmedia/20201124_be-your-excellent-social-media-marketing-manager.html.gz	no_price_found
data/pilot/html-balanced/kendranavis/20201003_post-your-content-on-my-pinterest.html.gz	no_price_found
data/pilot/html-balanced/kenhurst/20201118_record-american-male-real-human-ivr-voice-over-or-voice-mail.html.gz	no_price_found
data/pilot/html-balanced/khshafiqul/20201130_create-a-point-local-google-map-listing-aaa-seo.html.gz	no_price_found
data/pilot/html-balanced/khurshida456/20201129_design-restaurant-bar-club-food-logo-with-branding.html.gz	no_price_found
data/pilot/html-balanced/khurshida456/20210606_design-restaurant-bar-club-food-logo-with-branding.html.gz	no_price_found
data/pilot/html-balanced/khurshida456/20210701_design-restaurant-bar-club-food-logo-with-branding.html.gz	no_price_found
data/pilot/html-balanced/khurshida456/20211006_design-restaurant-bar-club-food-logo-with-branding.html.gz	no_price_found
data/pilot/html-balanced/khurshida456/20220216_design-restaurant-bar-club-food-logo-with-branding.html.gz	no_price_found
data/pilot/html-balanced/khurshida456/20220617_design-restaurant-bar-club-food-logo-with-branding.html.gz	no_price_found
data/pilot/html-balanced/khurshida456/20220701_design-restaurant-bar-club-food-logo-with-branding.html.gz	no_price_found
data/pilot/html-balanced/khurshida456/20241110_design-restaurant-bar-club-food-logo-with-branding.html.gz	no_price_found
data/pilot/html-balanced/khurshida456/20250111_design-restaurant-bar-club-food-logo-with-branding.html.gz	no_price_found
data/pilot/html-balanced/khzahid75/20210624_do-32-local-citations-for-local-seo-help-to-get-rank-1-fd7c92be-318c-4fbd-820b-06191258a873.html.gz	no_price_found
data/pilot/html-balanced/khzahid75/20210823_do-32-local-citations-for-local-seo-help-to-get-rank-1-fd7c92be-318c-4fbd-820b-06191258a873.html.gz	no_price_found
data/pilot/html-balanced/khzahid75/20211007_do-32-local-citations-for-local-seo-help-to-get-rank-1-fd7c92be-318c-4fbd-820b-06191258a873.html.gz	no_price_found
data/pilot/html-balanced/kirktrixx/20210213_design-an-outstanding-cartoon-cover.html.gz	no_price_found
data/pilot/html-balanced/kristinefisher/20201210_perfectly-translate-500-words-german-to-english.html.gz	no_price_found
data/pilot/html-balanced/kyuukich/20210601_translate-from-korean-to-english-or-indonesia.html.gz	no_price_found
data/pilot/html-balanced/kyuukich/20210827_translate-from-korean-to-english-or-indonesia.html.gz	no_price_found
data/pilot/html-balanced/lambiloon/20210109_create-japanese-style-name-for-you.html.gz	no_price_found
data/pilot/html-balanced/laravell_expert/20201103_design-and-develop-a-complete-responsive-wordpress-website.html.gz	no_price_found
data/pilot/html-balanced/laravell_expert/20210304_do-any-kind-of-web-design-or-web-development-related-work.html.gz	no_price_found
data/pilot/html-balanced/laravell_expert/20210405_design-wordpress-landing-page-with-elementor-pro.html.gz	no_price_found
data/pilot/html-balanced/laserlife/20210417_review-your-music-and-post-the-article-on-6-music-blogs.html.gz	no_price_found
data/pilot/html-balanced/lautarom94/20210417_teach-spanish-with-japanese-language.html.gz	no_price_found
data/pilot/html-balanced/lautarom94/20210801_teach-spanish-with-japanese-language.html.gz	no_price_found
data/pilot/html-balanced/lautarom94/20211025_teach-spanish-with-japanese-language.html.gz	no_price_found
data/pilot/html-balanced/lazlovideos/20201117_edit-and-enhance-video-and-audio.html.gz	no_price_found
data/pilot/html-balanced/lazlovideos/20210308_edit-and-enhance-video-and-audio.html.gz	no_price_found
data/pilot/html-balanced/leelingnoy/20210408_design-jewelry-sketches-for-you.html.gz	no_price_found
data/pilot/html-balanced/libnimahli/20210613_record-1-podcast-intro-outro-or-id-in-latin-spanish-a9c8.html.gz	no_price_found
data/pilot/html-balanced/libnimahli/20210702_record-1-podcast-intro-outro-or-id-in-latin-spanish-a9c8.html.gz	no_price_found
data/pilot/html-balanced/lilly_lu/20210422_make-a-modern-web-illustration.html.gz	no_price_found
data/pilot/html-balanced/limeisnotfruit/20210622_design-a-vtuber-logo-for-you.html.gz	no_price_found
data/pilot/html-balanced/limeisnotfruit/20211229_design-a-vtuber-logo-for-you.html.gz	no_price_found
data/pilot/html-balanced/limeisnotfruit/20220221_design-a-vtuber-logo-for-you.html.gz	no_price_found
data/pilot/html-balanced/lioness_100/20210706_create-a-professional-custom-discord-bot.html.gz	no_price_found
data/pilot/html-balanced/lkatechbit/20210303_make-affiliate-marketing-website-1000-content-upload-seo.html.gz	no_price_found
data/pilot/html-balanced/lkatechbit/20210410_make-affiliate-marketing-website-1000-content-upload-seo.html.gz	no_price_found
data/pilot/html-balanced/lkatechbit/20210707_make-affiliate-marketing-website-1000-content-upload-seo.html.gz	no_price_found
data/pilot/html-balanced/lkatechbit/20211017_make-affiliate-marketing-website-1000-content-upload-seo.html.gz	no_price_found
data/pilot/html-balanced/lovamv/20210425_translate-from-english-to-spanish.html.gz	no_price_found
data/pilot/html-balanced/lovepixels/20210429_draw-stylish-cartoon-character-for-you.html.gz	no_price_found
data/pilot/html-balanced/luqmanstudio/20201104_design-modern-ui-ux-for-mobile-app-or-website.html.gz	no_price_found
data/pilot/html-balanced/luqmanstudio/20210228_design-modern-ui-ux-for-mobile-app-or-website.html.gz	no_price_found
data/pilot/html-balanced/luqmanstudio/20210403_design-modern-ui-ux-for-mobile-app-or-website.html.gz	no_price_found
data/pilot/html-balanced/luqmanstudio/20210717_design-modern-ui-ux-for-mobile-app-or-website.html.gz	no_price_found
data/pilot/html-balanced/luqmanstudio/20211014_design-modern-ui-ux-for-mobile-app-or-website.html.gz	no_price_found
data/pilot/html-balanced/luqmanstudio/20220108_design-modern-ui-ux-for-mobile-app-or-website.html.gz	no_price_found
data/pilot/html-balanced/luqmanstudio/20220716_design-modern-ui-ux-for-mobile-app-or-website.html.gz	no_price_found
data/pilot/html-balanced/lychnis/20201105_design-amazon-ebay-shopify-product-listing-image.html.gz	no_price_found
data/pilot/html-balanced/lyrikalmaster/20210513_rap-sing-or-do-reggae-vocals-for-your-song.html.gz	no_price_found
data/pilot/html-balanced/m_joynal_abedin/20201209_write-professional-shopify-product-descriptions-with-seo.html.gz	no_price_found
data/pilot/html-balanced/maherazadkhan/20210203_do-youtube-seo-to-improve-video-and-channel-in-24-hours.html.gz	no_price_found
data/pilot/html-balanced/mahmoud_aff/20210402_expertly-translate-from-english-to-arabic-or-vice-versa.html.gz	no_price_found
data/pilot/html-balanced/mahmoud_aff/20211001_expertly-translate-from-english-to-arabic-or-vice-versa.html.gz	no_price_found
data/pilot/html-balanced/mahmoud_aff/20220220_expertly-translate-from-english-to-arabic-or-vice-versa.html.gz	no_price_found
data/pilot/html-balanced/majesticseo24x7/20201101_create-high-da-super-whitehat-backlinks-monthly-seo-service.html.gz	no_price_found
data/pilot/html-balanced/majesticseo24x7/20210104_create-reliable-seo-backlinks-to-improve-website-ranking.html.gz	no_price_found
data/pilot/html-balanced/majesticseo24x7/20210401_create-reliable-seo-backlinks-to-improve-website-ranking.html.gz	no_price_found
data/pilot/html-balanced/mamund92/20201113_photoshop-edit-background-remove-and-retouching-service.html.gz	no_price_found
data/pilot/html-balanced/mamunjuel1/20210311_do-local-seo-for-google-3-packs-ranking.html.gz	no_price_found
data/pilot/html-balanced/mari90189/20210204_translate-your-book-from-english-to-spanish.html.gz	no_price_found
data/pilot/html-balanced/marianryan887/20210624_write-an-engaging-article-or-blog-post.html.gz	no_price_found
data/pilot/html-balanced/marianryan887/20250914_write-an-engaging-article-or-blog-post.html.gz	no_price_found
data/pilot/html-balanced/marketing_nerds/20201031_create-high-converting-facebook-ads-campaign.html.gz	no_price_found
data/pilot/html-balanced/markgfx/20201113_design-professional-business-flyer-brochure-resturant-food-menu-within-24-hour.html.gz	no_price_found
data/pilot/html-balanced/marsukihardjo/20201203_translate-japanese-to-english-and-indonesia-with-jlpt-n1.html.gz	no_price_found
data/pilot/html-balanced/marsukihardjo/20210115_manually-translate-japanese-to-english-with-n1-certificate.html.gz	no_price_found
data/pilot/html-balanced/marvellousnell/20201224_setup-a-complete-email-marketing-that-will-bring-high-roi-for-your-business.html.gz	no_price_found
data/pilot/html-balanced/maschazorro/20210118_create-a-unique-tattoo-sketch-for-you.html.gz	no_price_found
data/pilot/html-balanced/masum247/20201224_setup-and-manage-google-adwords-ppc-campaign.html.gz	no_price_found
data/pilot/html-balanced/masumbillah137/20210623_do-translate-english-to-spanish-and-russian-or-others.html.gz	no_price_found
data/pilot/html-balanced/masumbillah137/20210702_do-translate-english-to-spanish-and-russian-or-others.html.gz	no_price_found
data/pilot/html-balanced/masumbillah137/20211023_do-translate-english-to-spanish-and-russian-or-others.html.gz	no_price_found
data/pilot/html-balanced/masumbillah54/20210101_do-creative-logo-design-web-or-brand.html.gz	no_price_found
data/pilot/html-balanced/matthewiharvey/20201113_edit-revise-and-rewrite-your-blog-content-and-articles.html.gz	no_price_found
data/pilot/html-balanced/mattie25/20210707_do-anime-voice-act-in-japanese.html.gz	no_price_found
data/pilot/html-balanced/mattie25/20211022_do-anime-voice-act-in-japanese.html.gz	no_price_found
data/pilot/html-balanced/maximuzwriter/20210824_write-youtube-channel-video-script.html.gz	no_price_found
data/pilot/html-balanced/maxsokal/20210202_animate-your-art-anime-or-picture.html.gz	no_price_found
data/pilot/html-balanced/maynard1996/20201101_do-crosspost-on-any-ecommerce-marketplace.html.gz	no_price_found
data/pilot/html-balanced/maynard1996/20201103_grow-and-promote-instagram-page-organically-to-your-account.html.gz	no_price_found
data/pilot/html-balanced/maynard1996/20210101_do-crosspost-on-any-ecommerce-marketplace.html.gz	no_price_found
data/pilot/html-balanced/maynard1996/20210401_do-crosspost-on-any-ecommerce-marketplace.html.gz	no_price_found
data/pilot/html-balanced/mdabdulkadir65/20210615_remove-malware-and-increase-wordpress-security.html.gz	no_price_found
data/pilot/html-balanced/mdabdulkadir65/20210728_remove-malware-and-increase-wordpress-security.html.gz	no_price_found
data/pilot/html-balanced/mdharunor/20210102_do-photo-editing-photo-retouching-953590d3-2518-40d6-a879-7a7b7ccffbab.html.gz	no_price_found
data/pilot/html-balanced/meandamic/20210202_add-amazing-live-violins-to-your-songs.html.gz	no_price_found
data/pilot/html-balanced/mediapro36/20201101_make-business-promotional-video-for-you.html.gz	no_price_found
data/pilot/html-balanced/memoindzhev/20210615_translate-from-turkish-to-bulgarian-and-german.html.gz	no_price_found
data/pilot/html-balanced/memoindzhev/20210702_translate-from-turkish-to-bulgarian-and-german.html.gz	no_price_found
data/pilot/html-balanced/mhizhennywealth/20210127_transcribe-your-30-minute-audio-or-video-to-text.html.gz	no_price_found
data/pilot/html-balanced/miky_marketing/20201121_create-a-best-quality-beat-tag-and-dj-drops-for-your-music.html.gz	no_price_found
data/pilot/html-balanced/milabander/20210625_localize-your-game-to-brazilian-portuguese.html.gz	no_price_found
data/pilot/html-balanced/milabander/20220210_localize-your-game-to-brazilian-portuguese.html.gz	no_price_found
data/pilot/html-balanced/mintuthegreat/20201129_translate-english-to-bengali-1000-words-professionally.html.gz	no_price_found
data/pilot/html-balanced/mizztranscribe/20210417_transcribe-10-minute-audio-and-video-content.html.gz	no_price_found
data/pilot/html-balanced/moajjem/20201105_design-a-professional-technology-info-trifold-brochure.html.gz	no_price_found
data/pilot/html-balanced/moajjem/20210328_design-a-professional-technology-info-trifold-brochure.html.gz	no_price_found
data/pilot/html-balanced/moalhakim/20210321_provide-phd-level-editing-and-proofreading.html.gz	no_price_found
data/pilot/html-balanced/mobiuu/20201105_efficiently-manage-your-facebook-ads.html.gz	no_price_found
data/pilot/html-balanced/mohammadneel/20201117_be-your-social-media-manager-4d34c8c1-355e-4be3-bb18-ac0ff3e238bd.html.gz	no_price_found
data/pilot/html-balanced/mohon_web/20201101_do-install-configure-or-any-wordpress-theme-customization.html.gz	no_price_found
data/pilot/html-balanced/mohon_web/20201104_design-your-responsive-wordpress-landing-page-in-24-hr.html.gz	no_price_found
data/pilot/html-balanced/moinzu/20210125_create-ui-ux-design-for-your-web-and-mobile-app.html.gz	no_price_found
data/pilot/html-balanced/monoar_hossain/20210609_do-professional-wix-website-design-and-redesign.html.gz	no_price_found
data/pilot/html-balanced/monstarseo/20201101_170-manual-white-hat-seo-link-building-backlinks-service.html.gz	no_price_found
data/pilot/html-balanced/monstarseo/20201101_create-60-reliable-seo-high-authority-backlinks-9742.html.gz	no_price_found
data/pilot/html-balanced/moriyombegum/20201114_convert-any-file-to-vector-ai-eps-high-quality-within-8-hour.html.gz	no_price_found
data/pilot/html-balanced/mpotton/20201126_translate-korean-to-english-or-viceversa.html.gz	no_price_found
data/pilot/html-balanced/mr_khokan/20210416_promote-your-app-or-game-in-front-millions-of-users-on-social-media-platform.html.gz	no_price_found
data/pilot/html-balanced/mr_ponu/20210318_design-and-develop-wordpress-website-for-your-company.html.gz	no_price_found
data/pilot/html-balanced/mr_ponu/20210504_design-and-develop-wordpress-website-for-your-company.html.gz	no_price_found
data/pilot/html-balanced/mr_ponu/20210725_design-and-develop-wordpress-website-for-your-company.html.gz	no_price_found
data/pilot/html-balanced/mr_ponu/20211004_design-and-develop-wordpress-website-for-your-company.html.gz	no_price_found
data/pilot/html-balanced/mr_ponu/20220616_design-and-develop-wordpress-website-for-your-company.html.gz	no_price_found
data/pilot/html-balanced/mr_ponu/20220723_design-and-develop-wordpress-website-for-your-company.html.gz	no_price_found
data/pilot/html-balanced/mr_ponu/20221001_design-and-develop-wordpress-website-for-your-company.html.gz	no_price_found
data/pilot/html-balanced/mr_ponu/20240828_design-and-develop-wordpress-website-for-your-company.html.gz	no_price_found
data/pilot/html-balanced/mr_ponu/20241106_design-and-develop-wordpress-website-for-your-company.html.gz	no_price_found
data/pilot/html-balanced/mr_ponu/20250114_design-and-develop-wordpress-website-for-your-company.html.gz	no_price_found
data/pilot/html-balanced/mr_ponu/20250426_design-and-develop-wordpress-website-for-your-company.html.gz	no_price_found
data/pilot/html-balanced/mr_promo/20201130_give-you-trap-beats-loops-drum-kits-sound-effects.html.gz	no_price_found
data/pilot/html-balanced/mr_transcribe/20201115_do-flawless-transcribe-audio-and-video-transcription.html.gz	no_price_found
data/pilot/html-balanced/mrbilalw/20210129_design-web-and-mobile-app.html.gz	no_price_found
data/pilot/html-balanced/mrong73/20201104_manage-instagram-growth-promotion-marketing.html.gz	no_price_found
data/pilot/html-balanced/mrong73/20210103_manage-instagram-growth-promotion-marketing.html.gz	no_price_found
data/pilot/html-balanced/mrong73/20210412_manage-instagram-growth-promotion-marketing.html.gz	no_price_found
data/pilot/html-balanced/mrong73/20210702_manage-instagram-growth-promotion-marketing.html.gz	no_price_found
data/pilot/html-balanced/ms_company/20210421_make-monthly-quality-backlinks-offpage-seo-package.html.gz	no_price_found
data/pilot/html-balanced/ms_company/20210715_make-monthly-quality-backlinks-offpage-seo-package.html.gz	no_price_found
data/pilot/html-balanced/ms_company/20211004_make-monthly-quality-backlinks-offpage-seo-package.html.gz	no_price_found
data/pilot/html-balanced/ms_company/20220102_make-monthly-quality-backlinks-offpage-seo-package.html.gz	no_price_found
data/pilot/html-balanced/ms_shammy/20201101_recreate-your-logo-any-format.html.gz	no_price_found
data/pilot/html-balanced/ms_shammy/20210106_recreate-your-logo-any-format.html.gz	no_price_found
data/pilot/html-balanced/ms_shammy/20210421_recreate-your-logo-any-format.html.gz	no_price_found
data/pilot/html-balanced/ms_shammy/20210720_recreate-your-logo-any-format.html.gz	no_price_found
data/pilot/html-balanced/ms_shammy/20211001_recreate-your-logo-any-format.html.gz	no_price_found
data/pilot/html-balanced/mtmubarak/20210130_create-mind-blowing-video-intro.html.gz	no_price_found
data/pilot/html-balanced/muhammadumar10/20210105_do-pinterest-marketing-create-pins-boards-with-targeted-keywords.html.gz	no_price_found
data/pilot/html-balanced/muhammadumar10/20210610_do-pinterest-marketing-create-pins-boards-with-targeted-keywords.html.gz	no_price_found
data/pilot/html-balanced/muhammadumar10/20210901_do-pinterest-marketing-create-pins-boards-with-targeted-keywords.html.gz	no_price_found
data/pilot/html-balanced/muttiulrahman/20201231_transcribe-interviews-podcast-youtube-medical-transcription-in-6-hours.html.gz	no_price_found
data/pilot/html-balanced/mysellertop/20210708_design-amazing-flyers-brochures.html.gz	no_price_found
data/pilot/html-balanced/nadunpriyankara/20190502_code-your-java-assignments-projects.html.gz	no_price_found
data/pilot/html-balanced/nahidas/20201201_design-a-clickable-html-email-signature-for-outlook-gmail-and-apple-839d.html.gz	no_price_found
data/pilot/html-balanced/nahidas/20210213_create-html-email-signature.html.gz	no_price_found
data/pilot/html-balanced/nahidas/20210606_design-a-clickable-html-email-signature-for-outlook-gmail-and-apple-839d.html.gz	no_price_found
data/pilot/html-balanced/nahidhasan_rony/20201101_make-an-unique-website-promo-and-presentation-video.html.gz	no_price_found
data/pilot/html-balanced/nahidhasan_rony/20201105_create-best-website-promo-and-presentation-video.html.gz	no_price_found
data/pilot/html-balanced/nahidhasan_rony/20210101_make-an-unique-website-promo-and-presentation-video.html.gz	no_price_found
data/pilot/html-balanced/nahidhasan_rony/20210410_create-mobile-app-promo-video-for-your-app-and-game.html.gz	no_price_found
data/pilot/html-balanced/nahidhasan_rony/20220620_create-mobile-app-promo-video-for-your-app-and-game.html.gz	no_price_found
data/pilot/html-balanced/nahidhasan_rony/20240527_create-mobile-app-promo-video-for-your-app-and-game.html.gz	no_price_found
data/pilot/html-balanced/nahidhasan_rony/20241224_create-mobile-app-promo-video-for-your-app-and-game.html.gz	no_price_found
data/pilot/html-balanced/nahidhasan_rony/20250129_create-mobile-app-promo-video-for-your-app-and-game.html.gz	no_price_found
data/pilot/html-balanced/nasimasarder007/20201101_create-amazon-book-promotional-video.html.gz	no_price_found
data/pilot/html-balanced/nasimasarder007/20201103_create-20-amazing-video-intro-logo-animation.html.gz	no_price_found
data/pilot/html-balanced/nasimasarder007/20201105_create-this-awesome-cinematic-promo-video.html.gz	no_price_found
data/pilot/html-balanced/nasimasarder007/20201105_create-your-amazing-book-short-ads-video.html.gz	no_price_found
data/pilot/html-balanced/nasimasarder007/20210103_create-20-amazing-video-intro-logo-animation.html.gz	no_price_found
data/pilot/html-balanced/nasimasarder007/20210416_create-20-amazing-video-intro-logo-animation.html.gz	no_price_found
data/pilot/html-balanced/nasimasarder007/20210803_create-20-amazing-video-intro-logo-animation.html.gz	no_price_found
data/pilot/html-balanced/nasimasarder007/20211003_create-20-amazing-video-intro-logo-animation.html.gz	no_price_found
data/pilot/html-balanced/nasimasarder007/20220128_create-20-amazing-video-intro-logo-animation.html.gz	no_price_found
data/pilot/html-balanced/nasimasarder007/20220526_create-20-amazing-video-intro-logo-animation.html.gz	no_price_found
data/pilot/html-balanced/nasimasarder007/20220712_create-20-amazing-video-intro-logo-animation.html.gz	no_price_found
data/pilot/html-balanced/nasimasarder007/20221116_create-20-amazing-video-intro-logo-animation.html.gz	no_price_found
data/pilot/html-balanced/nasimasarder007/20230111_create-20-amazing-video-intro-logo-animation.html.gz	no_price_found
data/pilot/html-balanced/nasimasarder007/20240523_create-20-amazing-video-intro-logo-animation.html.gz	no_price_found
data/pilot/html-balanced/nasimasarder007/20240705_create-20-amazing-video-intro-logo-animation.html.gz	no_price_found
data/pilot/html-balanced/nasimasarder007/20241002_create-20-amazing-video-intro-logo-animation.html.gz	no_price_found
data/pilot/html-balanced/nasimasarder007/20250111_create-20-amazing-video-intro-logo-animation.html.gz	no_price_found
data/pilot/html-balanced/nasimasarder007/20250426_create-20-amazing-video-intro-logo-animation.html.gz	no_price_found
data/pilot/html-balanced/nasir715/20201101_do-image-editing-for-buyer.html.gz	no_price_found
data/pilot/html-balanced/nataliapomper/20210207_manage-your-social-media.html.gz	no_price_found
data/pilot/html-balanced/natsumetakashi/20210613_make-animation-video-content-for-your-channel-or-streaming.html.gz	no_price_found
data/pilot/html-balanced/nauze18/20210120_edit-or-proof-read-or-translate-any-text-you-may-need.html.gz	no_price_found
data/pilot/html-balanced/nazmul90/20201113_provide-you-creative-modern-corporate-flyer-design.html.gz	no_price_found
data/pilot/html-balanced/nazmul90/20210103_provide-you-creative-modern-corporate-flyer-design.html.gz	no_price_found
data/pilot/html-balanced/ndigital24/20210714_research-instagram-and-tiktok-influencer-for-your-business.html.gz	no_price_found
data/pilot/html-balanced/ndigital24/20211020_research-instagram-and-tiktok-influencer-for-your-business.html.gz	no_price_found
data/pilot/html-balanced/nevenadeljanin/20201204_be-your-youtube-vlog-editor.html.gz	no_price_found
data/pilot/html-balanced/nhpasha/20201111_develop-mlm-software-and-website.html.gz	no_price_found
data/pilot/html-balanced/nhpasha/20210218_develop-mlm-software-and-website.html.gz	no_price_found
data/pilot/html-balanced/nhpasha/20210312_develop-mlm-website-mlm-software-mlm-app-for-your-business.html.gz	no_price_found
data/pilot/html-balanced/nhpasha/20210604_develop-mlm-software-and-website.html.gz	no_price_found
data/pilot/html-balanced/nhpasha/20210613_develop-mlm-website-mlm-software-mlm-app-for-your-business.html.gz	no_price_found
data/pilot/html-balanced/nhpasha/20210715_develop-mlm-software-and-website.html.gz	no_price_found
data/pilot/html-balanced/nhpasha/20210715_develop-mlm-website-mlm-software-mlm-app-for-your-business.html.gz	no_price_found
data/pilot/html-balanced/nhpasha/20220121_develop-mlm-software-and-website.html.gz	no_price_found
data/pilot/html-balanced/nhpasha/20220528_develop-mlm-software-and-website.html.gz	no_price_found
data/pilot/html-balanced/nhpasha/20240529_develop-mlm-software-and-website.html.gz	no_price_found
data/pilot/html-balanced/nhpasha/20240702_develop-mlm-software-and-website.html.gz	no_price_found
data/pilot/html-balanced/nhpasha/20241024_develop-mlm-software-and-website.html.gz	no_price_found
data/pilot/html-balanced/nhpasha/20250104_develop-mlm-software-and-website.html.gz	no_price_found
data/pilot/html-balanced/nhpasha/20250514_develop-mlm-software-and-website.html.gz	no_price_found
data/pilot/html-balanced/nhpasha/20250804_develop-mlm-software-and-website.html.gz	no_price_found
data/pilot/html-balanced/nhpasha/20251218_develop-mlm-software-and-website.html.gz	no_price_found
data/pilot/html-balanced/nhpasha/20260206_develop-mlm-software-and-website.html.gz	no_price_found
data/pilot/html-balanced/nhshapiro/20201101_analyze-your-website-if-you-have-google-analytics-installed.html.gz	no_price_found
data/pilot/html-balanced/nisico69/20190522_offer-you-55000-digital-marketing-plr-articles-plr-ebooks-marketing-courses.html.gz	no_price_found
data/pilot/html-balanced/norygbu/20201105_translate-from-anything-to-any-language.html.gz	no_price_found
data/pilot/html-balanced/norygbu/20210821_translate-from-anything-to-any-language.html.gz	no_price_found
data/pilot/html-balanced/norygbu/20211102_translate-from-anything-to-any-language.html.gz	no_price_found
data/pilot/html-balanced/norygbu/20220112_translate-from-anything-to-any-language.html.gz	no_price_found
data/pilot/html-balanced/norygbu/20220510_translate-from-anything-to-any-language.html.gz	no_price_found
data/pilot/html-balanced/norygbu/20220825_translate-from-anything-to-any-language.html.gz	no_price_found
data/pilot/html-balanced/norygbu/20221101_translate-from-anything-to-any-language.html.gz	no_price_found
data/pilot/html-balanced/noumankhan069/20210112_reduce-bounce-rate-your-website-using-google-analytics.html.gz	no_price_found
data/pilot/html-balanced/nowrin_aniqua/20201101_design-or-redesign-squarespace-website.html.gz	no_price_found
data/pilot/html-balanced/nowrin_aniqua/20210101_design-or-redesign-squarespace-website.html.gz	no_price_found
data/pilot/html-balanced/nowrin_aniqua/20210410_design-or-redesign-squarespace-website.html.gz	no_price_found
data/pilot/html-balanced/nowrin_aniqua/20210707_design-or-redesign-squarespace-website.html.gz	no_price_found
data/pilot/html-balanced/nowrin_aniqua/20211013_design-or-redesign-squarespace-website.html.gz	no_price_found
data/pilot/html-balanced/nowrin_aniqua/20220104_design-or-redesign-squarespace-website.html.gz	no_price_found
data/pilot/html-balanced/nowrin_aniqua/20220507_design-or-redesign-squarespace-website.html.gz	no_price_found
data/pilot/html-balanced/nuraroni/20210410_design-best-custom-twitch-sub-badges-in-24-hours.html.gz	no_price_found
data/pilot/html-balanced/nurhussain327/20210119_do-targeted-audience-and-spotify-music-promotion.html.gz	no_price_found
data/pilot/html-balanced/nurhussain327/20210619_do-targeted-audience-and-spotify-music-promotion.html.gz	no_price_found
data/pilot/html-balanced/nustcoder/20201031_do-complete-best-seo-for-your-website-for-higher-ranking-in-google.html.gz	no_price_found
data/pilot/html-balanced/o_rizon/20201030_transcribe-your-20-mins-audio-or-video-accurately-in-12-hrs.html.gz	no_price_found
data/pilot/html-balanced/ochiengochien/20210614_offer-english-to-swahili-translation-services.html.gz	no_price_found
data/pilot/html-balanced/ochiengochien/20210816_offer-english-to-swahili-translation-services.html.gz	no_price_found
data/pilot/html-balanced/official_sales/20201224_translate-or-transliterate-to-preferred-language-transcribe-video-and-audio.html.gz	no_price_found
data/pilot/html-balanced/oinspire/20210714_recover-hacked-wordpress-site-remove-malware-virus.html.gz	no_price_found
data/pilot/html-balanced/okrogu/20210307_promote-your-etsy-or-zibbet-or-bonanza-store-using-pinterest.html.gz	no_price_found
data/pilot/html-balanced/okrogu/20210407_promote-your-etsy-or-zibbet-or-bonanza-store-using-pinterest.html.gz	no_price_found
data/pilot/html-balanced/okrogu/20210418_promote-your-fiverr-gig-on-my-social-media.html.gz	no_price_found
data/pilot/html-balanced/okrogu/20210727_promote-your-fiverr-gig-on-my-social-media.html.gz	no_price_found
data/pilot/html-balanced/okrogu/20210730_promote-your-etsy-or-zibbet-or-bonanza-store-using-pinterest.html.gz	no_price_found
data/pilot/html-balanced/okrogu/20211002_promote-your-fiverr-gig-on-my-social-media.html.gz	no_price_found
data/pilot/html-balanced/okrogu/20211003_promote-your-etsy-or-zibbet-or-bonanza-store-using-pinterest.html.gz	no_price_found
data/pilot/html-balanced/okrogu/20220103_promote-your-fiverr-gig-on-my-social-media.html.gz	no_price_found
data/pilot/html-balanced/okrogu/20220402_promote-your-fiverr-gig-on-my-social-media.html.gz	no_price_found
data/pilot/html-balanced/okrogu/20220703_promote-your-fiverr-gig-on-my-social-media.html.gz	no_price_found
data/pilot/html-balanced/ola_flow/20210207_do-viral-promotion-traffic-marketing-for-etsy-shop.html.gz	no_price_found
data/pilot/html-balanced/olenskicreation/20190105_record-a-professional-mickey-mouse-impression-or-voice-over.html.gz	no_price_found
data/pilot/html-balanced/olenskicreation/20190502_record-a-professional-mickey-mouse-impression-or-voice-over.html.gz	no_price_found
data/pilot/html-balanced/orcatek/20210404_female-medical-spokesperson-video.html.gz	no_price_found
data/pilot/html-balanced/owaissyed01/20210420_set-up-etsy-shop-or-store-etsy-listing-with-seo-keywords.html.gz	no_price_found
data/pilot/html-balanced/owlovestudio/20201217_create-full-kids-2d-game-design-with-high-quality.html.gz	no_price_found
data/pilot/html-balanced/owlovestudio/20210204_create-full-kids-2d-game-design-with-high-quality.html.gz	no_price_found
data/pilot/html-balanced/palashhimu252/20210324_do-top-usa-350-local-seo-citations-from-yext-brightlocal-moz.html.gz	no_price_found
data/pilot/html-balanced/palashhimu252/20210420_do-top-usa-350-local-seo-citations-from-yext-brightlocal-moz.html.gz	no_price_found
data/pilot/html-balanced/palashhimu252/20210802_do-top-usa-350-local-seo-citations-from-yext-brightlocal-moz.html.gz	no_price_found
data/pilot/html-balanced/palashpaik/20201122_convert-professionally-your-logo-or-any-graphic-to-vector-in-24-hours.html.gz	no_price_found
data/pilot/html-balanced/pazeer/20201213_be-your-social-media-marketing-manager.html.gz	no_price_found
data/pilot/html-balanced/pcb900817/20210328_record-professional-chinese-mandarin-voice-over-in-1-day.html.gz	no_price_found
data/pilot/html-balanced/pcb900817/20210406_record-professional-chinese-mandarin-voice-over-in-1-day.html.gz	no_price_found
data/pilot/html-balanced/pcb900817/20210802_record-professional-chinese-mandarin-voice-over-in-1-day.html.gz	no_price_found
data/pilot/html-balanced/pew_design/20210207_design-a-high-quality-gaming-youtube-thumbnail.html.gz	no_price_found
data/pilot/html-balanced/pikko147/20210302_edit-your-picture-book-for-children.html.gz	no_price_found
data/pilot/html-balanced/polashsinha/20201121_do-creative-corporate-flyer-design.html.gz	no_price_found
data/pilot/html-balanced/poojay2015/20201115_type-equation-editor-for-mathemetics.html.gz	no_price_found
data/pilot/html-balanced/poojay2015/20210101_type-equation-editor-for-mathemetics.html.gz	no_price_found
data/pilot/html-balanced/poojay2015/20210418_type-equation-editor-for-mathemetics.html.gz	no_price_found
data/pilot/html-balanced/poojay2015/20210702_type-equation-editor-for-mathemetics.html.gz	no_price_found
data/pilot/html-balanced/poojay2015/20211002_type-equation-editor-for-mathemetics.html.gz	no_price_found
data/pilot/html-balanced/poojay2015/20220309_type-equation-editor-for-mathemetics.html.gz	no_price_found
data/pilot/html-balanced/poojay2015/20220528_type-equation-editor-for-mathemetics.html.gz	no_price_found
data/pilot/html-balanced/poojay2015/20220920_type-equation-editor-for-mathemetics.html.gz	no_price_found
data/pilot/html-balanced/poojay2015/20230630_type-equation-editor-for-mathemetics.html.gz	no_price_found
data/pilot/html-balanced/poojay2015/20240523_type-equation-editor-for-mathemetics.html.gz	no_price_found
data/pilot/html-balanced/poojay2015/20240702_type-equation-editor-for-mathemetics.html.gz	no_price_found
data/pilot/html-balanced/poojay2015/20241003_type-equation-editor-for-mathemetics.html.gz	no_price_found
data/pilot/html-balanced/poojay2015/20250112_type-equation-editor-for-mathemetics.html.gz	no_price_found
data/pilot/html-balanced/porehseo/20201101_do-100-manual-high-da-seo-backlinks-link-building.html.gz	no_price_found
data/pilot/html-balanced/porehseo/20201101_do-complete-seo-service-for-google-ranking.html.gz	no_price_found
data/pilot/html-balanced/prakash_verma1/20201105_manage-and-optimize-your-google-ads-adwords-ppc-campaigns.html.gz	no_price_found
data/pilot/html-balanced/prakash_verma1/20210317_manage-and-optimize-your-google-ads-adwords-ppc-campaigns.html.gz	no_price_found
data/pilot/html-balanced/prakash_verma1/20210417_manage-and-optimize-your-google-ads-adwords-ppc-campaigns.html.gz	no_price_found
data/pilot/html-balanced/prakash_verma1/20211210_manage-and-optimize-your-google-ads-adwords-ppc-campaigns.html.gz	no_price_found
data/pilot/html-balanced/preetyprincess/20210207_provide-a-professional-translation-into-specific-languages.html.gz	no_price_found
data/pilot/html-balanced/print_design64/20201101_design-luxury-modern-minimalist-logo.html.gz	no_price_found
data/pilot/html-balanced/print_design64/20201101_medical-healthcare-and-dental-custom-logo-design.html.gz	no_price_found
data/pilot/html-balanced/print_design64/20210102_medical-healthcare-and-dental-custom-logo-design.html.gz	no_price_found
data/pilot/html-balanced/print_design64/20210405_medical-healthcare-and-dental-custom-logo-design.html.gz	no_price_found
data/pilot/html-balanced/print_design64/20210701_medical-healthcare-and-dental-custom-logo-design.html.gz	no_price_found
data/pilot/html-balanced/print_design64/20211022_medical-healthcare-and-dental-custom-logo-design.html.gz	no_price_found
data/pilot/html-balanced/print_design64/20220202_medical-healthcare-and-dental-custom-logo-design.html.gz	no_price_found
data/pilot/html-balanced/print_design64/20220907_medical-healthcare-and-dental-custom-logo-design.html.gz	no_price_found
data/pilot/html-balanced/print_design64/20221027_medical-healthcare-and-dental-custom-logo-design.html.gz	no_price_found
data/pilot/html-balanced/print_design64/20240524_medical-healthcare-and-dental-custom-logo-design.html.gz	no_price_found
data/pilot/html-balanced/print_design64/20240701_medical-healthcare-and-dental-custom-logo-design.html.gz	no_price_found
data/pilot/html-balanced/print_design64/20241001_medical-healthcare-and-dental-custom-logo-design.html.gz	no_price_found
data/pilot/html-balanced/print_design64/20250104_medical-healthcare-and-dental-custom-logo-design.html.gz	no_price_found
data/pilot/html-balanced/print_design64/20250426_medical-healthcare-and-dental-custom-logo-design.html.gz	no_price_found
data/pilot/html-balanced/print_design64/20250816_medical-healthcare-and-dental-custom-logo-design.html.gz	no_price_found
data/pilot/html-balanced/pro_marketer222/20201222_drive-active-organic-targeted-web-traffic-to-usa-uk-germany.html.gz	no_price_found
data/pilot/html-balanced/prodipseoboss/20210412_optimize-and-manage-your-pinterest-seo-profile-pin-board.html.gz	no_price_found
data/pilot/html-balanced/prodipseoboss/20210923_optimize-and-manage-your-pinterest-seo-profile-pin-board.html.gz	no_price_found
data/pilot/html-balanced/prodipseoboss/20211010_optimize-and-manage-your-pinterest-seo-profile-pin-board.html.gz	no_price_found
data/pilot/html-balanced/prodipseoboss/20220204_optimize-and-manage-your-pinterest-seo-profile-pin-board.html.gz	no_price_found
data/pilot/html-balanced/prodipseoboss/20220724_optimize-and-manage-your-pinterest-seo-profile-pin-board.html.gz	no_price_found
data/pilot/html-balanced/prodiptabhattac/20201119_do-exterior-and-interior-3d-modeling-and-rendering.html.gz	no_price_found
data/pilot/html-balanced/product_expert9/20201223_upload-or-add-products-to-any-website-like-woocommerce-shopify-etc-data-entry.html.gz	no_price_found
data/pilot/html-balanced/prog_hema/20210320_create-an-amazing-whiteboard-video-animation.html.gz	no_price_found
data/pilot/html-balanced/programmer_saif/20210110_be-your-full-stack-web-developer-react-js-node-js-php-javascript-expert.html.gz	no_price_found
data/pilot/html-balanced/programmer_saif/20210410_be-your-full-stack-web-developer-react-js-node-js-php-javascript-expert.html.gz	no_price_found
data/pilot/html-balanced/programmer_saif/20210810_be-your-full-stack-web-developer-react-js-node-js-php-javascript-expert.html.gz	no_price_found
data/pilot/html-balanced/programmer_saif/20211006_be-your-full-stack-web-developer-react-js-node-js-php-javascript-expert.html.gz	no_price_found
data/pilot/html-balanced/programmer_saif/20220108_be-your-full-stack-web-developer-react-js-node-js-php-javascript-expert.html.gz	no_price_found
data/pilot/html-balanced/programmer_saif/20220410_be-your-full-stack-web-developer-react-js-node-js-php-javascript-expert.html.gz	no_price_found
data/pilot/html-balanced/programmer_saif/20240522_be-your-full-stack-web-developer-react-js-node-js-php-javascript-expert.html.gz	no_price_found
data/pilot/html-balanced/programmer_saif/20240710_be-your-full-stack-web-developer-react-js-node-js-php-javascript-expert.html.gz	no_price_found
data/pilot/html-balanced/programmer_saif/20241119_be-your-full-stack-web-developer-react-js-node-js-php-javascript-expert.html.gz	no_price_found
data/pilot/html-balanced/promasterpiece/20201101_mix-n-master-your-audio-into-a-master-piece.html.gz	no_price_found
data/pilot/html-balanced/ptyangel/20210203_translate-up-to-600-words-from-english-to-spanish-or-vice-versa.html.gz	no_price_found
data/pilot/html-balanced/ptyangel/20210404_translate-up-to-600-words-from-english-to-spanish-or-vice-versa.html.gz	no_price_found
data/pilot/html-balanced/pujovski/20210208_design-a-professional-logo-for-your-business.html.gz	no_price_found
data/pilot/html-balanced/quickest_seo/20201124_seo-dofollow-bookmarking-submission-backlinks-for-pro-service.html.gz	no_price_found
data/pilot/html-balanced/quickest_seo/20201125_rank-website-by-dr-70-to-90-unique-referring-domain-seo-backlinks.html.gz	no_price_found
data/pilot/html-balanced/quickest_seo/20201223_unique-referring-domain-dofollow-backlinks-pro-seo-link-building-service.html.gz	no_price_found
data/pilot/html-balanced/quickest_seo/20210106_seo-dofollow-bookmarking-submission-backlinks-for-pro-service.html.gz	no_price_found
data/pilot/html-balanced/quickest_seo/20210220_unique-referring-domain-dofollow-backlinks-pro-seo-link-building-service.html.gz	no_price_found
data/pilot/html-balanced/quickest_seo/20210428_seo-dofollow-bookmarking-submission-backlinks-for-pro-service.html.gz	no_price_found
data/pilot/html-balanced/quickest_seo/20210531_unique-referring-domain-dofollow-backlinks-pro-seo-link-building-service.html.gz	no_price_found
data/pilot/html-balanced/quickest_seo/20211119_unique-referring-domain-dofollow-backlinks-pro-seo-link-building-service.html.gz	no_price_found
data/pilot/html-balanced/rafaelmenesesjr/20210203_deliver-the-only-copywriting-you-will-ever-need.html.gz	no_price_found
data/pilot/html-balanced/rahularc_design/20201101_draw-landscape-drawing-or-site-plan-in-photoshop.html.gz	no_price_found
data/pilot/html-balanced/rahularc_design/20201104_render-landscape-drawing-or-site-plan-in-photoshop.html.gz	no_price_found
data/pilot/html-balanced/rahularc_design/20210103_draw-landscape-drawing-or-site-plan-in-photoshop.html.gz	no_price_found
data/pilot/html-balanced/rahularc_design/20210930_draw-landscape-drawing-or-site-plan-in-photoshop.html.gz	no_price_found
data/pilot/html-balanced/rahularc_design/20211006_draw-landscape-drawing-or-site-plan-in-photoshop.html.gz	no_price_found
data/pilot/html-balanced/rahularc_design/20220106_draw-landscape-drawing-or-site-plan-in-photoshop.html.gz	no_price_found
data/pilot/html-balanced/rahularc_design/20220507_draw-landscape-drawing-or-site-plan-in-photoshop.html.gz	no_price_found
data/pilot/html-balanced/rahularc_design/20220712_draw-landscape-drawing-or-site-plan-in-photoshop.html.gz	no_price_found
data/pilot/html-balanced/rahularc_design/20221001_draw-landscape-drawing-or-site-plan-in-photoshop.html.gz	no_price_found
data/pilot/html-balanced/rahuldatta/20201106_create-professional-event-videos-for-any-types-of-event.html.gz	no_price_found
data/pilot/html-balanced/rahuldatta/20201106_make-a-mobile-app-promotional-video.html.gz	no_price_found
data/pilot/html-balanced/rahuldatta/20210102_make-a-mobile-app-promotional-video.html.gz	no_price_found
data/pilot/html-balanced/rahuldatta/20210401_make-a-mobile-app-promotional-video.html.gz	no_price_found
data/pilot/html-balanced/raihanrifatfive/20201113_do-data-entry-data-mining-lead-generation-copy-paste-pdf-to-excel.html.gz	no_price_found
data/pilot/html-balanced/rajibkhan777/20201113_create-responsive-wordpress-website-or-wordpress-design.html.gz	no_price_found
data/pilot/html-balanced/rajibkhan777/20210209_create-responsive-wordpress-website-or-wordpress-design.html.gz	no_price_found
data/pilot/html-balanced/rajibkhan777/20210402_create-responsive-wordpress-website-or-wordpress-design.html.gz	no_price_found
data/pilot/html-balanced/rakib19/20201107_install-wordpress-and-customize-wordpress-theme.html.gz	no_price_found
data/pilot/html-balanced/rakib19/20210112_install-wordpress-and-customize-wordpress-theme.html.gz	no_price_found
data/pilot/html-balanced/rakib19/20210507_install-wordpress-and-customize-wordpress-theme.html.gz	no_price_found
data/pilot/html-balanced/rakib19/20210821_install-wordpress-and-customize-wordpress-theme.html.gz	no_price_found
data/pilot/html-balanced/rakib19/20211109_install-wordpress-and-customize-wordpress-theme.html.gz	no_price_found
data/pilot/html-balanced/rakib19/20220110_install-wordpress-and-customize-wordpress-theme.html.gz	no_price_found
data/pilot/html-balanced/rakib19/20220622_install-wordpress-and-customize-wordpress-theme.html.gz	no_price_found
data/pilot/html-balanced/rakib19/20220902_install-wordpress-and-customize-wordpress-theme.html.gz	no_price_found
data/pilot/html-balanced/rakibul_a/20210502_find-best-instagram-influencers-for-influencer-marketing.html.gz	no_price_found
data/pilot/html-balanced/ranan_yeasin/20210302_illustrate-amazing-concept-environments-for-you.html.gz	no_price_found
data/pilot/html-balanced/ranan_yeasin/20210510_illustrate-amazing-concept-environments-for-you.html.gz	no_price_found
data/pilot/html-balanced/ranan_yeasin/20210726_illustrate-amazing-concept-environments-for-you.html.gz	no_price_found
data/pilot/html-balanced/rank_booster_1/20201105_increase-traffic-by-7000-google-maps-citations-with-local-seo.html.gz	no_price_found
data/pilot/html-balanced/rasel3465/20201107_convert-psd-to-html-xd-to-html-figma-to-html-sketch-to-html.html.gz	no_price_found
data/pilot/html-balanced/raselhasan904/20180718_photoshop-white-or-transparent-background.html.gz	no_price_found
data/pilot/html-balanced/raselhasan904/20190213_photoshop-white-or-transparent-background.html.gz	no_price_found
data/pilot/html-balanced/raselhasan904/20201101_photoshop-editing-photo-retouching-and-enhancement.html.gz	no_price_found
data/pilot/html-balanced/raselhasan904/20201101_photoshop-white-or-transparent-background.html.gz	no_price_found
data/pilot/html-balanced/raselhasan904/20210101_photoshop-white-or-transparent-background.html.gz	no_price_found
data/pilot/html-balanced/raselhasan904/20210405_photoshop-white-or-transparent-background.html.gz	no_price_found
data/pilot/html-balanced/raselhasan904/20210701_photoshop-white-or-transparent-background.html.gz	no_price_found
data/pilot/html-balanced/raselhasan904/20211003_photoshop-white-or-transparent-background.html.gz	no_price_found
data/pilot/html-balanced/raselhasan904/20220101_photoshop-white-or-transparent-background.html.gz	no_price_found
data/pilot/html-balanced/raselmolla6336/20201104_install-wordpress-and-setup-theme-look-like-demo.html.gz	no_price_found
data/pilot/html-balanced/rashidhussain03/20210507_design-white-paper-and-business-reports.html.gz	no_price_found
data/pilot/html-balanced/rashidmurshad/20201212_be-your-social-media-manager-and-personal-assistant.html.gz	no_price_found
data/pilot/html-balanced/rashmikafernand/20201114_make-high-quality-rap-beats-for-you.html.gz	no_price_found
data/pilot/html-balanced/rassrakib/20210725_do-unique-logo-design-that-you-deserve.html.gz	no_price_found
data/pilot/html-balanced/raulalvarez879/20210608_produce-cyberpunk-music-for-you.html.gz	no_price_found
data/pilot/html-balanced/rayhanur_rashid/20201104_design-awesome-retro-vintage-logo.html.gz	no_price_found
data/pilot/html-balanced/rehmat_orakzai/20201228_find-targeted-instagram-influencer-for-influencer-marketing.html.gz	no_price_found
data/pilot/html-balanced/remyobrien/20201201_record-a-professional-american-female-voice-over.html.gz	no_price_found
data/pilot/html-balanced/remyobrien/20210306_record-a-professional-american-female-voice-over.html.gz	no_price_found
data/pilot/html-balanced/remyobrien/20210419_record-a-professional-american-female-voice-over.html.gz	no_price_found
data/pilot/html-balanced/rexadept/20210106_create-captivating-real-estate-seo-contents.html.gz	no_price_found
data/pilot/html-balanced/rezaulfv07/20210101_create-responsive-clickable-html-email-signature-design.html.gz	no_price_found
data/pilot/html-balanced/rezaulfv07/20210103_create-html-email-signature.html.gz	no_price_found
data/pilot/html-balanced/richarddhana/20201123_make-shoe-design-and-footwear-for-you.html.gz	no_price_found
data/pilot/html-balanced/rimran02096/20181030_set-your-mailchimp-automation.html.gz	no_price_found
data/pilot/html-balanced/rimran02096/20190216_set-your-mailchimp-automation.html.gz	no_price_found
data/pilot/html-balanced/rimran02096/20201113_set-your-mailchimp-automation.html.gz	no_price_found
data/pilot/html-balanced/rimran02096/20210209_set-your-mailchimp-automation.html.gz	no_price_found
data/pilot/html-balanced/riponmridha247/20210330_do-seo-keyword-research-and-competitor-analysis-for-your-niche.html.gz	no_price_found
data/pilot/html-balanced/riponmridha247/20210422_do-seo-keyword-research-and-competitor-analysis-for-your-niche.html.gz	no_price_found
data/pilot/html-balanced/rmckein/20210213_do-organic-spotify-music-promotion.html.gz	no_price_found
data/pilot/html-balanced/robinbd679/20201101_design-standard-postcard-and-direct-mail-eddm-postcard.html.gz	no_price_found
data/pilot/html-balanced/robinbd679/20201114_do-professional-business-card-design.html.gz	no_price_found
data/pilot/html-balanced/robinbd679/20201123_design-professional-food-menu-restaurant-menu-and-food-flyer.html.gz	no_price_found
data/pilot/html-balanced/robinbd679/20210102_design-professional-food-menu-restaurant-menu-and-food-flyer.html.gz	no_price_found
data/pilot/html-balanced/robytizar/20201105_create-stylish-hand-lettering-video-for-wedding-or-youtube.html.gz	no_price_found
data/pilot/html-balanced/romeo_digital/20201122_setup-your-groove-funnel-sales-funnel-and-click-funnels.html.gz	no_price_found
data/pilot/html-balanced/romeo_digital/20210208_setup-your-groove-funnel-sales-funnel-and-click-funnels.html.gz	no_price_found
data/pilot/html-balanced/romeo_digital/20210413_setup-your-groove-funnel-sales-funnel-and-click-funnels.html.gz	no_price_found
data/pilot/html-balanced/rony112/20201101_create-shortcode-widgets-by-elementor-plugin-for-wordpress.html.gz	no_price_found
data/pilot/html-balanced/rrebai/20201101_design-an-eyecatching-business-card-within-24hrs.html.gz	no_price_found
data/pilot/html-balanced/rrebai/20210104_design-an-amazing-clickable-email-signature.html.gz	no_price_found
data/pilot/html-balanced/rrebai/20210104_design-an-eyecatching-business-card-within-24hrs.html.gz	no_price_found
data/pilot/html-balanced/rrebai/20210401_design-an-amazing-clickable-email-signature.html.gz	no_price_found
data/pilot/html-balanced/rrebai/20210709_design-an-amazing-clickable-email-signature.html.gz	no_price_found
data/pilot/html-balanced/ruhin_ahmed/20201119_do-professional-and-organic-top-youtube-promotion.html.gz	no_price_found
data/pilot/html-balanced/ruhin_ahmed/20201129_be-your-social-media-marketing-manager-and-content-creator.html.gz	no_price_found
data/pilot/html-balanced/ruhin_ahmed/20210204_be-your-social-media-marketing-manager-and-content-creator.html.gz	no_price_found
data/pilot/html-balanced/ruhin_ahmed/20210604_be-your-social-media-marketing-manager-and-content-creator.html.gz	no_price_found
data/pilot/html-balanced/ruma_pro/20201202_do-twitter-marketing-and-grow-follower.html.gz	no_price_found
data/pilot/html-balanced/rumapaik/20210109_convert-logo-or-image-to-vector-in-24-hours.html.gz	no_price_found
data/pilot/html-balanced/rumapaik/20210407_convert-logo-or-image-to-vector-in-24-hours.html.gz	no_price_found
data/pilot/html-balanced/rumapaik/20210811_convert-logo-or-image-to-vector-in-24-hours.html.gz	no_price_found
data/pilot/html-balanced/rumapaik/20211030_convert-logo-or-image-to-vector-in-24-hours.html.gz	no_price_found
data/pilot/html-balanced/rumapaik/20220407_convert-logo-or-image-to-vector-in-24-hours.html.gz	no_price_found
data/pilot/html-balanced/rumapaik/20220701_convert-logo-or-image-to-vector-in-24-hours.html.gz	no_price_found
data/pilot/html-balanced/rumapaik/20221001_convert-logo-or-image-to-vector-in-24-hours.html.gz	no_price_found
data/pilot/html-balanced/rumapaik/20240815_convert-logo-or-image-to-vector-in-24-hours.html.gz	no_price_found
data/pilot/html-balanced/rumapaik/20241003_convert-logo-or-image-to-vector-in-24-hours.html.gz	no_price_found
data/pilot/html-balanced/rumapaik/20250121_convert-logo-or-image-to-vector-in-24-hours.html.gz	no_price_found
data/pilot/html-balanced/runny1/20210102_do-up-your-audio-video-transcripts-in-less-than-24-hours.html.gz	no_price_found
data/pilot/html-balanced/runny1/20210422_do-up-your-audio-video-transcripts-in-less-than-24-hours.html.gz	no_price_found
data/pilot/html-balanced/ryan_amit/20201113_create-a-landing-page-or-website-using-elementor-pro.html.gz	no_price_found
data/pilot/html-balanced/ryan_amit/20210103_create-a-landing-page-or-website-using-elementor-pro.html.gz	no_price_found
data/pilot/html-balanced/ryan_amit/20210402_create-a-landing-page-or-website-using-elementor-pro.html.gz	no_price_found
data/pilot/html-balanced/sabrinashomi/20201101_create-click-funnel-landing-pages-with-payment-gateway-sales-funnel-wordpress.html.gz	no_price_found
data/pilot/html-balanced/sadiaali575/20201126_design-modern-minimalist-business-logo-design.html.gz	no_price_found
data/pilot/html-balanced/safeassignmnets/20200911_do-a-reports-resume-and-cover-letters.html.gz	no_price_found
data/pilot/html-balanced/safeassignmnets/20201111_assist-in-writing-professional-letters.html.gz	no_price_found
data/pilot/html-balanced/safeassignmnets/20201113_do-a-reports-resume-and-cover-letters.html.gz	no_price_found
data/pilot/html-balanced/safeassignmnets/20210102_assist-in-writing-professional-letters.html.gz	no_price_found
data/pilot/html-balanced/safeassignmnets/20210102_do-a-reports-resume-and-cover-letters.html.gz	no_price_found
data/pilot/html-balanced/safeassignmnets/20210422_assist-in-writing-professional-letters.html.gz	no_price_found
data/pilot/html-balanced/safeassignmnets/20210516_do-a-reports-resume-and-cover-letters.html.gz	no_price_found
data/pilot/html-balanced/safeassignmnets/20210706_assist-in-writing-professional-letters.html.gz	no_price_found
data/pilot/html-balanced/safeassignmnets/20210713_do-a-reports-resume-and-cover-letters.html.gz	no_price_found
data/pilot/html-balanced/safeassignmnets/20211001_do-a-reports-resume-and-cover-letters.html.gz	no_price_found
data/pilot/html-balanced/safeassignmnets/20220114_do-a-reports-resume-and-cover-letters.html.gz	no_price_found
data/pilot/html-balanced/safeassignmnets/20220402_do-a-reports-resume-and-cover-letters.html.gz	no_price_found
data/pilot/html-balanced/safeassignmnets/20220921_do-a-reports-resume-and-cover-letters.html.gz	no_price_found
data/pilot/html-balanced/safeassignmnets/20221015_do-a-reports-resume-and-cover-letters.html.gz	no_price_found
data/pilot/html-balanced/safeassignmnets/20230103_do-a-reports-resume-and-cover-letters.html.gz	no_price_found
data/pilot/html-balanced/safeassignmnets/20230630_do-a-reports-resume-and-cover-letters.html.gz	no_price_found
data/pilot/html-balanced/safeassignmnets/20240105_do-a-reports-resume-and-cover-letters.html.gz	no_price_found
data/pilot/html-balanced/safeassignmnets/20240525_do-a-reports-resume-and-cover-letters.html.gz	no_price_found
data/pilot/html-balanced/saifulazam106/20201124_create-set-up-social-media-account-page-and-schedule-post.html.gz	no_price_found
data/pilot/html-balanced/saifulislamsi29/20201203_do-google-top-ranking-with-white-hat-seo.html.gz	no_price_found
data/pilot/html-balanced/saifulislamsi29/20210224_do-google-top-ranking-with-white-hat-seo.html.gz	no_price_found
data/pilot/html-balanced/saifulislamsi29/20210413_do-google-top-ranking-with-white-hat-seo.html.gz	no_price_found
data/pilot/html-balanced/saimii/20210306_create-and-customize-your-shopify-store.html.gz	no_price_found
data/pilot/html-balanced/salmantariq1122/20210209_build-you-a-high-converting-sales-funnels-by-using-elementor-or-clickfunnels.html.gz	no_price_found
data/pilot/html-balanced/sameer_saghir/20201201_chatbot-facebook-messenger-manychat-bot-amazon-business.html.gz	no_price_found
data/pilot/html-balanced/samim7722/20210105_create-custom-lottie-json-animated-gif-video-for-web-and-mobile-app.html.gz	no_price_found
data/pilot/html-balanced/sangeeta05/20210330_design-shopify-store-shopify-website-or-dropshipping-store.html.gz	no_price_found
data/pilot/html-balanced/sangeeta05/20210405_design-shopify-store-shopify-website-or-dropshipping-store.html.gz	no_price_found
data/pilot/html-balanced/sangeeta05/20210726_design-shopify-store-shopify-website-or-dropshipping-store.html.gz	no_price_found
data/pilot/html-balanced/sangeeta05/20211004_design-shopify-store-shopify-website-or-dropshipping-store.html.gz	no_price_found
data/pilot/html-balanced/sangeeta05/20220112_design-shopify-store-shopify-website-or-dropshipping-store.html.gz	no_price_found
data/pilot/html-balanced/sangeeta05/20220411_design-shopify-store-shopify-website-or-dropshipping-store.html.gz	no_price_found
data/pilot/html-balanced/sangeeta05/20220701_design-shopify-store-shopify-website-or-dropshipping-store.html.gz	no_price_found
data/pilot/html-balanced/sangeeta05/20221012_design-shopify-store-shopify-website-or-dropshipping-store.html.gz	no_price_found
data/pilot/html-balanced/sangeeta05/20230531_design-shopify-store-shopify-website-or-dropshipping-store.html.gz	no_price_found
data/pilot/html-balanced/sangeeta05/20240117_design-shopify-store-shopify-website-or-dropshipping-store.html.gz	no_price_found
data/pilot/html-balanced/sangeeta05/20240531_design-shopify-store-shopify-website-or-dropshipping-store.html.gz	no_price_found
data/pilot/html-balanced/sangeeta05/20240710_design-shopify-store-shopify-website-or-dropshipping-store.html.gz	no_price_found
data/pilot/html-balanced/sangeeta05/20241002_design-shopify-store-shopify-website-or-dropshipping-store.html.gz	no_price_found
data/pilot/html-balanced/sangeeta05/20250512_design-shopify-store-shopify-website-or-dropshipping-store.html.gz	no_price_found
data/pilot/html-balanced/sanu61/20210604_debug-php-wordpress-and-joomla-websites.html.gz	no_price_found
data/pilot/html-balanced/sanu61/20210714_debug-php-wordpress-and-joomla-websites.html.gz	no_price_found
data/pilot/html-balanced/sanu61/20211011_debug-php-wordpress-and-joomla-websites.html.gz	no_price_found
data/pilot/html-balanced/sarah_khann/20201102_design-or-develop-your-wordpress-site.html.gz	no_price_found
data/pilot/html-balanced/sarah_khann/20210205_design-or-develop-your-wordpress-site.html.gz	no_price_found
data/pilot/html-balanced/sarah_khann/20210507_design-or-develop-your-wordpress-site.html.gz	no_price_found
data/pilot/html-balanced/sarah_khann/20210702_design-or-develop-your-wordpress-site.html.gz	no_price_found
data/pilot/html-balanced/sarah_khann/20211001_design-or-develop-your-wordpress-site.html.gz	no_price_found
data/pilot/html-balanced/sarah_khann/20220108_design-or-develop-your-wordpress-site.html.gz	no_price_found
data/pilot/html-balanced/sarah_khann/20220619_design-or-develop-your-wordpress-site.html.gz	no_price_found
data/pilot/html-balanced/sarah_khann/20220723_design-or-develop-your-wordpress-site.html.gz	no_price_found
data/pilot/html-balanced/sarah_khann/20221230_design-or-develop-your-wordpress-site.html.gz	no_price_found
data/pilot/html-balanced/sarah_khann/20240607_design-or-develop-your-wordpress-site.html.gz	no_price_found
data/pilot/html-balanced/sarah_khann/20240702_design-or-develop-your-wordpress-site.html.gz	no_price_found
data/pilot/html-balanced/sarah_khann/20241114_design-or-develop-your-wordpress-site.html.gz	no_price_found
data/pilot/html-balanced/sarah_khann/20250121_design-or-develop-your-wordpress-site.html.gz	no_price_found
data/pilot/html-balanced/sarahmakh/20210126_write-professional-and-entertaining-articles.html.gz	no_price_found
data/pilot/html-balanced/saram3/20210207_manage-your-social-media-account.html.gz	no_price_found
data/pilot/html-balanced/sasongkoanis/20210115_do-t-shirt-design-for-band-and-brand.html.gz	no_price_found
data/pilot/html-balanced/sasongkoanis/20210420_do-t-shirt-design-for-band-and-brand.html.gz	no_price_found
data/pilot/html-balanced/sdafik/20201115_be-your-social-media-manager-and-content-maker.html.gz	no_price_found
data/pilot/html-balanced/sdkrdk/20201112_put-your-banner-on-my-website-for-30-days.html.gz	no_price_found
data/pilot/html-balanced/seo_expert111/20210102_provide-monthly-seo-service-for-website-top-google-ranking.html.gz	no_price_found
data/pilot/html-balanced/seo_expert111/20210427_provide-monthly-seo-service-for-website-top-google-ranking.html.gz	no_price_found
data/pilot/html-balanced/seo_expert111/20210812_provide-monthly-seo-service-for-website-top-google-ranking.html.gz	no_price_found
data/pilot/html-balanced/seo_expert111/20211109_provide-monthly-seo-service-for-website-top-google-ranking.html.gz	no_price_found
data/pilot/html-balanced/seo_expert111/20220220_provide-monthly-seo-service-for-website-top-google-ranking.html.gz	no_price_found
data/pilot/html-balanced/seo_ranker_team/20201207_high-quality-dr-70-to-90-manual-seo-dofollow-authority-backlinks.html.gz	no_price_found
data/pilot/html-balanced/seo_smm_mayaj/20201113_be-your-google-adwords-and-search-engine-marketing-expert.html.gz	no_price_found
data/pilot/html-balanced/seoexpert_azam/20201101_create-200-local-listings-local-citations-for-usa-local-seo.html.gz	no_price_found
data/pilot/html-balanced/seopedia/20210306_do-fast-audiomack-music-promotion.html.gz	no_price_found
data/pilot/html-balanced/seopedia/20210423_do-fast-audiomack-music-promotion.html.gz	no_price_found
data/pilot/html-balanced/seopool/20201101_rank-youtube-video-seo-optimization.html.gz	no_price_found
data/pilot/html-balanced/seopool/20210102_rank-youtube-video-seo-optimization.html.gz	no_price_found
data/pilot/html-balanced/seopool/20210726_rank-youtube-video-seo-optimization.html.gz	no_price_found
data/pilot/html-balanced/seopool/20220401_rank-youtube-video-seo-optimization.html.gz	no_price_found
data/pilot/html-balanced/seorain54/20210613_drive-unlimited-usa-targeted-web-traffic-via-social-media.html.gz	no_price_found
data/pilot/html-balanced/seoshan/20210209_drive-20k-social-media-traffic-for-one-month.html.gz	no_price_found
data/pilot/html-balanced/seosmmpro/20190707_promote-video-on-youtube-high-audience-and-marketing.html.gz	no_price_found
data/pilot/html-balanced/seospc/20210101_create-relevant-seo-backlinks-for-dutch-websites.html.gz	no_price_found
data/pilot/html-balanced/seospc/20210612_do-dutch-seo-link-building-backlinks.html.gz	no_price_found
data/pilot/html-balanced/seospc/20220103_do-dutch-seo-link-building-backlinks.html.gz	no_price_found
data/pilot/html-balanced/seouzzol/20201202_technical-seo-audit-in-your-website-provides-a-report-and-full-guideline.html.gz	no_price_found
data/pilot/html-balanced/seouzzol/20210218_technical-seo-audit-in-your-website-provides-a-report-and-full-guideline.html.gz	no_price_found
data/pilot/html-balanced/sergexcel546/20210715_create-excel-dashboard-pivot-table-charts-and-data-visualization.html.gz	no_price_found
data/pilot/html-balanced/sevenlife/20180728_do-christmas-intro-short-and-fun.html.gz	no_price_found
data/pilot/html-balanced/sevenlife/20181013_do-christmas-intro-short-and-fun.html.gz	no_price_found
data/pilot/html-balanced/sevenlife/20190112_do-christmas-intro-short-and-fun.html.gz	no_price_found
data/pilot/html-balanced/shae23/20201208_accurately-transcribe-audio-and-video-files.html.gz	no_price_found
data/pilot/html-balanced/shahadat1309/20201118_create-or-customize-wordpress-website.html.gz	no_price_found
data/pilot/html-balanced/shahadat1309/20210831_create-or-customize-wordpress-website.html.gz	no_price_found
data/pilot/html-balanced/shahid_salmon/20201101_do-custom-animated-streaming-alerts-for-twitch-mixer-fb.html.gz	no_price_found
data/pilot/html-balanced/shahidul1986/20210102_photo-editing-cut-out-image-white-and-transparent-background.html.gz	no_price_found
data/pilot/html-balanced/shahidul1986/20210401_photo-editing-cut-out-image-white-and-transparent-background.html.gz	no_price_found
data/pilot/html-balanced/shahidul1986/20210702_photo-editing-cut-out-image-white-and-transparent-background.html.gz	no_price_found
data/pilot/html-balanced/shahidul1986/20211008_photo-editing-cut-out-image-white-and-transparent-background.html.gz	no_price_found
data/pilot/html-balanced/shahidul1986/20220101_photo-editing-cut-out-image-white-and-transparent-background.html.gz	no_price_found
data/pilot/html-balanced/shahinaakhter/20201103_wordpress-woocommerce-ecommerce-online-store-shipping-business-website-product.html.gz	no_price_found
data/pilot/html-balanced/shahinaakhter/20210208_wordpress-woocommerce-ecommerce-online-store-shipping-business-website-product.html.gz	no_price_found
data/pilot/html-balanced/shahriar__khan/20201119_wordpress-landing-page-wordpress-website-blog-site-responsive-website.html.gz	no_price_found
data/pilot/html-balanced/shahriarfaisal5/20201113_do-professionally-instagram-marketing-to-grow-real-followers-and-engagement.html.gz	no_price_found
data/pilot/html-balanced/shahriarfaisal5/20210102_do-professionally-instagram-marketing-to-grow-real-followers-and-engagement.html.gz	no_price_found
data/pilot/html-balanced/shakil_ador/20201101_be-your-pinterest-marketing-manager.html.gz	no_price_found
data/pilot/html-balanced/shakil_ador/20201103_do-youtube-keyword-research-in-2-hour.html.gz	no_price_found
data/pilot/html-balanced/shakil_ador/20210124_do-pinterest-marketing-management.html.gz	no_price_found
data/pilot/html-balanced/shakil_ador/20210401_do-pinterest-marketing-management.html.gz	no_price_found
data/pilot/html-balanced/shakil_ador/20210709_do-pinterest-marketing-management.html.gz	no_price_found
data/pilot/html-balanced/shakil_ador/20211011_do-pinterest-marketing-management.html.gz	no_price_found
data/pilot/html-balanced/shakil_ador/20220101_do-pinterest-marketing-management.html.gz	no_price_found
data/pilot/html-balanced/shakil_ador/20220412_do-pinterest-marketing-management.html.gz	no_price_found
data/pilot/html-balanced/shakil_ador/20220717_do-pinterest-marketing-management.html.gz	no_price_found
data/pilot/html-balanced/shakilahamed7/20201119_do-high-quality-600-pins-60-board-for-pinterest-marketing.html.gz	no_price_found
data/pilot/html-balanced/shakilahamed7/20210112_do-high-quality-600-pins-60-board-for-pinterest-marketing.html.gz	no_price_found
data/pilot/html-balanced/shamimrashed/20210112_do-professional-business-card-letterhead-and-stationery.html.gz	no_price_found
data/pilot/html-balanced/shandarr/20210208_design-you-a-professional-wix-website-design.html.gz	no_price_found
data/pilot/html-balanced/shandarr/20210404_design-you-a-professional-wix-website-design.html.gz	no_price_found
data/pilot/html-balanced/shandarr/20210725_design-you-a-professional-wix-website-design.html.gz	no_price_found
data/pilot/html-balanced/shandarr/20211025_design-you-a-professional-wix-website-design.html.gz	no_price_found
data/pilot/html-balanced/shandarr/20220103_design-you-a-professional-wix-website-design.html.gz	no_price_found
data/pilot/html-balanced/shandarr/20220511_design-you-a-professional-wix-website-design.html.gz	no_price_found
data/pilot/html-balanced/shandarr/20220719_design-you-a-professional-wix-website-design.html.gz	no_price_found
data/pilot/html-balanced/shandarr/20221013_design-you-a-professional-wix-website-design.html.gz	no_price_found
data/pilot/html-balanced/shanto33/20210111_design-products-for-printful-and-printify.html.gz	no_price_found
data/pilot/html-balanced/shariyars/20210515_do-grow-your-instagram-targeted-followers.html.gz	no_price_found
data/pilot/html-balanced/sharkyaprilanos/20201109_do-music-promo-video-for-instagram-facebook-and-youtube.html.gz	no_price_found
data/pilot/html-balanced/shauntedw/20210527_sing-vocals-and-background-vocals-on-your-song.html.gz	no_price_found
data/pilot/html-balanced/shaynacameron/20201111_create-a-responsive-wordpress-website-or-wordpress-design.html.gz	no_price_found
data/pilot/html-balanced/shemulehsan/20201122_do-a-logo-design-like-this-design.html.gz	no_price_found
data/pilot/html-balanced/sheroze1000/20210408_make-srt-file-add-subtitles-to-your-video.html.gz	no_price_found
data/pilot/html-balanced/shihabe/20210119_design-a-professional-twitch-overlay-and-streaming-pack.html.gz	no_price_found
data/pilot/html-balanced/shobuj25bd/20201104_perform-microsoft-excel-data-entry-with-great-proficiency.html.gz	no_price_found
data/pilot/html-balanced/shobuj25bd/20210201_perform-microsoft-excel-data-entry-with-great-proficiency.html.gz	no_price_found
data/pilot/html-balanced/shohel14310/20210717_do-photoshop-editing-work.html.gz	no_price_found
data/pilot/html-balanced/shohel14310/20211001_do-photoshop-editing-work.html.gz	no_price_found
data/pilot/html-balanced/shorifzaman/20210217_keyword-research-competitor-analysis-seo-service.html.gz	no_price_found
data/pilot/html-balanced/shreya_shyam/20201218_do-profitable-affiliate-link-promo-clickbank-redbubble-digistore-promotion.html.gz	no_price_found
data/pilot/html-balanced/shrutikapoor785/20201213_do-instagram-marketing-and-organic-growth-instagram.html.gz	no_price_found
data/pilot/html-balanced/shrutikapoor785/20210426_do-social-media-marketing-and-management.html.gz	no_price_found
data/pilot/html-balanced/shrutikapoor785/20210703_do-social-media-marketing-and-management.html.gz	no_price_found
data/pilot/html-balanced/silentgirl_21/20201206_350-edu-gov-high-authority-seo-link-building-backlink.html.gz	no_price_found
data/pilot/html-balanced/simeonsolution/20201101_build-sales-funnels-landing-page-and-website-in-gohighlevel.html.gz	no_price_found
data/pilot/html-balanced/sire_ade/20210122_send-bulk-email-sms-campaign-business-email-marketing-campaign-mailchimp-texting.html.gz	no_price_found
data/pilot/html-balanced/sk_moni/20201115_do-anything-on-visual-composer-and-divi-visual-builder-316e9595-dfcd-4afd-aeac-ad382c1132e2.html.gz	no_price_found
data/pilot/html-balanced/sk_moni/20210302_do-anything-on-visual-composer-and-divi-visual-builder-316e9595-dfcd-4afd-aeac-ad382c1132e2.html.gz	no_price_found
data/pilot/html-balanced/skaudiofactory/20210106_mix-and-master-your-pop-reggae-and-rock-songs.html.gz	no_price_found
data/pilot/html-balanced/skaudiofactory/20210109_do-professional-audio-mixing-and-mastering.html.gz	no_price_found
data/pilot/html-balanced/slidesignus/20210417_create-professional-presentation-design.html.gz	no_price_found
data/pilot/html-balanced/smartdalganoss/20210323_do-legal-writing-and-law.html.gz	no_price_found
data/pilot/html-balanced/smartdalganoss/20210323_do-nursing-law-medicine-philosophy-and-business-articles.html.gz	no_price_found
data/pilot/html-balanced/smartdalganoss/20220106_do-nursing-law-medicine-philosophy-and-business-articles.html.gz	no_price_found
data/pilot/html-balanced/smarter1seo/20201123_do-podcast-marketing-and-podcast-promotion-on-social-media.html.gz	no_price_found
data/pilot/html-balanced/smmfair/20190307_do-youtube-promotion-and-marketing-for-your-video.html.gz	no_price_found
data/pilot/html-balanced/smmfair/20190501_do-youtube-promotion-and-marketing-for-your-video.html.gz	no_price_found
data/pilot/html-balanced/smondal/20220115_convert-ai-jpg-psd-to-html-5.html.gz	no_price_found
data/pilot/html-balanced/socialcaresl/20201227_find-the-best-instagram-influencers.html.gz	no_price_found
data/pilot/html-balanced/socialcaresl/20210113_do-twitter-marketing-growth-and-promotion-professionally.html.gz	no_price_found
data/pilot/html-balanced/socialcaresl/20210113_find-the-best-instagram-influencers.html.gz	no_price_found
data/pilot/html-balanced/socialcaresl/20210127_do-super-fast-organic-growth-for-instagram.html.gz	no_price_found
data/pilot/html-balanced/sohaib_khaan/20210112_be-web-app-developer-in-php-laravel-codeigniter-angular-js-vue-js-symfony.html.gz	no_price_found
data/pilot/html-balanced/sohelrana2003/20210101_create-a-responsive-landing-page.html.gz	no_price_found
data/pilot/html-balanced/soheltamu/20190502_do-clean-vector-tracing-of-any-sketch-or-image-and-logo.html.gz	no_price_found
data/pilot/html-balanced/solutionpri/20201122_be-your-expert-social-media-manager-for-your-business.html.gz	no_price_found
data/pilot/html-balanced/solutionpri/20210911_be-your-expert-social-media-manager-for-your-business.html.gz	no_price_found
data/pilot/html-balanced/solutionpri/20211115_be-your-expert-social-media-manager-for-your-business.html.gz	no_price_found
data/pilot/html-balanced/solutionpri/20220227_be-your-expert-social-media-manager-for-your-business.html.gz	no_price_found
data/pilot/html-balanced/solutionpri/20220411_be-your-expert-social-media-manager-for-your-business.html.gz	no_price_found
data/pilot/html-balanced/soniadesigner33/20201127_vector-minimalist-logo-creation.html.gz	no_price_found
data/pilot/html-balanced/sophiaperveshbd/20201101_do-amazon-product-photography-editing-in-quick-time.html.gz	no_price_found
data/pilot/html-balanced/sophiaperveshbd/20201101_do-white-background-edit-photoshop-images.html.gz	no_price_found
data/pilot/html-balanced/sophiebownspoet/20210109_write-personalised-song-lyrics-for-you.html.gz	no_price_found
data/pilot/html-balanced/sopna_008/20201229_grow-instagram-for-fast-organic-worldwide.html.gz	no_price_found
data/pilot/html-balanced/sopnilakter/20210110_be-your-mailchimp-expert-for-email-marketing.html.gz	no_price_found
data/pilot/html-balanced/soundsbyana/20201217_make-custom-tags-and-beat-tags.html.gz	no_price_found
data/pilot/html-balanced/souravi360/20210330_facebook-marketing-by-fb-ads-campaign-manage-and-disable-ads-account-solution.html.gz	no_price_found
data/pilot/html-balanced/souravi360/20210405_facebook-marketing-by-fb-ads-campaign-manage-and-disable-ads-account-solution.html.gz	no_price_found
data/pilot/html-balanced/spaintranslator/20201105_manually-translate-english-to-spanish.html.gz	no_price_found
data/pilot/html-balanced/spotify_2020/20201227_do-super-fast-organic-youtube-promotion-to-large-audience.html.gz	no_price_found
data/pilot/html-balanced/srdjanmrzic/20201116_video-edit-a-short-promo-for-you.html.gz	no_price_found
data/pilot/html-balanced/strategic5678/20210106_create-engaging-seo-friendly-content-for-your-website.html.gz	no_price_found
data/pilot/html-balanced/studiosound/20201101_promote-your-beats-to-2-000-artist-for-placement.html.gz	no_price_found
data/pilot/html-balanced/studiosound/20210312_promote-your-beats-to-2-000-artist-for-placement.html.gz	no_price_found
data/pilot/html-balanced/studiosound/20211210_promote-your-beats-to-2-000-artist-for-placement.html.gz	no_price_found
data/pilot/html-balanced/studiosound/20220129_promote-your-beats-to-2-000-artist-for-placement.html.gz	no_price_found
data/pilot/html-balanced/subodhacreative/20201103_design-engaging-facebook-ads.html.gz	no_price_found
data/pilot/html-balanced/sufyan161/20210405_write-professional-resume-linkedin-profile-cover-letter.html.gz	no_price_found
data/pilot/html-balanced/sumaiyabuilder/20210109_do-200-high-da-seo-profile-backlinks.html.gz	no_price_found
data/pilot/html-balanced/sumaiyabuilder/20210907_do-200-high-da-seo-profile-backlinks.html.gz	no_price_found
data/pilot/html-balanced/sumaiyabuilder/20211008_do-200-high-da-seo-profile-backlinks.html.gz	no_price_found
data/pilot/html-balanced/summydesigns/20210122_design-a-mixtape-or-album-cover.html.gz	no_price_found
data/pilot/html-balanced/sumon1985/20201113_do-market-and-internet-research.html.gz	no_price_found
data/pilot/html-balanced/sumonpro/20210117_do-seo-keyword-research-and-competitor-analysis.html.gz	no_price_found
data/pilot/html-balanced/superiorworker/20201115_do-bookkeeping-using-quickbooks-online-xero-excel.html.gz	no_price_found
data/pilot/html-balanced/supperb_seo/20210124_do-seo-backlinks-service-4cb1.html.gz	no_price_found
data/pilot/html-balanced/suvhamroy/20210507_illustrate-original-vintage-hand-drawn-logo.html.gz	no_price_found
data/pilot/html-balanced/suvhamroy/20210730_illustrate-original-vintage-hand-drawn-logo.html.gz	no_price_found
data/pilot/html-balanced/suvhamroy/20220112_illustrate-original-vintage-hand-drawn-logo.html.gz	no_price_found
data/pilot/html-balanced/suzysays/20210204_record-a-female-american-voice-over.html.gz	no_price_found
data/pilot/html-balanced/syedmdjahed/20210323_be-your-google-sheets-expert.html.gz	no_price_found
data/pilot/html-balanced/syedsaifurrehma/20201201_do-yahoo-type-video-editing.html.gz	no_price_found
data/pilot/html-balanced/symbolicteam/20201106_add-best-selling-products-to-your-shopify-dropshipping-store.html.gz	no_price_found
data/pilot/html-balanced/tagor_rukshana/20180724_customize-your-wordpress-website.html.gz	no_price_found
data/pilot/html-balanced/tagor_rukshana/20181009_customize-your-wordpress-website.html.gz	no_price_found
data/pilot/html-balanced/tagor_rukshana/20190101_customize-your-wordpress-website.html.gz	no_price_found
data/pilot/html-balanced/tagor_rukshana/20201101_customize-your-wordpress-website.html.gz	no_price_found
data/pilot/html-balanced/tagor_rukshana/20201117_do-seo-optimization-for-your-website.html.gz	no_price_found
data/pilot/html-balanced/tagor_rukshana/20210106_do-seo-optimization-for-your-website.html.gz	no_price_found
data/pilot/html-balanced/tagor_rukshana/20210119_customize-your-wordpress-website.html.gz	no_price_found
data/pilot/html-balanced/tagor_rukshana/20210411_customize-your-wordpress-website.html.gz	no_price_found
data/pilot/html-balanced/tagor_rukshana/20210411_do-seo-optimization-for-your-website.html.gz	no_price_found
data/pilot/html-balanced/tagor_rukshana/20210709_customize-your-wordpress-website.html.gz	no_price_found
data/pilot/html-balanced/tagor_rukshana/20210710_do-seo-optimization-for-your-website.html.gz	no_price_found
data/pilot/html-balanced/tagor_rukshana/20211001_customize-your-wordpress-website.html.gz	no_price_found
data/pilot/html-balanced/tagor_rukshana/20211001_do-seo-optimization-for-your-website.html.gz	no_price_found
data/pilot/html-balanced/tagor_rukshana/20220110_customize-your-wordpress-website.html.gz	no_price_found
data/pilot/html-balanced/tagor_rukshana/20220110_do-seo-optimization-for-your-website.html.gz	no_price_found
data/pilot/html-balanced/tahirrrasheed/20201206_guaranteed-google-adsense-approval-on-your-website-in-20-days.html.gz	no_price_found
data/pilot/html-balanced/tahirrrasheed/20210112_guaranteed-google-adsense-approval-on-your-website-in-20-days.html.gz	no_price_found
data/pilot/html-balanced/tahmidshahriar/20201219_remove-and-change-or-replace-the-background-with-photoshop.html.gz	no_price_found
data/pilot/html-balanced/talentino12/20201111_do-amazing-business-logo.html.gz	no_price_found
data/pilot/html-balanced/tambirislam/20210403_do-google-top-ranking-your-website-with-white-hat-seo-mathly.html.gz	no_price_found
data/pilot/html-balanced/tanmoybiswas87/20210127_customize-your-wordpress-web-site.html.gz	no_price_found
data/pilot/html-balanced/tashfia27/20210717_organically-grow-instagram-account-page-with-real-follower.html.gz	no_price_found
data/pilot/html-balanced/tasmimfahiya/20210102_convert-any-file-logo-vector-ai-eps-svg-jpg-png-make-transparent.html.gz	no_price_found
data/pilot/html-balanced/tasmimfahiya/20210413_convert-any-file-logo-vector-ai-eps-svg-jpg-png-make-transparent.html.gz	no_price_found
data/pilot/html-balanced/tasmimfahiya/20210702_convert-any-file-logo-vector-ai-eps-svg-jpg-png-make-transparent.html.gz	no_price_found
data/pilot/html-balanced/tasmimfahiya/20211010_convert-any-file-logo-vector-ai-eps-svg-jpg-png-make-transparent.html.gz	no_price_found
data/pilot/html-balanced/tawhidhossain10/20201203_be-your-social-media-marketing-manager.html.gz	no_price_found
data/pilot/html-balanced/tawhidhossain10/20210126_be-your-social-media-marketing-manager.html.gz	no_price_found
data/pilot/html-balanced/tayyab976/20210621_write-etsy-seo-title-and-tags-to-top-rank-etsy-listings.html.gz	no_price_found
data/pilot/html-balanced/tayyabzeb/20201117_create-ui-ux-design-for-mobile-app-in-adobe-xd-sketch.html.gz	no_price_found
data/pilot/html-balanced/tazulislamrana/20210325_write-shopify-description-seo-title.html.gz	no_price_found
data/pilot/html-balanced/tcmills83/20210409_record-a-hq-pro-voice-over-in-24-hours.html.gz	no_price_found
data/pilot/html-balanced/techyapaul/20210209_create-best-twitch-overlay-and-logo-for-your-stream.html.gz	no_price_found
data/pilot/html-balanced/tee_wealth/20210110_do-twitter-share-link-shoutout-link-promotion.html.gz	no_price_found
data/pilot/html-balanced/teenmuscle/20210120_write-any-dutch-article-for-you.html.gz	no_price_found
data/pilot/html-balanced/teishash/20210620_interpret-that-weird-reoccurring-or-scary-dream-you-had.html.gz	no_price_found
data/pilot/html-balanced/template99/20201103_do-mailchimp-newsletter-template.html.gz	no_price_found
data/pilot/html-balanced/template99/20210616_do-mailchimp-newsletter-template.html.gz	no_price_found
data/pilot/html-balanced/template99/20210923_do-mailchimp-newsletter-template.html.gz	no_price_found
data/pilot/html-balanced/template99/20211001_do-mailchimp-newsletter-template.html.gz	no_price_found
data/pilot/html-balanced/template99/20220109_do-mailchimp-newsletter-template.html.gz	no_price_found
data/pilot/html-balanced/template99/20220528_do-mailchimp-newsletter-template.html.gz	no_price_found
data/pilot/html-balanced/template99/20220703_do-mailchimp-newsletter-template.html.gz	no_price_found
data/pilot/html-balanced/template99/20240628_do-mailchimp-newsletter-template.html.gz	no_price_found
data/pilot/html-balanced/template99/20240704_do-mailchimp-newsletter-template.html.gz	no_price_found
data/pilot/html-balanced/template99/20241117_do-mailchimp-newsletter-template.html.gz	no_price_found
data/pilot/html-balanced/thefahimfaisal/20210126_compose-and-produce-exceptional-music-for-you.html.gz	no_price_found
data/pilot/html-balanced/thevedas26/20201101_design-beautiful-banner-google-ad.html.gz	no_price_found
data/pilot/html-balanced/thevedas26/20210109_design-beautiful-banner-google-ad.html.gz	no_price_found
data/pilot/html-balanced/thevedas26/20210423_design-beautiful-banner-google-ad.html.gz	no_price_found
data/pilot/html-balanced/thony_frank/20201113_do-drip-landing-page-click-funnel-emailmarketing-autoresponder-sales-f.html.gz	no_price_found
data/pilot/html-balanced/thony_frank/20210315_do-drip-landing-page-click-funnel-emailmarketing-autoresponder-sales-f.html.gz	no_price_found
data/pilot/html-balanced/thumbgod/20201107_design-catchy-youtube-thumbnail.html.gz	no_price_found
data/pilot/html-balanced/tianzhu_1/20210126_promote-apple-music-promotion-to-hip-hop-playlist-curators-0cb5.html.gz	no_price_found
data/pilot/html-balanced/tomanderson8/20201102_create-this-stunning-animated-logo-video-intro.html.gz	no_price_found
data/pilot/html-balanced/tombedlammusic/20210105_sing-or-compose-your-parody-song-to-your-lyrics.html.gz	no_price_found
data/pilot/html-balanced/tomlance/20201226_setup-kartra-funnel-leadpages-landing-pages-kartra-form.html.gz	no_price_found
data/pilot/html-balanced/top_marketer_25/20201104_manage-and-grow-your-instagram-marketing.html.gz	no_price_found
data/pilot/html-balanced/top_marketer_25/20201104_professionally-set-up-google-and-youtube-ads.html.gz	no_price_found
data/pilot/html-balanced/top_marketer_25/20210302_professionally-set-up-google-and-youtube-ads.html.gz	no_price_found
data/pilot/html-balanced/trafficservicet/20201101_boost-your-website-global-alexa-rank-under-99k-using-seorank.html.gz	no_price_found
data/pilot/html-balanced/trafficservicet/20210310_boost-your-website-global-alexa-rank-under-99k-using-seorank.html.gz	no_price_found
data/pilot/html-balanced/trafficservicet/20210420_boost-your-website-global-alexa-rank-under-99k-using-seorank.html.gz	no_price_found
data/pilot/html-balanced/trafficservicet/20210717_boost-your-website-global-alexa-rank-under-99k-using-seorank.html.gz	no_price_found
data/pilot/html-balanced/trafficservicet/20211001_boost-your-website-global-alexa-rank-under-99k-using-seorank.html.gz	no_price_found
data/pilot/html-balanced/transcriber136/20210403_accurately-transcribe-audio-and-do-video-transcription.html.gz	no_price_found
data/pilot/html-balanced/twocakes/20210102_write-your-amazon-or-ebay-listing.html.gz	no_price_found
data/pilot/html-balanced/umar_faroq571/20210319_do-organic-promotion-of-your-youtube-channel.html.gz	no_price_found
data/pilot/html-balanced/ummekulsum28/20201214_be-your-professionally-expert-social-media-manager.html.gz	no_price_found
data/pilot/html-balanced/undamuy/20201105_provide-local-seo-service-in-lithuania.html.gz	no_price_found
data/pilot/html-balanced/uzotoby17/20201105_can-transcribe-any-audio-in-english-in-24-hours-for-you.html.gz	no_price_found
data/pilot/html-balanced/vasily17/20180717_manage-and-grow-your-instagram-account-organically.html.gz	no_price_found
data/pilot/html-balanced/vasily17/20180717_professionally-marketing-your-instagram.html.gz	no_price_found
data/pilot/html-balanced/vasily17/20201106_professionally-marketing-your-instagram.html.gz	no_price_found
data/pilot/html-balanced/vector_factory/20210121_custom-animated-logo-intro-outro-for-twitch-youtube-esport.html.gz	no_price_found
data/pilot/html-balanced/vector_mediaqo/20210103_do-youtube-video-promotion-to-boost-video-ranking.html.gz	no_price_found
data/pilot/html-balanced/vector_mediaqo/20210408_do-youtube-video-promotion-to-boost-video-ranking.html.gz	no_price_found
data/pilot/html-balanced/veerakm/20210226_do-twitter-marketing-and-promotion.html.gz	no_price_found
data/pilot/html-balanced/veerakm/20210402_do-twitter-marketing-and-promotion.html.gz	no_price_found
data/pilot/html-balanced/veronicca_/20201129_do-organic-youtube-promotion.html.gz	no_price_found
data/pilot/html-balanced/veronicca_/20210210_do-organic-youtube-promotion.html.gz	no_price_found
data/pilot/html-balanced/vfxmix/20210705_create-3d-logo-animation-intro-video.html.gz	no_price_found
data/pilot/html-balanced/vfxmix/20211003_create-3d-logo-animation-intro-video.html.gz	no_price_found
data/pilot/html-balanced/videoadd07/20201116_make-corporate-promo-video-for-your-business-commercial.html.gz	no_price_found
data/pilot/html-balanced/vidpr0/20210409_make-a-awesome-book-promo-video.html.gz	no_price_found
data/pilot/html-balanced/vidpr0/20210411_create-new-book-promotion-video.html.gz	no_price_found
data/pilot/html-balanced/vidpr0/20210702_make-a-awesome-book-promo-video.html.gz	no_price_found
data/pilot/html-balanced/vidpr0/20210703_create-new-book-promotion-video.html.gz	no_price_found
data/pilot/html-balanced/vidpr0/20210709_create-cinematic-book-trailer-video.html.gz	no_price_found
data/pilot/html-balanced/vidpr0/20211001_create-new-book-promotion-video.html.gz	no_price_found
data/pilot/html-balanced/vidpr0/20211004_create-cinematic-book-trailer-video.html.gz	no_price_found
data/pilot/html-balanced/vidpr0/20211007_make-a-awesome-book-promo-video.html.gz	no_price_found
data/pilot/html-balanced/virtualsajol24/20201201_find-the-best-instagram-youtube-tiktok-influencer.html.gz	no_price_found
data/pilot/html-balanced/vivek0401/20210210_design-retro-vintage-logo.html.gz	no_price_found
data/pilot/html-balanced/vlavogelakis/20210129_record-proffesional-greek-voiceovers.html.gz	no_price_found
data/pilot/html-balanced/vlavogelakis/20211011_record-proffesional-greek-voiceovers.html.gz	no_price_found
data/pilot/html-balanced/voicuabel/20190504_create-a-video-ad-to-sell-your-shopify-product.html.gz	no_price_found
data/pilot/html-balanced/voicuabel/20190706_create-a-video-ad-to-sell-your-shopify-product.html.gz	no_price_found
data/pilot/html-balanced/volenmilchev/20210401_sing-write-compose-and-record-vocals-for-your-music.html.gz	no_price_found
data/pilot/html-balanced/voltdigitalco/20201105_create-build-and-monitor-premium-facebook-ads.html.gz	no_price_found
data/pilot/html-balanced/wahid_dipu/20210706_design-a-professional-business-flyer-or-poster.html.gz	no_price_found
data/pilot/html-balanced/wahid_dipu/20211102_design-a-professional-business-flyer-or-poster.html.gz	no_price_found
data/pilot/html-balanced/wahid_dipu/20220216_design-a-professional-business-flyer-or-poster.html.gz	no_price_found
data/pilot/html-balanced/wahid_dipu/20220408_design-a-professional-business-flyer-or-poster.html.gz	no_price_found
data/pilot/html-balanced/want2b/20201116_boost-your-site-with-exposure-to-120-000-powered-by-twitter.html.gz	no_price_found
data/pilot/html-balanced/want2b/20210210_boost-your-site-with-exposure-to-120-000-powered-by-twitter.html.gz	no_price_found
data/pilot/html-balanced/wd_com_3/20201217_do-psd-to-wordpress-theme-with-responsive.html.gz	no_price_found
data/pilot/html-balanced/webdivine/20201114_customize-and-redesign-squarespace-website-design.html.gz	no_price_found
data/pilot/html-balanced/webdivine/20201114_squarespace-website-designer-and-developer.html.gz	no_price_found
data/pilot/html-balanced/webdivine/20201224_create-ecommerce-website-on-squarespace-shopify-or-wix.html.gz	no_price_found
data/pilot/html-balanced/webdivine/20210101_customize-and-redesign-squarespace-website-design.html.gz	no_price_found
data/pilot/html-balanced/webdivine/20210103_squarespace-website-designer-and-developer.html.gz	no_price_found
data/pilot/html-balanced/webdivine/20210418_customize-and-redesign-squarespace-website-design.html.gz	no_price_found
data/pilot/html-balanced/webdivine/20210418_squarespace-website-designer-and-developer.html.gz	no_price_found
data/pilot/html-balanced/webdivine/20210725_squarespace-website-designer-and-developer.html.gz	no_price_found
data/pilot/html-balanced/webdivine/20211003_squarespace-website-designer-and-developer.html.gz	no_price_found
data/pilot/html-balanced/webdivine/20220213_squarespace-website-designer-and-developer.html.gz	no_price_found
data/pilot/html-balanced/webtrafficall/20201101_create-you-25-top-quality-youtube-back-links.html.gz	no_price_found
data/pilot/html-balanced/webtrafficall/20201101_do-20-pr9-20-edu-gov-high-pr-seo-authority-backlinks.html.gz	no_price_found
data/pilot/html-balanced/webxpertwp/20210205_be-your-leadpages-instapage-clickfunnels-expert.html.gz	no_price_found
data/pilot/html-balanced/wekmahmud/20201102_professional-landing-page-in-24-hours-with-elementor-pro-astra-pro-anding-page.html.gz	no_price_found
data/pilot/html-balanced/wgerald87/20201015_write-a-blog-post-on-my-site-and-appeal-to-the-state-of-ohio.html.gz	no_price_found
data/pilot/html-balanced/wgerald87/20210410_write-a-blog-post-on-my-site-and-appeal-to-the-state-of-ohio.html.gz	no_price_found
data/pilot/html-balanced/wgerald87/20210727_write-a-blog-post-on-my-site-and-appeal-to-the-state-of-ohio.html.gz	no_price_found
data/pilot/html-balanced/winny_jasco/20210113_setup-etsy-shop-products-listing-ebay-store-etsy-promotion-amazon-and-seo.html.gz	no_price_found
data/pilot/html-balanced/wix_protik/20201101_create-or-redesign-your-wix-website-e797.html.gz	no_price_found
data/pilot/html-balanced/wix_protik/20201105_do-create-wix-online-store.html.gz	no_price_found
data/pilot/html-balanced/wix_protik/20210101_create-or-redesign-your-wix-website-e797.html.gz	no_price_found
data/pilot/html-balanced/wonder_success/20210102_do-unique-event-marketing-and-promotions-webinar-marketing-and-promotion.html.gz	no_price_found
data/pilot/html-balanced/work_exp/20201112_create-interactive-hotspot-on-videos.html.gz	no_price_found
data/pilot/html-balanced/work_exp/20210205_translate-and-subtitle-your-videos-from-english-to-urdu-or-voice-versa.html.gz	no_price_found
data/pilot/html-balanced/work_exp/20210208_create-interactive-hotspot-on-videos.html.gz	no_price_found
data/pilot/html-balanced/work_exp/20210617_create-interactive-hotspot-on-videos.html.gz	no_price_found
data/pilot/html-balanced/work_exp/20211207_create-interactive-hotspot-on-videos.html.gz	no_price_found
data/pilot/html-balanced/work_exp/20211207_translate-and-subtitle-your-videos-from-english-to-urdu-or-voice-versa.html.gz	no_price_found
data/pilot/html-balanced/work_exp/20220309_create-interactive-hotspot-on-videos.html.gz	no_price_found
data/pilot/html-balanced/work_exp/20220309_translate-and-subtitle-your-videos-from-english-to-urdu-or-voice-versa.html.gz	no_price_found
data/pilot/html-balanced/work_exp/20220704_create-interactive-hotspot-on-videos.html.gz	no_price_found
data/pilot/html-balanced/work_exp/20220712_translate-and-subtitle-your-videos-from-english-to-urdu-or-voice-versa.html.gz	no_price_found
data/pilot/html-balanced/work_exp/20221002_create-interactive-hotspot-on-videos.html.gz	no_price_found
data/pilot/html-balanced/work_exp/20230126_create-interactive-hotspot-on-videos.html.gz	no_price_found
data/pilot/html-balanced/work_exp/20230406_translate-and-subtitle-your-videos-from-english-to-urdu-or-voice-versa.html.gz	no_price_found
data/pilot/html-balanced/work_exp/20230407_create-interactive-hotspot-on-videos.html.gz	no_price_found
data/pilot/html-balanced/work_exp/20240530_translate-and-subtitle-your-videos-from-english-to-urdu-or-voice-versa.html.gz	no_price_found
data/pilot/html-balanced/work_exp/20240604_create-interactive-hotspot-on-videos.html.gz	no_price_found
data/pilot/html-balanced/worldtok/20210329_email-marketing-web-app-for-your-mailing-list.html.gz	no_price_found
data/pilot/html-balanced/worldtok/20210421_email-marketing-web-app-for-your-mailing-list.html.gz	no_price_found
data/pilot/html-balanced/wp_amazon/20210510_create-unique-autopilot-amazon-affiliate-website.html.gz	no_price_found
data/pilot/html-balanced/wpdevarik/20201113_create-sales-funnel-using-cartflows-and-elementor-with-landing-page.html.gz	no_price_found
data/pilot/html-balanced/wpdevarik/20210320_create-sales-funnel-using-cartflows-and-elementor-with-landing-page.html.gz	no_price_found
data/pilot/html-balanced/wpdevarik/20210422_create-sales-funnel-using-cartflows-and-elementor-with-landing-page.html.gz	no_price_found
data/pilot/html-balanced/wpdevarik/20210909_create-sales-funnel-using-cartflows-and-elementor-with-landing-page.html.gz	no_price_found
data/pilot/html-balanced/wpdevarik/20211213_create-sales-funnel-using-cartflows-and-elementor-with-landing-page.html.gz	no_price_found
data/pilot/html-balanced/wpdevarik/20220202_create-sales-funnel-using-cartflows-and-elementor-with-landing-page.html.gz	no_price_found
data/pilot/html-balanced/xee_designs1/20210328_book-cover-design-ebook-cover-design-professionally.html.gz	no_price_found
data/pilot/html-balanced/xee_designs1/20210503_book-cover-design-ebook-cover-design-professionally.html.gz	no_price_found
data/pilot/html-balanced/xheikhsohaib78/20201104_dofollow-backlinks-high-da-link-building-white-hat-off-page-seo.html.gz	no_price_found
data/pilot/html-balanced/xheikhsohaib78/20201116_domain-rating-increase-dr-seo-services-ahrefs-dr-authority-backlinks-dr-40.html.gz	no_price_found
data/pilot/html-balanced/xheikhsohaib78/20210411_domain-rating-increase-dr-seo-services-ahrefs-dr-authority-backlinks-dr-40.html.gz	no_price_found
data/pilot/html-balanced/xheikhsohaib78/20210417_dofollow-backlinks-high-da-link-building-white-hat-off-page-seo.html.gz	no_price_found
data/pilot/html-balanced/xheikhsohaib78/20210729_domain-rating-increase-dr-seo-services-ahrefs-dr-authority-backlinks-dr-40.html.gz	no_price_found
data/pilot/html-balanced/xheikhsohaib78/20210811_dofollow-backlinks-high-da-link-building-white-hat-off-page-seo.html.gz	no_price_found
data/pilot/html-balanced/xheikhsohaib78/20211004_domain-rating-increase-dr-seo-services-ahrefs-dr-authority-backlinks-dr-40.html.gz	no_price_found
data/pilot/html-balanced/xheikhsohaib78/20211026_dofollow-backlinks-high-da-link-building-white-hat-off-page-seo.html.gz	no_price_found
data/pilot/html-balanced/xheikhsohaib78/20220101_domain-rating-increase-dr-seo-services-ahrefs-dr-authority-backlinks-dr-40.html.gz	no_price_found
data/pilot/html-balanced/xheikhsohaib78/20220104_dofollow-backlinks-high-da-link-building-white-hat-off-page-seo.html.gz	no_price_found
data/pilot/html-balanced/xheikhsohaib78/20220401_domain-rating-increase-dr-seo-services-ahrefs-dr-authority-backlinks-dr-40.html.gz	no_price_found
data/pilot/html-balanced/xheikhsohaib78/20220709_dofollow-backlinks-high-da-link-building-white-hat-off-page-seo.html.gz	no_price_found
data/pilot/html-balanced/xheikhsohaib78/20220716_domain-rating-increase-dr-seo-services-ahrefs-dr-authority-backlinks-dr-40.html.gz	no_price_found
data/pilot/html-balanced/xheikhsohaib78/20240529_dofollow-backlinks-high-da-link-building-white-hat-off-page-seo.html.gz	no_price_found
data/pilot/html-balanced/xheikhsohaib78/20240613_domain-rating-increase-dr-seo-services-ahrefs-dr-authority-backlinks-dr-40.html.gz	no_price_found
data/pilot/html-balanced/ydrawing/20210204_create-a-whiteboard-animation--2.html.gz	no_price_found
data/pilot/html-balanced/yesminrashada/20201101_write-about-tourism-sites-of-a-country-or-place.html.gz	no_price_found
data/pilot/html-balanced/yesminrashada/20201101_write-an-attractive-and-informative-travel-article.html.gz	no_price_found
data/pilot/html-balanced/yesminrashada/20201101_write-creative-and-compelling-product-descriptions.html.gz	no_price_found
data/pilot/html-balanced/yesminrashada/20210102_write-about-tourism-sites-of-a-country-or-place.html.gz	no_price_found
data/pilot/html-balanced/yesminrashada/20210118_be-your-perfect-social-media-manager.html.gz	no_price_found
data/pilot/html-balanced/yesminrashada/20210121_write-creative-and-compelling-product-descriptions.html.gz	no_price_found
data/pilot/html-balanced/yesminrashada/20210406_write-creative-and-compelling-product-descriptions.html.gz	no_price_found
data/pilot/html-balanced/yesminrashada/20210713_write-creative-and-compelling-product-descriptions.html.gz	no_price_found
data/pilot/html-balanced/yourimagingguy/20210108_make-your-podcast-sound-like-a-million-dollars.html.gz	no_price_found
data/pilot/html-balanced/youtube_studio/20210127_edit-top-10-youtube-videos-with-copyright-free-stock.html.gz	no_price_found
data/pilot/html-balanced/yrebsaul/20210111_do-organic-spotify-music-promotion.html.gz	no_price_found
data/pilot/html-balanced/yrebsaul/20210401_do-organic-spotify-music-promotion.html.gz	no_price_found
data/pilot/html-balanced/yrebsaul/20210401_do-viral-promotion-for-your-podcast-track-and-get-many-real-listeners-downlaods.html.gz	no_price_found
data/pilot/html-balanced/zahidul_nahid/20210204_design-exclusive-beer-can-cooler-can-sleeve-coffeewrap-bottle-and-koozies.html.gz	no_price_found
data/pilot/html-balanced/zaidinam/20210409_convert-still-images-into-an-animated-gif.html.gz	no_price_found
data/pilot/html-balanced/zaidinam/20210713_convert-still-images-into-an-animated-gif.html.gz	no_price_found
data/pilot/html-balanced/zaidinam/20211001_convert-still-images-into-an-animated-gif.html.gz	no_price_found
data/pilot/html-balanced/zaidinam/20220101_convert-still-images-into-an-animated-gif.html.gz	no_price_found
data/pilot/html-balanced/zaidinam/20220505_convert-still-images-into-an-animated-gif.html.gz	no_price_found
data/pilot/html-balanced/zaidinam/20220712_convert-still-images-into-an-animated-gif.html.gz	no_price_found
data/pilot/html-balanced/zaidinam/20221023_convert-still-images-into-an-animated-gif.html.gz	no_price_found
data/pilot/html-balanced/zaidinam/20230120_convert-still-images-into-an-animated-gif.html.gz	no_price_found
data/pilot/html-balanced/zaidinam/20230627_convert-still-images-into-an-animated-gif.html.gz	no_price_found
data/pilot/html-balanced/zaidinam/20240528_convert-still-images-into-an-animated-gif.html.gz	no_price_found
data/pilot/html-balanced/zaidinam/20240918_convert-still-images-into-an-animated-gif.html.gz	no_price_found
data/pilot/html-balanced/zaikuza/20210107_record-male-japanese-voice-acting-for-your-project.html.gz	no_price_found
data/pilot/html-balanced/zaikuza/20211228_record-male-japanese-voice-acting-for-your-project.html.gz	no_price_found
data/pilot/html-balanced/zaman200/20201102_social-media-marketing-manager-online.html.gz	no_price_found
data/pilot/html-balanced/zaman200/20210101_social-media-marketing-manager-online.html.gz	no_price_found
data/pilot/html-balanced/zeewebdesing/20210330_do-organic-viral-promotion-to-your-youtube-channel.html.gz	no_price_found
data/pilot/html-balanced/zeewebdesing/20210406_do-organic-viral-promotion-to-your-youtube-channel.html.gz	no_price_found
data/pilot/html-balanced/zephyreal/20201120_market-reseach-promote-your-instagram-page-to-increase-followers-and-engagments.html.gz	no_price_found
data/pilot/html-balanced/zephyreal/20210114_market-reseach-promote-your-instagram-page-to-increase-followers-and-engagments.html.gz	no_price_found
data/pilot/html-balanced/zubairtopu/20201109_multi-vendor-ecommerce-marketplace-website.html.gz	no_price_found
data/pilot/html-balanced/zubairtopu/20210212_multi-vendor-ecommerce-marketplace-website.html.gz	no_price_found
data/pilot/html-balanced/zubairtopu/20210401_multi-vendor-ecommerce-marketplace-website.html.gz	no_price_found
data/pilot/html-balanced/zxstudio/20210201_edit-videohive-after-effects-template-in-24-hours.html.gz	no_price_found
