seller,slug,item_id,item_label,description
a_tenorio,make-3d-architecture-rendering,46,3d | model | animation | exterior | render,make 3d architecture rendering
a_tenorio,make-an-architectural-drawing-in-autocad,16,plan | autocad | 2d | sketch | floor,make architecture drawings on autocad
aafshaseoexpert,do-seo-for-etsy-shop-to-rank-etsy-listing-on-top-pages,140,etsy | etsy shop | shop | etsy seo | tags,"do etsy seo titles, tags to top rank listings for more sales"
aasimabdullah,check-the-health-of-your-sql-server-instance,81,server | sql | sql server | discord server | discord,check and fix health of microsoft sql server instance
aasimabdullah,monitor-your-sql-server,81,server | sql | sql server | discord server | discord,monitor your microsoft sql server as your remote dba for a whole month
aasimabdullah,resolve-performance-issues-of-sql-server-2016-after-migration-from-2008r2,81,server | sql | sql server | discord server | discord,resolve sql server 2016 post migration slowness
aasimabdullah,resolve-sql-server-tempdb-contention-and-size-issues,81,server | sql | sql server | discord server | discord,resolve microsoft sql server tempdb issues
aasimabdullah,resolve-your-sql-server-and-powerbi-pains,81,server | sql | sql server | discord server | discord,resolve microsoft sql server database performance issues
aasimabdullah,train-your-sql-server-dbas-for-query-performance-tuning,81,server | sql | sql server | discord server | discord,train your sql server dbas n developers to write best performing queries
abalone,give-you-112-ebooks-with-resale-rights,116,ebooks | giving away | away | giving | rights,give you 112 ebooks with resale rights
abalone,spiritually-meditate-on-your-future-success,147,meditate | straight | minutes straight | minutes | success,spiritually meditate on your future success
abalone,translate-swedish-to-english-and-vice-versa,28,english | translate | translate english | spanish | versa,translate up to 350 words english to swedish fast professional
abalone,write-600-words-for-you-in-under-12h,129,write | articles | words | story | short,write 400 words for you in under 20h
abdullah624363,do-data-entry-data-analysis-and-data-analysis,68,data | entry | excel | data entry | web research,"do data entry, copy paste, web research, web scraping and excel data entry"
abdullahmehdi14,be-video-script-writer-exclusively-for-youtube,20,youtube | thumbnail | youtube thumbnail | design youtube | channel,be video script writer exclusively for youtube
abdullahmehdi14,do-scriptwriting-exclusively-for-youtube-video,20,youtube | thumbnail | youtube thumbnail | design youtube | channel,write python development script for youtube streamers customization and addons
abdullahmehdi14,do-youtube-video-script-writing,20,youtube | thumbnail | youtube thumbnail | design youtube | channel,do youtube video script writing
abrarkhan2,make-animated-music-video-cartoon-in-2d,3,spokesperson | video | video spokesperson | music video | music,make animated music video cartoon in 2d
acastrase,create-cad-technical-illustrations-pack-for-fashion,0,fashion | clothing | apparel | design | tech,create tech pack and flat sketches for fashion design
acastrase,create-designs-for-fashion,0,fashion | clothing | apparel | design | tech,create designs and illustration for fashion
acastrase,design-fashion-cad-illustration-flats-technical-drawings,0,fashion | clothing | apparel | design | tech,design fashion cad illustration flats technical drawings
acastrase,design-your-active-wear-fitness-two-piece-set,0,fashion | clothing | apparel | design | tech,design your active wear fitness collection
acastrase,do-active-wear-design-and-tech-pack,0,fashion | clothing | apparel | design | tech,create active wear and fitness clothing design and tech file
acastrase,draw-flat-clothing-sketches-and-fashion-design,0,fashion | clothing | apparel | design | tech,draw fashion design illustrations and sketches for your project
acastrase,provide-consultancy-on-fashion-design-and-your-fashion-label,0,fashion | clothing | apparel | design | tech,provide consultancy on fashion design and your fashion label
acastrase,redesign-and-update-fashion,0,fashion | clothing | apparel | design | tech,"design your fashion collection, clothing apparel line"
ace_art,create-a-modern-church-or-ministry-logo,8,logo | design | logo design | modern | minimalist,create a modern church or ministry logo
ace_art,create-a-professional-real-estate-business-flyer-or-poster,80,flyer | poster | event | design | flyer poster,"create a professional real estate, business flyer or poster"
ace_art,create-awesome-church-ministry-flyer-brochures-or-poster,80,flyer | poster | event | design | flyer poster,"do awesome christmas card, church flyer, churh program flyer"
ace_art,create-modern-graphical-t-shirt-design,54,graphic | shirt | graphic design | shirt design | custom,create modern graphical t shirt design
ace_art,design-a-magnificent-church-flyer-and-poster,80,flyer | poster | event | design | flyer poster,"do amazing church flyer design, event flyer design, christmas"
ace_art,design-a-top-quality-postcard-and-events-flyer,18,send | beautiful | send postcard | postcard | postcard genova,create a beautiful ministry and church flyer or poster
ace_art,design-church-conference-and-concert-flyer-or-posters,80,flyer | poster | event | design | flyer poster,design church conference and concert flyer or posters
ace_art,design-corporate-flyer-and-brochure-or-poster,80,flyer | poster | event | design | flyer poster,"design corporate flyer, event flier, brochure or poster"
ace_art,design-professional-roll-banner-signs-large-format,6,professional | card | design | design professional | business card,design professional roll banner signs large format
ace_art,do-a-beauty-health-skin-salon-flyer-or-poster-in-12hrs,80,flyer | poster | event | design | flyer poster,"do a beauty, health, skin, salon flyer or poster in 12hrs"
ace_art,do-a-professional-business-and-branding-logo,6,professional | card | design | design professional | business card,create a professional modern business and branding logo
ace_art,do-a-sparkling-sport-flyer-design-and-fitness-flyer-poster,80,flyer | poster | event | design | flyer poster,"do a sparkling sport flyer design and fitness flyer, poster"
ace_art,do-or-redesign-a-flashing-church-and-event-flyer-or-posters,80,flyer | poster | event | design | flyer poster,"do amazing church flyer, event, holiday, christmas flyer"
ace_art,do-unique-party-flyer-birthday-cards-event-fliers-posters,80,flyer | poster | event | design | flyer poster,"design stunning party flyer, event flyer or poster"
ace_art,stunning-bishop-school-and-seal-logo,8,logo | design | logo design | modern | minimalist,"do a stunning bishop, school and church seal logo"
addinu,create-hand-lettering-design,1,eye catching | catching | eye | hand | design,create awesome hand lettering design
adil_se0,do-tech-guest-post-on-my-blog,47,backlinks | dofollow | edu | edu backlinks | seo,do tech guest post or niche edit link insertion outreach dofollow seo backlinks
adnanhussain768,edit-in-alex-hormozi-style-instagram-reels-tiktoks-with-interactive-subtitles,13,facebook | instagram | timeline | post | posts,"edit in alex hormozi style instagram reels, tiktoks with interactive subtitles"
afanrahman,draw-a-2d-concept-of-a-furniture-with-standard-dimensions,67,projects | engineering | java | engineering products | products,"make 3d modeling,product designing,engineering products with technical drawing"
ahmedraza0920,create-android-app-for-you,83,app | mobile | mobile app | android | ui,develop and debug your android app
ahmedraza0920,do-mips-assembly-language-projects-for-you,67,projects | engineering | java | engineering products | products,do your assembly mips projects
ahmedraza0920,do-your-java-projects,67,projects | engineering | java | engineering products | products,do your java projects
albertoelorduy,create-a-stunning-banner-for-your-product-or-brand,31,create | video | create custom | custom | brand,create a stunning banner for your product or brand
albertoelorduy,design-the-labels-for-your-beer-or-beverage-bottles,9,packaging | design | box | label | beer,"design the labels for your beer, beverage or sauce bottles"
albertoelorduy,design-your-album-cover,45,cover | book | book cover | design | ebook,design your next album cover
albertoelorduy,design-your-event-poster,80,flyer | poster | event | design | flyer poster,design your event poster
albertoelorduy,make-a-photorealist-render-of-your-product-or-idea,46,3d | model | animation | exterior | render,make a photo realistic 3d render of your product or idea
alex_pandy,3d-models-and-2d-drawings-in-catia-v5create-cnc-code-in-mastercam-artcam,46,3d | model | animation | exterior | render,"design 3d models and 2d drawings in catia v5, 3d rendering in keyshot"
alex_pandy,do-3d-product-animation-video-3d-modeling-and-3d-rendering,46,3d | model | animation | exterior | render,"do 3d product animation video, 3d modeling and 3d rendering in keyshot"
aleynajones,write-a-fantastic-foreword-or-intro-to-your-book-or-ebook,129,write | articles | words | story | short,write your book intro
aleynajones,write-facebook-ad-copy-that-converts,74,ad | copy | ad copy | write | copy converts,write facebook ad copy that converts
alicialucdesign,do-awesome-flat-illustration-according-to-your-request,15,draw | illustration | style | cartoon | anime,"do awesome vector, flat and portrait illustration for you"
alicialucdesign,do-your-awesome-illustration,15,draw | illustration | style | cartoon | anime,do your awesome illustration
alicialucdesign,do-your-children-book-illustration,15,draw | illustration | style | cartoon | anime,draw and illustrate your children book illustration
alicialucdesign,do-your-flat-illustration-with-unlimited-revisions,15,draw | illustration | style | cartoon | anime,do your flat vector illustration with unlimited revisions
alicialucdesign,draw-awesome-yellow-cartoon-character-style-portrait,15,draw | illustration | style | cartoon | anime,draw awesome yellow cartoon character style portrait
alihassan156,do-skip-tracing-for-real-estate-business,125,real estate | estate | real | estate logo | logo,do real estate skip tracing services
alihassan156,provide-motivated-seller-real-estate-leads-with-skip-tracing,125,real estate | estate | real | estate logo | logo,provide motivated seller real estate leads with skip tracing
alikhan9734,assist-in-research-proposal,10,research | keyword research | keyword | uk | usa uk,assist in research proposal
alikhan9734,design-a-training-according-to-systematic-approach-to-training-addie,56,new | new year | year | according | training,design a training according to systematic approach to training addie
alikhan9734,give-ideas-for-research-proposal,10,research | keyword research | keyword | uk | usa uk,give an idea for research proposal
alizain_5,be-your-professional-graphic-designer-b37d,54,graphic | shirt | graphic design | shirt design | custom,be your professional graphic designer
alizain_5,do-product-packaging-design-box-design-label-design,9,packaging | design | box | label | beer,"do product packaging design, mailer box design, label design"
alokverma210,do-3d-garments-for-fashion-online-shopping-and-game,132,unity | game | assets | 3d | developer,do 3d garment or cloth for fashion online shopping and game
amartya16,monetize-your-website-or-blog-instant,40,blog | article | blog website | write | website,monetize website or blog instant by advertisement and affiliate marketing etc
amicable,do-market-research-and-competitor-analysis,10,research | keyword research | keyword | uk | usa uk,do market research and competitor analysis
amicable,help-you-with-winning-ideas-for-scholarship-essays,57,essays | journalism | case | write | reports,help you with winning ideas for scholarship essays
amicable,write-a-research-thesis-up-to-500-words,129,write | articles | words | story | short,write a research thesis up to 500 words
amicable,write-you-an-academic-essay-up-to-500-words,129,write | articles | words | story | short,write you an academic essay up to 500 words for $5
amin42,autocad-floor-plan-convert-pdf-blueprint,65,convert | pdf | powerpoint | word | convert pdf,"do convert pdf, sketch or blueprint drawing to autocad"
amin42,business-card-design-unique,6,professional | card | design | design professional | business card,do professional business card design with two concepts
amin42,convert-pdf-sketch-architectural-drawing-in-autocad-one-day,65,convert | pdf | powerpoint | word | convert pdf,convert pdf sketch architectural drawing in autocad one day
amin42,design-autocad-2d-floor-plan-very-fast,16,plan | autocad | 2d | sketch | floor,"design architectural floor plan in autocad,any sketch design"
amin42,design-master-class-logo-for-your-business,8,logo | design | logo design | modern | minimalist,"design modern, unique professional logo in 24 hours"
amin42,design-social-cover-photo-creative-banner-design,51,vector | vector tracing | tracing | pattern | logo,"do vector tracing and convert,redraw your logo in very fast"
amin42,draw-2d-site-plan-on-autocad-from-google-maps,16,plan | autocad | 2d | sketch | floor,draw 2d site plan on autocad from google maps
amir_hossain1,do-google-ad-words-and-ppc-ads-campaign-for-sales,61,ads | facebook | google | google ads | optimize,do google adwords and ppc ads campaign for sales
amir_hossain1,provide-targeted-niche-valid-active-fresh-clean-email-list,49,list | email list | follow | email | targeted,provide targeted niche valid active fresh clean email list
amir_hossain1,provide-usa-uk-canada-all-hospital-doctor-dentist-email-list,10,research | keyword research | keyword | uk | usa uk,"provide usa,uk,canada all hospital,doctor,dentist email list"
amir_hossain1,provide-you-any-country-email-list,49,list | email list | follow | email | targeted,provide you any country email list
anasshad,make-a-solidity-react-web3-dapp-for-you,37,make | money | wire | earrings | pendant,make a solidity react web3 dapp for you
anasshad,re-write-5-existing-articles,129,write | articles | words | story | short,re write 5 existing articles
andreea_91,carve-your-logo-or-text-into-stone-wood-metal-etc,35,text | animate | text clickable | logo | clickable,"carve your logo or text into stone, wood, metal etc"
andreea_91,change-your-eye-color,99,color | change | furniture | turn | change color,change your eye color
andreea_91,convert-and-save-any-file-from-any-formatwordexcel-into-an-acrobat-pdf-format,65,convert | pdf | powerpoint | word | convert pdf,"convert from any format,word,excel into pdf or reverse"
andreea_91,create-a-customized-vintage-retro-stamp-and-logo,8,logo | design | logo design | modern | minimalist,create an unique vintage retro logo
andreea_91,create-a-facebook-ad-banner-for-teespring-campaign,74,ad | copy | ad copy | write | copy converts,design high quality ad banners for your facebook teespring ad campaigns
andreea_91,create-a-vector-version-up-to-2-of-your-logosimagespictures,5,version | logos | bit | 16 bit | 16,"create a vector version up to 2 of your logos,images,pictures"
andreea_91,create-your-typographic-portrait-like-grammy-s-posters,93,portrait | family | photography | portrait photo | christmas,create your typographic portrait like grammy s posters
andreea_91,design-a-3d-cddvd-cover,46,3d | model | animation | exterior | render,design a 3d cd/dvd/box cover
andreea_91,design-a-high-quality-logo-for-your-website-or-business,59,website | seo | wix | content writer | wix website,design a quality logo for your website or business
andreea_91,design-a-professional-business-card,6,professional | card | design | design professional | business card,create a professional 2 side business card
andreea_91,design-a-professional-ebook-cover-or-kindle-cover,45,cover | book | book cover | design | ebook,design a professional ebook cover or kindle cover
andreea_91,design-a-professional-posterflyerparty-invitation,80,flyer | poster | event | design | flyer poster,"design a poster, flyer, party invitation"
andreea_91,design-a-professionalamazing-tshirt-design,54,graphic | shirt | graphic design | shirt design | custom,draw a professional graphic t shirt design
andreea_91,design-branding-identity-for-your-company,8,logo | design | logo design | modern | minimalist,design branding identity for your company
andreea_91,design-in-photoshop-or-illustrator-any-type-graphic-you-need,65,convert | pdf | powerpoint | word | convert pdf,design in photoshop or illustrator any type graphic you need
andreea_91,design-retro-vintage-logo,8,logo | design | logo design | modern | minimalist,design retro vintage logo badge stamp for $5
andreea_91,do-10-diferent-black-and-whitecolor-versions-of-your-photo,14,white | ico | white paper | paper | black white,do 10 diferent black and white/color versions of your photo
andreea_91,make-banner-header-for-your-websiteblog,59,website | seo | wix | content writer | wix website,"design an attractive,professional website banner or header"
andreea_91,professionally-cartoonize-your-photo,34,coach | professionally coach | professionally | cartoonize | war,professionally cartoonize your photo
andreea_91,professionally-remove-background-of-any-picture,32,background | picture | remove | profile picture | remove background,professionally remove background of any picture
andreea_91,turn-your-logo-to-6-realistic-designs,99,color | change | furniture | turn | change color,turn your logo to 6 realistic designs
andreea_91,turn-your-photo-into-painting-art,44,digital | painting | photo | art | manipulate photo,turn your photo into painting art
andresliu,convert-psd-to-email-responsive-html-email-template,138,html | responsive | convert | convert psd | psd,convert your psd to a responsive html email template
andresliu,convert-sketch-to-html-with-responsive-design,138,html | responsive | convert | convert psd | psd,convert sketch to html with responsive design
andresliu,create-a-modern-simple-biography-webpage,89,code | qr | qr code | desktop application | desktop,"code a modern, minimal biography webpage"
andresliu,illustrate-2x1-any-flat-style-icon,0,fashion | clothing | apparel | design | tech,design two flat illustrations
andyinx,html-5-game-developer,132,unity | game | assets | 3d | developer,"developer game with cocos creator, unity, pixijs"
aneeb_graphic,create-a-wordpress-website-or-blog,4,wordpress | wordpress website | page | website | fix,create a responsive wordpress website design
aneeb_graphic,create-a-wordpress-website-responsive-wordpress-design,4,wordpress | wordpress website | page | website | fix,create wordpress website with responsive design
aneeb_graphic,create-an-icon-design,83,app | mobile | mobile app | android | ui,create mobile app icon design
aneeb_graphic,design-a-professional-book-cover,45,cover | book | book cover | design | ebook,design a professional book cover and flyers
aneeb_graphic,design-arabic-logo-and-arabic-calligraphy,8,logo | design | logo design | modern | minimalist,design arabic logo and arabic calligraphy
aneeb_graphic,design-business-card-and-logo,8,logo | design | logo design | modern | minimalist,create company logo design and complete brand identity with a full branding kit
aneeb_graphic,design-professional-infographic-design,6,professional | card | design | design professional | business card,design professional infographic design
aneeb_graphic,design-unique-android-and-ios-app-icons,83,app | mobile | mobile app | android | ui,design unique android and ios app icons
aneeb_graphic,design-unique-style-business-card-for-you,6,professional | card | design | design professional | business card,do business card design
aneeb_graphic,do-an-icon-design,83,app | mobile | mobile app | android | ui,do an icon design in 4 hours
aneeb_graphic,do-creative-logo-design-for-your-business,8,logo | design | logo design | modern | minimalist,do a creative logo design for your business
aneeb_graphic,do-flat-and-versatile-logo-design-for-your-brand,8,logo | design | logo design | modern | minimalist,do creative business logo design
aneeb_graphic,do-innovative-minimalist-logo-design,8,logo | design | logo design | modern | minimalist,do innovative minimalist logo design
aneeb_graphic,do-label-design-for-your-product,63,product | video | amazon | product video | amazon product,do label design for your product
aneeb_graphic,photoshop-remove-background-crop-resize,32,background | picture | remove | profile picture | remove background,"remove background , crop, resize , edit,"
animash_mondal,design-business-card-and-stationary,6,professional | card | design | design professional | business card,design business card and stationary
animash_mondal,do-professional-business-card-design,6,professional | card | design | design professional | business card,do professional business card design
animash_mondal,provide-professional-business-card-design-for-your-business,6,professional | card | design | design professional | business card,provide professional business card design for your business
anna_ico,write-and-design-your-blockchain-whitepaper,14,white | ico | white paper | paper | black white,write and design your blockchain ico white paper
annayc,give-you-amazing-vocal-exercises-in-mp3-format,92,vocal | complete | pitch | correction | exercises,give you amazing vocal exercises in mp3 format
annayc,give-you-digital-prints-of-any-of-my-paintings,76,fiverr | login | login fiverr | starting | need,login to fiverr
annayc,record-background-vocals-on-your-song,60,song | vocals | tune | jingle | song jingle,record background vocals on your song
annayc,record-vocals-for-a-childrens-song,60,song | vocals | tune | jingle | song jingle,record vocals for a childrens song
annayc,sing-on-your-song-or-jingle,60,song | vocals | tune | jingle | song jingle,sing on your original song or jingle
annayc,speed-paint-your-logo,15,draw | illustration | style | cartoon | anime,speed paint your logo
annesupernova,do-a-natural-video-testimonial-or-message,3,spokesperson | video | video spokesperson | music video | music,be your authentic spokesperson with natural background
annesupernova,do-quality-english-transcription-of-your-audio-and-video,29,audio | track | audio video | video | transcribe,do transcription of your audio and video up to 15 minutes
annesupernova,give-you-relationship-advice-and-listen-to-your-problem,78,advice | legal advice | offshore | legal | germany,give you relationship advice and listen to your problem
annesupernova,hold-a-sign-for-your-product-website-business,33,promote | promote business | sign | business | organically,hold a sign promoting your product/website/business
annesupernova,hold-a-sign-with-any-message-you-want--2,33,promote | promote business | sign | business | organically,hold a sign with any message you want
annesupernova,take-5-photos-of-me-holding-a-sign--2,76,fiverr | login | login fiverr | starting | need,login to fiverr
anthonyredshoes,animate-text-to-look-like-it-is-being-written-on-a-chalkboard,35,text | animate | text clickable | logo | clickable,animate text to look like it is being written on a chalkboard
anthonyredshoes,give-you-5-original-creative-names-for-anything-you-want-usernames-pets-bands-59bbefcf-7deb-48ab-be6f-7be6c0cc1bc1,21,testing | 10 | qa | names | qa testing,"give you 10 original creative names for anything you want usernames, pets, bands"
antonfromm,test-your-games-and-software-on-different-platforms,108,test | bugs | software | games | different,test your games and software on different platforms
anwarhossanrony,fix-any-kind-of-wordpress-problems-errors-bugs-issues,4,wordpress | wordpress website | page | website | fix,"fix any wordpress bug, error, issue"
anwarhossanrony,upload-products-to-your-wordpress-ecommerce-site,42,shopify | store | ecommerce | shopify store | products,upload products to your wordpress ecommerce site
arcticvox,dub-your-video-from-any-language-into-english,28,english | translate | translate english | spanish | versa,dub your video from any language into english
arcticvox,record-you-professional-voice-over-in-american-english,24,voice | record | female | record professional | male,record your professional voice over in american english with commercial rights
arcticvox,record-your-commercial-with-american-male-voiceover,24,voice | record | female | record professional | male,record your usa male voiceover with full broadcast rights
arcticvox,record-your-professional-voice-over-in-american-english,24,voice | record | female | record professional | male,record your professional voice over in american english
arcticvox,record-your-professional-voice-over-in-british-english,24,voice | record | female | record professional | male,record your professional voice over in british english with commercial rights
arianamanavi,create-a-pixel-art-nft-collection-for-your-project-7490,100,collection | nft | nft collection | sports | unique nft,create a pixel art nft collection for your project
aribrostudio,create-a-catchy-dropshipping-facebook-video-ad-with-a-free-thumbnail,61,ads | facebook | google | google ads | optimize,create a catchy dropshipping facebook video ads with a free thumbnail
aribrostudio,create-dropshipping-facebook-and-shopify-video-ads,61,ads | facebook | google | google ads | optimize,create shopify facebook video ads for dropshipping products
aribrostudio,design-shopify-facebook-video-ad-for-your-dropshipping-product,61,ads | facebook | google | google ads | optimize,create shopify facebook video ads for dropshipping product
arslanalif,write-an-impressive-blockchain-white-paper,14,white | ico | white paper | paper | black white,"write top notch nft, blockchain or crypto white paper"
artmasterarch,do-oil-painting-and-autocad-designs,16,plan | autocad | 2d | sketch | floor,"landscape layout design, exterior ,backyard, lawn, garden, terrace , site plan"
artur8977,make-a-simple-animation-of-your-logo,37,make | money | wire | earrings | pendant,make a professional animation of your logo
arunl0h,create-a-sample-for-your-trap-and-hiphop-beats,4,wordpress | wordpress website | page | website | fix,create unique trap and hiphop melodies with professional plugins
arunl0h,produce-sing-rap-make-beats-mix-and-master-for-you-with-my-talent-in-music,117,rap | beats | sing | hop beats | hip hop,"sing, rap and make different beats for you with my talent"
aryakuza,cartoonize-your-lovely-pet,34,coach | professionally coach | professionally | cartoonize | war,cartoonize your lovely pet
aryakuza,create-uncurved-pop-art-portrait-of-yours,75,wpap | portraits | stylish | pop | day,do professional wpap pop art less than a day
aryakuza,draw-custom-cute-twitch-emotes,15,draw | illustration | style | cartoon | anime,draw custom cute twitch emotes and badges
aryakuza,draw-retro-illustration-in-hiroshi-nagai-style,15,draw | illustration | style | cartoon | anime,draw landscape illustration in hiroshi nagai style
aryakuza,draw-your-pet-into-a-super-detailed-vector,112,detailed | models | conduct | topic | architectural,draw your pet into a super detailed vector
aryakuza,turn-anyone-portraits-into-a-full-color-cartoon-avatar,99,color | change | furniture | turn | change color,turn anyone portraits into a full color cartoon avatar
aryakuza,turn-your-photo-into-stylish-line-art-portrait,6,professional | card | design | design professional | business card,redraw anything into professional lineart
asad_azad,create-canva-instagram-post-templates,13,facebook | instagram | timeline | post | posts,create canva instagram post templates
asad_azad,design-2-minimalist-business-card-in-24-hour,6,professional | card | design | design professional | business card,design luxury business card with a mockup
asad_azad,design-3d-logo-for-your-business-e372,125,real estate | estate | real | estate logo | logo,"design 3d app, sports, and the real estate logo"
asad_azad,design-a-professional-email-signature-in-adobe-illustrator,126,intro | logo | youtube | animation | intro outro,design a professional email signature in adobe illustrator
asad_azad,design-a-unique-logo-and-create-your-branding,8,logo | design | logo design | modern | minimalist,design a unique logo and create your branding
asad_azad,design-awesome-logo-in-1-hour,8,logo | design | logo design | modern | minimalist,"design modern sports logo for teams, club, and leagues"
asad_azad,design-luxury-wedding-card-or-invitation-card-for-any-event,6,professional | card | design | design professional | business card,design luxury wedding card or invitation card for any event
asad_azad,design-magnificent-and-professional-logo-for-you-in-24-hours,125,real estate | estate | real | estate logo | logo,design unique 3d real estate property construction home logo
asad_azad,design-modern-and-unique-podcast-cover-art,45,cover | book | book cover | design | ebook,design modern and unique podcast cover art
asad_azad,design-perfect-minimalist-logo-within-24-hours,69,perfect | 24 hours | 24 | hours | design perfect,design perfect minimalist logo within 24 hours
asad_azad,design-professional-book-cover-for-you-in-just-one-day,45,cover | book | book cover | design | ebook,"design professional and clean book, ebook,cd, and dvds cover"
asad_azad,design-professional-restaurant-bar-menu,6,professional | card | design | design professional | business card,"design professional restaurant, bar menu"
asad_azad,design-twitter-header-covers-and-manage-ads-campaign-541e,106,twitter | followers | 1000 | instant | twitter followers,"design twitter header, covers and manage ads campaign"
asad_azad,design-ui-ux-design-for-mobile-app-website-or-landing-page,83,app | mobile | mobile app | android | ui,"design ui ux design for mobile app, website or landing page"
asad_azad,design-unique-3d-logo-for-your-business,8,logo | design | logo design | modern | minimalist,design unique signature logo for your business
asad_azad,design-website-header-twitter-banner-pinterest-pin-and-ads,106,twitter | followers | 1000 | instant | twitter followers,"design website header, twitter banner, pinterest pin and ads"
asad_azad,do-proffessional-logo-for-your-business,8,logo | design | logo design | modern | minimalist,do modern professional logo design for your business
asad_azad,professionally-do-photoshop-editing-and-retouching,27,editing | photoshop | photoshop editing | photo | video editing,professionally do photoshop editing and retouching
asad_gujjar,setup-and-customize-your-shopify-store,42,shopify | store | ecommerce | shopify store | products,setup and customize your shopify store
asadullah8755,code-a-metatrader-4-mt4-indicator-or-expert-advisor-forex-robot-ea,105,advisor | expert advisor | expert | indicator | mt4,code a metatrader mt4 indicator or expert advisor robot on any custom indicator
asadullah8755,create-an-mt4-dashboard-scanner-on-mt4-or-custom-indicators,131,strategy | marketing | digital marketing | brand | digital,create a dashboard scanner in mql4 for mt4 on custom indicators or strategy
asadullah8755,make-forex-mt4-scanner-for-any-indicator,131,strategy | marketing | digital marketing | brand | digital,code forex mt4 dashboard scanner for your custom indicator and strategy
ashokj89,do-web-research-and-data-entry-for-you,68,data | entry | excel | data entry | web research,do web research and data entry for you
ashokj89,install-ssl-certificate-and-configure-http-to-https-free,23,program | affiliate | affiliate program | install | configure,install ssl certificate and configure http to https free
ashokj89,remove-windows-and-server-password,81,server | sql | sql server | discord server | discord,remove forgotten windows and server password
ashokj89,repair-your-computer-remotely,148,mac | mac computer | remotely | repair fix | laptop,"repair, fix your windows, mac computer, laptop, pc remotely"
ashokj89,repair-your-mac-remotely,148,mac | mac computer | remotely | repair fix | laptop,"repair, fix your mac computer, laptop,desktop,pc remotely"
asif_khan07,create-medical-infographics-ppt-slides-and-google-slides,122,slides | infographics | ppt | medical | google,"create medical infographics, ppt slides, and google slides"
asif_khan07,do-research-on-medical-and-scientific-content,10,research | keyword research | keyword | uk | usa uk,"do research on medical, pharmaceuticals, and scientific content"
asif_khan07,get-a-well-research-content-on-medical-and-scientific-topics,129,write | articles | words | story | short,"write researched medical, health, and medicine articles"
asif_khan07,research-and-create-organic-or-cosmetic-formulations,10,research | keyword research | keyword | uk | usa uk,"research, create organic supplement or cosmetic formulation"
asuadesigns,do-3d-cad-modeling-photo-realistic-rendering-and-2d-drawing,46,3d | model | animation | exterior | render,"do 3d modeling, 3d rendering, 3d product animation in blender"
asuadesigns,do-3d-exploded-view-animation-for-your-product,46,3d | model | animation | exterior | render,do 3d exploded view animation for your product
athiraz,english-to-malay-translation,28,english | translate | translate english | spanish | versa,translate english to malay or vice versa
athiraz,malay-to-english-translation,20,youtube | thumbnail | youtube thumbnail | design youtube | channel,write radio and commercial or animation short video script
athiraz,write-you-a-short-play-script,129,write | articles | words | story | short,write you a short play script
aviinfinity,beta-test-your-app-or-website,83,app | mobile | mobile app | android | ui,test your app or website out
aviinfinity,convert-a-file-to-pdf,73,file | embroidery | convert | convert file | formats,convert your file into a different format
aviinfinity,create-app-screenshots-for-you,83,app | mobile | mobile app | android | ui,create app screenshots for you
aviinfinity,do-simple-graphic-design-work,145,photos | retouch | edit | edit retouch | retouch photos,create and edit your photos
aviinfinity,download-review-and-rate-your-app,83,app | mobile | mobile app | android | ui,review your mobile app
aviinfinity,extract-or-remove-the-audio-from-your-video,29,audio | track | audio video | video | transcribe,fix your audio track within your video
aviinfinity,give-you-1000-sound-effects-6e0ab370-0cc8-4fdf-bf13-e4b1dc139cf9,113,sound | sound design | sound effects | effects | design,provide you with a library of 1001 sound effects
aviinfinity,give-you-an-app-idea,83,app | mobile | mobile app | android | ui,give you an app idea
aviinfinity,make-a-simple-app-tutorial-video,37,make | money | wire | earrings | pendant,make a simple app tutorial video
aviinfinity,make-you-a-shia-labouf-just-do-it-video,41,just | site | make | membership | make wordpress,make you a shia labeouf just do it video
awaismir009,transcript-flawlessly-up-to-60-minute-audio,29,audio | track | audio video | video | transcribe,transcript flawlessly up to 60 minute audio in lowest price
awaismir009,write-a-professional-and-eye-catching-job-description,7,job | job description | description | resume | cv,write a professional and eye catching job description
ayanali313,make-an-animated-lyric-video-for-your-song,3,spokesperson | video | video spokesperson | music video | music,make an animated lyric video for your song
ayesha_9717,do-original-hand-drawing-coloring-videos-for-youtube,38,videos | exercise | fitness | videos youtube | fitness exercise,"do original hand drawing , coloring videos for youtube"
ayesha_9717,original-hand-drawing-coloring-videos-for-youtube,38,videos | exercise | fitness | videos youtube | fitness exercise,"do original hand drawing , coloring videos for youtube"
aylansemesta,boost-your-brand-identity-with-brilliant-logo-design,8,logo | design | logo design | modern | minimalist,design brand or logo identity for your event
aylansemesta,design-nice-android-or-ios-ui-for-your-mobile-app,83,app | mobile | mobile app | android | ui,design your mobile android or ios ui app
aylansemesta,design-one-page-or-landing-page-web-design,4,wordpress | wordpress website | page | website | fix,design creative one page or landing page website ui
aylansemesta,design-social-media-kit-for-political-campaign,133,social media | media | social | media post | media manager,design social media kit for political campaign
aylansemesta,design-ultimate-ico-blockchain-landing-page,14,white | ico | white paper | paper | black white,design an epic ico blockchain website or landing page
aylansemesta,design-your-facebook-profile-picture-frame,32,background | picture | remove | profile picture | remove background,design your facebook profile picture frame
aylansemesta,install-and-modify-wordpress-theme-to-match-your-brand,4,wordpress | wordpress website | page | website | fix,install and modify wordpress theme to match your brand
aylansemesta,manipulate-your-photo-into-imaginative-digital-art,44,digital | painting | photo | art | manipulate photo,manipulate your photo into imaginative digital art
aylansemesta,premium-psd-web-ui-design,4,wordpress | wordpress website | page | website | fix,design creative and premium psd or xd website ui
ayoubwork,design-a-minimal-and-elegant-beer-or-wine-label,9,packaging | design | box | label | beer,design a minimal and elegant beer or wine label
ayoubwork,design-a-minimal-and-elegant-wine-label,9,packaging | design | box | label | beer,design a minimal and elegant wine label
aysha1998,create-attractive-restaurant-menu-design,6,professional | card | design | design professional | business card,design professional restaurant food menu
aysha1998,design-business-flyer-poster-menu-card,80,flyer | poster | event | design | flyer poster,"design business flyer, poster, menu card"
aysha1998,design-elegant-any-invitation-card-flyer-poster,6,professional | card | design | design professional | business card,"design elegant any invitation card, flyer, poster"
aysha1998,design-modern-attractive-food-menu,6,professional | card | design | design professional | business card,"design modern, attractive food menu"
aysha1998,design-modern-menu-spa-or-any-service-pricing-table,49,list | email list | follow | email | targeted,"design attractive price list, menu or chart of any services"
aysha1998,design-price-list-table-or-menu-list,49,list | email list | follow | email | targeted,"design price list, table or menu list"
aysha1998,design-professional-business-card,6,professional | card | design | design professional | business card,design professional business card
aysha1998,design-professional-restaurant-menu-card,6,professional | card | design | design professional | business card,design professional restaurant menu card
aysha1998,do-professional-and-unique-business-card-stationary-with-12h,6,professional | card | design | design professional | business card,"design business card, stationary"
aythriver,develop-an-app-or-website-using-bubble-and-adalo,83,app | mobile | mobile app | android | ui,develop a bubble app or website on bubble io
aythriver,develop-wix-ecommerce-store-business-wix-website-wix-website-redesign,59,website | seo | wix | content writer | wix website,"develop wix ecommerce store, business wix website, wix website redesign"
aythriver,setup-clickup-monday-asana-trello-project-management-workspace-platform,22,setup | monday | protection | fantastic | secure,setup monday monday crm clickup airtable and be your main monday com expert
aythriver,setup-monday-project-management-board-with-monday-com,22,setup | monday | protection | fantastic | secure,setup monday crm project management board with monday com
aythriver,setup-zoho-crm-zoho-campaign-zoho-automation-zoho-survey,68,data | entry | excel | data entry | web research,"setup zoho crm, zoho campaign, zoho automation, zoho survey"
azlangschool,be-able-to-do-pretty-fast-and-accurate-typing-for-you,69,perfect | 24 hours | 24 | hours | design perfect,type 100 pages in 24 hours english arabic tamil typing with 88 wpm
azlangschool,create-simple-but-elegant-logo-for-low-prices,6,professional | card | design | design professional | business card,design a professional logo that represents your brand in just 24 hours
azlangschool,do-web-scraping-data-mining-with-python-or-any-project-related-to-python,20,youtube | thumbnail | youtube thumbnail | design youtube | channel,write a python 3 script
azlangschool,input-data-in-excel-or-word,68,data | entry | excel | data entry | web research,"do data cleaning, preprocessing, visualization, automation and analytics"
babararmy96,create-and-customize-your-wordpress-site,4,wordpress | wordpress website | page | website | fix,create and customize your wordpress site
babarshahzad345,be-your-hr-consultant-for-long-time-job-ads-recruitment-job-description-etc,7,job | job description | description | resume | cv,"be your hr consultant for long time, job ads, recruitment, job description etc"
babarshahzad345,create-google-form-and-jotform-for-you-in-one-hour,6,professional | card | design | design professional | business card,create online survey using typeform jotform google form questionnaire for you
babarshahzad345,create-job-description-jd-adverts-policies-forms-and-organograms,7,job | job description | description | resume | cv,create job description jd adverts policies forms and organograms
babarshahzad345,create-job-description-jd-adverts-policies-forms-and-organograms-2bd5,7,job | job description | description | resume | cv,create job description jd adverts policies forms and organograms
babarshahzad345,create-professional-google-questionnaire-and-form-in-1-hour,6,professional | card | design | design professional | business card,create professional google form or questionnaire in 1 hour
babarshahzad345,create-stunning-job-description-job-advert-organograms-contract-letters,7,job | job description | description | resume | cv,"create stunning job description, job advert, organograms, contract letters"
babarshahzad345,expertly-craft-job-descriptions-job-application-and-job-posting,7,job | job description | description | resume | cv,"expertly craft job descriptions, job application and job posting"
babita943,help-you-cook-authentic-southnorth-indian-veg-dishes,128,help | assignments | sharp | assignments problems | help started,help you cook authentic south/north indian veg dishes
babita943,help-you-in-your-biology-assignments-and-problems,128,help | assignments | sharp | assignments problems | help started,help you in your biology assignments and problems
babita943,help-you-with-bioinformatics,128,help | assignments | sharp | assignments problems | help started,help you with bioinformatics
babita943,help-you-with-immunology-assignments-and-problems,128,help | assignments | sharp | assignments problems | help started,help you with immunology assignments and problems
babita943,help-you-with-your-biochemistry-assignments,128,help | assignments | sharp | assignments problems | help started,help you with your biochemistry assignments
babita943,make-earrings-matching-your-tree-of-life-pendant,37,make | money | wire | earrings | pendant,make wire wrappped custom earrings gems or crystals
babita943,make-matching-ring-to-your-tree-of-life-pendant,37,make | money | wire | earrings | pendant,make matching ring to your tree of life pendant
babita943,make-you-2-pairs-of-wire-wrap-copper-silver-and-fabric-earrings,37,make | money | wire | earrings | pendant,make you a egyptian link bracelet 6 or 7 inch
babita943,make-you-a-16-inch-necklace-silvergold-wire,37,make | money | wire | earrings | pendant,make you a pendant necklace and earrings set
babita943,make-you-a-beautiful-coppersilvergold-wire-wrapped-stonecabochon-pendant,37,make | money | wire | earrings | pendant,make you a weaved copper wire cabochon pendant
babita943,make-you-a-beautiful-tree-of-life-pendant-with-your-choice-of-colors,76,fiverr | login | login fiverr | starting | need,get everything you need starting at $5 - fiverr
babita943,make-you-a-beautiful-wire-wrapped-unique-earrings,37,make | money | wire | earrings | pendant,make you 2 pairs of swarovski crystal earrings
babita943,make-you-a-burning-man-pendant-coppersilver,37,make | money | wire | earrings | pendant,make you a custom pendant copper/silver
babita943,make-you-a-copper-wire-ring,37,make | money | wire | earrings | pendant,make you a copper wire ring
babita943,make-you-a-cute-wire-pendant-with-16-inch-chain,37,make | money | wire | earrings | pendant,make you a cute wire pendant with 16 inch chain by babita943
babita943,make-you-a-wire-wrapped-swarowaski-crystal-ring,37,make | money | wire | earrings | pendant,make you a wire wrapped swarowaski crystal ring
babita943,make-you-antique-copper-bead-necklace-earring-set,37,make | money | wire | earrings | pendant,make you viking knit copper wire bracelet 6 or 7 inch
babita943,make-you-half-egyptian-link-copper-wire-bracelet,37,make | money | wire | earrings | pendant,make egyptian link earrings for necklace see extras
babita943,make-you-three-cute-pairs-of-earrings,37,make | money | wire | earrings | pendant,make you three cute pairs of earrings
babita943,make-you-two-beautiful-wire-wrapped-rings,37,make | money | wire | earrings | pendant,make you a beautiful jewelry piece wire wrap ring
babita943,provide-you-help-with-simple-linuxunix-command,128,help | assignments | sharp | assignments problems | help started,provide you help with simple linux/unix command
babita943,send-you-a-magic-formula-to-remember-taxonomic-names-and-classification,101,tell | ways | 15 | read | british,read your one hand/palm and tell you its meaning
babita943,send-you-one-of-these-beautiful-tibetan-bracelets,18,send | beautiful | send postcard | postcard | postcard genova,send you one of these beautiful tibetan bracelets
babita943,send-you-this-necklace-earring-set,37,make | money | wire | earrings | pendant,send you this necklace earring set
babita943,send-you-three-pairs-of-loop-earrings-as-shown-in-the-photo,37,make | money | wire | earrings | pendant,send you three pairs of loop earrings as shown in the photo
babita943,translate-hindi-to-english-500-words-or-vice-versa,28,english | translate | translate english | spanish | versa,translate hindi to english 500 words or vice versa
bahayalniz,do-3d-animation-of-your-product,46,3d | model | animation | exterior | render,do 3d animation of your product
bakht_muhammad,make-you-software-developer,86,lesson | tutor | cooking video | cooking | software,"tutor you in software development, coding or programming"
bakht_muhammad,teach-python-data-science-and-machine-learning,77,python | django | python django | learning | django flask,"tutor you in python, data science and machine learning"
bandara_art,draw-architectural-sketches-of-exterior-view-of-buildings-with-watercolor,12,ways | view | hubpages | hubs | suggest,draw architectural sketches of exterior view of buildings with watercolor
bartleap,be-your-seo-strategy-consultant,131,strategy | marketing | digital marketing | brand | digital,be your seo strategy consultant
bartleap,help-you-choose-the-right-seo-keywords-to-use,10,research | keyword research | keyword | uk | usa uk,help you with seo keyword research
bartleap,make-seo-your-next-growth-story,59,website | seo | wix | content writer | wix website,professionally audit your website for seo
bartleap,use-a-data-led-approach-to-seo-onpage-optimisation,10,research | keyword research | keyword | uk | usa uk,optimise your site with seo keyword research
basnayakadpo,create-factory-support-fashion-tech-packs,0,fashion | clothing | apparel | design | tech,create factory support fashion tech pack designs
basnayakadpo,make-your-garment-idea-into-a-technical-drawing,0,fashion | clothing | apparel | design | tech,create complete fashion tech pack design
beniamin,accept-a-tip-from-you-if-you-appreciate-my-work,71,tip | accept | accept tip | work | happily accept,accept a tip from you if you appreciate my work
beniamin,create-3d-book-flipper-book-profesional,45,cover | book | book cover | design | ebook,create flipper book profesional
beniamin,create-a-profession-cover-image-or-for-your-book,45,cover | book | book cover | design | ebook,create a profession cover image for your book
beniamin,create-an-eye-catching-dodle-or-presentatio-video,38,videos | exercise | fitness | videos youtube | fitness exercise,doodle videos animated doodle video presentations
beniamin,create-e-book-profesional-cover-profesional,45,cover | book | book cover | design | ebook,"create e book profesional, cover profesional"
beniamin,create-professional-whiteboard-video-scribe-to-show-your-service,6,professional | card | design | design professional | business card,create professional draw on whiteboard or animated video
beniamin,create-video-profesional-intro,45,cover | book | book cover | design | ebook,create video profesional intro
beniamin,create-whiteboard-animation-doodle-or-video-scribing,69,perfect | 24 hours | 24 | hours | design perfect,create perfect presentation whiteboard
beniamin,design-2-unique-logo-professional-logos,8,logo | design | logo design | modern | minimalist,design your own company branding professiona business logo
beniamin,design-3-professional-logo-for-your-business,8,logo | design | logo design | modern | minimalist,"design 3 unique logo, professional logo,company logo"
beniamin,design-3-unique-different-professional-logo-for-your-business-your,8,logo | design | logo design | modern | minimalist,design 3 unique different professional logo for your business
beniamin,design-any-type-of-bannerbanners-cover-poster-billboard-anything,45,cover | book | book cover | design | ebook,design 5 profesional banners only
beniamin,design-perfect-awesome-professional-header-banner,69,perfect | 24 hours | 24 | hours | design perfect,"design perfect, awesome professional header , banner"
beniamin,give-you-125-real-human-youtube-likes,20,youtube | thumbnail | youtube thumbnail | design youtube | channel,get you 200 fast likes on your youtube video
beniamin,make-a-market-research-with-the-best-monetization-keywords-and-the-highest-commercial-intention,10,research | keyword research | keyword | uk | usa uk,make a market research with the best monetization keywords and the highest commercial intention
beniamin,make-a-video-submission-for-you-on-30-high-ranking-sites-of-video-sharing,3,spokesperson | video | video spokesperson | music video | music,make a video submission for you on 30 high ranking sites of video sharing
beniamin,make-a-video-submission-for-you-on-38-high-ranking-sites-of-video-sharing,3,spokesperson | video | video spokesperson | music video | music,make a video submission for you on 38 high ranking sites of video sharing
beniamin,make-manual-submission-in-max-24-hours-to-20-top-videos-sharing-websites,3,spokesperson | video | video spokesperson | music video | music,make manual submission in max 24 hours to 20 top videos sharing websites for $5
beniamin,share-video-to-30-top-sharing-list,3,spokesperson | video | video spokesperson | music video | music,share video manual to 30 top sharing list
beniamin,take-awesome-professional-hd-pictures-with-your-sign,33,promote | promote business | sign | business | organically,promote your bussines holding your sign
bestdesignerrr,design-an-awesome-logo,8,logo | design | logo design | modern | minimalist,do simple modern minimalist business logo design
bestdesignerrr,design-anything-for-christmas,54,graphic | shirt | graphic design | shirt design | custom,be your graphic designer
bestdesignerrr,do-unique-and-clean-modern-minimalist-business-logo-design-62bb,8,logo | design | logo design | modern | minimalist,do luxury unique modern minimalist business logo design
bestdesignerrr,remove-background-of-your-product,63,product | video | amazon | product video | amazon product,edit your product picture for amazon and ebay
bestdesignerrr,remove-backgrounds-within-24hours,100,collection | nft | nft collection | sports | unique nft,"create generative unique nft art collection 100, 1k and 10k"
bet4nik,accept-tip-if-you-are-extremely-satisfied-with-my-work,71,tip | accept | accept tip | work | happily accept,accept tip if you are extremely satisfied with my work
bet4nik,add-500-twitter-followers-to-your-profile-needing-your-password-and-without-harming-your-account-in-any-way,106,twitter | followers | 1000 | instant | twitter followers,add 500+ twitter followers to your profile needing your password and without harming your account in any way
bet4nik,add-looping-video-in-your-twitter-profile-picture,32,background | picture | remove | profile picture | remove background,add looping video in your twitter profile picture
bet4nik,add-the-facebook-like-button-in-your-wordpress-blog-posts,40,blog | article | blog website | write | website,add the facebook like button in your wordpress blog posts
bet4nik,cast-10-votes-for-you-in-contest,21,testing | 10 | qa | names | qa testing,cast 10 votes for you in contest
bet4nik,change-color-of-your-clothes-in-your-picture,99,color | change | furniture | turn | change color,change color of your clothes in your picture
bet4nik,change-the-background-of-your-photo,32,background | picture | remove | profile picture | remove background,change the background of your photo
bet4nik,convert-various-file-formats,73,file | embroidery | convert | convert file | formats,convert various file formats
bet4nik,create-website-for-your-any-business-or-service,59,website | seo | wix | content writer | wix website,create website for any business or service
bet4nik,do-various-online-related-works-just,41,just | site | make | membership | make wordpress,do various online related works just
bet4nik,edit-audio-and-video-or-any-media-file-just,29,audio | track | audio video | video | transcribe,edit audio and video or any media file just
bet4nik,fix-hacked-wordpress-website,4,wordpress | wordpress website | page | website | fix,fix hacked wordpress website
bet4nik,fix-wordpress-error-problems-issue,4,wordpress | wordpress website | page | website | fix,fix wordpress error / problems / issue
bet4nik,install-and-configure-wordpress-plugin,23,program | affiliate | affiliate program | install | configure,install and configure wordpress plugin
bet4nik,install-scriptssoftwares-on-your-site-just,41,just | site | make | membership | make wordpress,install scripts/softwares on your site just
bet4nik,install-wordpress-on-your-site,4,wordpress | wordpress website | page | website | fix,install wordpress on your site
bet4nik,make-your-wordpress-blog-to-a-membership-site,41,just | site | make | membership | make wordpress,make your wordpress blog to a professional membership site
bet4nik,move-your-wordpress-website-to-another-host,4,wordpress | wordpress website | page | website | fix,move your wordpress website to another host
bet4nik,secure-your-site-for-protection-against-hackers,22,setup | monday | protection | fantastic | secure,secure your site for protection against hackers
bet4nik,setup-protection-for-images-from-being-copied-or-stolen,22,setup | monday | protection | fantastic | secure,setup protection for images from being copied or stolen
bet4nik,setup-wordpress-site-with-a-shopping-store,41,just | site | make | membership | make wordpress,make your wordpress site/blog to a shopping store just
bet4nik,transcribe-audio-video-recorded-speech-hand-written-text,29,audio | track | audio video | video | transcribe,transcribe audio / video / recorded speech / hand written text
biastdesign,make-best-custom-minecraft-skin,104,skin | serum | make best | video | best,make best custom minecraft skin
bintangdel,design-2-roblox-youtube-thumbnail-in-24-hours,20,youtube | thumbnail | youtube thumbnail | design youtube | channel,design 3 roblox youtube thumbnail in 24 hours
bintangdel,design-3-youtube-thumbnails-for-celebrities,20,youtube | thumbnail | youtube thumbnail | design youtube | channel,design 2 youtube thumbnails with no copyright images
bintangdel,design-youtube-thumbnail-for-basket-or-nba-channel,20,youtube | thumbnail | youtube thumbnail | design youtube | channel,design youtube thumbnail for basketball or nba channel
bintangdel,design-youtube-thumbnail-for-celebrities-lifestyle-luxury,20,youtube | thumbnail | youtube thumbnail | design youtube | channel,"design youtube thumbnail for celebrities, lifestyle, luxury"
bintangdel,design-youtube-thumbnail-for-f1-channel,20,youtube | thumbnail | youtube thumbnail | design youtube | channel,design youtube thumbnail for f1 channel
bintangdel,design-youtube-thumbnail-for-football-channel,20,youtube | thumbnail | youtube thumbnail | design youtube | channel,design youtube thumbnail for football or soccer channel
bintangdel,design-youtube-thumbnail-for-interview-or-podcast-channel,20,youtube | thumbnail | youtube thumbnail | design youtube | channel,design youtube thumbnail for interview or podcast channel
bintangdel,design-youtube-thumbnail-for-mma-or-ufc-channel,20,youtube | thumbnail | youtube thumbnail | design youtube | channel,design youtube thumbnail for mma or ufc channel
bintangdel,design-youtube-thumbnail-for-world-politics-channel,20,youtube | thumbnail | youtube thumbnail | design youtube | channel,design youtube thumbnail for world politics channel
blackbirdbits,a-professional-seo-keyword-research,10,research | keyword research | keyword | uk | usa uk,do professional keyword research for seo
blackbirdbits,be-your-outreach-seo-expert,47,backlinks | dofollow | edu | edu backlinks | seo,be your seo outreach expert for backlinks from real websites
blackbirdbits,be-your-seo-blog-content-writer,59,website | seo | wix | content writer | wix website,be your seo content writer and do blog writing in german
blackbirdbits,be-your-seo-website-content-writer,59,website | seo | wix | content writer | wix website,be your seo website content writer
blackbirdbits,build-a-backlink-for-seo-with-high-da,47,backlinks | dofollow | edu | edu backlinks | seo,build high da seo backlinks from real sites with organic traffic
blackbirdbits,create-a-seo-audit-report-to-improve-your-rankings,59,website | seo | wix | content writer | wix website,create a professional seo audit report with action plan
blackbirdbits,do-a-comprehensive-competitor-analysis,131,strategy | marketing | digital marketing | brand | digital,create a strategy to outrank your competitors
blackbirdbits,do-a-comprehensive-keyword-research,10,research | keyword research | keyword | uk | usa uk,do a comprehensive keyword research
blackbirdbits,do-any-professional-seo-service,59,website | seo | wix | content writer | wix website,do professional seo services
blackbirdbits,do-local-seo-management,97,local | gmb | local seo | seo | google,do monthly local seo and google my business optimization
blackbirdbits,do-professional-local-seo,97,local | gmb | local seo | seo | google,do professional local seo
blackbirdbits,do-professional-on-page-seo,4,wordpress | wordpress website | page | website | fix,do on page wordpress seo optimization for your website
blackbirdbits,perform-monthly-seo-services,94,service | number | ein number | ein | seo service,be your complete monthly seo service expert
blackbirdbits,write-and-publish-seo-optimized-articles,129,write | articles | words | story | short,write and publish seo optimized articles for wordpress
blogbyroha,be-your-seo-website-content-writer-and-copywriter,59,website | seo | wix | content writer | wix website,be your seo website content writer and copywriter
brandmagnet,create-native-ads-copy-for-outbrain-taboola-voluum,74,ad | copy | ad copy | write | copy converts,"write copy for taboola, outbrain native ad advertorials"
brian_sanyshyn,compose-original-music-for-any-form-of-media,126,intro | logo | youtube | animation | intro outro,compose memorable podcast intro and outro music
brianlevin83,edit-your-film-or-video-project,11,high | quality | high quality | end | hd,edit your corporate video into a high end final product
brianlevin83,provide-professional-1-on-1-lessons-on-video-editing,107,lessons | provide | provide professional | video lessons | professional,provide professional 1 on 1 lessons on video editing
brightonnkomo,ghostwrite-on-your-next-hit,29,audio | track | audio video | video | transcribe,ghostwrite for your track
brightonnkomo,write-the-best-lyrics-for-you,142,songwriter | platinum | platinum record | record | music producer,be your singer songwriter
brightseeker,scrub-or-clean-your-dirty-email-list-up-to-300k,49,list | email list | follow | email | targeted,"scrub or clean your dirty email list, up to 1500k"
britchick88,read-and-record-your-ebook-then-send-it-to-you-as-an-mp3-file,66,read | audiobook | beta | beta read | italian audiobook,read and record your ebook then send it to you as an mp3 file
britchick88,translate-the-meaning-of-words-from-british-to-american,19,edit | proofread | manuscript | proofread edit | bitcoin,edit your document to ensure correct english spelling and grammar
britchick88,use-my-native-british-accent-to-record-a-video-and-or-audio-testimonial-for-your-product-or-service,24,voice | record | female | record professional | male,use my native british accent to record an audio testimonial for your product or service
britchick88,use-my-native-british-accent-to-record-any-messageanswering-machine-or-voiceover-that-you-desire,24,voice | record | female | record professional | male,"use my native british accent to record any message,answering machine or voiceover that you desire"
broewnis,convert-adobe-illustrator-to-microsoft-word,65,convert | pdf | powerpoint | word | convert pdf,convert adobe illustrator to microsoft word
broewnis,convert-adobe-photoshop-to-microsoft-word,65,convert | pdf | powerpoint | word | convert pdf,convert adobe photoshop to microsoft word
broewnis,convert-ai-illustrator-to-google-slide,65,convert | pdf | powerpoint | word | convert pdf,convert illustrator to google slide
broewnis,convert-ai-illustrator-to-powerpoint-template,65,convert | pdf | powerpoint | word | convert pdf,convert ai illustrator to powerpoint template
broewnis,convert-figma-to-powerpoint,65,convert | pdf | powerpoint | word | convert pdf,convert figma to powerpoint
broewnis,convert-indesign-to-keynote,65,convert | pdf | powerpoint | word | convert pdf,convert indesign to keynote
broewnis,convert-indesign-to-microsoft-powerpoint,65,convert | pdf | powerpoint | word | convert pdf,convert indesign to microsoft powerpoint
broewnis,convert-indesign-to-microsoft-word,65,convert | pdf | powerpoint | word | convert pdf,convert indesign to microsoft word
broewnis,convert-indesign-to-pages,65,convert | pdf | powerpoint | word | convert pdf,convert indesign to pages
broewnis,convert-keynote-to-powerpoint-template,65,convert | pdf | powerpoint | word | convert pdf,convert keynote to powerpoint template
broewnis,convert-microsoft-word-to-indesign,65,convert | pdf | powerpoint | word | convert pdf,convert microsoft word to indesign
broewnis,convert-microsoft-word-to-pages,65,convert | pdf | powerpoint | word | convert pdf,convert microsoft word to pages
broewnis,convert-pdf-to-indesign,65,convert | pdf | powerpoint | word | convert pdf,convert pdf to indesign
broewnis,convert-pdf-to-microsoft-word,65,convert | pdf | powerpoint | word | convert pdf,convert pdf to microsoft word
broewnis,convert-pdf-to-pages,65,convert | pdf | powerpoint | word | convert pdf,convert pdf to pages
broewnis,convert-pdf-to-powerpoint-template,65,convert | pdf | powerpoint | word | convert pdf,convert pdf to powerpoint template
broewnis,convert-photoshop-psd-to-illustrator-ai,65,convert | pdf | powerpoint | word | convert pdf,convert photoshop psd to illustrator ai
broewnis,convert-photoshop-to-powerpoint,65,convert | pdf | powerpoint | word | convert pdf,convert photoshop to powerpoint
broewnis,convert-powerpoint-to-keynote,65,convert | pdf | powerpoint | word | convert pdf,convert powerpoint to keynote
broewnis,convert-your-resume-to-microsoft-word,65,convert | pdf | powerpoint | word | convert pdf,convert your resume to microsoft word
burcu_akinturk,design-a-mobile-app-by-pixel-perfect-and-responsive-design,83,app | mobile | mobile app | android | ui,make ui design your mobile application with fast delivery
burcu_akinturk,design-web-and-mobile-pages-according-to-the-new-design-trends,56,new | new year | year | according | training,design web pages according to new design trends
burcu_akinturk,make-pixel-perfect-app-ui-design,83,app | mobile | mobile app | android | ui,give an app where you will feel the touch of a pro
bushra223,do-testing-and-review-your-websites-as-qa-engineer,21,testing | 10 | qa | names | qa testing,do testing and review your websites and mobile applications as qa engineer
cad_engineering,design-your-3d-cad-model-and-engineering-products,67,projects | engineering | java | engineering products | products,design and render your 3d cad models and engineering products
caiobfernandes,illustrate-a-pro-cartoon-character-design,15,draw | illustration | style | cartoon | anime,illustrate a pro cartoon character design
carbon,1-google-plus-one-your-site-10-times-check-inside-the-begining-promotion,64,apps | 100 | google | begining promotion | plus site,+1 google plus one your site 10 times check inside the 100 +1s unbelivable begining promotion
carbon,1-google-plus-one-your-site-100-times-as-a-begining-promotion,64,apps | 100 | google | begining promotion | plus site,+1 google plus one your site 100 times as a begining promotion
carbon,explain-3-different-methods-to-you-for-getting-instant-twitter-followers,106,twitter | followers | 1000 | instant | twitter followers,give you unlimited instant twitter followers
carbon,get-you-150-instant-edu-backlinks-pick-the-extra-and-get-7000-live-instant-backlinks-all-in-24-hours,47,backlinks | dofollow | edu | edu backlinks | seo,get you 150 instant edu backlinks in 24 hours
carbon,get-you-your-own-edu-domain-fast-great-opportunity-build-your-own-site-on-a-edu-domain,90,buy | promo buy | gigs pay | pay | buy gigs,"get you your own edu domain fast great opportunity build your own site on a edu domain, promo buy 3 gigs pay 2"
carbon,give-you-a-keyword-with-a-com-emd-with-at-least-1000-exact-searches-approximate-cpc-minimum-1-usd-and-very-low-competition,106,twitter | followers | 1000 | instant | twitter followers,"give you a keyword with a com emd with at least 1000 exact searches, approximate cpc minimum 1 usd and very low competition"
carbon,give-you-a-list-of-80k-tweeters-who-follow-back,49,list | email list | follow | email | targeted,give you a list of 80k tweeters who follow back
carbon,give-you-a-list-of-more-than-15000-twitter-users-who-will-follow-back-you,49,list | email list | follow | email | targeted,"give you a list of more than 15,000 twitter users who will follow back you"
carbon,give-you-a-list-of-over-1000-high-pr-directories,48,classified | ads | post | 30 | classified website,give you a list of over 1000 high pr directories
carbon,give-you-a-list-of-over-2500-edu-blogs,49,list | email list | follow | email | targeted,give you a list of over 2500 edu blogs
carbon,give-you-a-list-of-over-35000-twitter-users-who-will-follow-back-you-buy-2-get-3-lists,49,list | email list | follow | email | targeted,"give you a list of over 35,000 twitter users who will follow back you, buy 2 get 3 lists"
carbon,give-you-a-pack-of-110000-plr-articles-on-168-hot-niches,43,font | pack | hot | plr | family,give you a pack of 110000 plr articles on 168 hot niches
carbon,give-you-a-tested-list-of-150k-auto-approve-blogs-for-scrapebox-this-will-be-sold-to-10-people-only,49,list | email list | follow | email | targeted,give you a tested list of 150k auto approve blogs for scrapebox this will be sold to 10 people only
carbon,give-you-an-edu-blog-of-you-own-the-greatest-seo-advantage-you-could-have,90,buy | promo buy | gigs pay | pay | buy gigs,"give you an edu blog of you own, the greatest seo advantage you could have, promo buy 3 gigs pay 2"
carbon,give-you-autoblog-samurai-full-version-program-to-automate-your-blogs-and-earn-money,90,buy | promo buy | gigs pay | pay | buy gigs,"give you autoblog samurai full version program to automate your blogs and earn money, promo buy 3 gigs pay 2"
carbon,give-you-over-1-million-fresh-facebook-real-emails-you-will-get-thousands-of-friends-with-it,13,facebook | instagram | timeline | post | posts,give you over 1 million fresh facebook real emails you will get thousands of friends with it
carbon,make-keyword-research-for-your-website-the-base-step-in-any-seo-campaign,10,research | keyword research | keyword | uk | usa uk,"make keyword research for your website, the base step in any seo campaign"
carbon,put-a-permanent-link-to-your-website-on-my-high-pr-blog,40,blog | article | blog website | write | website,put a permanent link to your website on my blog
carbon,translate-anything-up-to-250-words-from-english-into-perfect-portuguese-and-the-other-way-around,28,english | translate | translate english | spanish | versa,translate anything up to 250 words from english into perfect portuguese and the other way around
carbon,tweet-your-products-or-services-to-over-6000-real-followers,106,twitter | followers | 1000 | instant | twitter followers,"tweet your products or services to over 7,000 real followers"
carbon,unfollow-1000-plus-500-bonus-people-youre-following-on-twitter-on-1-day,106,twitter | followers | 1000 | instant | twitter followers,unfollow 1000 plus 500 bonus people youre following on twitter on 1 day
cartoon_corner,do-funny-cartoon-character-for-you,6,professional | card | design | design professional | business card,create professional cartoon animation
cchagnon09,write-or-review-your-employee-handbook-and-hr-procedures,53,review | review website | documents | write | website,write or review your employee handbook and hr procedures
ccpublishing,convert-your-great-idea-into-a-detailed-fiction-book-outline,112,detailed | models | conduct | topic | architectural,convert your great idea into a detailed fiction book outline
ccpublishing,provide-a-quick-manuscript-assessment-and-edit,19,edit | proofread | manuscript | proofread edit | bitcoin,provide a quick manuscript assessment and edit
ccpublishing,write-an-effective-blurb-and-synopsis-for-your-book,45,cover | book | book cover | design | ebook,write an effective blurb and synopsis for your book
celina_ambiente,transcript-your-spanish-audio,29,audio | track | audio video | video | transcribe,transcript your spanish audio
celina_ambiente,translate-from-spanish-to-english-or-english-to-spanish,28,english | translate | translate english | spanish | versa,translate from spanish to english or english to spanish
cgeek_marketing,write-an-engaging-solo-ad-copy-that-converts,74,ad | copy | ad copy | write | copy converts,write an engaging solo ad copy that converts
cgeek_marketing,write-your-email-marketing-content,25,email | klaviyo | marketing | email marketing | email template,write engaging emails for your email marketing campaign
cherenef,create-your-personal-brand-strategy,131,strategy | marketing | digital marketing | brand | digital,create your personal brand strategy
cherenef,do-a-personal-image-and-style-consultation,62,personal | sourcing | sourcing agent | agent | taxes,do a personal image and style consultation
cherenef,do-digital-marketing-strategy-consulting,131,strategy | marketing | digital marketing | brand | digital,do digital marketing strategy consulting
cherenef,write-content-for-your-website,59,website | seo | wix | content writer | wix website,be your website content writer
cherenef,write-for-your-blog,40,blog | article | blog website | write | website,write for your blog
cherenef,write-for-your-life-coach-blog,40,blog | article | blog website | write | website,write a life coach blog post
cherenef,write-social-media-copy-for-your-lifestyle-brand,133,social media | media | social | media post | media manager,write social media captions for your business
cherenef,write-your-about-me-biography-or-brand-story,129,write | articles | words | story | short,"write your biography, brand story, and about me page"
chiaramagi,be-a-lifestyle-model-for-your-product-or-brand,31,create | video | create custom | custom | brand,be your lifestyle model for your product or brand
chiaramagi,translate-english-to-estonian-to-english-native-estonian,28,english | translate | translate english | spanish | versa,"translate english to estonian to english, native estonian, fast delivery"
chicqr,accurately-identify-any-font-in-anything,43,font | pack | hot | plr | family,identify the font on anything or find font for you now
chicqr,add-beauty-to-your-qr-code-customize-your-qr-code,89,code | qr | qr code | desktop application | desktop,add beauty to your qr code / customize your qr code
chicqr,convert-your-powerpoint-presentation-into-a-prezi-presentation,65,convert | pdf | powerpoint | word | convert pdf,convert your powerpoint presentation into a prezi presentation for $5
chicqr,copy-the-content-of-a-pdf-into-word,65,convert | pdf | powerpoint | word | convert pdf,copy the content of a pdf into word
chicqr,create-5-customized-userbars,28,english | translate | translate english | spanish | versa,create 5 customized / personalized userbars
chicqr,do-a-research,10,research | keyword research | keyword | uk | usa uk,do a research for $5
chicqr,give-you-35000-twitter-followback-list,106,twitter | followers | 1000 | instant | twitter followers,give you 35000+ twitter followback list
chicqr,make-the-background-of-your-picture-transparent,32,background | picture | remove | profile picture | remove background,make the background of your picture transparent
chicqr,retouch-your-picture,32,background | picture | remove | profile picture | remove background,retouch your picture
chicqr,send-you-a-complete-helvetica-family-font-pack,43,font | pack | hot | plr | family,send you a complete helvetica family font pack
chicqr,subscribe-to-your-channel-comment-to-6-of-your-videos-and-also-thumbs-up-all-of-it,38,videos | exercise | fitness | videos youtube | fitness exercise,"subscribe to your channel, comment to 6 of your videos and also thumbs up all of it"
chicqr,transcribe-5-to-10-minutes-of-your-audio-or-video,29,audio | track | audio video | video | transcribe,transcribe 10 minutes of your audio or video in english or tagalog
chicqr,translate-a-maximum-of-300-words-from-tagalog-to-english-or-vice-versa,28,english | translate | translate english | spanish | versa,translate a maximum of 300 words from tagalog to english or vice versa
chicqr,use-a-cctv-to-capture-photos-you-send-to-me,145,photos | retouch | edit | edit retouch | retouch photos,use a cctv to capture photos you send to me
chicqr,write-anything-you-want-and-take-a-videopicture-using-a-cctv,129,write | articles | words | story | short,write anything you want and take a video/picture using a cctv
chocochino,design-the-character-based-on-your-description,15,draw | illustration | style | cartoon | anime,do a premium anime character design for your need
chocochino,do-premium-digital-painting,44,digital | painting | photo | art | manipulate photo,do premium digital painting
chocochino,draw-you-a-watercolor-chibi-character-based-on-your-photo,15,draw | illustration | style | cartoon | anime,draw you a cute watercolor chibi character based on your photo
chowdhury_sujit,do-2d-furniture-block-plan-within-couple-of-hours,99,color | change | furniture | turn | change color,do 2d furniture block plan with color
chowdhury_sujit,do-3d-architectural-model-exterior-render-within-1-day,46,3d | model | animation | exterior | render,do 3d architectural model exterior render within 24 hours
chowdhury_sujit,do-3d-architectural-model-exterior-render-within-10-to-12-hours,46,3d | model | animation | exterior | render,do 3d architectural model exterior render within 10 to 12 hours
chowdhury_sujit,do-3d-render-of-interior-space,46,3d | model | animation | exterior | render,create realistic 3d interior rendering as per your drawing or mood board
chowdhury_sujit,do-3d-staircase-or-furniture-with-detail-drawing,99,color | change | furniture | turn | change color,do furniture detail drawings
chowdhury_sujit,do-architectural-2d-drawign-and-3d-modeling,16,plan | autocad | 2d | sketch | floor,create 3d floorplan rendering as per your 2d floor plan layout for marketing
chowdhury_sujit,do-architectural-2d-plan-from-sketch-or-pdf,16,plan | autocad | 2d | sketch | floor,do architectural 2d plan from sketch or pdf
chowdhury_sujit,do-architectural-3d-model-within-a-day,46,3d | model | animation | exterior | render,do architectural 3d model within a day
chrismarshvo,engage-and-educate-your-e-learning-audience-with-my-voice,24,voice | record | female | record professional | male,voice an engaging elearning voice over or video narration
chrismarshvo,proofread-and-edit-your-english-document-script-blog-or-academic-paper,19,edit | proofread | manuscript | proofread edit | bitcoin,"proofread and edit your english document, script, blog, book manuscript, or text"
chrisvolosevich,professionally-edit-your-video,132,unity | game | assets | 3d | developer,edit your video quickly and professionally
cjonline501,craft-compelling-vision-mission-and-about-us-for-nonprofit,129,write | articles | words | story | short,write engaging nonprofit vision and mission statements
cjonline501,do-nonprofit-grant-proposal-writing-that-wins-funds,39,grant | letter | writing | nonprofit | application,do grant writing for community development projects
cjonline501,research-and-find-small-grants-for-your-startup-nonprofit,39,grant | letter | writing | nonprofit | application,"research grants, write rfp, grant application for 501c3 nonprofit funding"
cjonline501,research-federal-state-and-foundation-grants-for-nonprofits,10,research | keyword research | keyword | uk | usa uk,"research federal, state and foundation grants for you"
cjonline501,write-letter-of-intent-or-inquiry-for-nonprofit-grant,39,grant | letter | writing | nonprofit | application,write letter of intent or inquiry for nonprofit grant
ck_korfo,copyedit-your-entire-novel,19,edit | proofread | manuscript | proofread edit | bitcoin,copy edit your fiction manuscript
ck_korfo,outline-the-plot-arc-of-your-novel,128,help | assignments | sharp | assignments problems | help started,help outline your novel
ckyconsulting,bring-your-brand-to-life-in-a-cohesive-compelling-way,131,strategy | marketing | digital marketing | brand | digital,"craft your brand strategy, mission and vision statement"
cltrd90,create-video-tutorials-for-your-specific-music-related-questions,121,related | learn | property | company | video,create video tutorials for any music related skill you want to learn
cltrd90,mix-and-master-your-song-to-industry-standard-for-any-style,55,mix | master | mix master | metal | professionally,mix and master your track to industry standard for any genre and any platform
cltrd90,produce-mix-and-master-your-vocal-recording-to-radio-standard,55,mix | master | mix master | metal | professionally,mix master and edit your vocals to industry standard
cnsyucel,do-architectural-2d-drawings-floor-plans,16,plan | autocad | 2d | sketch | floor,"do architectural 2d drawings, floor plans"
cnsyucel,model-and-render-architectural-designs,46,3d | model | animation | exterior | render,model and render your architectural and interior designs
cnsyucel,prepare-panorama-interior-exterior-renders,46,3d | model | animation | exterior | render,prepare panorama interior and exterior renders
coachingadvice,constructively-critique-your-etsy-shop,140,etsy | etsy shop | shop | etsy seo | tags,constructively critique and review your etsy shop
coachingadvice,write-an-awesome-etsy-shop-announcement,140,etsy | etsy shop | shop | etsy seo | tags,write an awesome etsy shop announcement
code_graphics01,design-pro-twitch-or-mixer-logo-panels-screens-alerts,126,intro | logo | youtube | animation | intro outro,"design custom twitch or mixer logo, panels, screens, alerts"
creative_john1,create-a-captivating-promotional-corporate-video-for-your-company,31,create | video | create custom | custom | brand,create a captivating promotional corporate video for your company
creative_john1,create-a-captivating-promotional-or-explainer-video,31,create | video | create custom | custom | brand,create a captivating promotional or explainer video
creative_john1,create-a-cinematic-4k-video-ad-for-your-business-and-brand,31,create | video | create custom | custom | brand,create a cinematic 4k video ad for your business and brand
creativeferdous,create-a-telegram-airdrop-bot-for-you-in-12-hours,120,bot | telegram | airdrop | airdrop bot | telegram airdrop,create a telegram airdrop bot for you in 12 hours
creativeferdous,make-a-high-quality-telegram-airdrop-bot-for-you,120,bot | telegram | airdrop | airdrop bot | telegram airdrop,make a high quality telegram airdrop bot for you
creativeferdous,make-a-premium-featured-telegram-airdrop-bot-in-2-hours,120,bot | telegram | airdrop | airdrop bot | telegram airdrop,make a premium featured telegram airdrop bot in 2 hours
creativeferdous,make-professional-telegram-airdrop-bot-for-you-in-2-hrs,120,bot | telegram | airdrop | airdrop bot | telegram airdrop,make professional telegram airdrop bot for you in 2 hrs
cuoregrigio,be-your-pro-male-italian-narrator-acx-standards,66,read | audiobook | beta | beta read | italian audiobook,read your italian audiobook with acx standards
cuoregrigio,read-your-italian-audiobook,66,read | audiobook | beta | beta read | italian audiobook,"record your italian audiobook, voiceover"
cuoregrigio,record-spot-commercial-presentation,24,voice | record | female | record professional | male,record a professional italian voice over in 24h
cuoregrigio,translate-your-song-from-english-to-italian-or-viceversa,28,english | translate | translate english | spanish | versa,translate your english to italian or italian to english song
customscraping,collect-500-listings-from-any-website-into-excel,68,data | entry | excel | data entry | web research,collect 500 listings from any website into excel
customscraping,do-any-computer-based-work,109,based | computer | manufacturers | work | dropshipping,do any computer based work
customscraping,import-500-products-to-your-ecommerce-store,42,shopify | store | ecommerce | shopify store | products,import 250 products to your ecommerce store
customscraping,mod-bios-for-your-graphic-card-for-mining,54,graphic | shirt | graphic design | shirt design | custom,mod bios for your graphic card for mining
customscraping,prepare-your-csv-xls-files-for-importing-in-your-webshop,119,files | csv | prepare | dxf | laser,prepare your csv xls files for importing in your webshop
customscraping,scrape-100-items-from-any-website-and-send-it-to-you-in-excel-csv-or-sql,68,data | entry | excel | data entry | web research,"scrape 100 items from any website and send it to you in excel, csv or sql"
customscraping,send-you-a-new-black-bikini-free-shipping,96,free | face | free preview | preview | preview buying,send you a new black bikini + free shipping
customscraping,send-you-a-nose-ear-face-hair-trimmer-free-shiping,96,free | face | free preview | preview | preview buying,"send you a nose, ear, face hair trimmer + free shiping"
customscraping,send-you-iphone-5-ipod-min-flat-usb-cable-3ft1m-free-shipping,96,free | face | free preview | preview | preview buying,send you iphone 5 / ipod min flat usb cable 3ft/1m + free shipping
cyberscribe,advertise-your-website-article-or-blog-on-best-reviewer,20,youtube | thumbnail | youtube thumbnail | design youtube | channel,"advertise your website, article or blog on best reviewer"
cyberscribe,advertise-your-website-with-a-youtube-video,20,youtube | thumbnail | youtube thumbnail | design youtube | channel,advertise your website with a youtube video
cyberscribe,give-you-10-quality-backlinks,47,backlinks | dofollow | edu | edu backlinks | seo,give you 10 quality backlinks
cyberscribe,help-you-declutter-tidy-or-organize-for-one-week,128,help | assignments | sharp | assignments problems | help started,"help you declutter, tidy or organize for one week"
cyberscribe,help-you-get-started-homeschooling,128,help | assignments | sharp | assignments problems | help started,help you get started homeschooling
cyberscribe,help-you-get-started-writing-online-and-earning-money,128,help | assignments | sharp | assignments problems | help started,help you get started writing online and earning money
cyberscribe,look-at-your-ebay-auctions-and-suggest-ways-of-improvement,12,ways | view | hubpages | hubs | suggest,look at your ebay auctions and suggest ways of improvement
cyberscribe,look-at-your-hubpages-hubs-and-suggest-ways-that-they-can-be-improved,12,ways | view | hubpages | hubs | suggest,look at your hubpages hubs and suggest ways that they can be improved
cyberscribe,make-10-qualiity-comments-on-your-blog-or-article,40,blog | article | blog website | write | website,make 10 qualiity comments on your blog or article
cyberscribe,proofread-your-essay-or-article-correct-the-grammar-and-spelling,19,edit | proofread | manuscript | proofread edit | bitcoin,"proofread your essay or article, correct the grammar and spelling"
cyberscribe,tell-you-everything-you-need-to-know-about-how-to-organize-a-garage-or-yard-sale,101,tell | ways | 15 | read | british,tell you everything you need to know about how to organize a garage or yard sale
cyberscribe,tell-you-how-to-find-and-list-products-to-sell-on-ebay,101,tell | ways | 15 | read | british,tell you how to find and list products to sell on ebay
cyberscribe,tell-you-how-to-make-the-perfect-cup-of-british-tea,101,tell | ways | 15 | read | british,tell you how to make the perfect cup of british tea
cyberscribe,tell-you-over-15-ways-to-chop-onions-without-crying,101,tell | ways | 15 | read | british,tell you over 15 ways to chop onions without crying
cyberscribe,view-all-your-hubs-on-hubpages,12,ways | view | hubpages | hubs | suggest,view all your hubs on hubpages
cyberscribe,write-a-positive-review-of-any-book-on-amazon,53,review | review website | documents | write | website,write a positive review of any book on amazon
cyberscribe,write-your-name-in-clouds-in-the-sky,129,write | articles | words | story | short,write your name in clouds in the sky
daisywong846,be-your-sourcing-agent-in-china-or-personal-assitant,62,personal | sourcing | sourcing agent | agent | taxes,be your sourcing agent personal assitant in shenzhen china
daisywong846,test-ios-and-android-mobile-apps-and-games,83,app | mobile | mobile app | android | ui,"test ios android mobile apps, games in testflight at china"
daisywong846,virtual-assistant-in-shenzhen-china,90,buy | promo buy | gigs pay | pay | buy gigs,buy product from china taobao and 1688
dalim_artist,design-repeated-seamless-pattern-vector,51,vector | vector tracing | tracing | pattern | logo,design repeated seamless pattern vector
dalim_artist,do-vector-camouflage-pattern-typography-logo-for-you,51,vector | vector tracing | tracing | pattern | logo,"do vector camouflage pattern, typography, logo for you"
dalim_artist,do-vector-seamless-camouflage-pattern,51,vector | vector tracing | tracing | pattern | logo,do vector seamless camouflage pattern
dalim_artist,draw-a-fantastic-custom-t-shirt-design,54,graphic | shirt | graphic design | shirt design | custom,draw custom graphic t shirt
dalim_artist,draw-cartoon-style-cars-caricature,15,draw | illustration | style | cartoon | anime,"draw vector car cartoon caricature, sketch, drawing"
dalim_artist,draw-vector-motorcycle-bike-design-for-you,51,vector | vector tracing | tracing | pattern | logo,"draw vector motorcycle, bike design for you"
dalim_artist,draw-your-car-into-unique-cartoon-style,15,draw | illustration | style | cartoon | anime,draw your car into unique cartoon style
dana_m19,be-your-professional-editor-and-proofreader,149,proofreader | editor proofreader | editor | professional editor | professional,be your professional editor and proofreader
dana_m19,edit-your-cryptocurrency-and-bitcoin-papers,19,edit | proofread | manuscript | proofread edit | bitcoin,edit your cryptocurrency and bitcoin papers
dana_m19,rewrite-your-content-into-perfect-english,28,english | translate | translate english | spanish | versa,rewrite your content into perfect english
dana_m19,write-copy-for-your-business-website-or-blog,74,ad | copy | ad copy | write | copy converts,write copy for your business website or blog
dana_m19,write-fashion-lifestyle-and-travel-content-for-you,129,write | articles | words | story | short,"write fashion, lifestyle and travel content for you"
danushdesigns,create-amazing-video-intro-logo-animation,126,intro | logo | youtube | animation | intro outro,create custom intro video logo animation
danushdesigns,smooth-skin-in-video,104,skin | serum | make best | video | best,smooth skin in video
danwatt333,create-social-media-content-for-your-restaurant-in-miami,133,social media | media | social | media post | media manager,create social media content for your restaurant in miami
danwatt333,do-family-portrait-photography-in-miami,93,portrait | family | photography | portrait photo | christmas,do family portrait photography in miami
danwatt333,do-fashion-and-product-photography,93,portrait | family | photography | portrait photo | christmas,boost your ecommerce with creative photography in miami
dasdimabeatz,produce-a-beat-of-any-genre,87,produce | instrumental | beat | song | tracks,produce a beat or remix your samples
dataminer,add-your-website-to-high-traffic-classified-ad-network-for-30-days,48,classified | ads | post | 30 | classified website,add your website to high traffic classified ad network for 30 days
dataminer,create-a-spinning-3-d-graphic-for-your-website,54,graphic | shirt | graphic design | shirt design | custom,create a spinning 3-d graphic for your website
dataminer,create-and-rss-feed-for-any-website,143,feed | rss feed | rss | submit rss | directories,create and rss feed for any website
dataminer,create-simple-ad-banners-that-i-can-use-on-on-product-pages-and-blogs,74,ad | copy | ad copy | write | copy converts,create simple ad banners that i can use on on product pages and blogs
dataminer,design-and-create-your-own-3d-ecover-instantly,46,3d | model | animation | exterior | render,design and create your own 3d ecover instantly
dataminer,how-to-attract-more-fb-fans-giving-away-free-fanpage-images,116,ebooks | giving away | away | giving | rights,how to attract more fb fans giving away free fanpage images
dataminer,index-you-blog-or-website-with-search-engines,40,blog | article | blog website | write | website,index you blog or website with search engines
dataminer,insert-your-website-link-on-any-youtube-video,20,youtube | thumbnail | youtube thumbnail | design youtube | channel,insert your website link on any youtube video
dataminer,install-free-traffic-and-seo-plugin,96,free | face | free preview | preview | preview buying,install free traffic and seo plugin
dataminer,setup-an-autoresponder-for-your-blog-or-website,40,blog | article | blog website | write | website,setup an autoresponder for your blog or website
dataminer,show-you-how-to-add-audio-to-your-site,29,audio | track | audio video | video | transcribe,show you how to add audio to your site
dataminer,show-you-how-to-generate-pinterest-traffic,139,traffic | send | site | traffic site | traffic website,show you how to generate pinterest traffic
dataminer,show-you-how-to-get-least-100-quality-backlinks-to-your-website-or-blog,47,backlinks | dofollow | edu | edu backlinks | seo,show you how to get least 100 quality backlinks to your website or blog
dataminer,show-you-how-to-get-out-of-debt-free,96,free | face | free preview | preview | preview buying,show you how to get out of debt free
dataminer,show-you-how-to-get-viral-traffic-to-your-site,139,traffic | send | site | traffic site | traffic website,show you how to get viral traffic to your site
dataminer,show-you-how-to-get-your-website-or-blog-on-first-page-of-google-fast,40,blog | article | blog website | write | website,show you how to get your website or blog on first page of google fast
dataminer,show-you-how-to-make-money-with-fiver,37,make | money | wire | earrings | pendant,show you how to make money with fiver
dataminer,show-you-how-to-make-money-with-pinterest,37,make | money | wire | earrings | pendant,show you how to make money with pinterest
dataminer,submit-to-the-top-120-major-search-engines,40,blog | article | blog website | write | website,submit to the top 120 major search engines
dataminer,submit-your-rss-feed-to-25-directories-for-traffic,143,feed | rss feed | rss | submit rss | directories,submit your rss feed to 25 directories for traffic
dataminer,submit-your-rss-feed-to-directories,143,feed | rss feed | rss | submit rss | directories,submit your rss feed to directories
dazzy_daze,create-2d-illustration-background,15,draw | illustration | style | cartoon | anime,create 2d illustration background
dazzy_daze,create-anime-background-style,15,draw | illustration | style | cartoon | anime,create anime background style
derricklinmixes,mix-and-master-shoegaze-post-rock-post-metal-songs,55,mix | master | mix master | metal | professionally,"mix and master shoegaze, post rock, post metal, post black metal songs"
derricklinmixes,mix-and-master-your-metal-and-rock-music,55,mix | master | mix master | metal | professionally,mix and master your music pop rock indie metal hip hop
derricklinmixes,produce-studio-drum-tracks,87,produce | instrumental | beat | song | tracks,produce studio drum tracks
designer_daviid,design-amazing-flyer-or-social-media-post-of-you-product,133,social media | media | social | media post | media manager,design amazing flyer or social media post of product
designer_daviid,design-creative-social-media-posts,61,ads | facebook | google | google ads | optimize,"do creative social media design, post, banner ads"
designer_daviid,design-food-menu-flyer-brochure-banner-also-a-logo,6,professional | card | design | design professional | business card,"design food menu, flyer, brochure, trifold menu"
designer_daviid,design-mobile-app-ui,83,app | mobile | mobile app | android | ui,design your mobile app ui
designer_daviid,design-professional-business-or-corporate-flyer-or-brochure,6,professional | card | design | design professional | business card,design professional business flyers or event flyers
designer_daviid,do-amazing-social-media-design-for-products,13,facebook | instagram | timeline | post | posts,design creative instagram facebook post design
designer_daviid,do-watercolor-photo-slideshow-or-professional-video-editing,27,editing | photoshop | photoshop editing | photo | video editing,do watercolor photo slideshow or professional video editing
designerworld24,design-emergency-evacuation-plan-of-building,85,building | plans | design | link building | manually,design emergency evacuation plans of any building
designerworld24,design-sprinkler-system-of-any-building-or-warehouse,85,building | plans | design | link building | manually,design fire water sprinkler system of any building
developer_risad,fix-any-woocommerce-issues-and-customize-themes-in-24-hours,4,wordpress | wordpress website | page | website | fix,fix any woocommerce issues and customize themes in 24 hours
dilini9496,design-a-real-estate-logo-that-stands-out,125,real estate | estate | real | estate logo | logo,design a real estate logo that stands out
dilini9496,design-an-elegant-custom-logo-animation,126,intro | logo | youtube | animation | intro outro,design an elegant custom logo animation
dilini9496,design-print-ready-professional-modern-business-card,6,professional | card | design | design professional | business card,design print ready professional modern business card
dilini9496,flat-minimalist-modern-luxury-logo-design,8,logo | design | logo design | modern | minimalist,design a luxury minimalist flat business logo with modern brand identity
dilu1234,do-professional-and-cinematic-real-state-video-editing,125,real estate | estate | real | estate logo | logo,do cinematic promotional real estate video editing
dilu1234,make-short-videos-for-your-business,133,social media | media | social | media post | media manager,create amazing short video ads for social media
dilu1234,produce-cinematic-commercial-videos-for-business-or-brand,31,create | video | create custom | custom | brand,produce cinematic commercial videos for business or brand
ding_studio,draw-christmas-card-single-couple-and-family-portrait-illustration,93,portrait | family | photography | portrait photo | christmas,"draw custom christmas card single, couple and family portrait illustration"
ding_studio,draw-cute-couple-and-wedding-portrait-illustration,15,draw | illustration | style | cartoon | anime,draw cute couple and wedding portrait illustration
djandyguk,create-dj-drops-or-radio-imaging-for-your-station-or-club,24,voice | record | female | record professional | male,"create drops or radio imaging for your station, podcast or club"
djandyguk,record-presenter-voice-tracking-for-your-radio-station,24,voice | record | female | record professional | male,record presenter voice tracking for your radio station
dreamworkagency,send-10-000-usa-traffic-and-real-clicks-on-ads-within-1-day,50,000 | memes | provide | 10 000 | 10,"send 10,000 usa traffic and real clicks on ads within 1 day"
dreamworkagency,send-100-000-usa-traffic-and-real-clicks-on-ads-within-1-day,50,000 | memes | provide | 10 000 | 10,"send 100,000 usa traffic and real clicks on ads within 1 day"
dtmission,give-you-a-course-on-the-ibm-as400-cobol,103,course | as400 | course ibm | ibm as400 | ibm,give you a course on the ibm as400 cobol
dtmission,give-you-a-course-on-the-ibm-as400-rpg,103,course | as400 | course ibm | ibm as400 | ibm,give you a course on the ibm as400 rpg
dtmission,give-you-a-video-course-on-wordpress-seo,4,wordpress | wordpress website | page | website | fix,give you a video course on wordpress seo
dtmission,give-you-internet-marketing-warrior-tools,82,ideas | internet | unique | unique way | craft,give you internet marketing warrior tools
dtmission,translate-english-to-italian,28,english | translate | translate english | spanish | versa,translate english to italian or italian to english
duchuynh1608,design-model-and-render-your-architectural-drawing-by-lumion-4a18,46,3d | model | animation | exterior | render,"create your graden,landscape, interior,exterior by lumion sketchup,3dsmax"
dusanmicic,design-a-professional-logo-for-your-business,8,logo | design | logo design | modern | minimalist,elevate your brand with a minimalist logo design
dusanmicic,wordpress-website-and-design-logo,4,wordpress | wordpress website | page | website | fix,design business and consulting wordpress website
eden4897,code-a-customised-discord-bot-for-you,120,bot | telegram | airdrop | airdrop bot | telegram airdrop,create a professional discord bot with api integrations
edmmovement,feature-your-edm-song-in-my-blog-and-share-to-300k-followers,133,social media | media | social | media post | media manager,promote your edm song on my blog and share on social media
edmmovement,promote-your-music-to-250k-fans-on-youtube,98,edm | ghost producer | producer | ghost | songs,promote your music to 270k edm fans on youtube
edwardsalicia87,be-your-personal-typist,62,personal | sourcing | sourcing agent | agent | taxes,be your personal typist
edwardsalicia87,do-fast-and-accurate-transcripts-within-1-hr,29,audio | track | audio video | video | transcribe,do excellent audio and video transcriptions within 24 hrs
eirauroera,illustrate-your-character-in-anime-style,15,draw | illustration | style | cartoon | anime,illustrate your character in anime style
ekatarin,create-a-pro-branded-wix-ecommerce-website,42,shopify | store | ecommerce | shopify store | products,create a pro high end wix ecommerce website
ekatarin,design-a-full-custom-wix-editor-x-website,59,website | seo | wix | content writer | wix website,design a full custom wix editor x website
ekatarin,design-finest-wix-landing-page,4,wordpress | wordpress website | page | website | fix,design finest and effective wix landing page
ekatarin,design-mind-blowing-and-effective-wix-website,59,website | seo | wix | content writer | wix website,design a pro sophisticated wix website from scratch
ekatarin,design-unique-wix-website,59,website | seo | wix | content writer | wix website,"create a full custom wix website, design, logo, seo and more"
ekatarin,review-your-website-in-detail,53,review | review website | documents | write | website,review your website in detail
ekatarin,take-care-of-your-wix-website,59,website | seo | wix | content writer | wix website,provide ongoing wix website support
ekramul_,build-clickfunnels-membership-or-sales-funnels-lead-capture-landing-page,135,clickfunnels | funnels | capture | landing | pages clickfunnels,build clickfunnels membership or sales funnels lead capture landing page
ekramul_,create-high-converting-wordpress-landing-page-or-sales-funnel,4,wordpress | wordpress website | page | website | fix,create wordpress landing page or sales funnel
elinanassif,write-creative-and-engaging-ad-copy,74,ad | copy | ad copy | write | copy converts,write creative and engaging ad copy
ellyasjutt,fix-any-android-app-crash-problem-bug-or-any-error-in-your-android-app,83,app | mobile | mobile app | android | ui,fix android app crash problem or any issue in android app
elmintahmaz,create-original-kids-music-for-your-project,87,produce | instrumental | beat | song | tracks,compose and produce kids music nursery rhymes for children
emailservices7,professionally-design-responsive-mailchimp-email-template,25,email | klaviyo | marketing | email marketing | email template,professionally design responsive mailchimp email template
emailservices7,send-bulk-email-or-email-blast-in-millions,25,email | klaviyo | marketing | email marketing | email template,send bulk email or email blast in millions
emailservices7,send-bulk-emails-and-email-marketing-services,25,email | klaviyo | marketing | email marketing | email template,send bulk emails and email marketing services
emailservices7,send-bulk-emails-with-proper-analytical-reports,25,email | klaviyo | marketing | email marketing | email template,send bulk emails with proper analytical reports
emmao123,deliver-a-professional-voice-over,24,voice | record | female | record professional | male,record a professional australian female voice over
emmlive,do-comprehensive-seo-website-audit-and-suggest-fix,59,website | seo | wix | content writer | wix website,do comprehensive seo website audit with how to fix findings
emmlive,send-1200-adult-traffic-to-your-website-or-link,139,traffic | send | site | traffic site | traffic website,send 1200 adult traffic to your website or link
emmlive,send-1500-traffic-with-alexa-toolbar-to-boost-your-site-alexa-ranking,139,traffic | send | site | traffic site | traffic website,send 1500 traffic with alexa toolbar to boost your site
emmlive,send-traffic-to-your-website-for-a-month,139,traffic | send | site | traffic site | traffic website,send unlimited traffic to your website for a month
emmlive,send-you-2600-adsense-safe-real-human-traffic,139,traffic | send | site | traffic site | traffic website,send you 2600 adsense safe real human traffic to your site
emmlive,send-you-genuine-ios-and-android-mobile-traffic,83,app | mobile | mobile app | android | ui,send 1200 genuine ios and android mobile traffic
ensemble_yd,compose-and-mix-metal-or-rock-track-for-you,55,mix | master | mix master | metal | professionally,compose and mix metal or rock track for you
eugenelulu,make-a-voxel-model,37,make | money | wire | earrings | pendant,"make a voxel characters for nft, the sandbox, etc"
evolve_audio,sound-design-your-video,113,sound | sound design | sound effects | effects | design,sound design your video
fahad_parekh,construct-an-excel-financial-model-forecasts-budget-business-plan,68,data | entry | excel | data entry | web research,"provide excel financial projections, forecast and budgets"
faithmoncivais,create-a-tiktok-ugc-or-reels-user-generated-content,144,generated | ai generated | generated content | ai | content,create a tiktok ugc or reels user generated content
fajlu3252,do-manually-top-quality-link-building-only-pr10-sites,85,building | plans | design | link building | manually,do manually top quality link building only pr10 sites
fajlu3252,genuine-facebook-promotion-in-usa,13,facebook | instagram | timeline | post | posts,genuine facebook promotion in usa
fajlu3252,organic-facebook-marketing-in-usa-for-develops-your-brand,13,facebook | instagram | timeline | post | posts,organic facebook marketing in usa for develops your brand
fajlu3252,organic-facebook-promotion-for-viral-your-business-in-usa,13,facebook | instagram | timeline | post | posts,organic facebook promotion for viral your business in usa
fajlu3252,perfectly-viral-your-business-by-facebook-group-post,13,facebook | instagram | timeline | post | posts,perfectly viral your business by facebook group post
fajlu3252,submit-your-url-manually-to-high-pr-social-bookmarking-sites,52,sites | wheel | link wheel | pr | linkwheel,submit your url manually to high pr social bookmarking sites
farhananimation,create-gaming-intro-and-outro-or-youtube-intro-and-outro,126,intro | logo | youtube | animation | intro outro,create gaming intro and outro or youtube intro and outro
farhananimation,create-twitch-overlays-screens-mascot-logo-for-your-stream,126,intro | logo | youtube | animation | intro outro,"create twitch overlays, screens, mascot logo for your stream"
farhananimation,mind-blowing-youtube-intro-and-outro,126,intro | logo | youtube | animation | intro outro,make youtube intro and outro video for your logo
farhananimation,provide-green-screen-removal-and-video-editing-services,27,editing | photoshop | photoshop editing | photo | video editing,do green screen remove chroma key and video editing services
farhananimation,unique-youtube-intro-video-or-logo-animation-1713,126,intro | logo | youtube | animation | intro outro,unique youtube intro video or logo animation
farhansaeed261,construction-permit-2d-autocad-architectural-drawing-house-floor-plan-civil-dwg,16,plan | autocad | 2d | sketch | floor,do construction permit by 2d autocad architectural drawing and house floor plan
farhansaeed261,make-2d-and-3d-sketches-on-autocad,16,plan | autocad | 2d | sketch | floor,do civil engineering drawings on autocad and 2d or 3d architectural plans
farhansaeed261,reinforced-concrete-theory-of-structural-analysis-and-civil-engineering-tasks,16,plan | autocad | 2d | sketch | floor,"do reinforced concrete, theory of structural analysis and civil engineering task"
farimahkhavarin,create-modern-commercial-illustrations-for-your-project,0,fashion | clothing | apparel | design | tech,create modern flat illustration for screen or print media
farimahkhavarin,create-unique-and-colourful-illustration-for-book-or-any-media,18,send | beautiful | send postcard | postcard | postcard genova,create beautiful children illustrations
farimahkhavarin,design-a-unique-character-for-your-project,15,draw | illustration | style | cartoon | anime,draw an original character in my cartoon and fantasy style
farimahkhavarin,illustrate-characters-and-graphical-elements,15,draw | illustration | style | cartoon | anime,illustrate custom portraits different elements and childrens illustration
filandesign,create-a-winning-product-label-packaging-and-box-design,9,packaging | design | box | label | beer,"create a winning product label, packaging, and box design"
filandesign,design-colorful-business-card,6,professional | card | design | design professional | business card,design colorful business card
filandesign,design-colorful-outstanding-patterns,136,design | design custom | icons | geometric | tattoo,create complex geometric patterns for you
filandesign,design-your-bold-and-creative-logo,8,logo | design | logo design | modern | minimalist,design your bold and creative logo
flandivel,create-fantasy-or-other-character-concept-art-for-you,58,concept | concept art | draw | art | create fantasy,create a fantasy character or other concept art for you
flandivel,create-original-character-design-and-concept-art-for-you-not-ai,58,concept | concept art | draw | art | create fantasy,"create original character design and concept art for you, not ai"
flandivel,fix-edit-and-enhance-your-ai-generated-art-repainting-it,144,generated | ai generated | generated content | ai | content,"fix, edit and enhance your ai generated art repainting it"
frazzcos,do-a-16-bit-image-or-gif-about-anything,5,version | logos | bit | 16 bit | 16,do a 16 bit pixel art image or gif about anything
freakyyi,create-awesome-custom-logo-animations,126,intro | logo | youtube | animation | intro outro,"design custom logo animation , twitch alert , overlay , twitch stream package"
freakyyi,create-movie-trailer-and-logo-opener-3d,126,intro | logo | youtube | animation | intro outro,"make unique yt intro and stinger for twitch,mixer,fb"
freakyyi,do-a-complete-streaming-package-for-twitch-overlay-alerts-screens,31,create | video | create custom | custom | brand,create a complete custom animated twitch pack
freakyyi,do-a-twitch-alert-animation-for-your-logo,126,intro | logo | youtube | animation | intro outro,create custom intro outro for youtube and twitch
freakyyi,make-a-custom-logo-animation,126,intro | logo | youtube | animation | intro outro,"make custom animated twitch,mixer alerts,screens,overlays"
freakyyi,recreate-logo-image-to-vector-with-transparent-background,126,intro | logo | youtube | animation | intro outro,"design esports logo for your game, twitch, or youtube"
freddy95,proofread-your-german-text-with-motivation,28,english | translate | translate english | spanish | versa,"translate your english text, article or ebook into german"
frederiklund,give-legal-advice-to-startups,78,advice | legal advice | offshore | legal | germany,give legal advice to startups
frederiklund,ico-project-adviser-crypto-blockchain,14,white | ico | white paper | paper | black white,"be your ico, ieo or sto adviser"
frederiklund,incorporate-your-business-offshore,78,advice | legal advice | offshore | legal | germany,incorporate your business offshore
frederiklund,provide-eu-and-offshore-licensing-and-crypto-advice,78,advice | legal advice | offshore | legal | germany,"provide eu and offshore licensing, and crypto advice"
frostwindz,create-fantasy-armor-concept,58,concept | concept art | draw | art | create fantasy,create fantasy armor concept
frostwindz,create-fantasy-game-cards,58,concept | concept art | draw | art | create fantasy,create fantasy game cards
frostwindz,paint-digital-landscape,58,concept | concept art | draw | art | create fantasy,create environment concept art
frostwindz,paint-skill-icons-for-your-game,1,eye catching | catching | eye | hand | design,make hand drawn skill and item icons for your game
fugyud,make-the-telegram-bot-you-need,120,bot | telegram | airdrop | airdrop bot | telegram airdrop,make the telegram bot you need
funnels_wiz,build-funnels-landing-pages-in-clickfunnels-and-clickfunnels-integrations,135,clickfunnels | funnels | capture | landing | pages clickfunnels,"build funnels,landing pages in clickfunnels and clickfunnels integrations"
funnels_wiz,use-clickfunnels-to-design-funnels-in-clickfunnels-landing-pages-in-clickfunnels,135,clickfunnels | funnels | capture | landing | pages clickfunnels,"use clickfunnels to design funnels in clickfunnels,landing pages in clickfunnels"
g_wijesuriya,create-telegram-bot-using-php,120,bot | telegram | airdrop | airdrop bot | telegram airdrop,create a customized telegram bot for you
gaja73,create-an-awesome-fliped-ebook,124,awesome | create awesome | create | awesome 3d | awesome custom,create an awesome fliped ebook
gaja73,create-awesome-ppt-or-pps-presentation,124,awesome | create awesome | create | awesome 3d | awesome custom,create awesome ppt or pps presentation
gaja73,create-pdf-ebook,124,awesome | create awesome | create | awesome 3d | awesome custom,create an awesome pdf ebook
gaja73,give-you-ebook-about-how-color-affect-your-life,99,color | change | furniture | turn | change color,give you ebook about how color affect your life
gaja73,learn-you-everything-about-aphrodisiac,121,related | learn | property | company | video,learn you everything about aphrodisiac
gaja73,make-great-power-point-presentation-for-your-personal-or-business-need,134,point presentation | power point | point | power | presentation,make great power point presentation for your personal or business need
gaja73,present-the-most-beautiful-cities-of-the-adriatic,18,send | beautiful | send postcard | postcard | postcard genova,present the most beautiful cities of the adriatic
gaja73,send-you-10-traditional-croatian-recipes-and-1-bonus-recipe,21,testing | 10 | qa | names | qa testing,send you 10 traditional croatian recipes and 1 bonus recipe
gaja73,send-you-the-ebook-croatia-pearl-of-adriatic,18,send | beautiful | send postcard | postcard | postcard genova,"send you the ebook, croatia pearl of adriatic"
gaja73,setup-a-timeline-fan-page-on-facebook,13,facebook | instagram | timeline | post | posts,setup a timeline fan page on facebook
gaja73,teach-you-how-to-make-bath-bomb,118,teach | security | teach make | coding | theory,teach you how to make bath bomb
gaja73,write-animated-love-married-birth-romantic-message,30,message | send | cool | christian | send cool,"write animated love, married, birth, romantic message for $5"
gaja73,write-anything-in-the-glagolitic-old-slavonic-script-such-as-your-name-or-message-up-to-200-characters,70,200 | old | update | minutes | followers,"write anything in the glagolitic, old slavonic script, such as your name or message, up to 200 characters"
gaja73,write-pdf-ebook,65,convert | pdf | powerpoint | word | convert pdf,write pdf ebook
genevievemunch,edit-your-fitness-and-workout-videos-for-online,129,write | articles | words | story | short,"write travel, culture, art blogs"
genevievemunch,write-or-edit-your-artist-statement-or-bio,129,write | articles | words | story | short,write or edit your artist statement or biography
geronimoluna11,to-create-an-instrumental-remake-of-the-song-you-want,6,professional | card | design | design professional | business card,create a professional instrumental of the song that you like
getexplainer,create-a-customized-animation-for-you,28,english | translate | translate english | spanish | versa,"create a customized animation in english, chinese or malay"
getexplainer,create-custom-corporate-animation-video-for-you-business,31,create | video | create custom | custom | brand,create custom corporate animation video for you business
getsellgo,create-an-impressive-power-point-presentation,134,point presentation | power point | point | power | presentation,create an impressive power point presentation
getsellgo,share-your-pictures-with-50k-users-on-social-media,70,200 | old | update | minutes | followers,"help your brand reach 200,000 users on pinterest"
getsellgo,think-up-brand-names-for-your-company-product-or-service,31,create | video | create custom | custom | brand,create a brand name for your company product or service
getworld,design-flat-minimalist-logo,1,eye catching | catching | eye | hand | design,create an outstanding logo design
getworld,design-modern-minimalist-professional-logo,8,logo | design | logo design | modern | minimalist,design modern minimalist logo with unlimited revisions
getworld,do-monogram-logo-design,8,logo | design | logo design | modern | minimalist,do monogram logo design
gifted_best,handle-strategic-management-reports-research-and-summaries,2,domain | public | available | motivational | com,"do nursing ,capstone ,picot ,ebp ,psychology,public health and political science"
goldfngz,create-a-30-sec-video-for-your-product,63,product | video | amazon | product video | amazon product,create a 30 sec video for your product
goldfngz,create-a-commercial-for-your-business-or-product,31,create | video | create custom | custom | brand,create a commercial for your business or product
goldfngz,create-an-amazing-video-sales-letter-with-narration,27,editing | photoshop | photoshop editing | photo | video editing,create an amazing video sales letter with narration
goldfngz,design-a-color-flyer-for-craigslist,99,color | change | furniture | turn | change color,design a color flyer for craigslist
goldfngz,design-your-getresponse-autoresponder-or-sales-funnel,26,sales | funnel | sales funnel | highly | converting,design your getresponse autoresponder or sales funnel
goldfngz,give-your-photo-a-face-lift,96,free | face | free preview | preview | preview buying,give your photo a face lift
goldfngz,put-your-message-in-outer-space,8,logo | design | logo design | modern | minimalist,put your message in outer space
goldfngz,translate-your-words-into-powerful-english-ad-copy,74,ad | copy | ad copy | write | copy converts,translate your words into powerful english ad copy
goldfngz,write-3-original-killer-solo-ads-or-email-swipes,129,write | articles | words | story | short,"write 3, original killer solo ads or email swipes"
goldfngz,write-4-amazing-headlines-for-any-campaign,129,write | articles | words | story | short,"write 4, killer headlines for any campaign"
goldfngz,write-a-quality-article-for-you,40,blog | article | blog website | write | website,write a quality article for you
goldfngz,write-you-an-amazing-100-word-craigslist-or-backpage-ad,64,apps | 100 | google | begining promotion | plus site,"write you 3 amazing, 100 word craigslist ads"
goxhaj2018,data-entry-internet-research-and-data-collection-services,68,data | entry | excel | data entry | web research,"do data entry,internet research and data collection services"
h0bbitguy,create-animated-audio-visualizer-screens-for-twitch,29,audio | track | audio video | video | transcribe,create animated audio visualizer screens
h0bbitguy,design-a-custom-animated-twitch-stream-overlay,31,create | video | create custom | custom | brand,create a custom animated twitch overlay for your stream
hafifslv,design-logo-for-your-business-or-your-clothing-line,126,intro | logo | youtube | animation | intro outro,do custom logo for your brand or your business
hafiz441,do-express-ein-number,94,service | number | ein number | ein | seo service,do instant or express ein number
hafiz441,do-llc-registration-and-ein-number,94,service | number | ein number | ein | seo service,"do us llc company registration, ein number and brand registry formation service"
hafizaqibg,create-php-contact-signup-forms-with-phpmailer-smtp-script,123,mysql | design mysql | php | mysql database | database,"create php contact, signup email forms with phpmailer smtp script"
hafizaqibg,fix-php-script-mysql-errors-mysql-database-issues-and-bugs,123,mysql | design mysql | php | mysql database | database,"fix php script, mysql errors, mysql database issues and bugs"
hafizaqibg,install-wordpress-setup-theme-fix-wordpress-and-php-issues,4,wordpress | wordpress website | page | website | fix,"install wordpress, setup theme, fix wordpress and php issues"
haiderabbas007,manage-your-discord-server-for-life-time,81,server | sql | sql server | discord server | discord,manage your discord server for life time
haiderabbas007,professionally-setup-discord-server-within-24-hours,81,server | sql | sql server | discord server | discord,professionally setup discord server within 24 hours
haiderabbas007,setup-your-discord-server-for-youtube-and-twitch,81,server | sql | sql server | discord server | discord,setup your discord server for youtube and twitch
hakim_am,create-vector-line-art-from-any-image-drawing-logo-in-hd,51,vector | vector tracing | tracing | pattern | logo,do manual vector tracing from any image by adobe illustrator
hakim_am,do-a-pro-cover-design-fb-cover-banner-youtube-cover,1,eye catching | catching | eye | hand | design,design an eye catching youtube banner that boosts your channel
hammadcreators,shoutout-your-youtube-channel-on-my-62k-channel,126,intro | logo | youtube | animation | intro outro,do youtube channel shoutout on my 105k channel
hamza7554191,design-a-klaviyo-template-for-your-klaviyo-email-campaigns-and-flows,25,email | klaviyo | marketing | email marketing | email template,design klaviyo email template
hamza7554191,design-and-build-klaviyo-editable-email-template,25,email | klaviyo | marketing | email marketing | email template,design and build klaviyo editable email template
hamza7554191,do-email-marketing-klaviyo-automation-to-boost-shopify-sales-conversion,25,email | klaviyo | marketing | email marketing | email template,do email marketing klaviyo automation
hamza7554191,klaviyo-email-template-monthly-campaigns-klaviyo-campaigns,61,ads | facebook | google | google ads | optimize,be your monthly klaviyo account manager
hamza7554191,klaviyo-list-and-segmentation-klaviyo-segmentation-klaviyo,25,email | klaviyo | marketing | email marketing | email template,do klaviyo list and segmentation
hamza7554191,manage-your-campaigns-in-klaviyo,25,email | klaviyo | marketing | email marketing | email template,manage your campaigns in klaviyo
hamza7554191,manage-your-email-and-sms-marketing-in-klaviyo,25,email | klaviyo | marketing | email marketing | email template,setup klaviyo email flows
hamza7554191,setup-advance-klaviyo-email-marketing-flows-in-shopify-store,25,email | klaviyo | marketing | email marketing | email template,do klaviyo shopify and ecommerce email marketing
hamza7554191,setup-klaviyo-and-shopify-integration-and-setup-automated-flows,25,email | klaviyo | marketing | email marketing | email template,manage your email marketing in klaviyo
hamza_visuals,design-creative-minimalist-business-logo-design,8,logo | design | logo design | modern | minimalist,do modern unique minimalist flat business logo design
hamza_visuals,design-custom-style-guides-brand-guidelines-brand-guide-brand-book-and-logo,8,logo | design | logo design | modern | minimalist,craft tasteful brand style guides and logo design
hamza_visuals,do-custom-typography-design-hand-lettering-graffiti-font-logo-typeface,8,logo | design | logo design | modern | minimalist,"do feminine logo design, brand guide, brand style guides, brand guidelines"
hamzaarajput,setup-high-roi-email-marketing-flows-in-klaviyo-design-and-run-email-campaign,25,email | klaviyo | marketing | email marketing | email template,"setup high roi email marketing flows in klaviyo, design and run email campaign"
hamzakarimb,setup-and-fix-linux-cpanel-whm-plesk-email-mysql-dns-php-wordpress-apache-vps,123,mysql | design mysql | php | mysql database | database,"setup or fix linux,server,cpanel,whm,plesk,email, mysql,dns,php, wordpress,vps"
hanahello,make-cute-chibi-fullbody,15,draw | illustration | style | cartoon | anime,"draw cute anime chibi fullbody, oc fanart pet character"
harshas,design-a-minimalist-logo,8,logo | design | logo design | modern | minimalist,create modern minimalist and luxury logo design
harshas,design-a-modern-minimalist-logo,8,logo | design | logo design | modern | minimalist,do modern minimalist business logo design
harshas,do-modern-christmas-logo-design,8,logo | design | logo design | modern | minimalist,do a catchy holiday logo design
harshas,do-real-estate-logo-design,125,real estate | estate | real | estate logo | logo,do real estate logo design
harshas,do-wordpress-website-design-and-web-development-seo-responsive,4,wordpress | wordpress website | page | website | fix,do wordpress website design and development with seo
harshas,modern-luxury-simple-initials-monogram-logo-design,8,logo | design | logo design | modern | minimalist,do clever monogram logo design
harshas,signature-logo-luxury-custom-minimal,35,text | animate | text clickable | logo | clickable,"do signature, script, text or typography logo design"
haseeb777,authority-backlinks-seo-services-link-building-high-pr-links-google-ranking,47,backlinks | dofollow | edu | edu backlinks | seo,buid high quality white hat contextual seo dofollow backlinks
haseeb777,do-organic-youtube-video-promotion-to-boost-popularity,20,youtube | thumbnail | youtube thumbnail | design youtube | channel,do super fast organic youtube video promotion
haseeb777,promote-youtube-organic-promotion-viral-video-video-marketing-real-views-links,20,youtube | thumbnail | youtube thumbnail | design youtube | channel,do fast organic youtube video promotion plus backlinks bonus
haseeb_coder,do-complete-shopify-onpage-seo,42,shopify | store | ecommerce | shopify store | products,do complete shopify onpage seo optimizations
haseeb_coder,fix-shopify-bugs-and-do-custom-coding-for-your-store,42,shopify | store | ecommerce | shopify store | products,fix shopify bugs and do custom coding for your store
haseeb_coder,optimize-speed-and-seo-of-your-shopify-store-within-24hrs,42,shopify | store | ecommerce | shopify store | products,speed up your shopify store and do seo within 24 hours
haseeb_coder,speed-up-your-store-in-24-hours-with-proof,4,wordpress | wordpress website | page | website | fix,do shopify speed optimization and complete on page seo
hasithalak,convert-your-logo-or-graphic-to-vector,51,vector | vector tracing | tracing | pattern | logo,convert your logo or graphic to vector
hasithalak,design-a-great-car-van-truck-wrap,72,vfx | car | wrap | great | video,"design a great car,van,truck wrap"
hasithalak,design-custom-album-cover-or-music-artwork,45,cover | book | book cover | design | ebook,design custom album cover or music artwork
hasithalak,design-professional-facebook-twitter-linkedin-cover,6,professional | card | design | design professional | business card,"design professional facebook,twitter,linkedin cover"
hasithalak,design-rock-metal-dj-or-music-band-logo,55,mix | master | mix master | metal | professionally,"design rock,metal,dj or music band logo"
hasithalak,design-topography-or-word-cloud,69,perfect | 24 hours | 24 | hours | design perfect,design topography or word cloud t shirt
hasithalak,design-word-cloud-or-typography-t-shirts-in-24-hours,69,perfect | 24 hours | 24 | hours | design perfect,design word cloud or typography t shirts in 24 hours
hasithalak,do-anything-in-photoshop,6,professional | card | design | design professional | business card,design professional business or company logo
hasrullah_,draw-your-photo-into-game-character,15,draw | illustration | style | cartoon | anime,draw your photo into game character cartoon
hasrullah_,draw-your-picture-into-caricature-cartoon,15,draw | illustration | style | cartoon | anime,draw your picture into caricature cartoon
hassan_zulfiqr,create-home-workout-and-diet-plan-for-quarantine,62,personal | sourcing | sourcing agent | agent | taxes,be your online personal trainer and hold you accountable
hassan_zulfiqr,customized-diet-and-training-programs,16,plan | autocad | 2d | sketch | floor,customize diet plan and workout plan for you
hassanabernathy,tweet-from-100-different-clients-profiles,106,twitter | followers | 1000 | instant | twitter followers,do twitter promotion for your product and services
heath_lindholm,do-a-product-unboxing-video-or-demonstration-video,63,product | video | amazon | product video | amazon product,do a product unboxing video or demonstration video
heath_lindholm,do-an-unboxing-or-demonstration-video-for-you-amazon-product,63,product | video | amazon | product video | amazon product,do an unboxing or demonstration video for your amazon product
heath_lindholm,narrate-and-convert-your-powerpoint-to-video-with-music,65,convert | pdf | powerpoint | word | convert pdf,professionally narrate and convert your powerpoint to video
heath_lindholm,record-your-voice-over-with-an-american-male-voice,24,voice | record | female | record professional | male,record an american male voice over
helenghostwrits,ghostwriter-book-fiction-ghostwrite-fantasy-scifi-litrpg-writer-bestseller-crime,129,write | articles | words | story | short,ghostwrite you a fantastic fiction story or novel
helenghostwrits,ghostwriter-novel-fantasy-scifi-litrpg-isekai-cultivation-bestseller-writing,129,write | articles | words | story | short,ghostwrite you a stellar fantasy and scifi story or novel
helle1983,be-your-agile-devop-for-cicd-docker-kubernetes-and-iac-topics,129,write | articles | words | story | short,"be your agile devop for cicd, docker, kubernetes and iac topics"
heudwen,be-fashion-personal-stylist,62,personal | sourcing | sourcing agent | agent | taxes,be your personal fashion stylist
holdaz,be-your-american-video-spokesperson-24a2,3,spokesperson | video | video spokesperson | music video | music,be your american video spokesperson
holdaz,be-your-french-video-spokesperson-fdae,3,spokesperson | video | video spokesperson | music video | music,be your french video spokesperson
holdaz,be-your-natural-professional-spokesperson,3,spokesperson | video | video spokesperson | music video | music,"be your natural, professional spokesperson"
holdaz,be-your-video-spokesperson,3,spokesperson | video | video spokesperson | music video | music,be your video spokesperson
holdaz,be-your-video-spokesperson-1b9e,3,spokesperson | video | video spokesperson | music video | music,be your video spokesperson
holdaz,be-your-video-spokesperson-5bcf,3,spokesperson | video | video spokesperson | music video | music,"be your video spokesperson, with a collar mic"
holdaz,be-your-video-spokesperson-9d2a,3,spokesperson | video | video spokesperson | music video | music,be your video spokesperson
holdaz,be-your-video-spokesperson-b91c,3,spokesperson | video | video spokesperson | music video | music,be your video spokesperson
holdaz,be-your-video-spokesperson-c7e7,3,spokesperson | video | video spokesperson | music video | music,be your video spokesperson
holdaz,be-your-video-spokesperson-cbd8,3,spokesperson | video | video spokesperson | music video | music,be your video spokesperson
holdaz,be-your-video-spokesperson-e3e1,3,spokesperson | video | video spokesperson | music video | music,be your american video spokesperson
honestkr,add-1000-real-people-follow-ur-twitter,106,twitter | followers | 1000 | instant | twitter followers,add 1000 real people follow ur twitter
honestkr,create-mozaic-of-your-photo-just,41,just | site | make | membership | make wordpress,create mozaic of your photo just
honestkr,delete-tweets-all-on-your-twitter,106,twitter | followers | 1000 | instant | twitter followers,delete tweets all on your twitter for $5
honestkr,flood-2000-unique-ip-and-7200-page-views,139,traffic | send | site | traffic site | traffic website,flood traffic 2000 unique ip and 7200 page views
honestkr,get-your-campaign-retweeted-by-15-twitter-accounts-at-least-1000-followers-each,106,twitter | followers | 1000 | instant | twitter followers,get your campaign retweeted by 15 twitter accounts minimum 1000 followers each
honestkr,give-1000-plr-article,40,blog | article | blog website | write | website,give 1000 plr article
honestkr,give-you-1000-real-twitter-followers,106,twitter | followers | 1000 | instant | twitter followers,give you 1000 real twitter followers and promote your twitter to 15000 real followers
honestkr,give-you-209000-article-directories-and-1500-plr-for-use-in-article-marketing-robot,40,blog | article | blog website | write | website,"give you 209,000 article directories and 1500 plr for use in article marketing robot"
honestkr,give-you-more-3500-expensive-adsense-keywords,36,build | adsense | keywords | niche | website,give you more 3500 expensive adsense keywords
honestkr,make-auto-facebook-viral-site-and-get-free-traffic,96,free | face | free preview | preview | preview buying,make auto facebook viral site and get free traffic
honestkr,promote-your-website-10-times-to-more-than-9000-unique-followers,21,testing | 10 | qa | names | qa testing,promote your website 10 times to more than 9000 unique followers
honestkr,show-how-to-get-200-followers-in-7-minutes,70,200 | old | update | minutes | followers,show how to get 200 followers in 7 minutes
honestkr,show-you-how-to-get-over-2500-backlinks-and-4-edu-auto-approve-comment,49,list | email list | follow | email | targeted,show you how to get over 2500 backlinks and 4 edu auto approve comment
hr_champ,8-years-experience-in-l-and-d-i-can-design-training-modules,134,point presentation | power point | point | power | presentation,design power point presentation and sale pitch deck with videos training modules
hr_champ,training-calendar-training-plan-hr-policies-sops-job-descriptions,7,job | job description | description | resume | cv,design job descriptions standard operating procedures sop and policies
hrgbrothers,11-hd-cinematic-logo-intro-video,126,intro | logo | youtube | animation | intro outro,"create eye catching logo animation, intro and outro in 4k"
hrgbrothers,create-20-amazing-professionnel-intro-video-logo-animation,126,intro | logo | youtube | animation | intro outro,create 20 video intro logo animation and youtube intro
hrgbrothers,create-a-professional-and-high-quality-whiteboard-animation,6,professional | card | design | design professional | business card,create a professional and high quality whiteboard animation
hrgbrothers,create-youtube-intro-and-outro-logo-animation,126,intro | logo | youtube | animation | intro outro,"create youtube intro and outro,logo animation"
hunirind,deliver-excellent-content-strategy-to-boost-your-brand,131,strategy | marketing | digital marketing | brand | digital,deliver excellent content strategy to boost your brand
hunirind,develop-technical-business-and-creative-content,129,write | articles | words | story | short,write engaging creative content
iamkaushal,create-365-bible-quotes-christian-videos-youtube-shorts-reels-tiktok-with-logo,38,videos | exercise | fitness | videos youtube | fitness exercise,"create 365 bible quotes christian videos youtube shorts, reels, tiktok with logo"
iamkaushal,create-365-youtube-shorts-reels-and-tiktoks-for-with-logo,38,videos | exercise | fitness | videos youtube | fitness exercise,"create 365 spiritual videos youtube shorts, reels, tiktok with logo"
iamkaushal,give-you-100-fitness-videos-with-your-brand-logo,8,logo | design | logo design | modern | minimalist,give you 250 fitness videos with your brand logo
iammodbox,setup-obs-studio-for-perfect-streams,69,perfect | 24 hours | 24 | hours | design perfect,setup obs for perfect streams
idreesfarooq,build-link-wheel-for-your-page-guaranteed-on-the-first-page-in-google-search-in-less-than-a-month,4,wordpress | wordpress website | page | website | fix,build penguin safe link wheel for your page for the first page in google search in less than a month
idreesfarooq,build-linkwheel-with-8-high-pr-dofollow-sites-manually-then-create-3000-blog-backlinks-and-300-edu-backlinks-for-google-page-first-ranking,47,backlinks | dofollow | edu | edu backlinks | seo,"build linkwheel with 8 high pr dofollow sites manually, then create 3000 blog backlinks and 300 edu backlinks for google page first ranking"
idreesfarooq,creat-a-google-favorite-link-wheel-from-6-pr7-to-pr9-web-properties-for-increase-in-google-ranking,52,sites | wheel | link wheel | pr | linkwheel,creat a google favorite link wheel from 6 pr6 to pr8 web properties for increase in google ranking
idreesfarooq,create-10-web-2-sites-linkwheel-with-amazing-seo-power-from-google-authority-domains-of-pr6-to-pr8,52,sites | wheel | link wheel | pr | linkwheel,create 10 web 2 sites linkwheel with amazing seo power from google authority domains of pr6 to pr8
idreesfarooq,create-100-high-pr-google-favorite-bookmarks-for-5-urlspinging-with-rss-submission-as-bonus,52,sites | wheel | link wheel | pr | linkwheel,"create 100 high pr google favorite bookmarks for 5 urls,pinging with rss submission as bonus"
idreesfarooq,create-a-8-spokes-linkwheel-having-page-rank-5-to-8-sites,52,sites | wheel | link wheel | pr | linkwheel,create a 8 spokes linkwheel having page rank 5 to 8 sites
idreesfarooq,create-a-high-pr-magic-link-wheel-from-6-web-properties-wordpress-tumbler-websgather-livejournal-and-xanga--2,52,sites | wheel | link wheel | pr | linkwheel,"create a killer high pr magic link wheel from 6 web properties wordpress, atom, webs, wikia, livejournal and xanga"
idreesfarooq,create-a-linkwheel-for-you-using-8-pr6-to-pr-9-web-2-point-0-sites-and-then-ping-all-the-sites-to-get-them-indexed,52,sites | wheel | link wheel | pr | linkwheel,create a linkwheel for you using 8 pr6 to pr 9 web 2 point 0 sites and then ping all the sites to get them indexed
idreesfarooq,create-a-powerful-seo-dofollow-linkwheel,47,backlinks | dofollow | edu | edu backlinks | seo,create a powerful seo dofollow linkwheel
idreesfarooq,create-dofollow-link-wheel-from-pr5-to-pr9-dofollow-web-properties-then-blast-them-with-300-plus-edu-backlinks-for-google-fist-page-ranking-within-24-hours,47,backlinks | dofollow | edu | edu backlinks | seo,"create dofollow link wheel from pr5 to pr9 dofollow web properties, then blast them with 300 plus edu backlinks for google fist page ranking within 24 hours"
idreesfarooq,create-google-friendly-link-wheel-from-10-pr9-to-pr5-web-properties-ping-them-and-submit-to-top-rss-aggreators-for-fast-indexing,52,sites | wheel | link wheel | pr | linkwheel,"create google friendly link wheel from 8 pr9 to pr5 web properties, ping them and submit to top rss aggreators for fast indexing"
idreesfarooq,create-killer-video-guide-for-finding-high-paying-keywords-for-your-niche-in-less-than-5-minutes,36,build | adsense | keywords | niche | website,create killer video guide for finding high paying keywords for your niche in less than 5 minutes
idreesfarooq,do-a-500-edu-backlinks-blast-for-your-3-urls,47,backlinks | dofollow | edu | edu backlinks | seo,do a 500 edu backlinks blast for your 3 urls
idreesfarooq,give-500-edu-backlinks-blast-for-your-site-edu-backlinks-specifically-in-comments-be-on-google-page-one-in-a-monnth-for-any-search,47,backlinks | dofollow | edu | edu backlinks | seo,"give 500 edu backlinks blast for your site, edu backlinks specifically in comments be on google page one in a monnth for any search"
idreesfarooq,give-pr5-panda-beat-10-dofollow-web-2-properties-link-wheel-and-backlink-indexing-using-rss-submission,52,sites | wheel | link wheel | pr | linkwheel,give pr5+ panda beat 10 dofollow web 2 properties link wheel and backlink indexing using rss submission
idreesfarooq,link-wheel-from-google-favorite-7-high-authority-sites-to-your-money-site-with-bonus-rss-submission,52,sites | wheel | link wheel | pr | linkwheel,link wheel from google favorite 7 high authority sites to your money site with bonus rss submission
idreesfarooq,linkwheel-from-7-pr6-plus-sites-for-an-amzaing-boost-in-google-ranking,52,sites | wheel | link wheel | pr | linkwheel,linkwheel from 7 pr6 plus sites for an amzaing boost in google ranking
idreesfarooq,manually-create-a-high-pr-link-wheel-having-8-spokes-and-bookmark-all-links-to-10-bookmarking-sites-giving-a-sky-rocket-boost-to-your-ranki,52,sites | wheel | link wheel | pr | linkwheel,create a high pr link wheel having 8 spokes and bookmark all links to 10 bookmarking sites giving a sky rocket boost to your ranki
idreesfarooq,manually-create-a-high-pr-link-wheel-having-8-spokes-and-bookmark-all-links-to-10-bookmarking-sites-giving-a-sky-rocket-boost-to-your-ranki--2,52,sites | wheel | link wheel | pr | linkwheel,manually create a high pr link wheel having 8 spokes and bookmark all links to 10 bookmarking sites giving a sky rocket boost to your ranki
idreesfarooq,submit-your-site-or-blog-manually-to-25-social-bookmarking-sites-pr4-to-pr8,52,sites | wheel | link wheel | pr | linkwheel,submit your site or blog manually to 25 social bookmarking sites pr4 to pr8
ihorvoys,create-vector-illustration-your-product-object-and-other,15,draw | illustration | style | cartoon | anime,"create vector illustration your product, object and other"
ihorvoys,do-design-visiting-card-in-creative-and-minimalistics-style,6,professional | card | design | design professional | business card,do design visiting card in creative and minimalistics style
ihorvoys,do-photo-in-the-style-of-oil-paint,15,draw | illustration | style | cartoon | anime,do photo in the style of oil paint
ihorvoys,draw-a-realistic-vector-illustration,15,draw | illustration | style | cartoon | anime,draw realistic vector illustration
ihorvoys,edit-and-retouch-photos-of-products,145,photos | retouch | edit | edit retouch | retouch photos,edit and retouch photos of products
ihorvoys,edit-and-retouch-your-photos,145,photos | retouch | edit | edit retouch | retouch photos,edit and retouch your photos
ihorvoys,edit-your-photos-in-lightroom,27,editing | photoshop | photoshop editing | photo | video editing,do editing wedding photo in lightroom
ilyosinn,design-branded-pdf-worksheets,65,convert | pdf | powerpoint | word | convert pdf,design branded pdf workbooks
ilyosinn,design-fillable-pdf-forms,65,convert | pdf | powerpoint | word | convert pdf,design fillable pdf forms
ilyosinn,edit-or-create-any-pdf-file-in-1-day-upto-40-pages,13,facebook | instagram | timeline | post | posts,"design super pdf documents,templates,lead magnets"
imaeternal,create-an-insane-professional-nft-server,81,server | sql | sql server | discord server | discord,create an industry leading nft discord server with free lifetime audits
imaeternal,setup-your-discord-server-professionally,81,server | sql | sql server | discord server | discord,create an insane professional discord server with lifetime support
imbuhsetyo77,create-a-stunning-best-retro-vintage-poster-with-vector-file,80,flyer | poster | event | design | flyer poster,create a stunning best retro vintage poster with vector file
imbuhsetyo77,make-a-vintage-or-retro-travel-poster-with-an-amazing-design,8,logo | design | logo design | modern | minimalist,make a vintage or retro travel poster with an amazing design
imran_raza_rao,be-you-personal-virtual-assistant,17,virtual | private | virtual assistant | assistant | leads,be your personal and executive virtual assistant
inceptivestech,design-develop-a-custom-responsive-website-in-html-css-javascript-and-php,138,html | responsive | convert | convert psd | psd,"design develop a custom responsive website in html, css, javascript, and php"
inmadesign,draw-cute-and-kawaii-chibi-anime-character-illustration,15,draw | illustration | style | cartoon | anime,"draw unique cartoon character for your book, comic, blog, or social media posts"
inmadesign,draw-you-a-cute-and-kawaii-chibi-anime-character-illustration,8,logo | design | logo design | modern | minimalist,design unique and professional cartoon mascot logo for your business and product
inmadesign,draw-your-favorite-character-in-cool-and-stylish-chibi-illustration,15,draw | illustration | style | cartoon | anime,"draw unique and cute custom cartoon character, animal mascot, illustration"
intladvocate,write-effective-and-inspiring-articles,57,essays | journalism | case | write | reports,"do research and write essays, reports and summaries"
intladvocate,write-effective-and-inspiring-speeches,2,domain | public | available | motivational | com,"write a persuasive, motivational and inspiring speech"
intladvocate,write-effective-articles-for-your-blog-and-website,129,write | articles | words | story | short,"write inspirational and motivational articles, stories and narratives"
intladvocate,write-international-affairs-and-political-articles-for-you,129,write | articles | words | story | short,write international relations and political articles
intladvocate,write-legal-and-law-related-articles,129,write | articles | words | story | short,write legal and law related articles
intladvocate,write-seo-articles-and-blog-posts,40,blog | article | blog website | write | website,write seo articles and blog posts
intladvocate,write-your-short-story-or-ebook,129,write | articles | words | story | short,write your short story or ebook on any kind of topic
intladvocate,write-your-social-media-posts,133,social media | media | social | media post | media manager,"write your social media captions, facebook and linkedin posts"
iqrayounas580,design-a-modern-polygonal-and-geometric-logo-in-24-hours,136,design | design custom | icons | geometric | tattoo,design a modern polygonal and geometric logo
irene_elliott,help-you-align-your-brand-to-your-marketing-strategy,131,strategy | marketing | digital marketing | brand | digital,amplify your brand and marketing strategy
irfanahsan,do-google-shopping-feed-product-listing-ads-ppc,61,ads | facebook | google | google ads | optimize,"setup, audit and optimize the google ads ppc campaigns"
irfanalvee,do-product-photo-editing-for-amazon-ebay-shopify-etsy,27,editing | photoshop | photoshop editing | photo | video editing,"do product photo editing for amazon, ebay shopify, etsy"
ishazarfi,design-a-simple-clean-professional-logo,8,logo | design | logo design | modern | minimalist,do modern custom 3d logo design with copyrights
ishazarfi,do-3d-logo-mockup-in-100-different-styles-be32e9e9-38ce-44d1-bccc-a9484bf468fc,8,logo | design | logo design | modern | minimalist,do modern luxury logo design
ismail967,be-your-engaging-shopify-product-description-writer,42,shopify | store | ecommerce | shopify store | products,be your engaging shopify product description writer
ismail967,write-persuasive-shopify-product-seo-title-and-descriptions,42,shopify | store | ecommerce | shopify store | products,write shopify product descriptions and optimize products pages
itsnafiziqbal,do-best-youtube-video-seo-for-rank-on-top,20,youtube | thumbnail | youtube thumbnail | design youtube | channel,do best youtube video seo to improve your ranking
itunujoe,produce-a-full-band-song-with-my-live-band,87,produce | instrumental | beat | song | tracks,produce your christian and gospel song or instrumental
itunujoe,produce-instrumental-for-you-in-any-genre,87,produce | instrumental | beat | song | tracks,ghost produce an original instrumental backing track for you
itunujoe,record-an-amazing-acoustic-drum-track-to-your-song,69,perfect | 24 hours | 24 | hours | design perfect,be your professional session drummer and deliver in 24 hours
itunujoe,record-backing-vocals-for-your-song,60,song | vocals | tune | jingle | song jingle,sing and record background vocals and choir for your song
itunujoe,sing-and-record-vocal-harmony-of-a-choir-and-backing-vocals,60,song | vocals | tune | jingle | song jingle,"record singers, backing vocals or choir to your song"
ivy_editor,be-your-christian-book-editor,149,proofreader | editor proofreader | editor | professional editor | professional,be your christian book editor and proofreader
ivy_editor,be-your-professional-editor,149,proofreader | editor proofreader | editor | professional editor | professional,be your professional editor and proofreader
j_smith619,design-3-eye-catching-youtube-thumbnails-for-you,1,eye catching | catching | eye | hand | design,design 3 eye catching youtube thumbnails for you
j_smith619,design-a-mind-blowing-youtube-thumbnail-for-you,20,youtube | thumbnail | youtube thumbnail | design youtube | channel,design a mind blowing youtube thumbnail for you
jacdesignsetc,proofread-and-edit-1500-words,129,write | articles | words | story | short,"proofread and edit 1,500 words"
jadoon_designs,design-healthcare-medical-pharmacy-cbd-and-dental-logo,8,logo | design | logo design | modern | minimalist,design two 3d logo with copyrights
jahan_ulla,design-business-card-letterheads-and-full-stationary,6,professional | card | design | design professional | business card,"design business card, letterheads and full stationary"
janesonib,best-resume-writing-service,102,linkedin | bio | linkedin profile | profile | connections,"write a bio, design professional resume and linkedin profile creation, summary"
janesonib,help-your-organization-in-the-funding-process,128,help | assignments | sharp | assignments problems | help started,help you secure funding
janesonib,intently-provide-letter-writing-tailored-to-your-purpose,39,grant | letter | writing | nonprofit | application,intently provide letter writing tailored to your purpose
janesonib,research-and-win-develop-a-grant-proposal,39,grant | letter | writing | nonprofit | application,"do grant research, grant writing, grant proposal, grant application 4 nonprofit"
janesonib,research-and-win-develop-a-grant-proposal-writing-nonprofit-application-501c3-5c3e,39,grant | letter | writing | nonprofit | application,"research and win develop a grant proposal, writing nonprofit application, 501c3"
janesonib,research-and-win-develop-grant-proposal-writing-nonprofit-application-501c3-b4cb,39,grant | letter | writing | nonprofit | application,"research and win develop grant proposal, writing nonprofit application, 501c3"
janesonib,research-grant-opportunities-for-your-organization,39,grant | letter | writing | nonprofit | application,"provide grant research, proposal writing, rfp, 501c3 nonprofit application"
jeremiahclay,answer-general-mortgage-underwriting-questions,127,answer | question | mortgage | canadian | usa,answer general mortgage underwriting questions
jeremiahclay,write-an-informative-real-estate-market-update,125,real estate | estate | real | estate logo | logo,write an informative real estate or mortgage market update
jeremiahclay,write-great-articles-for-your-real-estate-or-mortgage-blog,125,real estate | estate | real | estate logo | logo,write great articles for your real estate or mortgage blog
jerr_art,draw-anime-style-character,15,draw | illustration | style | cartoon | anime,draw anime style character illustration
jessem001,setup-your-google-ads-account,61,ads | facebook | google | google ads | optimize,professionally set up and optimize google ads ppc campaigns
jewelzdancers,create-professional-amazon-product-video-advertising,63,product | video | amazon | product video | amazon product,create professional product video advertising
jewelzdancers,shoot-wearing-your-clothing-or-swimwear-in-sunny-florida,31,create | video | create custom | custom | brand,model and shoot your product or clothing brand
jhorna7,design-responsive-email-template,25,email | klaviyo | marketing | email marketing | email template,design editable responsive email template or newsletter
jim_h1441,draw-a-portrait-in-disney-cartoon-style,15,draw | illustration | style | cartoon | anime,draw a portrait in disney cartoon style
jiwonkimm,translate-english-to-korean,28,english | translate | translate english | spanish | versa,subtitle and localize your audiovisual content from english to korean
jlopez_graphics,create-a-professional-concert-or-tour-poster-for-your-band,30,message | send | cool | christian | send cool,create a cool looking poster for your concert or tour
jlopez_graphics,design-merch-posters-and-album-art-for-your-band,45,cover | book | book cover | design | ebook,design merch and album covers or any art for your band
jmanningmusic,help-write-your-metal-lyrics,129,write | articles | words | story | short,write professional lyrics for your metal song
jndator,test-your-website-for-bugs-and-usability,108,test | bugs | software | games | different,test your website for bugs and usability
joacobustillo,accompany-your-learning-with-music,107,lessons | provide | provide professional | video lessons | professional,be your music teacher through professional guitar lessons
joacobustillo,teach-you-how-to-play-piano,107,lessons | provide | provide professional | video lessons | professional,provide piano lessons for beginners
joacobustillo,teach-you-how-to-sing,107,lessons | provide | provide professional | video lessons | professional,provide professional singing lessons
joaquinpessoa,draft-and-manage-your-fantasy-football-team,78,advice | legal advice | offshore | legal | germany,comanage or give you advice on your fantasy football team
johnbaggs,be-your-private-investigator,17,virtual | private | virtual assistant | assistant | leads,be your private investigator
johnbaggs,find-someones-address-in-the-usa-or-uk,10,research | keyword research | keyword | uk | usa uk,find someones address in the usa or uk
johndavern,write-your-application-essays-and-get-you-accepted,57,essays | journalism | case | write | reports,write your application essays and get you accepted
johndavern,write-your-scholarship-essay-and-make-you-money,37,make | money | wire | earrings | pendant,write your scholarship essay and make you money
johnthesolution,provide-50-diy-credit-letters-to-create-financial-freedom,111,credit | score | boost | repair | restoration,offer credit consultation and complete restoration package
johnthesolution,send-you-a-full-credit-report-analysis-and-free-credit-letters,111,credit | score | boost | repair | restoration,repair your credit and show you how to boost your score fast
johnthesolution,send-you-my-library-of-credit-repair-letters-and-auto-loan-source,111,credit | score | boost | repair | restoration,provide letters to boost your credit score and clean credit report
jontaylor,produce-radio-idents-jingles-promos-with-fx,24,voice | record | female | record professional | male,"voice and produce your radio jingles,ids, radio imaging with sfx"
jrtmediapr,write-a-press-release-and-distribute-to-targeted-local-and-regional-media,114,press | release | press release | music press | music,write a press release and distribute to targeted local and regional media
jrtmediapr,write-monthly-blog-content,2,domain | public | available | motivational | com,write monthly blog content available for subscription
junaidjavaid99,do-professional-wordpress-yoast-on-page-seo-and-optimization,4,wordpress | wordpress website | page | website | fix,do on page seo and onpage optimization of wordpress website
junaidjavaid99,do-wordpress-website-speed-optimization-increase-page-speed,4,wordpress | wordpress website | page | website | fix,"do wordpress website speed optimization, increase page speed"
junaidjavaid99,do-youtube-video-promotion-channel-monetization,20,youtube | thumbnail | youtube thumbnail | design youtube | channel,"do youtube video promotion, channel monetization"
junaidjavaid99,write-seo-optimized-content-article-and-blog-post-for-web,129,write | articles | words | story | short,"write seo optimized content, article and blog post for web"
kaboki,create-a-fantastic-video-your-product-or-service,46,3d | model | animation | exterior | render,create a realistic 3d product animation for your product
kamran_siddiqi,do-etsy-seo-and-etsy-shop-promotion-by-optimized-tag-listing,140,etsy | etsy shop | shop | etsy seo | tags,do etsy seo to rank up your etsy listing by finding best title and tags
kamranadeel,wordpress-com-to-wordpress-org-migration,4,wordpress | wordpress website | page | website | fix,migrate from wordpress com to wordpress org
kamranalam1,draw-site-plan-on-autocad-from-google-maps,16,plan | autocad | 2d | sketch | floor,draw site plan from google maps for permit very fast
kamranalam1,interior-design-your-house-or-office-using-3ds-max,46,3d | model | animation | exterior | render,interior design your house or office using 3ds max
kamranalam1,make-2d-3d-floor-plans-and-elevations-in-autocad,16,plan | autocad | 2d | sketch | floor,design your 2d 3d floor plans and elevations in autocad
kamranalam1,produce-a-realistic-3d-visual-for-your-house-of-office,46,3d | model | animation | exterior | render,do house exterior architectural 3d rendering
kaneeee,develop-chat-gpt-or-web-apps-using-openai-and-langchain,64,apps | 100 | google | begining promotion | plus site,develop chat gpt or web apps using openai and langchain
kaneeee,script-or-build-anything-for-you-in-roblox,20,youtube | thumbnail | youtube thumbnail | design youtube | channel,script anything for you in roblox
kaneeee,write-any-verse-code-in-fortnite-uefn,89,code | qr | qr code | desktop application | desktop,write any verse custom device code in fortnite uefn
kannytech,add-news-filter-to-your-existing-expert-advisor,105,advisor | expert advisor | expert | indicator | mt4,add news filter to your mt4 or mt5 ea expert advisor
kannytech,code-a-metatrader-4-mt4-indicator-or-expert-advisor-for-you,105,advisor | expert advisor | expert | indicator | mt4,"create mt4, mt5 indicator or expert advisor metatrader"
kannytech,code-csharp-desktop-application-for-you,89,code | qr | qr code | desktop application | desktop,code csharp desktop application for you
kannytech,create-ninja-trader-7-and-8-indicator-and-expert-advisor,105,advisor | expert advisor | expert | indicator | mt4,create ninja trader 7 and 8 indicator and expert advisor
kannytech,make-ea-license-system-authentication-system,105,advisor | expert advisor | expert | indicator | mt4,"make mt4, mt5 expert advisor metatrader license system"
kannytech,setup-telegram-with-meta-trader-mt4,22,setup | monday | protection | fantastic | secure,setup telegram with meta trader mt4
kapsulchandrora,create-custom-website-design-or-redesign-using-html-css-js,138,html | responsive | convert | convert psd | psd,create custom website html template using html css js
kapsulchandrora,design-professional-business-wordpress-website,6,professional | card | design | design professional | business card,design professional business wordpress website
katerinasmileva,be-your-social-media-manager-and-content-creator,38,videos | exercise | fitness | videos youtube | fitness exercise,"be your professional content creator, videos included"
katerinasmileva,create-finance-related-content-for-your-company,121,related | learn | property | company | video,create finance related content for your company
katerinasmileva,create-reels-for-your-instagram-business-page,13,facebook | instagram | timeline | post | posts,create reels for your instagram business page
katerinasmileva,do-professional-video-editing,6,professional | card | design | design professional | business card,create a whiteboard animation video for your company
katerinasmileva,write-seo-optimized-blogs-for-your-business-website,129,write | articles | words | story | short,write seo optimized blogs for your business website
kefilwe93,produce-a-piano-song-for-you,87,produce | instrumental | beat | song | tracks,produce a piano song for you
kerolo,analyze-your-website-using-google-analytics,91,google analytics | analyze website | analyze | analytics | google,analyze your website using google analytics
kerolo,create-amazing-digital-marketing-plan,131,strategy | marketing | digital marketing | brand | digital,create amazing digital marketing plan
kerolo,create-efficient-facebook-and-instagram-ad-campaign,13,facebook | instagram | timeline | post | posts,create efficient facebook and instagram ad campaign
kerolo,design-professional-social-media-post,133,social media | media | social | media post | media manager,design amazing social media post in english and arabic
kerolo,do-product-photo-editing-and-removing-background,27,editing | photoshop | photoshop editing | photo | video editing,do product photo editing and removing background
kerolo,laser-target-arabic-and-english-audience-for-facebook-ads,61,ads | facebook | google | google ads | optimize,laser target audience for facebook ads
kerolo,market-your-product-in-arab-community,133,social media | media | social | media post | media manager,be your social media manager in arabic and english
kerolo,setup-your-google-ads-campaigns-in-english-and-arabic,61,ads | facebook | google | google ads | optimize,setup your google ads campaigns in english and arabic
kerolo,teach-you-how-to-create-google-ads-campaign,61,ads | facebook | google | google ads | optimize,teach you how to create google ads campaign
kerolo,write-arabic-articles-to-your-blog-or-facebook-page,40,blog | article | blog website | write | website,write unique seo arabic article for your blog or website
kerolo,your-google-ads-manager,61,ads | facebook | google | google ads | optimize,your google ads manager
keval9098,create-python-django-project,77,python | django | python django | learning | django flask,create python django flask project
keval9098,deploy-your-python-django-web-app-to-heroku-server,77,python | django | python django | learning | django flask,deploy your python django web app to heroku or cpanel server
khan_saddam,build-targeted-email-list-for-your-email-campaign,49,list | email list | follow | email | targeted,provide targeted email list for your business
khan_saddam,do-b2b-lead-generation-and-prospect-list-building,49,list | email list | follow | email | targeted,do targeted b2b lead generation and prospect list building for any industry
khan_saddam,do-pdf-jpg-to-excel-conversion-manually,68,data | entry | excel | data entry | web research,"do accurate data entry, copy paste and web research"
khan_saddam,provide-targeted-prospect-list-and-generate-b2b-leads-for-any-industry,49,list | email list | follow | email | targeted,provide targeted prospect list and generate b2b leads for any industry
kirmani66,do-any-machine-learning-and-deep-learning-project-in-python,77,python | django | python django | learning | django flask,do any machine learning and deep learning project in python
koyukoyu,translate-english-to-japanese,28,english | translate | translate english | spanish | versa,professionally translate english to japanese
koyukoyu,write-your-name-in-japanese,129,write | articles | words | story | short,"write perfect japanese calligraphy for words, logo, tattoo"
krango,improve-your-motivation-letter-for-graduate-studies-admission,39,grant | letter | writing | nonprofit | application,provide personalized cover letter or motivation letter for university admission
kusabidelacroix,rock-metal-backing-track-producer,87,produce | instrumental | beat | song | tracks,create instrumental tracks and mix your songs and covers
l360nodad,coach-you-as-a-top500-overwatch-player-and-help-you-climb,128,help | assignments | sharp | assignments problems | help started,coach you in overwatch 2 as a top500 player and help you climb
larasadi,draw-bag-illustration-for-your-business,58,concept | concept art | draw | art | create fantasy,draw backpack and other bag concept for your idea
larasadi,go-crazy-with-your-sneakers-idea,58,concept | concept art | draw | art | create fantasy,help draw concept sneaker or shoes design illustration from your idea
larasadi,make-dope-product-illustration-from-your-ideas,82,ideas | internet | unique | unique way | craft,draw products appliance furnitures wearables from your ideas
laurafaasse,be-your-virtual-assistent,17,virtual | private | virtual assistant | assistant | leads,be your virtual assistent
laurafaasse,write-your-job-description-to-find-the-perfect-employee,7,job | job description | description | resume | cv,write your job description to find the perfect employee
lawsonu,provide-teespring-secret-business-method,141,secret | teespring | method | earn | hundreds,provide teespring secret business method
lazyeyetravel,hi-will-add-google-codes-for-your-website,61,ads | facebook | google | google ads | optimize,help you add google ads conversion tracking and analytics
leadone,add-metadata-in-your-audio-files,29,audio | track | audio video | video | transcribe,add metadata in your audio files
leadone,bass-boost-your-song,96,free | face | free preview | preview | preview buying,make a dj mixes with free preview before buying
leadone,convert-your-audio-to-the-3d-binaural-holophonic-audio,29,audio | track | audio video | video | transcribe,"convert your audio to the 3d binaural, holophonic audio"
leadone,convert-your-mp3-to-midi-format-in-1-day,96,free | face | free preview | preview | preview buying,convert mp3 to midi format with free preview before buying
leadone,convert-your-song-to-8-16-bit-music,5,version | logos | bit | 16 bit | 16,"convert your song to 8, 16 bit version"
leadone,create-music-kits-in-any-genres-you-want,60,song | vocals | tune | jingle | song jingle,create live looping template from 1 song
leadone,create-presets-for-massive-sylenth1-serum,104,skin | serum | make best | video | best,"create presets for massive, sylenth1, serum, zebra, diva"
leadone,create-sound-effects-sound-design-for-apps-and-games,113,sound | sound design | sound effects | effects | design,"create sound effects, sound design for app, game with free preview before buying"
leadone,create-trance-music-with-commercial-licenses,31,create | video | create custom | custom | brand,create trance music with commercial licenses
leadone,do-skin-for-xfer-serum,104,skin | serum | make best | video | best,do skin for xfer serum
leadone,edit-and-improve-your-podcast,96,free | face | free preview | preview | preview buying,"edit your podcast, book, audio from the video with free preview before buying"
leadone,make-your-voice-as-the-voice-of-the-daleks,5,version | logos | bit | 16 bit | 16,manually convert any songs to music box version
leadone,mix-and-master-your-song-very-detailed-and-studiously,55,mix | master | mix master | metal | professionally,mix and master your song very detailed and with discount
leadone,produce-an-exclusive-rap-and-hip-hop-beats,117,rap | beats | sing | hop beats | hip hop,produce an exclusive rap and hip hop beats
leadone,remake-your-selected-track-or-a-specific-sound,29,audio | track | audio video | video | transcribe,remake your selected track or a specific sound
leadone,remove-vocals-from-a-song-in-1-day,96,free | face | free preview | preview | preview buying,remove vocals or instrumental from a song with free preview before buying
leadone,teach-you-everything-in-sound-design,113,sound | sound design | sound effects | effects | design,"teach you everything in sound design, audio production"
leiann,do-a-google-friendly-snuke-x-blast-proven-to-boost-rankings-with-these-backlinks,47,backlinks | dofollow | edu | edu backlinks | seo,do a google friendly snuke x blast proven to boost rankings with these backlinks
leiann,write-killer-websiteseo-content-of-any-topic,129,write | articles | words | story | short,write killer website/seo content of any topic
leonardogaitan,creative-and-passionate-illustrator,82,ideas | internet | unique | unique way | craft,illustrate your ideas in a unique way
leonardogaitan,design-your-cover-podcast-art-in-a-unique-way,82,ideas | internet | unique | unique way | craft,illustrate your cover podcast art in a unique way
leonardogaitan,illustrate-your-ideas-in-a-unique-way,15,draw | illustration | style | cartoon | anime,design your poster with a cool vector illustration
lexdesign,create-product-service-or-business-promo-video,31,create | video | create custom | custom | brand,"create product,service or business promo video"
lexdesign,make-an-awesome-cinematic-promo-event-trailer,31,create | video | create custom | custom | brand,make a powerful cinematic promo trailer teaser intro video
lexdesign,make-custom-cinematic-intro-trailer-teaser-promo-video,31,create | video | create custom | custom | brand,"create cinematic, intro, trailer, teaser, promo brand video"
lexdesign,this-cute-happy-easter-greeting-video-with-your-logo,15,draw | illustration | style | cartoon | anime,this cute happy easter greeting video with your logo
lionnet,create-top-quality-environments-in-unity-and-unreal-4,132,unity | game | assets | 3d | developer,create top quality environments in unity and unreal 4
lionnet,unwrap-and-texture-your-3d-model-in-substance-painter,46,3d | model | animation | exterior | render,unwrap and texture your 3d model in substance painter
lisapechenkina,industrial-and-product-design-concept,58,concept | concept art | draw | art | create fantasy,come up with industrial and product design concept
lisapechenkina,minimalistic-vector-or-watercolor-fashion-illustration,16,plan | autocad | 2d | sketch | floor,draw a watercolor fashion illustration or sketch
literateumar700,draft-sale-trust-warranty-etc-deed-for-you,137,privacy | policy | disclaimers | privacy policy | write,"provide, legal services, privacy policy, disclaimers, others"
literateumar700,legally-review-documents-prepared-by-chatgpt,53,review | review website | documents | write | website,legally review documents prepared by chatgpt and ai
literateumar700,write-legal-disclaimer-agreement-policies-for-you,129,write | articles | words | story | short,"write legal disclaimer, agreements, policies for you"
lizziecrow,do-you-a-voice-over,24,voice | record | female | record professional | male,provide a female british voice over professional standard
logobasher,design-unique-professional-3d-business-logo,8,logo | design | logo design | modern | minimalist,design unique professional 3d business logo
lorae_lei,design-you-a-custom-tattoo,136,design | design custom | icons | geometric | tattoo,design you a custom tattoo
loriensauret,design-a-cool-layout-for-your-cv-or-resume,7,job | job description | description | resume | cv,design a personalized layout for your cv or resume
lottyg,dancer-for-you-video-musical,3,spokesperson | video | video spokesperson | music video | music,dance for your music video
lottyg,model-and-actress-for-your-stock-video-or-music-video,3,spokesperson | video | video spokesperson | music video | music,model and actress for your stock video or music video
loveth01,write-a-visual-basic-program,23,program | affiliate | affiliate program | install | configure,create a visual basic or csharp program
lucasilvestre21,do-professional-video-editing-in-short-time,27,editing | photoshop | photoshop editing | photo | video editing,do professional video editing in short time
luheepradhan,write-amazing-short-story-letter-essay-speech-and-poem,129,write | articles | words | story | short,"write amazing short story, letter, essay and biography"
luisakertusha,be-your-va-for-your-social-media-accounts,133,social media | media | social | media post | media manager,be your social media manager
luisakertusha,design-a-magic-christmas-happy-new-year-cards,56,new | new year | year | according | training,design a magic christmas happy new year cards
luisakertusha,share-your-link-with-my-up-to-8000-connections-on-linkedin,102,linkedin | bio | linkedin profile | profile | connections,share your link with my 20k linkedin connections
mahmoudfathiali,crate-character-animation-for-games,46,3d | model | animation | exterior | render,crate character animation for games
mahmoudfathiali,create-3d-character-for-games-or-animation,46,3d | model | animation | exterior | render,create 3d character for games or animation
mahmoudfathiali,create-a-3d-character-for-your-game,46,3d | model | animation | exterior | render,create a 3d character for your game
mahmoudfathiali,create-a-professional-3d-animation-for-kids,46,3d | model | animation | exterior | render,create a professional 3d animation for kids
mahmoudfathiali,create-a-professional-3d-character-animation,46,3d | model | animation | exterior | render,create a professional 3d character animation
mahmoudfathiali,create-a-professional-video-just-for-you,6,professional | card | design | design professional | business card,create a professional video just for you
majidfayyaz,fix-render-blocking-js-and-css-above-the-fold-contents,4,wordpress | wordpress website | page | website | fix,do wordpress speed optimization and improve page speed score
majorgil1,call-of-duty-warzone-coaching,34,coach | professionally coach | professionally | cartoonize | war,coach you in call of duty warzone and cold war
majorgil1,coach-you-in-black-ops-cold-war,34,coach | professionally coach | professionally | cartoonize | war,coach you in black ops cold war
manaslakhani,develop-your-android-app-or-be-your-android-app-developer,83,app | mobile | mobile app | android | ui,develop your android app or be your android app developer
mariepf,produce-female-voice-acting-for-your-character-in-german,24,voice | record | female | record professional | male,produce female voice acting for your character in german
mariepf,record-in-a-female-german-voice-over,24,voice | record | female | record professional | male,record in a female german voice over
marina_dd,design-elegant-and-professional-logo-within-6hrs,6,professional | card | design | design professional | business card,design elegant and professional logo within 6hrs
marina_dd,design-eye-catching-3d-logo-for-your-business,1,eye catching | catching | eye | hand | design,design eye catching 3d logo for your business
marina_dd,design-unique-flyer-for-your-business-in-24-hours,69,perfect | 24 hours | 24 | hours | design perfect,design unique flyer for your business in 24 hours
marina_dd,outstanding-professional-initial-logo-within-12-hours,1,eye catching | catching | eye | hand | design,design outstanding professional initial logo within 12 hours
mark74,accept-a-tip-for-services-provided,71,tip | accept | accept tip | work | happily accept,accept a tip for services provided for $5
mark74,debugimprove-your-c-sharp-program,23,program | affiliate | affiliate program | install | configure,debug or improve your csharp program for $5
mark74,design-4-mysql-database-tables,123,mysql | design mysql | php | mysql database | database,design 4 mysql database tables for $5
mark74,design-two-mysql-queries,123,mysql | design mysql | php | mysql database | database,design two mysql queries for $5
mark74,help-you-with-your-c-sharp-homework,128,help | assignments | sharp | assignments problems | help started,help you with your c sharp homework for $5
mark74,test-your-application-as-a-default-user,89,code | qr | qr code | desktop application | desktop,test your desktop application as a default user
mark74,write-c-sharp-program,128,help | assignments | sharp | assignments problems | help started,write c sharp program [contact me before order]
markomila,design-model-render-bathroom-wc,46,3d | model | animation | exterior | render,design model render bathroom wc
markomila,draw-model-and-render-furniture-3d2d,46,3d | model | animation | exterior | render,make a 3d model of any furniture piece
martinkutnar,record-professional-accordion-track-for-your-song,24,voice | record | female | record professional | male,record professional accordion track for your song
martinkutnar,record-professional-cello-track-for-your-song,24,voice | record | female | record professional | male,record professional string quartet for your song
mas_roziqin,create-an-amazing-book-trailer-promotion-video-with-modern-style,59,website | seo | wix | content writer | wix website,create professional website promo and presentation video
mas_roziqin,design-instagram-banner-to-promote-your-product,133,social media | media | social | media post | media manager,create eid greeting video for your social media post
mas_roziqin,make-a-book-trailer-promotion-video-with-amazing-animation,31,create | video | create custom | custom | brand,create awesome book trailer promotion video
matarrese8,add-membership-functions-to-your-wordpress-site,41,just | site | make | membership | make wordpress,add membership functions to your wordpress site
matarrese8,back-up-your-wordpress-website,4,wordpress | wordpress website | page | website | fix,customize or create with elementor
matarrese8,build-repair-or-customize-your-shopify-site,42,shopify | store | ecommerce | shopify store | products,"build, repair, or customize your shopify site"
matarrese8,creating-professional-copy-writing-for-your-site,41,just | site | make | membership | make wordpress,creating professional copy writing for your site
matarrese8,custom-develop-wordpress-plugins,4,wordpress | wordpress website | page | website | fix,custom develop wordpress plugins
matarrese8,design-and-install-5-banner-ads-on-your-affiliate-program,23,program | affiliate | affiliate program | install | configure,design and install 5 banner ads on your affiliate program
matarrese8,do-on-page-and-off-page-seo,4,wordpress | wordpress website | page | website | fix,do on page and off page seo
matarrese8,fix-wordpress-errors-issues-and-customizations,4,wordpress | wordpress website | page | website | fix,"fix wordpress errors, issues, and customizations"
matarrese8,install-and-configure-affiliate-wp-on-your-website,23,program | affiliate | affiliate program | install | configure,install and configure affiliate wp on your website
matarrese8,install-live-chat-on-your-website,4,wordpress | wordpress website | page | website | fix,install live chat on your wordpress website
matarrese8,install-woocommerce-one-page-checkout,4,wordpress | wordpress website | page | website | fix,build a premium wordpress website with powerful functions
matarrese8,maintain-updates-on-your-website,59,website | seo | wix | content writer | wix website,maintain updates on your website
matarrese8,manage-your-affiliate-program,23,program | affiliate | affiliate program | install | configure,manage your affiliate program
matarrese8,mobile-optimize-wordpress-websites,4,wordpress | wordpress website | page | website | fix,mobile optimize wordpress websites
matarrese8,record-a-professional-voice-over,24,voice | record | female | record professional | male,record a professional voice over
matarrese8,research-available-domain-options-for-your-business,2,domain | public | available | motivational | com,research available domain options for your project
matarrese8,set-up-an-affiliate-program-for-your-website,23,program | affiliate | affiliate program | install | configure,set up complete affiliate program for your website
matarrese8,set-up-an-affiliate-program-on-shopify-website,4,wordpress | wordpress website | page | website | fix,set up or customize woocommerce
matarrese8,set-up-you-lead-dyno-affiliate-program,23,program | affiliate | affiliate program | install | configure,set up your complete lead dyno affiliate program
matarrese8,set-up-your-affiliate-marketing-site,40,blog | article | blog website | write | website,build your affiliate marketing site
matarrese8,set-up-your-affiliate-plugin,23,program | affiliate | affiliate program | install | configure,install and configure your affiliate plugin
matarrese8,set-up-your-google-ads-campaign,61,ads | facebook | google | google ads | optimize,set up your google ads campaign
matarrese8,set-up-your-google-analytics,91,google analytics | analyze website | analyze | analytics | google,set up your google analytics
matarrese8,set-up-your-share-a-sale-affiliate-program,23,program | affiliate | affiliate program | install | configure,set up your share a sale affiliate program
matarrese8,shoot-professional-product-photos,63,product | video | amazon | product video | amazon product,shoot professional product photos
matarrese8,speed-up-your-website,59,website | seo | wix | content writer | wix website,speed up your website
matarrese8,successfully-manage-your-project,61,ads | facebook | google | google ads | optimize,successfully manage your project
maur5454,i-will-send-this-postcard-from-genova-boccadasse-italy-to-you,18,send | beautiful | send postcard | postcard | postcard genova,send this postcard from genova boccadasse italy to you
maur5454,i-will-send-this-postcard-from-genova-italy-to-you,18,send | beautiful | send postcard | postcard | postcard genova,send this postcard from genova italy to you
maur5454,i-will-send-this-postcard-from-genova-quarto-italy-to-you,18,send | beautiful | send postcard | postcard | postcard genova,send this postcard from genova quarto italy to you
maxgihan865,create-3d-animated-sales-explainer-video-animation-marketing-video-promotional,31,create | video | create custom | custom | brand,create a 3d animated explainer video for you
mayuransurend,answer-any-usa-or-canadian-tax-question,127,answer | question | mortgage | canadian | usa,answer any usa or canadian tax question
mayuransurend,do-your-personal-or-business-taxes,62,personal | sourcing | sourcing agent | agent | taxes,do your canada personal or business taxes
mayuransurend,do-your-usa-taxes-for-40,62,personal | sourcing | sourcing agent | agent | taxes,do your usa personal and business taxes
mazbah_rifat12,create-and-setup-youtube-channel-with-logo-art-intro-outro,126,intro | logo | youtube | animation | intro outro,"create and setup youtube channel with logo, art, intro, outro"
mazbah_rifat12,create-meditation-spa-relaxing-yoga-music-video,3,spokesperson | video | video spokesperson | music video | music,"create meditation video, relaxing video for your youtube"
mazbah_rifat12,create-relaxing-and-meditation-video-for-your-youtube-channel,3,spokesperson | video | video spokesperson | music video | music,create relaxing meditation video for your youtube channel
mazbah_rifat12,create-setup-and-design-youtube-channel-with-seo,126,intro | logo | youtube | animation | intro outro,"create youtube channel with logo, art, intro, outro, seo"
mazbah_rifat12,create-setup-youtube-channel-with-banner-logo-seo,126,intro | logo | youtube | animation | intro outro,"create, setup youtube channel with logo, banner, intro, outro"
mazbah_rifat12,design-eye-catching-meditation-logo-and-banner-for-youtube,1,eye catching | catching | eye | hand | design,design eye catching meditation logo and banner for youtube
mazbah_rifat12,do-professional-video-editing-within-5-hour-4k-quality,3,spokesperson | video | video spokesperson | music video | music,"create relaxing, meditation music video for youtube"
mazbah_rifat12,make-3-hours-long-relaxing-meditation-music-video,3,spokesperson | video | video spokesperson | music video | music,create 3 hours hd meditation and relaxation music videos
mdmotahar,create-a-clean-simple-minimal-logo-design,8,logo | design | logo design | modern | minimalist,"create a clean, simple minimal logo design"
mdmotahar,create-a-modern-minimalist-logo-design,8,logo | design | logo design | modern | minimalist,create a modern minimalist logo design
mdmotahar,create-modern-minimalist-luxury-logo-design,1,eye catching | catching | eye | hand | design,"design classy, stylish, custom and elegant hand drawn signature logo"
mdmotahar,design-eye-catching-and-stylish-hand-drawn-signature-logo,1,eye catching | catching | eye | hand | design,design eye catching and stylish hand drawn signature logo
mdmotahar,do-modern-minimalist-logo-design,8,logo | design | logo design | modern | minimalist,do modern minimalist logo design
medstudent,anonymously-call-your-boss-and-give-him-a-piece-of-your-mind,95,mind | piece | email list | email | elevate brand,anonymously call your boss and give him a piece of your mind
medstudent,find-you-great-affiliate-ideas-to-promote-through-the-internet,82,ideas | internet | unique | unique way | craft,find you great affiliate ideas to promote through the internet
medstudent,proof-read-any-txt-in-hebrew,66,read | audiobook | beta | beta read | italian audiobook,proof read any txt in hebrew
medstudent,teach-you-to-make-great-yemin-jachnun,118,teach | security | teach make | coding | theory,teach you to make great yemin jachnun
medstudent,write-a-name-or-phrase-on-a-grain-of-rice-and-send-it-to-you,129,write | articles | words | story | short,write a name or phrase on a grain of rice and send it to you
medstudent,write-anything-you-want-in-hebrew,129,write | articles | words | story | short,write anything you want in hebrew.
mehrabmeraj,create-vintage-t-shirt-typography-and-custom-t-shirt-design,54,graphic | shirt | graphic design | shirt design | custom,create vintage t shirt typography and custom t shirt design
mehrabmeraj,design-impressive-book-cover-ebook-cover-kdp-paperback-49b3,45,cover | book | book cover | design | ebook,"design impressive book cover, ebook cover, kdp paperback"
mehrabmeraj,design-impressive-ebook-cover-book-cover-kdp-paperback,45,cover | book | book cover | design | ebook,"design impressive ebook cover, book cover, kdp paperback"
mehrabmeraj,design-interior-book-layout-formatting-with-cover,45,cover | book | book cover | design | ebook,"design interior book layout, formatting with cover"
mehrabmeraj,design-kindle-cover-book-cover-ebook-cover-kdp-paperback,45,cover | book | book cover | design | ebook,design kindle cover book cover ebook cover kdp paperback
mehrabmeraj,design-podcast-cover-art-podcast-album,45,cover | book | book cover | design | ebook,"design podcast cover art, podcast album"
mehrabmeraj,do-an-impressive-book-or-ebook-cover-design,45,cover | book | book cover | design | ebook,do an impressive book or ebook cover design
mehrabmeraj,do-book-cover-design-ebook-or-kdp-cover-design-9f99,45,cover | book | book cover | design | ebook,do book cover design ebook or kdp cover design
mehrabmeraj,do-book-cover-ebook-or-kindle-cover-design,45,cover | book | book cover | design | ebook,do book cover ebook or kindle cover design
mehrabmeraj,do-book-cover-ebook-or-kindle-cover-design-a45d,45,cover | book | book cover | design | ebook,do book cover ebook or kindle cover design
mehrabmeraj,do-impressive-book-cover-ebook-cover-design,45,cover | book | book cover | design | ebook,do impressive book cover ebook cover design
mibsamyousuf,design-2-crazy-viral-youtube-thumbnails,20,youtube | thumbnail | youtube thumbnail | design youtube | channel,design 2 crazy viral youtube thumbnails
mibsamyousuf,design-a-catchy-youtube-gaming-thumbnail,20,youtube | thumbnail | youtube thumbnail | design youtube | channel,design a catchy youtube gaming thumbnail
mibsamyousuf,design-amazing-youtube-thumbnail-for-valorant-etc,20,youtube | thumbnail | youtube thumbnail | design youtube | channel,design amazing youtube thumbnail for valorant etc
mibsamyousuf,design-creative-ads-for-facebook-google-and-instagram-posts,13,facebook | instagram | timeline | post | posts,"design creative ads for facebook, google and instagram posts"
michaelberry293,record-professional-keyboards-for-your-song,24,voice | record | female | record professional | male,"record professional piano, hammond organ, keyboards or synth"
midossa01,build-ecommerce-website-prestashop,42,shopify | store | ecommerce | shopify store | products,build ecommerce website prestashop
midossa01,check-your-website-for-any-security-hole,118,teach | security | teach make | coding | theory,check your website for any security hole
midossa01,clean-your-website-from-mallware,59,website | seo | wix | content writer | wix website,clean your website from mallware
midossa01,fix-wordpress-website-errors-in-10-hrs,4,wordpress | wordpress website | page | website | fix,fix wordpress website errors in 10 hrs
midossa01,fix-your-hacked-joomla,4,wordpress | wordpress website | page | website | fix,fix your hacked joomla
midossa01,fix-your-hacked-wordpress,4,wordpress | wordpress website | page | website | fix,fix your hacked wordpress
midossa01,give-you-100-apps-for-iphone,64,apps | 100 | google | begining promotion | plus site,give you 100 apps for iphone
midossa01,give-you-rdp-server-2003-or-2008,81,server | sql | sql server | discord server | discord,give you rdp server 2003 or 2008
midossa01,give-you-scam-page-paypal-or-any-other-page-fro-scam-and-how-to-detect-a-spam,4,wordpress | wordpress website | page | website | fix,give you scam page paypal or any other page fro scam and how to detect a spam
midossa01,install-ssl-certificate-on-your-website,23,program | affiliate | affiliate program | install | configure,install ssl certificate on your website
midossa01,migrate-website-to-other-hosting,4,wordpress | wordpress website | page | website | fix,migrate joomla or wordpress to a new hosting in 24h
midossa01,professionally-create-wordpress-blog-or-website,40,blog | article | blog website | write | website,professionally create wordpress blog or website
midossa01,register-a-dot-com-net-domain-name,2,domain | public | available | motivational | com,register a dot com / net domain name
midossa01,scan-your-website,81,server | sql | sql server | discord server | discord,scan and secure server
midossa01,secure-your-wordpress-site-agains-hacking-attempts,4,wordpress | wordpress website | page | website | fix,fix errors joomla in 24h
midossa01,teach-you-hacking-and-cyber-security-which-is-essential,118,teach | security | teach make | coding | theory,teach you hacking and cyber security which is essential
midossa01,test-the-security-of-your-blog-or-website,40,blog | article | blog website | write | website,test the security of your blog or website
minestar123,develop-2d-game-in-unity,132,unity | game | assets | 3d | developer,develop 2d game in unity quickly
minestar123,learn-you-basics-of-unity-engine-and-coding,118,teach | security | teach make | coding | theory,teach you unity engine and coding
minestar123,teach-you-basics-of-android-studio,118,teach | security | teach make | coding | theory,teach you android studio for app development and java coding
miphz94,draw-illustration-your-animal-pet-photo-in-to-vector-art,15,draw | illustration | style | cartoon | anime,draw illustration your animal pet photo in to vector art
miphz94,draw-your-dog-or-cat-photo-in-to-line-art,51,vector | vector tracing | tracing | pattern | logo,draw your dog or cat photo in to line art
mishappy,create-a-selling-craigslist-ad-copy-to-sell-your-cpa-offers,74,ad | copy | ad copy | write | copy converts,write an irresistible craigslist ad copy that converts into sales
mishappy,write-an-irresistible-facebook-ad-copy-that-must-convert,74,ad | copy | ad copy | write | copy converts,write irresistible ad copies for facebook that hook buyers
mlivcreative,create-professional-flyer-to-promote-business-or-service,33,promote | promote business | sign | business | organically,create a professional flyer to promote business or service
mlivcreative,do-creative-professional-and-personal-graphic-design,54,graphic | shirt | graphic design | shirt design | custom,do professional and personal social media graphic design
mob_studios,3d-character-for-your-games,46,3d | model | animation | exterior | render,make the best 3d character model for your 3d game
mob_studios,3d-character-modelling-for-games,46,3d | model | animation | exterior | render,make 3d character model for 3d games
mob_studios,3d-props-modelling-for-your-games,46,3d | model | animation | exterior | render,make best 3d model for you 3d mobile game
mob_studios,do-your-game-env,46,3d | model | animation | exterior | render,make you a 3d optimized game environment for you 3d game
mob_studios,do-your-game-environment,46,3d | model | animation | exterior | render,make you the best 3d optimized game 3d lighting environment
mob_studios,do-your-games-renders,46,3d | model | animation | exterior | render,3d render for your 3d models or for 3d game character
mob_studios,hyper-casual-games-mobile-game-development-mobile-games-unity-game-developmen,132,unity | game | assets | 3d | developer,do mobile games development in hyper casual by unity 3d
mob_studios,rendering-for-you-games,46,3d | model | animation | exterior | render,3d renders for you super 3d models of your 3d game
mohsinrazakhan,create-smart-landing-page-for-higher-lead-generation,4,wordpress | wordpress website | page | website | fix,create smart professional landing page for higher lead generation
mohsinrazakhan,create-unique-landing-page-or-squeeze-page,4,wordpress | wordpress website | page | website | fix,create eye catching landing page or squeeze page in wordpress
mohsinrazakhan,design-a-hand-drawn-creative-lettering-logo,1,eye catching | catching | eye | hand | design,design hand drawn logo or hand lettering design
mohsinrazakhan,make-your-wordpress-website-load-in-a-flash,4,wordpress | wordpress website | page | website | fix,make your wordpress website load in a flash
moinuh,do-gradient-embroidery,73,file | embroidery | convert | convert file | formats,do gradient embroidery for $5
moinuh,make-any-machine-embroidery-design-in-dst-file,73,file | embroidery | convert | convert file | formats,"make any machine embroidery design in dst,pes or others file"
monkmonk,create-5-line-icons,51,vector | vector tracing | tracing | pattern | logo,design vector line icons
monkmonk,design-a-business-card,6,professional | card | design | design professional | business card,design a business card
monkmonk,design-custom-sf-symbol-images-icons-for-your-app,136,design | design custom | icons | geometric | tattoo,"design custom sf symbols, icons for your ios app"
monkmonk,design-three-icons,136,design | design custom | icons | geometric | tattoo,design three icons
monkmonk,recreate-your-logo-in-ai-eps-and-psd-formats,8,logo | design | logo design | modern | minimalist,vectorize your logo
motelegal,be-your-business-lawyer-d740,88,lawyer | entertainment | contracts | law | entertainment lawyer,be your business lawyer for your business contracts
motelegal,be-your-creative-business-lawyer-for-contracts-and-agreements,88,lawyer | entertainment | contracts | law | entertainment lawyer,be your lawyer for contracts and agreements
motelegal,be-your-entertainment-law-and-music-business-mentor,88,lawyer | entertainment | contracts | law | entertainment lawyer,be your music law consultant and teacher
motelegal,be-your-entertainment-lawyer-and-protect-your-creative-rights,88,lawyer | entertainment | contracts | law | entertainment lawyer,be your entertainment lawyer and protect your creative rights
motelegal,be-your-entertainment-lawyer-for-contracts-and-agreements,88,lawyer | entertainment | contracts | law | entertainment lawyer,provide entertainment law and music law services be your entertainment lawyer
motelegal,be-your-entertainment-lawyer-for-up-to-30-days,48,classified | ads | post | 30 | classified website,be your entertainment lawyer for up to 30 days
motelegal,be-your-intellectual-property-lawyer-for-contracts-and-agreements-f698,88,lawyer | entertainment | contracts | law | entertainment lawyer,be your intellectual property lawyer for contracts and agreements
motelegal,be-your-music-business-and-music-law-consultant,88,lawyer | entertainment | contracts | law | entertainment lawyer,be your entertainment law and music law consultant
motelegal,be-your-music-industry-lawyer-and-provide-music-agreements-and-contracts,88,lawyer | entertainment | contracts | law | entertainment lawyer,be your music industry lawyer and provide music agreements and contracts
motelegal,be-your-social-media-freelance-and-media-influencer-lawyer,88,lawyer | entertainment | contracts | law | entertainment lawyer,be your social media and freelance lawyer for contracts and agreements
motelegal,draft-your-entertainment-and-music-law-contracts-be-your-entertainment-lawyer,88,lawyer | entertainment | contracts | law | entertainment lawyer,"draft your entertainment and music law contracts, be your entertainment lawyer"
motelegal,help-protect-your-brand-in-the-entertainment-industry,128,help | assignments | sharp | assignments problems | help started,help protect your brand in the entertainment industry
motelegal,professionally-mediate-entertainment-and-business-disputes-and-be-your-lawyer,88,lawyer | entertainment | contracts | law | entertainment lawyer,professionally mediate entertainment and business disputes and be your lawyer
motelegal,provide-a-contract-pack-for-your-music-company-and-be-your-music-lawyer,88,lawyer | entertainment | contracts | law | entertainment lawyer,provide a contract pack for your music company and be your entertainment lawyer
motelegal,provide-a-legal-review-for-your-entertainment-and-business-contracts,88,lawyer | entertainment | contracts | law | entertainment lawyer,provide a legal review for your entertainment and business contracts
motelegal,provide-a-music-producer-agreement-pack-and-be-your-music-lawyer,88,lawyer | entertainment | contracts | law | entertainment lawyer,provide a music producer contract pack and be your entertainment lawyer
motelegal,provide-a-november-deal-for-entertainment-law-contracts,88,lawyer | entertainment | contracts | law | entertainment lawyer,provide an affordable contract pack and be your entertainment lawyer
motelegal,provide-brand-monetization-strategies-for-public-and-motivational-speakers,2,domain | public | available | motivational | com,provide brand monetization strategies for public and motivational speakers
motelegal,provide-contracts-for-your-documentary-and-tv-show,88,lawyer | entertainment | contracts | law | entertainment lawyer,provide film law and entertainment law services and contracts
motelegal,provide-film-financing-consultation-expert-guidance-for-your-film-project,84,halloween | film | work | message | provide film,provide film financing consultation and expert guidance for your film project
motelegal,provide-legal-and-business-advice-for-entertainment-startups,88,lawyer | entertainment | contracts | law | entertainment lawyer,provide legal and business advice for entertainment startups
motelegal,provide-legal-contracts-for-e-commerce-and-dropshipping-businesses,88,lawyer | entertainment | contracts | law | entertainment lawyer,provide legal contracts for your e commerce and dropshipping business
motelegal,provide-legal-contracts-for-marketing-agencies-and-smma,88,lawyer | entertainment | contracts | law | entertainment lawyer,provide legal contracts for your social media marketing agency smma
motelegal,provide-social-media-influencer-agreements-and-legal-assistance,133,social media | media | social | media post | media manager,provide social media influencer agreements and legal assistance
motelegal,your-artist-manager-and-entertainment-lawyer,88,lawyer | entertainment | contracts | law | entertainment lawyer,your artist manager and entertainment lawyer
motiongrapherr,create-a-clickable-animated-email-signature,126,intro | logo | youtube | animation | intro outro,create a clickable animated email signature with logo animation or avatar
motiongrapherr,create-a-custom-2d-animated-video-ad-or-commercial,31,create | video | create custom | custom | brand,create a custom 2d animated video ad or commercial
motiongrapherr,create-a-custom-3d-explainer-video-for-your-company,31,create | video | create custom | custom | brand,create a custom 3d animated explainer video for your company
motiongrapherr,create-a-custom-logo-animation-with-animal-or-character,126,intro | logo | youtube | animation | intro outro,"make a 3d logo intro animation, youtube, movie, podcast"
motiongrapherr,create-a-promo-video-with-animated-text-for-your-brand,31,create | video | create custom | custom | brand,create a promo video with animated text for your brand
motiongrapherr,create-awesome-logo-animations-for-your-youtube-twitch-mixer,126,intro | logo | youtube | animation | intro outro,create logo animations for your youtube twitch mixer
motiongrapherr,create-custom-animated-gifs,31,create | video | create custom | custom | brand,create custom animated gifs
motiongrapherr,create-custom-intro-or-outro-animation-for-your-logo,126,intro | logo | youtube | animation | intro outro,create killer custom intro or outro animation for your logo
motiongrapherr,create-custom-logo-intro-outro-animation-for-your-video,31,create | video | create custom | custom | brand,"create a custom animated logo intro video 2d or 3d, outro"
motiongrapherr,do-an-amazing-fully-custom-explainer-video-for-your-company,31,create | video | create custom | custom | brand,do an amazing fully custom explainer video for your company
motiongrapherr,make-custom-intro-and-outro-animation-for-your-logo,31,create | video | create custom | custom | brand,create a custom logo animation video intro for your company
motiongrapherr,produce-2d-animated-music-video-for-your-song,3,spokesperson | video | video spokesperson | music video | music,produce 2d animated music video for your song
motiongrow,do-photo-restoration-and-colorize-black-and-white-photo-594d,14,white | ico | white paper | paper | black white,do photo restoration and colorize black and white photo
msaleemgmi,convert-pdf-jpg-to-dwg-dxf-cad-file,65,convert | pdf | powerpoint | word | convert pdf,"convert pdf, blueprint, sketch into autocad dwg, dxf, cad"
msaleemgmi,create-dxf-dwg-files-for-laser-and-plasma-cutting,119,files | csv | prepare | dxf | laser,"create dxf, dwg files for cnc, laser and plasma cutting"
msaleemgmi,create-transparent-or-white-background,32,background | picture | remove | profile picture | remove background,do transparent or white background in png format
msaleemgmi,design-2d-or-3d-mechanical-part-drawings,16,plan | autocad | 2d | sketch | floor,design 2d mechanical part drawings in autocad
msaleemgmi,design-your-architectural-floor-plan-in-autocad,16,plan | autocad | 2d | sketch | floor,draw architecture floor plans in autocad
msaleemgmi,do-convert-your-pdf-to-ms-word-doc-file,65,convert | pdf | powerpoint | word | convert pdf,"do convert your pdf to ms word, doc file"
msaleemgmi,do-make-your-resume-cv-curriculum-vitae,7,job | job description | description | resume | cv,"do make your resume, cv, curriculum vitae"
msaleemgmi,draw-any-technical-line-drawing,51,vector | vector tracing | tracing | pattern | logo,draw a detail vector line art of any diagram or sketch
msaleemgmi,redraw-your-old-plans-and-pdf-to-dwg-autocad-files,16,plan | autocad | 2d | sketch | floor,"redraw your old plan and jpg, sketch, pdf to dwg cad file"
msazzadit,set-up-effective-google-ads-for-your-youtube-videos,61,ads | facebook | google | google ads | optimize,set up effective google ads for your youtube videos
msazzadit,set-up-profitable-google-adwords-search-ads-ppc-campaign,61,ads | facebook | google | google ads | optimize,set up profitable google adwords search ads ppc campaign
msazzadit,set-up-your-profitable-google-shopping-campaign-ppc,61,ads | facebook | google | google ads | optimize,"fix gmc suspension, gtin, misrepresentation and run google shopping ads"
msazzadit,setup-and-optimize-facebook-and-instagram-ads-campaign,61,ads | facebook | google | google ads | optimize,setup and optimize facebook and instagram ads campaign
msazzadit,setup-optimize-and-manage-facebook-ads-campaign,61,ads | facebook | google | google ads | optimize,"setup, optimize and manage facebook ads campaign"
msazzadit,setup-optimize-and-run-effective-pinterest-ads-campaign,61,ads | facebook | google | google ads | optimize,"setup, optimize, and run effective pinterest ads campaign"
msinha,create-100-posts-on-different-high-pr-classified-website,48,classified | ads | post | 30 | classified website,post ad 60 times on different high pr classified websites
msinha,create-50-ads-on-targeted-country-wise-classified-posting,48,classified | ads | post | 30 | classified website,post 50 ads on targeted country wise classified websites
msinha,data-any-kind-of-entry-work,68,data | entry | excel | data entry | web research,data any kind of entry work
msinha,design-attractive-banner-ads-facebook-ads-and-cover-designs,61,ads | facebook | google | google ads | optimize,"design attractive banner ads, facebook ads and cover designs"
msinha,do-140-post-with-your-image-clickable-ads-on-backpage,61,ads | facebook | google | google ads | optimize,do 120 post with your image clickable ads on backpage for $5
msinha,do-cheap-backpage-classified-110-posts,130,backpage | posts | submission | backpage posts | 25,do cheap backpage posting with 115 + 25 posts
msinha,do-only-manual-submission-get-11025-backpage-posts--2,130,backpage | posts | submission | backpage posts | 25,do only manual submission get 110+25 backpage posts
msinha,give-you-100-percent-live-posts-on-backpage,130,backpage | posts | submission | backpage posts | 25,give you 100 percent live posts on backpage
msinha,give_you_130_backpage_submission--2,130,backpage | posts | submission | backpage posts | 25,give you 130 backpage submission
msinha,make-your-banner-image-or-any-kind-of-text-clickable,35,text | animate | text clickable | logo | clickable,"make your banner, image or any kind of text clickable"
msinha,make-your-image-or-text-clickable,35,text | animate | text clickable | logo | clickable,make your image or text clickable
msinha,manually-submit-your-ad-to-30-classified-ads-sites-80a50c7a-3a1f-45c0-a198-ce0b1e4ecefb,48,classified | ads | post | 30 | classified website,manually submit ad to top 25 classified ads sites buy 2 get 1 free
msinha,post-110-ads-on-high-pr-classified-website-backpage,48,classified | ads | post | 30 | classified website,post 120 ads on high pr classified website backpage
msinha,post-120-ads-in-backpage-with-major-cities-of-usa,130,backpage | posts | submission | backpage posts | 25,submit same ad 91 times on backpage with major cities of usa
msinha,post-130-ads-on-backpage-for-you,61,ads | facebook | google | google ads | optimize,post 125 ads on backpage for you for $5
msinha,post-140-ads-on-backpage-for-you--2,48,classified | ads | post | 30 | classified website,"do 30 classified ads submission, manually in usa"
msinha,post-perfect-100-backpage-posts-in-major-usa-cities,130,backpage | posts | submission | backpage posts | 25,post perfect 100 backpage posts in major usa cities
msinha,post-your-ads-40-times-on-best-usa-classified-website,48,classified | ads | post | 30 | classified website,post your ads 40 times on best usa classified website
msinha,post-your-ads-50-times-for-selected-country-wise-on-different-classified-website,48,classified | ads | post | 30 | classified website,post your ads 50 times for selected country wise on different classified website
msinha,post-your-banner-ads-on-backpage--2,61,ads | facebook | google | google ads | optimize,post your banner ads on backpage 90 times
msinha,sell-any-products-online-on-high-quality-website-backpage,11,high | quality | high quality | end | hd,sell any products online on high quality website backpage
muhammadkhalid5,create-an-awesome-3d-models-environment-for-you,46,3d | model | animation | exterior | render,"create an awesome 3d models, environment for you"
muhammadkhalid5,create-an-awesome-character-for-you,124,awesome | create awesome | create | awesome 3d | awesome custom,model and rig awesome 3d humanoid character for you
muhammadkhalid5,create-custom-3d-garments-and-outfits-for-you,31,create | video | create custom | custom | brand,create custom 3d garments and outfits
muhammadkhalid5,model-and-rig-awesome-3d-humanoid-character-for-you-0c5c,124,awesome | create awesome | create | awesome 3d | awesome custom,model and rig awesome 3d humanoid character for you
muhammadumaid,create-a-full-wordpress-website-for-you,4,wordpress | wordpress website | page | website | fix,"create, customize, edit, fix, rebuild, redesign wordpress website"
muhammadumaid,edit-real-estate-photos-professionally,125,real estate | estate | real | estate logo | logo,edit real estate photos professionally
muhammadumaid,fix-500-internal-server-error-issue-in-wordpress,4,wordpress | wordpress website | page | website | fix,fix or resolve wordpress http 500 internal server error quickly
muhammadumaid,transfer-backup-clone-migrate-wordpress-website,4,wordpress | wordpress website | page | website | fix,"transfer, backup, clone, migrate wordpress website in 1 hour"
myphuocanime,create-an-animated-gif-for-you,1,eye catching | catching | eye | hand | design,"make outstanding, gif, animated background"
myphuocanime,draw-anime-background-according-to-your-ideas,15,draw | illustration | style | cartoon | anime,create an background anime any in style
myphuocanime,draw-super-cute-characters-from-your,58,concept | concept art | draw | art | create fantasy,draw characters feeling according your idea
mzubair8049,design-eye-catching-and-awesome-banner-ads,6,professional | card | design | design professional | business card,"design web banner, twitter, facebook cover, linkedin banner"
mzubair8049,do-provide-unique-and-professional-pro-photoshop-editing,42,shopify | store | ecommerce | shopify store | products,"build shopify ecommerce website, design or redesign shopify online store"
mzubair8049,make-food-flyer-restaurant-menu-bifold-brochure-door-hanger,80,flyer | poster | event | design | flyer poster,"design food, corporate flyer, trifold, corporate brochure"
mzubair8049,product-background-removal-and-product-retouching,63,product | video | amazon | product video | amazon product,make amazon product listing images infographics lifestyle
na_designer,design-professional-logo,8,logo | design | logo design | modern | minimalist,create retro vintage outdoor badge logo
nabil44th,do-owasp-top-10-penetration-testing,21,testing | 10 | qa | names | qa testing,do owasp top 10 penetration testing
nabil44th,do-qa-and-testing-of-the-website,21,testing | 10 | qa | names | qa testing,do longterm qa and testing of the website
nabil44th,do-the-computer-science-project,53,review | review website | documents | write | website,test and review your website
nabil44th,do-the-mobile-app-testing,83,app | mobile | mobile app | android | ui,do the mobile app testing
nabil44th,do-web-automation-and-qa-testing,21,testing | 10 | qa | names | qa testing,do api testing using postman and demonstrate on skype
nabil44th,do-website-testing-and-qa,21,testing | 10 | qa | names | qa testing,do website testing and qa
nabil44th,help-in-database-projects-and-assignment,21,testing | 10 | qa | names | qa testing,do qa testing and website testing as a professional qa
nabil44th,test-any-software-project,21,testing | 10 | qa | names | qa testing,test and qa any testing project and website
nad1afa,create-600-words-of-innovative-content,31,create | video | create custom | custom | brand,write for your business and brand
nad1afa,proofread-and-polish-your-ai-generated-content,144,generated | ai generated | generated content | ai | content,"fact check, proofread, and polish your ai generated content"
nad1afa,write-your-astounding-linkedin-bio,102,linkedin | bio | linkedin profile | profile | connections,write your astounding linkedin bio
nad1afa,write-your-attorney-or-lawyer-bio-and-summary,102,linkedin | bio | linkedin profile | profile | connections,write your attorney and lawyer bio or linkedin summary
nadeem00999,convert-pdf-to-word,65,convert | pdf | powerpoint | word | convert pdf,convert pdf to word
nadeem00999,convert-pdf-word-jpeg-png-files-formate,73,file | embroidery | convert | convert file | formats,convert any file and other it support within 24 hours
nadeem00999,convert-word-pdf-file-into-ebook-for-kindle,45,cover | book | book cover | design | ebook,format and design ebook for kindle
nadeem00999,make-attractive-fillable-pdf-forms,65,convert | pdf | powerpoint | word | convert pdf,create fillable pdf or design pdf form
naimsolis,create-very-unique-branding-and-digital-design-for-you,83,app | mobile | mobile app | android | ui,design professional ui design for your web or mobile app
naimsolis,design-a-beautiful-and-unique-set-of-flat-icons,136,design | design custom | icons | geometric | tattoo,design a beautiful and unique set of flat icons
naimsolis,design-professional-and-remarkable-instagram-facebook-posts,13,facebook | instagram | timeline | post | posts,design professional posts for instagram facebook
naimsolis,design-stunning-artwork-for-your-podcast-cover-art,45,cover | book | book cover | design | ebook,design stunning artwork for your podcast cover art
naimsolis,design-stunning-cartoon-style-podcast-cover-art,45,cover | book | book cover | design | ebook,design stunning cartoon style podcast cover art
naqibullahkhan,be-your-expert-amazon-virtual-assistant-fba-product-research,17,virtual | private | virtual assistant | assistant | leads,"be your amazon virtual assistant, private label, wholesale"
naqibullahkhan,do-amazon-fba-wholesale-product-research-usa-uk,10,research | keyword research | keyword | uk | usa uk,"do amazon fba wholesale product research usa, uk"
nategramm,build-your-marketing-funnel-strategy,131,strategy | marketing | digital marketing | brand | digital,build your marketing funnel strategy
nategramm,craft-a-welcome-email-that-delights-your-new-subscribers,56,new | new year | year | according | training,craft a welcome email that delights your new subscribers
nategramm,create-your-ask-campaign-script,26,sales | funnel | sales funnel | highly | converting,create your survey funnel sales copy script
nategramm,create-your-clickfunnels-optin-funnel-to-capture-new-leads,135,clickfunnels | funnels | capture | landing | pages clickfunnels,create your clickfunnels optin funnel to capture new leads
nategramm,map-out-a-profitable-sales-funnel,26,sales | funnel | sales funnel | highly | converting,map out a profitable sales funnel
nauman138,facilitate-you-in-any-task-related-to-google-earth,121,related | learn | property | company | video,facilitate you related to google earth property video
navex03,make-3d-cartoon-caricature-from-your-photo,15,draw | illustration | style | cartoon | anime,make 3d cartoon caricature from your photo
navex03,make-a-cartoon-caricature-from-your-photo,15,draw | illustration | style | cartoon | anime,make a cartoon caricature from your photo
navex03,make-amazing-kartoon-caricature-portrait-of-you-in-less-then-24-hours,15,draw | illustration | style | cartoon | anime,draw 3d cartoon caricature from your photo in 24 hours
nickkonstan,create-a-simple-piano-score-of-your-favorite-track,29,audio | track | audio video | video | transcribe,create a simple piano score of your favorite track
nickkonstan,create-detailed-architectural-models-in-rhino,112,detailed | models | conduct | topic | architectural,create detailed architectural models in rhino
nickkonstan,design-a-memorable-hand-drawn-card,6,professional | card | design | design professional | business card,create a memorable handdrawn card
nickkonstan,transcribe-your-favorite-track-to-midi-data,29,audio | track | audio video | video | transcribe,transcribe your favorite track to midi data
nickkonstan,turn-your-2d-plans-into-a-3d-model,46,3d | model | animation | exterior | render,turn your 2d plans into a 3d model
nickkonstan,turn-your-architectural-3d-model-to-a-digital-collage,46,3d | model | animation | exterior | render,turn your architectural 3d model to a digital collage
nogalicious,answer-your-question-about-circumcision,127,answer | question | mortgage | canadian | usa,answer any question about circumcision
nogalicious,arrange-for-heaven-to-send-you-a-postcard,18,send | beautiful | send postcard | postcard | postcard genova,arrange for heaven to send you a postcard
nogalicious,ask-him-or-her-to-forgive-you,30,message | send | cool | christian | send cool,ask him or her to forgive you for $5
nogalicious,give-you-instant-relief-from-sadness-or-stress,106,twitter | followers | 1000 | instant | twitter followers,give you instant relief from sadness or stress for $5
nogalicious,help-you-get-pregnant,128,help | assignments | sharp | assignments problems | help started,help you get pregnant
nogalicious,help-you-make-your-girlfriend-or-wife-very-happy,101,tell | ways | 15 | read | british,tell you how to figure out what your lady wants for $5
nogalicious,love-it-if-you-give-me-a-bonus-tip,71,tip | accept | accept tip | work | happily accept,love it if you give me a bonus tip
nogalicious,meditate-on-your-financial-abundance-for-5-minutes-straight,147,meditate | straight | minutes straight | minutes | success,meditate on your financial abundance for 5 minutes straight
nogalicious,meditate-on-your-love-life-for-5-minutes-straight,147,meditate | straight | minutes straight | minutes | success,meditate on your love life for 5 minutes straight for $5
nogalicious,show-you-how-to-actually-fulfill-your-new-years-resolutions,56,new | new year | year | according | training,show you how to actually fulfill your new year resolutions
nogalicious,show-you-how-to-get-fun-symbols-into-your-emails-and-facebook-posts,13,facebook | instagram | timeline | post | posts,show you how to get fun symbols into your emails and facebook posts
nogalicious,show-you-how-to-lose-weight-with-pleasure,110,step | easy | step step | way | easy step,show you how to lose weight the easy way
nogalicious,show-you-how-to-survive-reunions-or-christmas-with-your-family,93,portrait | family | photography | portrait photo | christmas,show you how to survive reunions or christmas with your family
nohnoyz,analyze-your-website-copy-and-offer-helpful-suggestions,91,google analytics | analyze website | analyze | analytics | google,analyze your website copy and offer helpful suggestions
nohnoyz,create-professional-youtube-shorts-videos-from-from-new-and-existing-content,113,sound | sound design | sound effects | effects | design,"edit youtube shorts with engaging content, sound design, and attention to detail"
numeralstudio,a-logo-type-for-you,69,perfect | 24 hours | 24 | hours | design perfect,design the perfect logo type for you
numeralstudio,design-a-professional-menu-for-you,6,professional | card | design | design professional | business card,design a professional menu for you
numeralstudio,do-an-amazing-ilustrated-poster-for-you,80,flyer | poster | event | design | flyer poster,do an amazing illustrated poster for you
numeralstudio,we-will-desing-your-book-cover,45,cover | book | book cover | design | ebook,design your book cover
nuralam626,do-private-hospital-and-healthcare-lead-generation,17,virtual | private | virtual assistant | assistant | leads,do private hospital leads and healthcare leads generation
nuralam626,share-your-content-with-my-17-000-connections-on-linkedin,102,linkedin | bio | linkedin profile | profile | connections,"share your content with my 20,000 connections on linkedin"
nusrat_designs7,design-professional-book-cover-or-ebook-cover,45,cover | book | book cover | design | ebook,"do book cover design, book cover design, book cover"
nusrat_designs7,do-book-cover-design-ebook-cover-design-kindle-book-cover,45,cover | book | book cover | design | ebook,"professional book cover design,e book cover design"
nusrat_designs7,do-unique-book-cover-design-book-cover-design-book-cover,45,cover | book | book cover | design | ebook,"do book cover design, ebook cover design, kindle book cover"
nuvolastudios,create-custom-sound-effects-for-your-mobile-game,113,sound | sound design | sound effects | effects | design,create custom sound effects for your mobile game
nuxrivern,write-a-steamy-hot-erotica-short-story-for-you,129,write | articles | words | story | short,write a steamy hot erotica short story for you
nuxrivern,write-you-the-fanfic-you-deserve,129,write | articles | words | story | short,write you the fanfic you deserve
oddvision,produce-premium-electronic-music-in-24-hours-or-faster,87,produce | instrumental | beat | song | tracks,"do hq electronic music production, instrumental, ghost, youtube, game, beat"
odeyrichardodey,beta-read-your-latest-novel-and-provide-honest-feedback,66,read | audiobook | beta | beta read | italian audiobook,beta read your novel and provide constructive feedback
oliver555,create-professional-infographic-pictures-for-amazon,6,professional | card | design | design professional | business card,design professional infographic pictures for amazon
oliver555,prepare-your-photos-for-amazon-clothing-category,63,product | video | amazon | product video | amazon product,edit product pictures for amazon and other listings
oliver555,promote-your-link-among-1000000-facebook-users,33,promote | promote business | sign | business | organically,promote your link over 1500000 real fb people
oliver555,promote-your-link-over-1500000-real---fb-people,33,promote | promote business | sign | business | organically,promote your link over 1500000 real fb people
oliver555,remove-background-of-any-3-photos,145,photos | retouch | edit | edit retouch | retouch photos,remove backgrounds of any 5 photos
oliver555,remove-backgrounds-of-any-5-photos--2,32,background | picture | remove | profile picture | remove background,remove or change background of any 10 photos professionally
oliver555,sketch-a-realistic-portrait-from-your-photo,93,portrait | family | photography | portrait photo | christmas,sketch a pencil portrait from your photo
oliviaads,create-shopify-dropshipping-video-ads-or-facebook-product,61,ads | facebook | google | google ads | optimize,create shopify dropshippig video ads and facebook video ad and short product ads
oliviaads,shopify-dropshipping-video-ads-for-facebook-product-short-video-ads-youtube,61,ads | facebook | google | google ads | optimize,"create viral dropshipping video ads, tiktok video ads and facebook product ads"
omitdatta,convert-your-logo-or-image-into-vector-professionally,51,vector | vector tracing | tracing | pattern | logo,professionally convert your logo or image into vector
omitdatta,create-15-attractive-social-media-post-design,133,social media | media | social | media post | media manager,create 15 attractive social media posts design
omitdatta,create-minimalist-negative-space-logo-design,8,logo | design | logo design | modern | minimalist,create minimalist negative space logo design
omitdatta,design-a-professional-logo-with-golden-ratio,6,professional | card | design | design professional | business card,design a professional logo using golden ratio
omitdatta,design-an-outstanding-logo-in-a-short-time,1,eye catching | catching | eye | hand | design,design an outstanding logo in a short time
osamajameel,do-professionally-web-scraping-or-python-scripts,77,python | django | python django | learning | django flask,"do python, django, flask or web scraping"
otakraptor,draw-black-and-white-anime-manga-style,14,white | ico | white paper | paper | black white,draw nsfw or sfw black and white anime manga style
otakraptor,draw-black-and-white-manga-style-nsfw-or-sfw,14,white | ico | white paper | paper | black white,draw black and white manga style nsfw or sfw
otakraptor,draw-cute-and-depressed-illustration,15,draw | illustration | style | cartoon | anime,draw cute and depressed illustration
otakraptor,draw-whatever-you-want-into-cool-anime-illustration,14,white | ico | white paper | paper | black white,draw nsfw and sfw illustration
pablogiuffrida,design-and-create-your-database,46,3d | model | animation | exterior | render,design and create your database
patriaadhyaksa1,be-your-edm-ghost-producer,98,edm | ghost producer | producer | ghost | songs,be your edm ghost producer
paulavelasquez,proofread-and-edit-your-article-in-spanish,19,edit | proofread | manuscript | proofread edit | bitcoin,proofread and edit your article in spanish
paulavelasquez,translate-articles-from-english-to-spanish,28,english | translate | translate english | spanish | versa,translate articles from english to spanish
paulavelasquez,write-600-words-in-24-hours,129,write | articles | words | story | short,write 800 words in 24 hours
paulavelasquez,write-professional-spanish-content,129,write | articles | words | story | short,write professional spanish content
pavithra94p,design-web-or-mobile-app-ux-ui-using-xd-and-figma,83,app | mobile | mobile app | android | ui,design web or mobile app ux ui using xd and figma
pavithra94p,do-color-change-color-correction-within-and-hour,99,color | change | furniture | turn | change color,"do color change, color correction within and hour"
pavithra94p,do-photoshop-edits-background-removal-image-resize-retouching,27,editing | photoshop | photoshop editing | photo | video editing,"do photoshop editing, background removal, face swap, retouch within an hour"
perfectpixel24,design-amazon-product-images-for-listings-and-enhanced-brand-content,63,product | video | amazon | product video | amazon product,design amazon product listing images and product photo editing
perfectpixel24,do-amazon-product-photo-editing-superfast,27,editing | photoshop | photoshop editing | photo | video editing,do amazon product photo editing and infographic design
perfectpixel24,do-any-photoshop-editing-job-within-8-hrs,27,editing | photoshop | photoshop editing | photo | video editing,do photoshop editing professionally
perfectpixel24,edit-product-photos-and-design-product-info-graphic,63,product | video | amazon | product video | amazon product,edit product photos and design product info graphic
podcastpolisher,create-a-100-percent-custom-introduction-for-your-podcast,126,intro | logo | youtube | animation | intro outro,"create a 1 of a kind, custom podcast intro and outro for you"
podcastpolisher,provide-audio-improvements-to-your-podcast-and-spoken-word,67,projects | engineering | java | engineering products | products,provide audio engineering for your podcast or spoken word
polarius,a-facebook-timeline-storytelling-formula,13,facebook | instagram | timeline | post | posts,a facebook timeline storytelling formula
polarius,add-your-website-to-my-christian-search-engine,30,message | send | cool | christian | send cool,add your website to my christian search engine
polarius,email-you-makeover-worksheet-for-linkedin,18,send | beautiful | send postcard | postcard | postcard genova,send you makeover worksheet for linkedin
polarius,give-you-personal-feedback-on-your-linkedin-profile,102,linkedin | bio | linkedin profile | profile | connections,give you personal feedback on your linkedin profile
polarius,help-you-with-linkedin,128,help | assignments | sharp | assignments problems | help started,help you with linkedin
polarius,post-a-message-on-my-google-page-for-your-christian-message,30,message | send | cool | christian | send cool,post a message on my google+ page for your christian message
polarius,post-an-awesome-ad-of-your-christian-content-on-my-christian-website,30,message | send | cool | christian | send cool,post an awesome ad of your christian content on my christian website
polarius,post-your-christian-message-on-twitter,30,message | send | cool | christian | send cool,post your christian message on twitter
polarius,professionally-review-your-linkedin-profile-and-make-recommendations-for-success,102,linkedin | bio | linkedin profile | profile | connections,professionally review your linkedin profile and make recommendations for success
polarius,professionally-review-your-website,53,review | review website | documents | write | website,review your website seo and make 3 recommendations
polarius,review-your-linkedin-profile-and-give-you-specific-suggestions-for-improving-it,102,linkedin | bio | linkedin profile | profile | connections,review your linkedin profile and give you specific suggestions for improving it for $5
polarius,review-your-twitter,106,twitter | followers | 1000 | instant | twitter followers,review your twitter
polarius,send-you-how-to-master-facebook-marketing-in-10-days,13,facebook | instagram | timeline | post | posts,send you how to master facebook marketing in 10 days
polarius,send-you-the-an-ebook-on-generating-headlines-for-linkedin,18,send | beautiful | send postcard | postcard | postcard genova,send you the an ebook on generating headlines for linkedin for $5
polarius,tweet-your-message-to-my-amazingly-wonderful-engaged-reply-happy-7400-followers-on-twitter,106,twitter | followers | 1000 | instant | twitter followers,"tweet your message to my amazingly wonderful, engaged, reply happy 9000+ followers on twitter"
polarius,tweet-your-message-to-over-8100-followers,106,twitter | followers | 1000 | instant | twitter followers,tweet your message to over 10k+ followers
polarius,twitter-your-family-friendly-message-to-over-7000-people,106,twitter | followers | 1000 | instant | twitter followers,twitter your family friendly message to over 10k people
pooyamehri,install-amp-accelerated-mobile-pages-project-for-wordpress,4,wordpress | wordpress website | page | website | fix,install fix amp accelerated mobile pages for wordpress
pooyamehri,optimize-shopify-for-gtmetrix-google-lighthouse-pagespeed-insights,4,wordpress | wordpress website | page | website | fix,"shopify speed optimization for gtmetrix, google lighthouse, page speed insights"
pooyamehri,optimize-wordpress-site-a90-pagespeed-or-yslow-on-gtmetrix,4,wordpress | wordpress website | page | website | fix,"optimize wordpress website, google page speed, gtmetrix, core web vitals"
pooyamehri,write-the-punchiest-headlines-for-your-story,61,ads | facebook | google | google ads | optimize,"do creative copywriting for facebook ads, google ads and linkedin ads"
prateek_mahesh,colour-grade-your-videos-professionally,6,professional | card | design | design professional | business card,do professional colour correction and colour grading in davinci resolve
praviidraws,draw-you-a-realistic-concept-art,58,concept | concept art | draw | art | create fantasy,draw you a realistic concept art
praviidraws,draw-you-custom-concept-art,58,concept | concept art | draw | art | create fantasy,draw you custom concept art
praviidraws,draw-you-in-disney-style,15,draw | illustration | style | cartoon | anime,draw you illustration in disney style
praviidraws,draw-your-pet-portrait-in-disney-cartoon-style,15,draw | illustration | style | cartoon | anime,draw your pet portrait in disney cartoon style
premium_print,create-first-class-church-flyer-or-social-media-flyer-in-6-hours,80,flyer | poster | event | design | flyer poster,design an impeccable church flyer or event flyer in 6 hours
primarydesign,design-awesome-gaming-sports-twitch-and-mascot-logo,126,intro | logo | youtube | animation | intro outro,"create gaming mascot logo for twitch, youtube, esports team"
primarydesign,design-custom-thank-you-card-for-your-product-insert,136,design | design custom | icons | geometric | tattoo,design custom thank you card for your product insert
primarydesign,maka-a-complete-packaging-design-for-you,9,packaging | design | box | label | beer,"design an awesome packaging, bag, box, and make print ready"
primarydesign,make-a-print-ready-packaging-design-and-dielines-for-you,9,packaging | design | box | label | beer,make a print ready packaging design and dielines for you
primarydesign,make-an-outstanding-product-label-design-for-your-product,63,product | video | amazon | product video | amazon product,make an outstanding product label design for your product
primarydesign,make-professional-3d-mockup-of-your-packaging-design-product,9,packaging | design | box | label | beer,"make a professional 3d mockup of your product packaging, box"
primarydesign,professionally-design-an-awesome-amazon-packaging-product,9,packaging | design | box | label | beer,design a pixel perfect packaging box design with die cut
primeera,create-a-custom-fitness-workout-plan-and-diet-meal-plan,38,videos | exercise | fitness | videos youtube | fitness exercise,create exercise demo videos with voiceovers for fitness apps
primeera,create-fitness-exercise-workout-videos-with-voiceover-instructions,38,videos | exercise | fitness | videos youtube | fitness exercise,create fitness exercise workout videos
primeera,create-for-you-professional-fitness-exercise-demo-videos,38,videos | exercise | fitness | videos youtube | fitness exercise,create for you professional fitness exercise demo videos
primeera,create-professional-workout-exercise-fitness-videos,38,videos | exercise | fitness | videos youtube | fitness exercise,give you fitness exercise workout videos over 230 exercises
primeera,give-you-exercise-demo-videos-for-fitness-apps-250-exercises,38,videos | exercise | fitness | videos youtube | fitness exercise,create exercise demo videos with custom voiceovers for fitness apps
prisky16,hello-iam-designer-logo-banner-vector-art-and-illustration,15,draw | illustration | style | cartoon | anime,drawing with unique cartoon or anime style character
prof_sites,design-and-develop-professional-website-for-you,59,website | seo | wix | content writer | wix website,design and develop professional website for you
pulak_mazumder,create-explainer-animated-course-video-content-for-your-elearning-course,38,videos | exercise | fitness | videos youtube | fitness exercise,create 2d animated course videos or animated explainer videos
pulak_mazumder,create-your-online-course-content-and-course-curriculum,103,course | as400 | course ibm | ibm as400 | ibm,create your online course content and course curriculum
pulak_mazumder,develop-online-course-business-course-elearning-course,103,course | as400 | course ibm | ibm as400 | ibm,"create online course, business course, elearning course"
pwamaster,build-a-web-application-pwa-for-your-business,36,build | adsense | keywords | niche | website,build a web application pwa for your business
qyafzal,build-a-clean-and-professional-wordpress-websites,4,wordpress | wordpress website | page | website | fix,create a clean and modern wordpress website
qyafzal,create-a-wordpress-landing-page,4,wordpress | wordpress website | page | website | fix,design a responsive wordpress landing page
qyafzal,design-professional-modern-wordpress-website-with-divi-theme,4,wordpress | wordpress website | page | website | fix,design a resposnive professional modern wordpress website
qyafzal,design-wordpress-website-with-elementor-pro,4,wordpress | wordpress website | page | website | fix,design wordpress website with elementor pro
r0b3rt1,translate-from-english-to-hebrew,28,english | translate | translate english | spanish | versa,translate english to hebrew
rachelterry,do-flawless-transcription-for-up-to-60-mins-in12-hrs-or-less,27,editing | photoshop | photoshop editing | photo | video editing,"do proofreading and editing, proofreading, book editing"
rachelterry,proofread-and-edit-your-document-or-essay-in-24-hours,27,editing | photoshop | photoshop editing | photo | video editing,"do book editing and proofreading, book editing and proofreading"
radee_official,create-eye-catching-flyer-poster-design,1,eye catching | catching | eye | hand | design,"create eye catching flyer, poster design"
radee_official,design-amazing-bi-fold-and-trifold-brochure-designs,80,flyer | poster | event | design | flyer poster,design amazing bifold and trifold brochure designs
radee_official,design-modern-unique-logo-designs,8,logo | design | logo design | modern | minimalist,design modern unique logo designs
radee_official,do-any-graphic-design,54,graphic | shirt | graphic design | shirt design | custom,do any graphic design
rakibuddintaj,commercial-jewelry-photo-editing-retouching-and-enhancement,27,editing | photoshop | photoshop editing | photo | video editing,jewelry photo editing retouching and enhancement
rakibuddintaj,do-any-high-end-portrait-retouch,11,high | quality | high quality | end | hd,do any high end portrait retouch
rakibuddintaj,do-perfect-manual-vector-tracing-image-to-vector,51,vector | vector tracing | tracing | pattern | logo,"do perfect manual vector tracing, redraw image to vector"
rakibuddintaj,do-photo-cutout-and-clipping-path-service,94,service | number | ein number | ein | seo service,do photo cutout and clipping path service
rakibuddintaj,edit-fashion-photography-newborn-portrait-photo-retouch,93,portrait | family | photography | portrait photo | christmas,edit fashion photography newborn portrait photo retouch
rakibuddintaj,invisible-mannequin-neck-joint-dummy-remove-cloth-retouch,32,background | picture | remove | profile picture | remove background,"invisible mannequin, neck joint, dummy remove, cloth retouch"
rakibuddintaj,retouch-your-fashion-photos,145,photos | retouch | edit | edit retouch | retouch photos,retouch your fashion photos
ralphwie,do-clear-and-understandable-legal-documents,53,review | review website | documents | write | website,write clear and understandable legal documents
ralphwie,translate-from-german-to-english-and-vice-versa-at-native-level,28,english | translate | translate english | spanish | versa,translate from german to english and vice versa at native level
ralphwie,write-your-privacy-and-gdpr-data-protection-policy,137,privacy | policy | disclaimers | privacy policy | write,write your privacy and gdpr data protection policy
ranafai,be-your-facebook-ads-consultant,61,ads | facebook | google | google ads | optimize,be your facebook ads consultant
ranafai,be-your-social-media-marketer,133,social media | media | social | media post | media manager,be your social media marketer
ranafai,create-and-manage-your-events-on-eventbrite,61,ads | facebook | google | google ads | optimize,create and manage your events on eventbrite
ranafai,create-and-optimize-twitter-ads,61,ads | facebook | google | google ads | optimize,create and optimize twitter ads
ranafai,create-and-optimize-your-adword-campaigns,61,ads | facebook | google | google ads | optimize,create and manage your google ads campaigns
ranafai,create-and-optimize-your-linkedin-ads,61,ads | facebook | google | google ads | optimize,create and optimize your linkedin ads
ranafai,create-optimize-and-manage-your-youtube-ads,61,ads | facebook | google | google ads | optimize,"create, optimize and manage your youtube ads"
ranafai,manage-and-optimize-your-facebook-ads-campaigns,61,ads | facebook | google | google ads | optimize,manage and optimize your facebook ads campaigns
ranafai,market-your-business-on-social-media,61,ads | facebook | google | google ads | optimize,be your facebook manager
ranafai,provide-training-of-facebook-ads,61,ads | facebook | google | google ads | optimize,provide training of facebook ads
ranafai,setup-google-shopping-ads-and-product-listings,61,ads | facebook | google | google ads | optimize,setup google shopping ads and product listings
ranakaxhi2000,design-an-awesome-white-paper,14,white | ico | white paper | paper | black white,design an awesome white paper
ranakaxhi2000,write-and-design-a-crypto-whitepaper-for-blockchain,14,white | ico | white paper | paper | black white,"write and design an impressive crypto white paper, ico white paper design"
rashedhossen948,design-vector-fabric-patterns-for-your-requirement,51,vector | vector tracing | tracing | pattern | logo,design vector fabric patterns for your requirement
rashidminhas7,design-a-professional-web-banner-logo-poster-ads,6,professional | card | design | design professional | business card,"design a professional web banner, logo, poster, ads"
rashidminhas7,design-modern-logo-for-your-business,8,logo | design | logo design | modern | minimalist,do 2 modern unique minimalist logo with free vector files
rashidminhas7,do-100-image-background-removal-retouch-photo-fast,27,editing | photoshop | photoshop editing | photo | video editing,"do 100 image background removal, retouch photo, fast"
rashidminhas7,do-any-professional-photoshop-editing-in-2-hours,27,editing | photoshop | photoshop editing | photo | video editing,do any professional photoshop editing in 2 hours
recruiter_orry,get-that-dream-job-with-my-interview-and-cv-coaching-service,94,service | number | ein number | ein | seo service,"help you get hired with interview, cv and career coaching service"
recruiter_orry,help-you-get-hired-with-interview-cv-and-career-coaching-service,7,job | job description | description | resume | cv,expert resume and job search coaching to land more interviews
redsky_studio,create-happy-kids-logo-animation-intro-video,126,intro | logo | youtube | animation | intro outro,create happy kids logo animation or youtube intro
redsky_studio,create-outstanding-neon-logo-animation-or-youtube-intro,31,create | video | create custom | custom | brand,create an amazing brand commercial video or short video ads
redsky_studio,create-stunning-website-promotional-video,31,create | video | create custom | custom | brand,create stunning brand commercial video or short video ads
redsky_studio,design-happy-and-cute-kids-logo-animation-or-youtube-intro,126,intro | logo | youtube | animation | intro outro,design happy and cute kids logo animation or youtube intro
rejoiceforlife,give-you-124-business-ideas,82,ideas | internet | unique | unique way | craft,give you 124 unique business ideas
rejoiceforlife,give-you-126-easy-recipes-for-maximum-sports-performance,115,recipes | delicious | healthy delicious | healthy | different,"give you 126 easy, healthy, and delicious recipes for maximum sports performance"
rejoiceforlife,give-you-25-healthy-and-delicious-soup-recipes,115,recipes | delicious | healthy delicious | healthy | different,give you 25 healthy and delicious soup recipes
rejoiceforlife,give-you-54-lip-gloss-massage-oil-and-body-spray-recipes,115,recipes | delicious | healthy delicious | healthy | different,"give you 54 lip gloss, massage oil, and body spray recipes"
rejoiceforlife,give-you-949-craft-recipes-tips-ideas-and-fun-things-to-do-with-kids,82,ideas | internet | unique | unique way | craft,"give you 949 craft recipes, tips, ideas, and fun things to do with kids"
rejoiceforlife,how-to-build-your-list-giving-away-mini-ebooks,116,ebooks | giving away | away | giving | rights,how to build your list giving away mini ebooks
rejoiceforlife,how-to-save-money-and-conserve-gas-at-the-gas-pump,37,make | money | wire | earrings | pendant,how to save money and conserve gas at the gas pump
rejoiceforlife,show-you-101-ways-to-travel-for-cheap-on-a-budget,12,ways | view | hubpages | hubs | suggest,show you 101 ways to travel for cheap on a budget
rejoiceforlife,show-you-33-craft-ideas-that-are-super-easy-to-make,82,ideas | internet | unique | unique way | craft,show you 33 craft ideas that are super easy to make
rejoiceforlife,show-you-5-ways-to-get-rid-of-baby-fat,12,ways | view | hubpages | hubs | suggest,show you 5 ways to get rid of baby fat
rejoiceforlife,show-you-a-easy-step-by-step-method-teaching-you-how-to-learn-to-read-music,110,step | easy | step step | way | easy step,show you a easy step by step method teaching you how to learn to read music
rejoiceforlife,show-you-a-special-step-by-step-method-how-to-work-with-leather,110,step | easy | step step | way | easy step,show you an easy step by step method how to work with leather
rejoiceforlife,show-you-how-to-create-a-professional-pdf-file-for-free,6,professional | card | design | design professional | business card,show you how to create professional pdf files
rejoiceforlife,show-you-how-to-create-high-quality-articles-that-bring-in-huge-profits,11,high | quality | high quality | end | hd,show you how to create high quality articles that bring in huge profits
rejoiceforlife,show-you-how-to-make-handmade-paper-in-10-easy-steps,110,step | easy | step step | way | easy step,show you how to make handmade paper in 10 easy steps
rejoiceforlife,show-you-how-to-make-money-with-amazon-affiliate-marketing,37,make | money | wire | earrings | pendant,show you how to make money with amazon affiliate marketing
rejoiceforlife,show-you-how-to-pamper-your-cat-with-100-recipes-for-your-feline-friend,115,recipes | delicious | healthy delicious | healthy | different,show you how to pamper your cat with 100 recipes for your feline friend
rejoiceforlife,show-you-how-to-profit-using-the-public-domain--2,2,domain | public | available | motivational | com,show you how to profit using the public domain
rejoiceforlife,show-you-secret-twitter-techniques-to-earn-hundreds-of-dollars-every-day,141,secret | teespring | method | earn | hundreds,show you secret twitter techniques to earn hundreds of dollars every day
rejoiceforlife,show-you-step-by-step-how-to-make-a-blog-and-optimize-it-so-that-you-get-hundreds-of-visitors-every-day,110,step | easy | step step | way | easy step,show you step by step how to make a blog and optimize it so that you get hundreds of visitors every day
rejoiceforlife,show-you-step-by-step-how-to-make-starbucks-coffee-receipes,115,recipes | delicious | healthy delicious | healthy | different,give you delicious starbucks coffee and frappuccino recipes
rejoiceforlife,show-you-the-secret-baby-steps-to-making-a-personal-fortune-from-selling-affiliate-products-starting-today,141,secret | teespring | method | earn | hundreds,show you the secret baby steps to making a personal fortune from selling clickbank products starting today
rimshaeditor,do-waveform-or-audiogram-for-podcast,45,cover | book | book cover | design | ebook,do waveform or audiogram for podcast
rimshaeditor,edit-your-podcast-audio-editing-in-6-hour,45,cover | book | book cover | design | ebook,edit your podcast audio editing in 6 hour
rinaldo_art29,draw-commission-in-anime-style,15,draw | illustration | style | cartoon | anime,draw any art commission in anime cartoon style
rinaldo_art29,make-animated-loop-your-anime-pictures,15,draw | illustration | style | cartoon | anime,animated your anime drawing to look stunning more and alive
rinaldo_art29,make-fanart-of-any-character-anime-illustration,15,draw | illustration | style | cartoon | anime,draw awesome fanart of any character in anime style illustration
rizwanmba7,conduct-a-detailed-research-on-any-topic,112,detailed | models | conduct | topic | architectural,conduct a detailed research on any topic
rizwanmba7,create-custom-excel-spreadsheet-with-formulas-and-dashboard,31,create | video | create custom | custom | brand,"create custom excel spreadsheet with formulas, macro and dashboard"
rodneymarsha296,help-design-custom-app-icons-and-logo,136,design | design custom | icons | geometric | tattoo,help design custom app icons and logo
rodneymarsha296,help-you-design-powerpoint-animation-and-copy-writing-for-your-business,46,3d | model | animation | exterior | render,help you design 3d modeling animation for movies and games and nft
roguemusicprod,produce-your-pop-track-or-cover,142,songwriter | platinum | platinum record | record | music producer,be your platinum record music producer
roguemusicprod,write-you-a-song-and-record-vocals-and-guitar,142,songwriter | platinum | platinum record | record | music producer,be your platinum record songwriter
romygraske,give-legal-advice-for-expats-in-germany,78,advice | legal advice | offshore | legal | germany,give legal advice for expats in germany
romygraske,give-legal-advise-on-how-to-start-a-business-in-germany,78,advice | legal advice | offshore | legal | germany,give legal advice on how to start a business in germany
romygraske,record-a-sympathetic-german-female-voice,24,voice | record | female | record professional | male,record a sympathetic german female voice spoken voice over
roo_mahen,create-attractive-product-video-social-media-video,133,social media | media | social | media post | media manager,create short videos to enhance your social media presence
rubabexpert,do-journalism-or-media-case-study,57,essays | journalism | case | write | reports,do journalism or media case study
rubabexpert,do-social-science-or-journalism-case-study,57,essays | journalism | case | write | reports,"do social science or journalism case studies, essays, and articles"
rudra_graphics,design-icon-for-your-mobile-app-and-website,83,app | mobile | mobile app | android | ui,design modern professional clean app icon or web icons
rulymaulana,draw-you-in-unique-caricature-sketch,15,draw | illustration | style | cartoon | anime,draw beautiful caricature sketch from photo
rushanthan93,animate-album-cover-art-creatively,45,cover | book | book cover | design | ebook,"animate album art, cover art creatively"
rushanthan93,animate-your-logo-with-creative-introduction,35,text | animate | text clickable | logo | clickable,animate your logo with creative introduction
rushanthan93,do-animation-to-nft-art-painting-photo-as-gif,44,digital | painting | photo | art | manipulate photo,"do animation to nft, art, painting, photo as gif"
rushanthan93,do-creative-custom-logo-animation,126,intro | logo | youtube | animation | intro outro,do awesome custom logo animation
rushanthan93,do-parallax-animation-to-photos,145,photos | retouch | edit | edit retouch | retouch photos,do parallax animation to photos
rushanthan93,do-real-estate-promo-for-realtors-agents-to-list-video-ads,125,real estate | estate | real | estate logo | logo,"do real estate promo for realtors, agents to list video ads"
rushanthan93,do-vfx-to-your-video,72,vfx | car | wrap | great | video,do vfx to your video
ruvaworks4u,be-your-efficient-virtual-assistant-up-to-2-hours,17,virtual | private | virtual assistant | assistant | leads,be your efficient virtual assistant up to 3 hours
ruvaworks4u,create-5-page-responsive-wordpress-website,4,wordpress | wordpress website | page | website | fix,create 5 page responsive wordpress website
ruvaworks4u,design-a-professional-web-graphic,6,professional | card | design | design professional | business card,design a professional web graphic
ruvaworks4u,do-data-entry-work-with-in-24-hr-delivery,68,data | entry | excel | data entry | web research,"do data entry, typing, copy paste, excel and web research"
ruvaworks4u,provide-data-entry-services-up-to-3-hours,68,data | entry | excel | data entry | web research,provide data entry services up to 3 hours
saavy_architect,do-personalized-instagram-hashtags-research-to-boost-reach,10,research | keyword research | keyword | uk | usa uk,do personalized instagram hashtag research to boost growth
saavy_architect,double-your-wordpress-speed-or-money-back,4,wordpress | wordpress website | page | website | fix,"do wordpress speed optimization, double speed or money back"
saavy_architect,provide-10-000-dank-memes,50,000 | memes | provide | 10 000 | 10,"provide 10,000 dank memes"
saavy_architect,provide-15-da-90-backlinks-for-your-website,47,backlinks | dofollow | edu | edu backlinks | seo,provide 20 da 90 backlinks for your website
saavy_architect,provide-20-000-cat-and-dog-memes,50,000 | memes | provide | 10 000 | 10,"provide 20,000 cat and dog memes"
saavy_architect,provide-200-edu-and-gov-backlink-for-your-website-high-da-dofollow-links-for-seo,47,backlinks | dofollow | edu | edu backlinks | seo,provide 100 edu and gov backlinks for your websites
saavy_architect,provide-45000-funny-memes,50,000 | memes | provide | 10 000 | 10,"provide 80,000 funny memes"
saavy_architect,provide-a-dofollow-da90-dofollow-backlink-from-reddit-for-seo-high-tf-cf-rd,47,backlinks | dofollow | edu | edu backlinks | seo,provide a tf74 permanent dofollow backlink from reddit
sabbirsir,business-website-or-any-link-promote-in-your-target-area,33,promote | promote business | sign | business | organically,"promote your business, website or any link in target area"
sabbirsir,promote-your-crypto-bitcoin-website-or-affiliate-link,19,edit | proofread | manuscript | proofread edit | bitcoin,"promote your crypto, bitcoin website or affiliate link"
sahil2050,reinstate-and-fix-suspended-google-my-business,97,local | gmb | local seo | seo | google,reinstate gmb fix disabled suspended google my business
sajidzakaria,make-a-discord-bot-for-you,120,bot | telegram | airdrop | airdrop bot | telegram airdrop,make a discord bot for you in python
salam337,format-data-and-analyze-trends-with-charts-in-excel,68,data | entry | excel | data entry | web research,do excel data analysis and reporting in graphs and charts
samellis1999,anime-girl-voice-acting,15,draw | illustration | style | cartoon | anime,say anything in a loli anime voice english and japanese
samellis1999,record-epic-anime-voice-lines,24,voice | record | female | record professional | male,record anime male voice lines
samellis1999,say-anime-in-a-uwu-anime-voice,15,draw | illustration | style | cartoon | anime,say anime in an anime uwu voice
sana_sarfaraz2,do-video-production-consultation-for-your-explainer-video,31,create | video | create custom | custom | brand,do video production consultation for your explainer video
sana_sarfaraz2,pp-explainer-video-or-app-promo-video-for-marketing-or-sales,31,create | video | create custom | custom | brand,explainer video or app promo video for marketing or sales
sandeepgupta11,setup-google-adwords-remarketing-or-retargeting,61,ads | facebook | google | google ads | optimize,setup google ads remarketing or retargeting display campaign
sandragcwrites,promote-your-book-on-my-blog-and-social-media,133,social media | media | social | media post | media manager,promote your book on my blog and social media
sandragcwrites,promote-your-business-event-or-book-on-my-blog-and-share,33,promote | promote business | sign | business | organically,promote your business or event on my blog
sarahfromhh,create-breakout-brand-or-product-names,21,testing | 10 | qa | names | qa testing,create breakout brand names
sarahkstewart,do-a-flash-ux-review-of-your-website-or-mobile-app,83,app | mobile | mobile app | android | ui,do a quick ux review of your website or mobile app
sarahkstewart,make-an-interactive-ux-wireframe-for-your-website-or-app,83,app | mobile | mobile app | android | ui,design an interactive ux mockup of your app or website
sas_writer,do-sales-script-writing-video-script-and-vsl-copywriting,26,sales | funnel | sales funnel | highly | converting,"write killer sales copy, copywriting, and vsl script"
sas_writer,do-youtube-video-script-writing-for-you,20,youtube | thumbnail | youtube thumbnail | design youtube | channel,do video script writing for your youtube channel
segundosominson,give-you-a-clarinet-lesson,86,lesson | tutor | cooking video | cooking | software,give you a clarinet lesson or be your clarinet tutor
segundosominson,teach-you-music-theory-or-be-your-music-tutor,118,teach | security | teach make | coding | theory,teach you music theory
sfsproduction,do-high-end-commercial-ad-video-with-actors-shooting-a-to-z,11,high | quality | high quality | end | hd,do high end commercial ad video with actors shooting a to z
sfsproduction,do-high-end-commercial-product-video-shooting-a-to-z,63,product | video | amazon | product video | amazon product,do professional commercial product video shooting a to z
shabinmp722,build-an-absolutely-stunning-website,36,build | adsense | keywords | niche | website,build an absolutely stunning website
shabinmp722,create-a-top-quality-website-8781,11,high | quality | high quality | end | hd,design and code a top quality website
shabinmp722,create-a-worldclass-wordpress-website,4,wordpress | wordpress website | page | website | fix,create a worldclass wordpress website
shabinmp722,design-a-pro-quality-brochure,80,flyer | poster | event | design | flyer poster,design a pro quality brochure
shabinmp722,design-top-quality-ui-for-your-mobile-app,83,app | mobile | mobile app | android | ui,design top quality ui for your mobile app
shadowvo,create-a-podcast-intro-and-outro-with-male-voice,24,voice | record | female | record professional | male,create a podcast intro with male voice
shadowvo,create-your-podcast-intro-and-outro,24,voice | record | female | record professional | male,record your podcast intro with male and female voice
shadowvo,produce-male-or-female-radio-imaging-sweepers-and-ids,24,voice | record | female | record professional | male,"create radio imaging, sweepers and ids, male or female voice"
shadowvo,provide-a-high-quality-female-voice-over,24,voice | record | female | record professional | male,record a female voice over in american or canadian english
shadowvo,provide-a-high-quality-male-voice-over,24,voice | record | female | record professional | male,record a pro male voiceover in american english
shadowvo,record-a-male-and-female-voice-over,24,voice | record | female | record professional | male,record a voice over with male and female roles
shadowvo,record-a-professional-youth-voice-over,11,high | quality | high quality | end | hd,provide a high quality youth or teen voice over
shadowvo,record-and-produce-deep-voice-dj-drops,24,voice | record | female | record professional | male,record and produce epic deep voice dj drops
shadowvo,record-and-produce-dj-drops,24,voice | record | female | record professional | male,provide a dj drops package with male and female voice
shadowvo,record-and-produce-female-dj-drops,24,voice | record | female | record professional | male,record and produce amazing female dj drops
shadowvo,record-and-produce-seasonal-dj-drops,24,voice | record | female | record professional | male,"create halloween dj drops, male or female voice"
shafqat_1,build-complete-micro-niche-website-for-adsense-or-affiliate,36,build | adsense | keywords | niche | website,build complete micro niche website for adsense or affiliate
shafqat_1,build-high-authority-backlinks-of-dr-50-plus,47,backlinks | dofollow | edu | edu backlinks | seo,do seo link building with high authority dofollow backlinks
shafqat_1,do-detailed-competitor-analysis-website-audit-market-research,94,service | number | ein number | ein | seo service,"provide monthly seo service, website optimization for top google ranking"
shafqat_1,do-perfect-amazon-keyword-research-for-best-seo,10,research | keyword research | keyword | uk | usa uk,do extensive amazon keyword research for any market
shafqat_1,do-seo-optimization-to-rank-your-site-1st,4,wordpress | wordpress website | page | website | fix,do on page seo and technical optimization of wordpress site
shafqat_1,do-seo-optimized-website-content-writing-article-writing,129,write | articles | words | story | short,write engaging seo optimized content for your website
shafqat_1,find-high-authority-dr-50-plus-expired-domain,47,backlinks | dofollow | edu | edu backlinks | seo,provide expired domain name having da 90 backlink contextual
shafqat_1,provide-top-laser-targeted-keywords-in-your-niche,10,research | keyword research | keyword | uk | usa uk,do perfect keyword research for 1st page ranking
shahnazahmad,make-logo-3-options,83,app | mobile | mobile app | android | ui,develop native ios and android apps for you
sheryrasheed,build-webviews-apps-for-your-website,83,app | mobile | mobile app | android | ui,convert wordpress site to android and ios app using webview
sheryrasheed,do-android-and-ios-radio-app-with-low-price-and-high-quality,83,app | mobile | mobile app | android | ui,do android and ios radio app with low price and high quality
shinji2602,paint-a-concept-of-anything-you-like,15,draw | illustration | style | cartoon | anime,paint a professional illustration
shinji2602,sketch-anything-for-you,16,plan | autocad | 2d | sketch | floor,sketch anything for you
sigrun_design,create-a-watercolor-geometric-tattoo-design,136,design | design custom | icons | geometric | tattoo,create a watercolor geometric tattoo design
sigrun_design,design-a-book-cover-or-illustrate-books-for-all-ages,45,cover | book | book cover | design | ebook,design a book cover or illustrate books for all ages
sigrun_design,design-a-costom-tattoo-design-for-you-with-your-idea,136,design | design custom | icons | geometric | tattoo,design a costom tattoo design for you with your idea
sigrun_design,modify-a-profile-picture-for-you,32,background | picture | remove | profile picture | remove background,modify a profile picture for you
simplybright,create-awesome-custom-coffee-mug-design,124,awesome | create awesome | create | awesome 3d | awesome custom,create an awesome custom coffee mug design
simplybright,custom-request-graphic-design,54,graphic | shirt | graphic design | shirt design | custom,work on your custom request graphic design
simplybright,design-a-trendy-typographic-tshirt,124,awesome | create awesome | create | awesome 3d | awesome custom,create an awesome custom typographic tshirt design
simplybright,work-on-your-custom-graphic-design-project,54,graphic | shirt | graphic design | shirt design | custom,work on your custom graphic design project
simplybright,work-on-your-logo-project,54,graphic | shirt | graphic design | shirt design | custom,work on your custom logo design project
skyler0217,localize-your-games-into-chinese,28,english | translate | translate english | spanish | versa,provide english and chinese games localization and translation and lqa
skyler0217,provide-translation-between-english-and-chinese-manually,28,english | translate | translate english | spanish | versa,provide professional translation service between english and chinese
smbcopywriter,write-a-12-part-autoresponder-email-series,33,promote | promote business | sign | business | organically,"write an email to promote your business, service or product"
smbcopywriter,write-a-highly-persuasive-and-converting-sales-page,26,sales | funnel | sales funnel | highly | converting,write a highly persuasive and converting sales page
smbcopywriter,write-a-killer-soap-opera-sequence-that-converts-massively-a3c9,26,sales | funnel | sales funnel | highly | converting,write a highly converting soap opera sequence
smmjoe,be-your-digital-marketing-consultant,131,strategy | marketing | digital marketing | brand | digital,be your digital marketing consultant
smmjoe,be-your-instagram-ads-manager,61,ads | facebook | google | google ads | optimize,be your instagram ads manager
smmjoe,create-facebook-target-audience,61,ads | facebook | google | google ads | optimize,create facebook target audiences
snofixart,make-storytime-animation-for-your-channel,46,3d | model | animation | exterior | render,make 2d character animation or cartoons for you
sohaib_alii,design-your-creative-website-layout-editable-in-figma-and-xd,4,wordpress | wordpress website | page | website | fix,design your creative website layout editable in figma and xd
sohail_ahmad,test-apps-websites-software-and-report-bugs,108,test | bugs | software | games | different,"test apps,websites, software and report bugs"
solutionoriginz,create-automated-shopify-aliexpress-dropship-store,42,shopify | store | ecommerce | shopify store | products,create shopify dropshipping store or shopify website
solutionoriginz,create-cbd-shopify-dropshipping-store-shopify-website,42,shopify | store | ecommerce | shopify store | products,"create cbd shopify dropshipping store, shopify website"
solutionoriginz,design-or-redesign-shopify-website-shopify-store,42,shopify | store | ecommerce | shopify store | products,design or redesign shopify website
sorji_grey,design-a-clean-and-high-quality-pitch-deck-presentation,65,convert | pdf | powerpoint | word | convert pdf,"design an impressive powerpoint, keynote presentation"
sound_filemon,edit-the-audio-for-your-video-or-vlog,55,mix | master | mix master | metal | professionally,"edit, mix and master the audio for your video, vlog or film"
speedycharlie,beta-read-simple-edit-and-support-you-during-your-project,66,read | audiobook | beta | beta read | italian audiobook,"beta read, comment, edit and translate for you"
speedycharlie,write-a-custom-short-story-for-you,129,write | articles | words | story | short,write a short story or novel for you in english or german
spindesign,design-creative-modern-logo-and-stationery-for-your-business,8,logo | design | logo design | modern | minimalist,design creative modern logo and stationery for your business
spindesign,design-minimalist-business-logo-design,8,logo | design | logo design | modern | minimalist,design creative modern logo with free source files
spindesign,design-modern-minimalist-flat-creative-logo-and-stationery,8,logo | design | logo design | modern | minimalist,design modern minimalist flat creative logo and stationery
spindesign,design-unique-minimalist-logo-with-free-source-files,8,logo | design | logo design | modern | minimalist,design unique minimalist logo with free source files
spindesign,do-minimal-custom-professional-business-logo-and-stationery,8,logo | design | logo design | modern | minimalist,do minimal custom professional business logo and stationery
spindesign,do-minimalist-logo-design,8,logo | design | logo design | modern | minimalist,design business logo design
spindesign,offer-luxury-flat-unique-professional-logo-and-stationery,8,logo | design | logo design | modern | minimalist,offer luxury unique elegant logo and social kit for business
spindesign,offer-minimal-symbolic-monogram-initials-logo-and-stationery,8,logo | design | logo design | modern | minimalist,offer minimal symbolic monogram initials logo and stationery
spindesign,offer-minimalist-unique-logo-and-social-kit-for-your-company,8,logo | design | logo design | modern | minimalist,offer minimalist unique logo and social kit for your company
spindesign,offer-unique-minimalist-logo-and-stationery-for-your-company,8,logo | design | logo design | modern | minimalist,offer minimalist unique logo and social kit for your company
stephaniebrait,record-an-engaging-professional-american-voice-over,24,voice | record | female | record professional | male,deliver the highest quality american female voice over fast
stephaniebrait,record-professional-explainer-and-corporate-voice-overs,29,audio | track | audio video | video | transcribe,record professional explainer and corporate voice overs in 24 hrs
stevenosarczuk,narrate-and-produce-your-audiobook,66,read | audiobook | beta | beta read | italian audiobook,narrate and produce your audiobook
studiosbim,do-3d-revit-design-model-for-structure-or-mep,46,3d | model | animation | exterior | render,"provide revit mep modeling electrical, plumbing and mechanical"
sulimanmukhtar,create-bep20-token-on-binance-smart-chain,31,create | video | create custom | custom | brand,create bep20 token on binance smart chain bsc
sulimanmukhtar,upload-your-1k-up-to-10k-nfts-to-opensea,59,website | seo | wix | content writer | wix website,create your website with an erc721a nft contract
superkij,create-illustration-or-vectorized-according-to-your-order,51,vector | vector tracing | tracing | pattern | logo,"vectorize or vector tracing your image, illustrations, logo"
superkij,design-a-unique-logo-for-your-brand,8,logo | design | logo design | modern | minimalist,design a unique and minimalistic logo
superkij,do-photoshop-editing-for-anything,27,editing | photoshop | photoshop editing | photo | video editing,do photoshop editing for anything
superkij,illustration-typography-lettering-and-with-in-6-hrs,1,eye catching | catching | eye | hand | design,do hand lettering and typography logo design within 6 hrs
superkij,professionally-refined-and-update-your-old-logo,70,200 | old | update | minutes | followers,professionally refined and update your old logo
szilviagarbun,do-business-competitor-analysis,10,research | keyword research | keyword | uk | usa uk,"do competitor analysis, market research"
szilviagarbun,find-us-based-manufacturers-suppliers-for-your-business,109,based | computer | manufacturers | work | dropshipping,"find the best us based dropshipping suppliers, manufacturers"
szilviagarbun,provide-an-european-dropshipping-supplier-list-in-more-category,62,personal | sourcing | sourcing agent | agent | taxes,"find manufacturers wholesalers from europe sourcing agent, supplier sourcing"
szilviagarbun,provide-an-european-fashion-supplier-list-for-dropshipping,109,based | computer | manufacturers | work | dropshipping,"provide an eu us uk based clothing, fashion supplier list"
szilviagarbun,provide-eu-based-manufacturer,62,personal | sourcing | sourcing agent | agent | taxes,"be your sourcing agent on the eu, us, asian market, supplier sourcing product"
taha2xi,design-a-gaming-youtube-banner,20,youtube | thumbnail | youtube thumbnail | design youtube | channel,design a gaming youtube banner
taha2xi,design-a-gaming-youtube-thumbnail,20,youtube | thumbnail | youtube thumbnail | design youtube | channel,design amazing youtube thumbnail that get high ctr
taha2xi,design-anime-or-gaming-banner-for-youtube-twitter-twitch,20,youtube | thumbnail | youtube thumbnail | design youtube | channel,"design a youtube banner,gaming banner,twitch banner, header"
taha2xi,make-you-twitter-header-that-looks-fire,106,twitter | followers | 1000 | instant | twitter followers,make you twitter header that looks fire
tahir6246,have-a-good-experience-in-urban-planning-and-design,16,plan | autocad | 2d | sketch | floor,do urban design master plan and landscape rendering
talhashaheen_,design-animated-html5-banner-ads-for-google-display,61,ads | facebook | google | google ads | optimize,design animated html5 banner ads for google display
tammy85,proofread-and-edit-your-content,19,edit | proofread | manuscript | proofread edit | bitcoin,proofread and edit your content
tammy85,write-500-words-on-several-fun-topics,129,write | articles | words | story | short,write 300 words on home and apartment living topics
tammy85,write-short-posts-for-your-facebook-page,129,write | articles | words | story | short,write short posts for your facebook page
tapos1993,create-professional-and-cool-logo-just-24-hrs,8,logo | design | logo design | modern | minimalist,do an attractive logo in asap
tapos1993,design-eye-catching-flyer-brochure-leaflet-banner,1,eye catching | catching | eye | hand | design,"design eye catching flyer, brochure, leaflet, banner"
tapos1993,design-unique-and-amazing-business-card-within-12-hrs,6,professional | card | design | design professional | business card,design unique and amazing business card within 12 hrs
tapos1993,do-professional-web-banner-for-ads,6,professional | card | design | design professional | business card,do professional web banner for ads
tapos1993,recreate-logo-or-anything-to-vector-within-2-hours,51,vector | vector tracing | tracing | pattern | logo,recreate logo or anything to vector tracing within 2 hours
tawheed_anjum,create-custom-illustrated-t-shirt-design,54,graphic | shirt | graphic design | shirt design | custom,create custom t shirt design in 24 hrs
tawheed_anjum,create-mobile-app-ui-and-prototype-or-wireframe,83,app | mobile | mobile app | android | ui,create ui ux design for mobile app or website with prototype
tawheed_anjum,design-elegant-book-cover-and-book-interior-in-24-hours,45,cover | book | book cover | design | ebook,design elegant book cover and book interior in 24 hours
tawheed_anjum,design-professional-and-modern-brochure,6,professional | card | design | design professional | business card,design professional and modern brochure
tawheed_anjum,design-roll-up-banner-and-banner-adds-in-24-hrs,61,ads | facebook | google | google ads | optimize,design creative banner ads for google adwords
tawheed_anjum,design-social-media-post-or-ads-within-24-hours,133,social media | media | social | media post | media manager,"design social media posts, cover, or ads in 24 hours"
tawheed_anjum,do-modern-minimalist-and-business-logo-design,8,logo | design | logo design | modern | minimalist,design business logo with copyrights
team_hamza,do-everything-related-to-electrical-engineering-electronics-engineering,67,projects | engineering | java | engineering products | products,help with electronics engineering electrical engineering projects problems
teamdesigners11,create-3d-clothing-designs-for-your-apparel-brand-e4a4,0,fashion | clothing | apparel | design | tech,create 3d clothing designs for your apparel brand
teamdesigners11,design-and-mockup-clothing-apparel-ideas,0,fashion | clothing | apparel | design | tech,make design sheet and clothing and apparel mockups
teamdesigners11,design-custom-sport-jersey-and-clothing,0,fashion | clothing | apparel | design | tech,design custom gym apparel and clothing
technet_sl,write-sql-queries-and-help-with-database-designing,81,server | sql | sql server | discord server | discord,"write sql queries, design database and optimize queries"
technet_sl,write-sql-related-queries,81,server | sql | sql server | discord server | discord,write sql queries and help in any ms sql related services
techstreams,convert-psd-to-html-fully-responsive-bootstrap-psd-to-wordpress-and-web-design,138,html | responsive | convert | convert psd | psd,convert psd to html using responsive bootstrap
techstreams,create-stunning-user-interface-and-design-ui-ux,83,app | mobile | mobile app | android | ui,"create ui ux for mobile app, web and landing page design"
techstreams,create-t-shirt-design-unique-custom-typography-tshirt-design-printful,54,graphic | shirt | graphic design | shirt design | custom,create unique typography custom t shirt design
techstreams,create-wordpress-website-wp-customization-and-be-your-wordpress-web-developer,4,wordpress | wordpress website | page | website | fix,"design wordpress website, customization and wordpress developer"
techstreams,design-unique-minimalist-vintage-business-logo,8,logo | design | logo design | modern | minimalist,design a modern minimalist versatile elegant logo
techstreams,do-plugin-customization-fix-wordpress-issues-and-customize-any-wordpress-plugin,4,wordpress | wordpress website | page | website | fix,fix wordpress issues and do plugin customization
techstreams,do-website-development-and-design-build-and-fix-web-app-for-your-business,59,website | seo | wix | content writer | wix website,"do website development and design, build and fix web app for your business"
techstreams,php-developer-create-web-application-php-website-in-laravel-codeigniter-core-php,59,website | seo | wix | content writer | wix website,do website development also design and fix website in php laravel
tehreem_27,well-researched-article-and-blog,40,blog | article | blog website | write | website,write well researched article and blog posts
tehreem_27,write-medical-and-health-blogs-and-articles,129,write | articles | words | story | short,write medical and health blogs and articles
tennisdennis,blue-cat-scratch-to-send-a-purrrrfect-message,30,message | send | cool | christian | send cool,ask our cat scratch to send the purrrrfect message
tennisdennis,create-a-commercial-video-with-cool-slim,63,product | video | amazon | product video | amazon product,create a promotional video with cool ghetto slim
tennisdennis,gladly-accept-your-gracious-tip-for-a-production-well-done,71,tip | accept | accept tip | work | happily accept,gladly accept your gracious tip for a production well done
tennisdennis,have-cool-slim-send-some-holiday-cheer,30,message | send | cool | christian | send cool,have cool slim send some holiday cheer from the hood
tennisdennis,have-dr-love-help-your-love-problems-and-more,30,message | send | cool | christian | send cool,have dr love send your romantic message
tennisdennis,have-gabby-girl-send-a-message-shout-out-or-give-you-a-fashion-tip,30,message | send | cool | christian | send cool,"have gabby girl send a birthday greeting, message or even give you a fashion tip on your blog"
tennisdennis,have-ghetto-slim-send-a-cool-message-from-the-hood,30,message | send | cool | christian | send cool,have ghetto slim send a cool message from the hood
tennisdennis,have-handthony-give-you-a-hand-with-your-marketing,1,eye catching | catching | eye | hand | design,have handthony give you a hand with your marketing
tennisdennis,have-leroy-hood-send-a-message-in-english-or-spanish,30,message | send | cool | christian | send cool,have leroy hollywood send a cool message in english or spanish
tennisdennis,have-mr-grumpy-nasty-ned-send-a-message,30,message | send | cool | christian | send cool,have nasty ned give a moody message
tennisdennis,have-mr-reely-herting-send-a-get-well-message,30,message | send | cool | christian | send cool,have mr reely herting send a get well message
tennisdennis,have-my-boy-slim-produce-a-rap-song-cool-message-testimonial-or-whatever-you-want-for-you-or-your-business,30,message | send | cool | christian | send cool,"have my boy slim produce a rap song, cool message, birthday wish or whatever you want to say for you or your business"
tennisdennis,have-my-latin-puppet-handthony-deliver-a-comical-and-fun-romantic-message-or-greeting,30,message | send | cool | christian | send cool,have my latin puppet handthony deliver a comical and fun romantic message or greeting
tennisdennis,have-my-top-sales-performer-mr-sam-sales-send-a-message-to-your-sales-staff-or-team,30,message | send | cool | christian | send cool,have my top salesman mr sam sellit deliver a message to your sales staff or team
tennisdennis,have-one-of-my-monsters-send-a-monstrous-message,30,message | send | cool | christian | send cool,have one of my monsters send a monstrous message
tennisdennis,have-ozzie-blue-monster-say-a-good-night-message-to-your-children-happy-birthday-wish-get-well-greeting-or-any-other-message,30,message | send | cool | christian | send cool,"have ozzie blue monster say a good night message to your children, happy birthday wish, get well greeting or any other message"
tennisdennis,have-rayjay-goldenvoice-sing-for-you,24,voice | record | female | record professional | male,record your message with rayjays goldenvoice
tennisdennis,have-rick-rocker-send-a-rockin-message--2,30,message | send | cool | christian | send cool,have rick rocker send a rockin video message
tennisdennis,have-rico-suave-send-cool-message-dude,30,message | send | cool | christian | send cool,have rico suave send cool message dude
tennisdennis,have-rock-n-roll-rick-send-a-messege,30,message | send | cool | christian | send cool,have rick the rocker send a rockin message
tennisdennis,have-slims-cousin-leroy-hollyhood-give-a-shout-out-birthday-greeting-love-poem-or-testimonial,30,message | send | cool | christian | send cool,have leroy hollyhood send a cool note from the hood
tennisdennis,have-the-guru-hiraji-send-a-spiritual-message,18,send | beautiful | send postcard | postcard | postcard genova,have guru master haraji send good karma and a smile
tennisdennis,our-executive-chef-pierre-zonzon-will-recipe-a-personal-message,30,message | send | cool | christian | send cool,have chef pierre whip up a special video message
tennisdennis,produce-a-professional-voice-over-for-your-business,24,voice | record | female | record professional | male,produce the best voice over on this planet and beyond
tennisdennis,record-a-fangtastic-message-wit-vampirella,84,halloween | film | work | message | provide film,film a fangtastic halloween message with vampirela
tennisdennis,send-a-personal-message-or-greeting,24,voice | record | female | record professional | male,be amazed at rayjays golden voice a true star
tennisdennis,the-redman-is-ready-to-send-your-message,30,message | send | cool | christian | send cool,produce a hollywood video message with mr red
teop92,give-you-an-appraisal-of-your-sports-collection,100,collection | nft | nft collection | sports | unique nft,give you an appraisal of your sports collection
teop92,write-a-sports-blog-or-article-in-72-hours-or-less,40,blog | article | blog website | write | website,write a blog or article
tererk,inspire-your-project-with-my-vocals-lyrics-and-rap,117,rap | beats | sing | hop beats | hip hop,sing rnb and pop vocals or deliver a rap for your project
thathsara96,convert-your-article-script-or-blog-post-into-eye-catching-video-with-voiceover,40,blog | article | blog website | write | website,"convert your article,script, or blog post into eye catching video with voiceover"
theaudiolab,create-a-upbeat-jingle-for-you-brand,60,song | vocals | tune | jingle | song jingle,create a upbeat song or jingle for you brand
theaudiolab,create-and-sing-a-personalized-and-professional-quality-jingle-for-your-brand,60,song | vocals | tune | jingle | song jingle,create a professional song or jingle for your brand
theaudiolab,write-record-and-mix-your-audio-ad-in-less-than-24-hours,55,mix | master | mix master | metal | professionally,"write, record and mix your audio ad professionally"
thegage,your-write-tender-or-bid-responses-for-projects,67,projects | engineering | java | engineering products | products,your write tender or bid responses for projects
therichsounds,advanced-mixing-mastering-your-song,29,audio | track | audio video | video | transcribe,do audio mixing mastering for your track
therichsounds,completely-tune-vocals-with-melodyne-or-autotune,60,song | vocals | tune | jingle | song jingle,completely tune vocals with melodyne or autotune
therichsounds,do-vocal-mixing-to-perfection,92,vocal | complete | pitch | correction | exercises,do complete vocal processing or enhancing
therichsounds,manually-tune-your-vocals-on-the-perfect-pitch,92,vocal | complete | pitch | correction | exercises,do professionally vocal tuning or pitch correction in 24hrs
therichsounds,remove-noise-edit-convert-and-clean-up-your-audio,32,background | picture | remove | profile picture | remove background,"edit and remove background noise, clicks from your audio"
thilina_rajapak,be-your-chatgpt-assistant,78,advice | legal advice | offshore | legal | germany,teach you or your team to how to use chatgpt
thilina_rajapak,design-stunning-seating-chart-for-your-event,80,flyer | poster | event | design | flyer poster,design stunning seating chart or table plan for your event
thinira,create-any-unity-low-poly-assets,132,unity | game | assets | 3d | developer,create low poly 3d assets for your game or project
timung,reskin-any-codecanyon-android-app-flutter-app,83,app | mobile | mobile app | android | ui,"reskin rebrand any codecanyon android ios app, flutter app, ionic app"
timung,reskin-any-flutter-app-codecanyon-app,83,app | mobile | mobile app | android | ui,"reskin rebrand any flutter app, codecanyon app"
timung,reskin-any-ionic-app-codecanyon-app,83,app | mobile | mobile app | android | ui,"reskin setup any ionic app, codecanyon app"
tobyking524,professional-siege-coach-and-rank-booster,34,coach | professionally coach | professionally | cartoonize | war,professionally coach you in rainbow six siege
tobyking524,professionally-coach-you-in-overwatch-2,34,coach | professionally coach | professionally | cartoonize | war,professionally coach you in dead by daylight
tobyking524,professionaly-coach-you-in-valorant,34,coach | professionally coach | professionally | cartoonize | war,professionally coach you in valorant
tomaspalacios,do-the-track-for-your-reggeaton-pop-latin-trap-song,87,produce | instrumental | beat | song | tracks,"produce the beat for your reggaeton, pop, latin, trap song"
tomaspalacios,do-your-music-marketing-campaign-on-latin-america,25,email | klaviyo | marketing | email marketing | email template,do your music marketing campaign on latin america
tomaspalacios,edit-your-dialogue-just-perfect,55,mix | master | mix master | metal | professionally,"edit audios, dialogues, isolation, noise reduction and mix"
tomaspalacios,make-your-voice-sound-naturally-in-tune,60,song | vocals | tune | jingle | song jingle,make your voice sound naturally in tune and aligned
tomaspalacios,mix-and-master-according-to-the-song-you-like,55,mix | master | mix master | metal | professionally,"edit, mix and master professionally your song"
tomaspalacios,monthly-organic-promote-your-spotify-reggaeton-song-in-south-america,33,promote | promote business | sign | business | organically,organically promote your spotify song in south america monthly
tomaspalacios,organic-promote-your-reggaeton-song-in-south-america,33,promote | promote business | sign | business | organically,organic promote your spotify reggaeton song in south america
tomaspalacios,produce-your-beat-the-style-you-want,87,produce | instrumental | beat | song | tracks,produce your custom beat the style music genre you want
tonydthree,do-a-voice-over-of-your-script-that-is-150-words-or-less,24,voice | record | female | record professional | male,ik zal record an american male voice over voor $5 op www.fiverr.com
tonydthree,voice-a-movie-trailer-type-of-voice,24,voice | record | female | record professional | male,voice a movie trailer type of voice
tonydthree,voice-a-podcast-into-or-outtro,45,cover | book | book cover | design | ebook,voice a podcast into or outtro
tonydthree,voice-your-dry-radio-imaging-or-radio-liners,24,voice | record | female | record professional | male,voice your radio imaging or radio liners
tooned,design-and-generate-your-nft-collection,100,collection | nft | nft collection | sports | unique nft,design and generate your nft collection
tooned,draw-a-cartoon-from-your-photo,37,make | money | wire | earrings | pendant,design 2d cartoon characters and make an animation video
top_promo,exposure-your-link-with-250k-fb-social-marketing-campaign,25,email | klaviyo | marketing | email marketing | email template,expose your link with 2500k fb social marketing campaign
top_promo,exposure-your-link-with-a-banner-on-2-million-fb-real-users,106,twitter | followers | 1000 | instant | twitter followers,do huge social media marketing within 3m fb users and twitter followers
trademarkassist,conduct-extensive-research-in-eu-uk-canada-or-australia,10,research | keyword research | keyword | uk | usa uk,"conduct extensive research in eu, uk, canada or australia"
trademarkassist,draft-a-freelance-writer-agreement,19,edit | proofread | manuscript | proofread edit | bitcoin,draft or edit a freelance or independent contractor agreement
trademarkassist,draft-an-affiliate-program-agreement-template,23,program | affiliate | affiliate program | install | configure,draft an affiliate program agreement template
trademarkassist,draft-or-edit-nda-non-disclosure-confidentiality-agreement,19,edit | proofread | manuscript | proofread edit | bitcoin,"review, draft or edit nda, non disclosure, confidentiality agreement"
trademarkassist,us-trademark-research-reports,10,research | keyword research | keyword | uk | usa uk,conduct extensive research on your us trademark and give feedback
trademarkassist,write-website-disclaimers-or-terms-terms-and-condition-or-privacy-policy,137,privacy | policy | disclaimers | privacy policy | write,"write website disclaimers, terms and conditions or privacy policy"
trademarkassist,write-your-book-legal-copyright-page,129,write | articles | words | story | short,write your book legal copyright page
trafficsophia,drive-real-visitors-traffic-to-your-website-87f0,42,shopify | store | ecommerce | shopify store | products,"drive traffic to etsy,ebay,amazon, shopify ecommerce store"
translator001,500-words-translate-english-to-japanese-to-english-manually-8aac010a-4cf2-4280-95fc-01293a11f7f7,28,english | translate | translate english | spanish | versa,do translate english to japanese manually manually
translator001,translate-english-to-japanese-to-english-manually,28,english | translate | translate english | spanish | versa,do translate english to japanese manually
translatoramal,record-the-best-french-voice-over-for-you,24,voice | record | female | record professional | male,record the best female french voiceover for you
translatoramal,translate-all-types-of-documents-from-english-to-french-and-vice-versa,28,english | translate | translate english | spanish | versa,translate from french to english
triangleth,create-professional-and-modern-joomla-website,6,professional | card | design | design professional | business card,create professional and modern joomla website
triangleth,create-professional-and-modern-joomla-website-9f1a,6,professional | card | design | design professional | business card,create professional and modern joomla website
triangleth,upgrade-migrate-or-update-joomla-site-to-the-latest-version,4,wordpress | wordpress website | page | website | fix,"upgrade, migrate or update joomla site to joomla 4 and joomla 5"
tsaqifbaihaqi,do-a-fantastic-wpap-portrait,75,wpap | portraits | stylish | pop | day,do vibrant and stylish wpap portraits
tsaqifbaihaqi,make-a-stylized-illustrated-gig-poster,80,flyer | poster | event | design | flyer poster,create a stunning psychedelic poster for your event
tsaqifbaihaqi,make-an-awesome-movie-poster-illustration,15,draw | illustration | style | cartoon | anime,make an awesome stylized movie poster illustration
tsaqifbaihaqi,turn-your-photo-into-gta-art-style,8,logo | design | logo design | modern | minimalist,elevate your brand with custom vector illustartion design
tybeats,your-ghost-producer-for-your-pop-edm-hits-songs,98,edm | ghost producer | producer | ghost | songs,be your ghost producer for your pop edm hits songs
uiuxengineer,design-mobile-app-ui-ux-for-ios-and-android-from-figma-or-xd,83,app | mobile | mobile app | android | ui,design mobile app ui ux for ios and android from figma or xd
umair_khatri,3d-modeling-tv-commercial-product-modeling-and-animation,46,3d | model | animation | exterior | render,"3d model, product design, 2d and 3d product for amazon"
umair_khatri,create-3d-product-animation-or-still-renders,46,3d | model | animation | exterior | render,create 3d product animation or still renders
umair_khatri,create-3d-tvc-logo-animation-and-motion-graphics,46,3d | model | animation | exterior | render,create 3d tvc logo animation and motion graphics
umair_khatri,create-cg-environment-and-rendering,31,create | video | create custom | custom | brand,create cg environment and rendering
umair_khatri,do-any-kind-of-3d-product-modeling,46,3d | model | animation | exterior | render,do any kind of 3d product modeling
umair_khatri,do-car-3d-animation,46,3d | model | animation | exterior | render,do 3d animation lighting shading and rendering
umair_khatri,do-car-animation-and-vfx,72,vfx | car | wrap | great | video,do car animation and vfx
umair_khatri,do-youtube-or-tv-channel-intro-animation,126,intro | logo | youtube | animation | intro outro,do youtube or tv channel intro animation
umair_khatri,stick-your-label-on-my-model,9,packaging | design | box | label | beer,do product packaging design or stick your label on my 3d model
umairabbasi314,create-a-superior-and-quick-powerpoint-presentation,65,convert | pdf | powerpoint | word | convert pdf,do quick powerpoint presentation and investor pitch deck design
umairabbasi314,design-and-redesign-godaddy-website,59,website | seo | wix | content writer | wix website,create professional godaddy website for your business
unaib123,craft-a-sales-worthy-book-trailer-promo-video,31,create | video | create custom | custom | brand,craft a sales worthy book trailer promo video ad
unaib123,create-custom-live-action-explainer-video,31,create | video | create custom | custom | brand,create stock footage live action explainer video
unaib123,create-promotional-brand-commercial-video,31,create | video | create custom | custom | brand,create an amazing brand commercial video
unaib123,create-unique-kinetic-typography-video-ad,31,create | video | create custom | custom | brand,create unique kinetic typography video ad
unaib123,do-professional-video-editing-for-your-business,31,create | video | create custom | custom | brand,create a custom commercial brand video ad
unaib123,do-schema-markup-jsonld-rich-snippets-google-star-rating,4,wordpress | wordpress website | page | website | fix,do on page seo and schema markup jsonld rich snippets
unaib123,provide-you-high-definition-royalty-stock-video-footages,11,high | quality | high quality | end | hd,provide high definition royalty stock video footages
usa_1st,actively-promote-your-nft-crypto-discord-ico-or-any-coin-marketing,14,white | ico | white paper | paper | black white,"actively promote your nft ,crypto, discord, ico or any coin marketing"
usa_1st,airbnb-listing-airbnb-promotion-make-airbnb-home-more-popular,33,promote | promote business | sign | business | organically,"organically promote your airbnb, vrbo, booking com listing"
usa_1st,build-you-a-messenger-bot-chatbot-in-many-chat,36,build | adsense | keywords | niche | website,build a facebook manychat chatbot
usa_1st,drive-quality-traffic-that-converts,10,research | keyword research | keyword | uk | usa uk,"drive usa, uk ,canada quality web traffic that converts"
usa_1st,organically-promote-your-imdb-profile-and-improve-starmeter-rank,33,promote | promote business | sign | business | organically,organically promote your imdb profile and improve starmeter rank
usa_1st,promote-your-airbnb-listing-in-my-11k-linkedin-network,33,promote | promote business | sign | business | organically,actively promote your airbnb listing
usmanmalikdev,create-a-custom-portal,31,create | video | create custom | custom | brand,create a custom portal
usmanpk,make-professional-qr-code-design-with-your-logo,89,code | qr | qr code | desktop application | desktop,make professional qr code design with your logo
usmanpk,remove-backgrounds-of-images-in-24hrs,27,editing | photoshop | photoshop editing | photo | video editing,photoshop editing and background removal super fast delivery
valmorester,design-your-landscape-project,16,plan | autocad | 2d | sketch | floor,"develop landscape, masterplans, and 2d render plans"
valmorester,do-your-landscape-design-and-visuals,46,3d | model | animation | exterior | render,do 3d visuals of your architecture and landscape
vanngo08,design-a-stunning-ui-for-your-game-mobile-and-pc,132,unity | game | assets | 3d | developer,"design professional game ui, assets for your game mobile, pc"
vanngo08,design-professional-game-ui-gui-for-game-mobile-pc,132,unity | game | assets | 3d | developer,"design game ui, assets for game pc"
vasymabys,be-government-rfp-rfq-business-proposal-specialist,146,government | proposal | rfp | government contracts | rfq,"be government contracts rfp, rfq, business proposal specialist"
vasymabys,be-proposal-writer-government-rfq-rfp-rfi,146,government | proposal | rfp | government contracts | rfq,"write proposal for rfp, rfi, rfq, sam government contract"
vasymabys,government-contract-writer-proposal-engineer-tender-specialist,146,government | proposal | rfp | government contracts | rfq,"be government contracts, dod proposal writer, rfps, rfqs"
vasymabys,write-technical-proposal-to-an-it-related-rfp,146,government | proposal | rfp | government contracts | rfq,write technical proposal to it related government contract rfp
vinktheblues,create-cool-full-body-anime,30,message | send | cool | christian | send cool,create cool full body anime for $5
vinktheblues,draw-animal-illustration-in-my-style,15,draw | illustration | style | cartoon | anime,draw animal or pet illustration in my style
vinktheblues,draw-illustration-for-any-purpose,15,draw | illustration | style | cartoon | anime,draw illustration for any purpose
vinktheblues,make-caricature-in-any-techniquewithout-extra-fee,15,draw | illustration | style | cartoon | anime,draw full body caricature in any technique
vip_citation1,best-google-local-seo-strategy-to-optimize-gmb-or-gmb-ranking,97,local | gmb | local seo | seo | google,best google local seo strategy to optimize gmb or gmb ranking
vip_citation1,create-9000-google-maps-citations-for-ranking-gmb-and-local-business-seo-c6d8,97,local | gmb | local seo | seo | google,"create 32,000 google maps citations for ranking gmb and local business seo"
vip_citation1,create-best-google-local-seo-strategy-to-optimize-gmb-or-gmb-ranking,97,local | gmb | local seo | seo | google,create best google local seo strategy to optimize gmb or gmb ranking
vip_citation1,do-top-300-usa-local-citations-and-directory-submission,97,local | gmb | local seo | seo | google,do top 300 usa local citations and directory submission
virgini9,record-a-professional-french-female-voice-over,24,voice | record | female | record professional | male,record a professional female french voice over
virgini9,record-a-professional-french-voice-over-today,24,voice | record | female | record professional | male,record a professional french voice over today
vishalgade18,do-white-background-with-natural-shadow,32,background | picture | remove | profile picture | remove background,do white background with natural shadow
vishalgade18,edit-your-images-with-your-requirements,27,editing | photoshop | photoshop editing | photo | video editing,do photoshop creative editing
vivihuerta,subtitle-your-films-from-spanish-to-english-and-vice-versa,28,english | translate | translate english | spanish | versa,translate and add spanish subtitles to your video
vivihuerta,subtitular-tu-pelicula-de-espanol-a-ingles-y-viceversa-4f943fca-d68e-406c-b8b4-f1f8ab07a489,28,english | translate | translate english | spanish | versa,translate and create english subtitles for your videos
vixydesign,create-unique-nft-100-1k-10k-collectible-arts-for-opensea,100,collection | nft | nft collection | sports | unique nft,"create unique nft 100,1k,10k collectible arts for opensea"
vixydesign,design-professional-book-cover-or-ebook-cover-in-24-hours,45,cover | book | book cover | design | ebook,design professional book cover or ebook cover in 24 hours
vlassenkovlad,do-cool-amazing-video-editing-for-youtube-and-other,27,editing | photoshop | photoshop editing | photo | video editing,do cool amazing video editing for youtube and other
voiceover_elite,professionally-voice-over-your-whiteboard-or-video,24,voice | record | female | record professional | male,professionally voice over your whiteboard or video
voiceover_elite,record-a-british-male-professional-voice-over-today,24,voice | record | female | record professional | male,record a british male professional voice over today
voiceover_elite,record-a-professional-male-voice-over-today,24,voice | record | female | record professional | male,"record a professional male voice over today,"
voiceover_elite,record-any-voice-over-today,24,voice | record | female | record professional | male,record a male voice over british voice over deep voice over vip delivery
voiceover_elite,voice-over-your-whiteboard-or-video-presentation,24,voice | record | female | record professional | male,voice over your whiteboard or video presentation
waleednasir1,convert-your-article-or-blog-post-into-awesome-video,40,blog | article | blog website | write | website,convert your article or blog post into awesome video
waleednasir1,create-best-video-ad-for-social-media-business-or-website,133,social media | media | social | media post | media manager,"create short video ads for social media, business or website"
waleednasir1,design-edit-update-and-fix-your-dropshipping-shopify-store,42,shopify | store | ecommerce | shopify store | products,"design, edit, update and fix your dropshipping shopify store"
waleednasir1,do-best-social-media-and-youtube-video-editing-in-24-hours-ce44,133,social media | media | social | media post | media manager,do best social media and youtube video editing in 24 hours
waleednasir1,do-effective-amazon-ppc-ads-setup-optimization-and-management,61,ads | facebook | google | google ads | optimize,"do effective amazon ppc ads setup, optimization and management"
waqas_khan513,animate-your-single-mixtape-or-album-cover-art,45,cover | book | book cover | design | ebook,"animate your single, mixtape or album cover art"
waqas_khan513,create-a-lyric-and-music-video,3,spokesperson | video | video spokesperson | music video | music,create a lyric and music video
waqas_khan513,design-flyer-poster-postcard-or-any-other-graphics,80,flyer | poster | event | design | flyer poster,"design flyer, poster, postcard or any other graphics"
waqas_khan513,design-unique-album-cover,45,cover | book | book cover | design | ebook,professionally design your album cover art or music artwork
waqas_khan513,design-your-ebook-cover-in-3d,45,cover | book | book cover | design | ebook,design professional book or ebook cover
waqas_khan513,do-a-logo-design,8,logo | design | logo design | modern | minimalist,do a logo design
waqas_khan513,edit-and-manipulate-your-photo-in-photoshop,44,digital | painting | photo | art | manipulate photo,edit and manipulate your photo in photoshop
waqasaliawan05,create-chrome-mozilla-or-opera-browser-extension,31,create | video | create custom | custom | brand,"create chrome, mozilla or opera browser extension"
warlock1996,build-a-wordpress-website,132,unity | game | assets | 3d | developer,be your web developer
warlock1996,design-a-professional-logo-for-u,6,professional | card | design | design professional | business card,design a professional logo for u
warlock1996,develop-front-end-with-vue-js,11,high | quality | high quality | end | hd,develop front end with vue js
warlock1996,do-amazon-product-image-listing-design,63,product | video | amazon | product video | amazon product,do amazon product image listing design
warlock1996,do-any-graphic-designing-job-in-24-hours,69,perfect | 24 hours | 24 | hours | design perfect,do any graphic designing job in 24 hours
waseeahmed,design-custom-amazon-product-listing-images,63,product | video | amazon | product video | amazon product,design amazon product listing images
widadmezzour,design-creative-logo-for-your-business,8,logo | design | logo design | modern | minimalist,"do a modern, creative and minimalist logo design"
widadmezzour,design-professional-business-card-527d,6,professional | card | design | design professional | business card,design luxury business card
widadmezzour,make-real-handwritten-signature-logo,126,intro | logo | youtube | animation | intro outro,make luxury signature logo with full brand identity
wikkii,design-3-high-standard-logos-for-you,5,version | logos | bit | 16 bit | 16,design high standard logos for you for $5
wikkii,design-professionally-feminine-logo-in-one-hour,6,professional | card | design | design professional | business card,design professional feminine logo in 1 hours
wikkii,make-an-outstanding-eye-catching-watercolor-logo,1,eye catching | catching | eye | hand | design,make an outstanding eye catching watercolor logo
wikkii,modify-vectorize-customize-or-redesign-your-logo,8,logo | design | logo design | modern | minimalist,"modify, vectorize, customize or redesign your logo"
willsterling23,professionally-master-your-song,55,mix | master | mix master | metal | professionally,professionally master your song of any genre
willsterling23,professionally-mix-your-song-for-five-dollars,55,mix | master | mix master | metal | professionally,professionally mix your song
wololo_audio,convert-audio-of-all-file-formats-mp3-wav-wma-flac-aac,73,file | embroidery | convert | convert file | formats,"convert audio for all file formats, mp3 wav wma flac etc"
wololo_audio,design-a-music-press-kit-or-artist-press-release,114,press | release | press release | music press | music,design a premium music press kit or artist press release
wololo_audio,offer-you-professional-grade-mastering,29,audio | track | audio video | video | transcribe,"offer professional, express mastering and mixing services"
wololo_audio,produce-hip-hop-beats-and-engineer-rap-beats,117,rap | beats | sing | hop beats | hip hop,ghost write hip hop beats and engineer rap instrumentals
wololo_audio,proofread-and-edit-1000-words-of-content,19,edit | proofread | manuscript | proofread edit | bitcoin,flawlessly proofread and copyedit your website
wololo_audio,write-a-beautiful-music-press-release-for-your-song-or-album,129,write | articles | words | story | short,write a professional song review for your music
wololo_audio,write-a-music-press-release,114,press | release | press release | music press | music,write an attention grabbing music press release
wololo_audio,write-an-artist-bio-for-musicians,129,write | articles | words | story | short,write a professional musician bio that gets you gigs
writer_sheila,write-an-exceptional-and-professional-white-paper,14,white | ico | white paper | paper | black white,write an exceptional and professional white paper
writers2018,create-a-catchy-synopsis-to-be-used-for-your-book-cover,45,cover | book | book cover | design | ebook,create a catchy synopsis to be used for your book cover
writers2018,edit-and-critique-your-novel,66,read | audiobook | beta | beta read | italian audiobook,beta read and edit your novel
xarmad123,do-text-message-marketing,35,text | animate | text clickable | logo | clickable,do text message marketing
xian_xian,design-and-render-your-bathroom,46,3d | model | animation | exterior | render,model and render realistic exterior
xian_xian,do-architectural-3d-rendering-interior-exterior-design,46,3d | model | animation | exterior | render,"do architectural 3d rendering, interior exterior design"
xian_xian,do-architectural-3d-rendering-interior-exterior-design-5641,46,3d | model | animation | exterior | render,"design and render architectural 3d, interior, exterior"
xian_xian,do-luxury-interior-and-exterior,46,3d | model | animation | exterior | render,design luxury interior and exterior
xian_xian,model-and-rendering-your-living-space,46,3d | model | animation | exterior | render,"design and render 3d architectural, interior, exterior"
xian_xian,render-3d-architectural-interior-design-exterior-design,46,3d | model | animation | exterior | render,"render 3d architectural, interior design, exterior design"
xixproducer,create-professional-phonk-beat,6,professional | card | design | design professional | business card,"create professional phonk, drift phonk, dark phonk and more"
xixproducer,create-professional-pop-music,6,professional | card | design | design professional | business card,create professional pop beat
xixproducer,to-be-your-ghost-producer-i-will-make-edm-songs-for-you,98,edm | ghost producer | producer | ghost | songs,"be your ghost producer, i will make edm songs for you"
yassinedesigne1,to-create-a-digital-planner-or-digital-journal-for-goodnotes-and-other-pdf,44,digital | painting | photo | art | manipulate photo,"to create a digital planner, or digital journal for goodnotes and other,pdf"
yassinedesigne1,to-create-a-digital-planner-or-digital-journal-for-goodnotes-and-other-pdf-1625,44,digital | painting | photo | art | manipulate photo,"to create a digital planner, or digital journal for goodnotes and other,pdf"
yuen1985,create-1-clickbank-product-video-review-in-hd-%E2%98%85%E2%98%85%E2%98%85order-2-get-1-free%E2%98%85%E2%98%85%E2%98%85,63,product | video | amazon | product video | amazon product,create 1 clickbank product video review in hd
yuen1985,create-1-clickbank-product-video-review-in-hd-order-2-get-1-free,63,product | video | amazon | product video | amazon product,create 1 clickbank product video review in hd
yuen1985,create-1-clickbankamazon-product-video-in-hd-of-your-choice,63,product | video | amazon | product video | amazon product,create 1 clickbank/amazon product video in hd of your choice
yuen1985,create-a-60-seconds-custom-animated-video-in-hd,11,high | quality | high quality | end | hd,create a 60 seconds custom animated video in hd
yuen1985,create-a-60-seconds-high-quality-explainer-video-in-hd,11,high | quality | high quality | end | hd,create a 60 seconds high quality explainer video in hd for $5
yuen1985,create-a-60-seconds-high-quality-whiteboard-animation-in-full-hd-1080p,11,high | quality | high quality | end | hd,create a 60 seconds high quality whiteboard animation in full hd 1080p
yuen1985,create-a-high-quality-looking-design-video-in-full-hd-with-fast-delivery,11,high | quality | high quality | end | hd,create a high quality looking design video in hd with fast delivery
yuen1985,create-a-high-quality-video-explainer-in-hd,11,high | quality | high quality | end | hd,create a 60 seconds high quality explainer video in hd
yuen1985,create-a-high-quality-video-explainer-in-hd%20,11,high | quality | high quality | end | hd,create a 60 seconds high quality explainer video in hd
yuen1985,create-a-professional-video-scribe-up-to-5-slides-in-hd,6,professional | card | design | design professional | business card,create a professional video scribe up to 5 slides in hd
yuen1985,get-up-to-15000-of-your-backlinks-indexed-with-my-lindexed-account,47,backlinks | dofollow | edu | edu backlinks | seo,get up to 25000 of your backlinks indexed with my indexification account
yuen1985,give-my-highest-pr-backlink-which-will-rank-your-site-at-top-easily,47,backlinks | dofollow | edu | edu backlinks | seo,give ten edu premium university domains for a powerful backlink which will rank your site at top easily
yuen1985,happily-accept-your-nice-tip,71,tip | accept | accept tip | work | happily accept,happily accept your nice tip
yuen1985,happily-accept-your-nice-tips,71,tip | accept | accept tip | work | happily accept,happily accept your nice tip
yuen1985,use-senuke-xcr-%E2%98%AFfull-monty%E2%98%AF-and-crawl-it-by-lindexed,79,monty | xcr | xcr monty | senuke xcr | senuke,use senuke xcr ☯full monty☯ and crawl it by lindexed
yuen1985,use-senuke-xcr-for-your-youtube-video-and-ping-it-by-linklicious,79,monty | xcr | xcr monty | senuke xcr | senuke,use senuke xcr ☯full monty☯ for your youtube video and crawl it by lindexed
yuen1985,use-senuke-xcr-full-monty-and-crawl-it-by-lindexed,79,monty | xcr | xcr monty | senuke xcr | senuke,use senuke xcr full monty and crawl it by lindexed
yuen1985,use-senuke-xcr-the-full-monty-with-the-best-spinner-and-crawl-it-by-lindexed,79,monty | xcr | xcr monty | senuke xcr | senuke,use senuke xcr the full monty 2013
zaidsiddiqi,create-any-christmaswork-for-you,31,create | video | create custom | custom | brand,create any christmaswork for you
zaidsiddiqi,create-simple-sacred-geometry-or-mystical-logo-design,8,logo | design | logo design | modern | minimalist,design unique sacred geometry or mystical or spiritual logo
zaidsiddiqi,design-2-modern-and-classic-logo,8,logo | design | logo design | modern | minimalist,"design classic, versatile and flat minimalist business logo"
zaidsiddiqi,design-2-professional-logo,46,3d | model | animation | exterior | render,replicate your logo into 3d realistic metallic style
zaidsiddiqi,design-any-new-year-work-for-you,56,new | new year | year | according | training,design any new year work for you
zaidsiddiqi,design-classical-stunning-logo-for-you,8,logo | design | logo design | modern | minimalist,design modern or elegant signature logo
zaidsiddiqi,design-creative-flyer-broucher-poster,80,flyer | poster | event | design | flyer poster,"design creative flyer, broucher , poster"
zaidsiddiqi,design-elegant-retro-vintage-logo,8,logo | design | logo design | modern | minimalist,design elegant retro vintage logo
zaidsiddiqi,design-impressive-retro-logo,8,logo | design | logo design | modern | minimalist,design impressive retro logo
zaidsiddiqi,design-neon-style-logo,41,just | site | make | membership | make wordpress,design 3 neon logo for you in just 12 hour
zaidsiddiqi,design-stylish-business-card-and-stationary,6,professional | card | design | design professional | business card,design stylish business card and stationary
zaidsiddiqi,design-unique-polygonal-logo,136,design | design custom | icons | geometric | tattoo,design custom polygonal or geometric logo
zaidsiddiqi,design-versatile-luxury-logo,8,logo | design | logo design | modern | minimalist,design versatile luxury logo
zaidsiddiqi,do-all-halloween-work-for-you,84,halloween | film | work | message | provide film,do all halloween work for you
zaidsiddiqi,remove-red-eye-and-eye-glass-glare-form-your-photos,145,photos | retouch | edit | edit retouch | retouch photos,remove red eye and eye glass glare form your photos
zaidsiddiqi,style-your-quotes-to-inspirational-typography,15,draw | illustration | style | cartoon | anime,style your quotes to inspirational typography
zamanalizahid,do-aso-expert-to-rank-your-apps-in-google-play-appstore-amazon-kindle,64,apps | 100 | google | begining promotion | plus site,do aso to rank your apps in google playstore appstore amazon kindle
zeeshansaifi845,find-brandable-eye-catching-domain-name-for-business-site-app,1,eye catching | catching | eye | hand | design,"find brandable, eye catching domain name for business, site, app"
zernabcreates,create-2-minute-food-cooking-video,86,lesson | tutor | cooking video | cooking | software,create 2 minute food cooking video
zernabcreates,create-baking-video-lesson-for-you,86,lesson | tutor | cooking video | cooking | software,create cooking video lesson for you
zernabcreates,create-fast-or-street-food-video-lessons,107,lessons | provide | provide professional | video lessons | professional,create fast or street food video lessons
zernabcreates,create-recipes-of-different-cuisine-for-you,115,recipes | delicious | healthy delicious | healthy | different,create recipes of different cuisine for you
zernabcreates,make-video-lessons-of-salads,107,lessons | provide | provide professional | video lessons | professional,make video lessons of salads
zsnake22,3d-model-and-render-photo-realistic-shots-of-your-products,46,3d | model | animation | exterior | render,3d model and render photo realistic shots of your products
zsnake22,a-professional-promotional-video-for-your-product,63,product | video | amazon | product video | amazon product,a professional promotional video for your product
zsnake22,color-correction-or-color-replacement,99,color | change | furniture | turn | change color,do color correction or color replacement
zsnake22,crate-a-fantastic-setup-and-rooms,22,setup | monday | protection | fantastic | secure,design a fantastic setup and rooms
zsnake22,create-3d-game-ready-assets,132,unity | game | assets | 3d | developer,create 3d weapon assets for unity or unrealengine
zsnake22,create-a-background-for-your-stream-green-screen,27,editing | photoshop | photoshop editing | photo | video editing,create a background for your stream green screen
zsnake22,create-a-custom-background-for-your-video-calls,31,create | video | create custom | custom | brand,create a custom background for your video calls
zsnake22,create-texture-maps-for-your-assets-for-any-engine,132,unity | game | assets | 3d | developer,create texture maps for your assets for any 3d software and engine
zsnake22,design-professional-product-video-or-render-of-your-product,63,product | video | amazon | product video | amazon product,design professional product video or render of your product
zsnake22,design-your-isometric-room-in-3d,46,3d | model | animation | exterior | render,create and design a 3d room modeling
zsnake22,do-3d-assets-and-models-for-your-game-for-ue4-or-unity,132,unity | game | assets | 3d | developer,do 3d assets and models for your game for ue4 or unity
zsnake22,do-awesome-logo-design-or-3d-renders-or-backgrounds,124,awesome | create awesome | create | awesome 3d | awesome custom,do awesome 3d renders or backgrounds
zsnake22,do-realistic-3d-render-of-your-product-for-amazon-ebay,46,3d | model | animation | exterior | render,"do realistic 3d render of your product for amazon, ebay"
zsnake22,photo-realistic-3d-rendering-for-your-product-4f27,46,3d | model | animation | exterior | render,photo realistic 3d rendering for your product
zsnake22,reproduce-your-logo-in-3d,46,3d | model | animation | exterior | render,reproduce your logo in 3d
zsproductions,design-price-list-and-rate-list-within-24-hours,49,list | email list | follow | email | targeted,"design price list, checklist and rate list within 24 hours"
