tier	rank	url	gig_id	seller	slug	category	rc_quartile	last_seen	last_quarter	last_price_basic	last_review_count	last_rating
1	1	https://www.fiverr.com/heykeram/review-your-song-and-provide-feedback	heykeram/review-your-song-and-provide-feedback	heykeram	review-your-song-and-provide-feedback	audio	Q1	20241001	2024Q4	10.0	4	5.0
1	2	https://www.fiverr.com/iq_nimrah/do-mixing-and-mastering-to-your-songs-and-podcasts-in-audacity	iq_nimrah/do-mixing-and-mastering-to-your-songs-and-podcasts-in-audacity	iq_nimrah	do-mixing-and-mastering-to-your-songs-and-podcasts-in-audacity	audio	Q2	20240101	2024Q1	5.0	32	5.0
1	3	https://www.fiverr.com/mrswarmvoice/produce-a-female-voice-over-in-a-charming-voice	mrswarmvoice/produce-a-female-voice-over-in-a-charming-voice	mrswarmvoice	produce-a-female-voice-over-in-a-charming-voice	audio	Q3	20241004	2024Q4	20.0	143	4.9
1	4	https://www.fiverr.com/sethdmeyers/provide-a-professional-and-engaging-voiceover	sethdmeyers/provide-a-professional-and-engaging-voiceover	sethdmeyers	provide-a-professional-and-engaging-voiceover	audio	Q4	20201228	2020Q4	20.0	1069	5.0
1	5	https://www.fiverr.com/saasta6/write-filthy-original-lyrics-for-your-metal-song	saasta6/write-filthy-original-lyrics-for-your-metal-song	saasta6	write-filthy-original-lyrics-for-your-metal-song	audio	Qna	20241001	2024Q4	25.0		
1	6	https://www.fiverr.com/studio_moxie/build-a-custom-ai-voice-assistant-ai-caller-for-you-using-vapi	studio_moxie/build-a-custom-ai-voice-assistant-ai-caller-for-you-using-vapi	studio_moxie	build-a-custom-ai-voice-assistant-ai-caller-for-you-using-vapi	coding	Q1	20251122	2025Q4	200.0	7	5.0
1	7	https://www.fiverr.com/rezaulfv07/create-responsive-clickable-html-email-signature-design	rezaulfv07/create-responsive-clickable-html-email-signature-design	rezaulfv07	create-responsive-clickable-html-email-signature-design	coding	Q2	20250811	2025Q3	10.0	56	4.9
1	8	https://www.fiverr.com/shkhamza3/fix-bugs-in-your-react-native-app	shkhamza3/fix-bugs-in-your-react-native-app	shkhamza3	fix-bugs-in-your-react-native-app	coding	Q3	20241007	2024Q4	15.0	105	4.9
1	9	https://www.fiverr.com/wix_pr0/design-wix-website-design-and-redesign-wix-website	wix_pr0/design-wix-website-design-and-redesign-wix-website	wix_pr0	design-wix-website-design-and-redesign-wix-website	coding	Q4	20241001	2024Q4	80.0	392	5.0
1	10	https://www.fiverr.com/xk1dreaperx/assess-your-cloud-environment-against-security-best-practice	xk1dreaperx/assess-your-cloud-environment-against-security-best-practice	xk1dreaperx	assess-your-cloud-environment-against-security-best-practice	coding	Qna	20240319	2024Q1	370.0		
1	11	https://www.fiverr.com/raphicx2125/design-tech-and-saas-logo-with-corporate-brand-identity	raphicx2125/design-tech-and-saas-logo-with-corporate-brand-identity	raphicx2125	design-tech-and-saas-logo-with-corporate-brand-identity	design	Q1	20260217	2026Q1	15.0	3	5.0
1	12	https://www.fiverr.com/eveeelin/create-a-high-end-brand-identity	eveeelin/create-a-high-end-brand-identity	eveeelin	create-a-high-end-brand-identity	design	Q2	20251112	2025Q4	350.0	26	4.8
1	13	https://www.fiverr.com/complexxfx/rig-light-and-render-your-3d-models-for-movies-and-games	complexxfx/rig-light-and-render-your-3d-models-for-movies-and-games	complexxfx	rig-light-and-render-your-3d-models-for-movies-and-games	design	Q3	20240805	2024Q3	40.0	241	5.0
1	14	https://www.fiverr.com/graphic_alert/make-5-logo-animation-intros	graphic_alert/make-5-logo-animation-intros	graphic_alert	make-5-logo-animation-intros	design	Q4	20250817	2025Q3	15.0	3989	4.9
1	15	https://www.fiverr.com/masumbillah54/design-attractive-social-media-posts	masumbillah54/design-attractive-social-media-posts	masumbillah54	design-attractive-social-media-posts	design	Qna	20250514	2025Q2	10.0		
1	16	https://www.fiverr.com/shofeulislam/fix-google-search-console-analytics-index-coverage-errors	shofeulislam/fix-google-search-console-analytics-index-coverage-errors	shofeulislam	fix-google-search-console-analytics-index-coverage-errors	marketing	Q1	20250117	2025Q1	5.0	6	5.0
1	17	https://www.fiverr.com/muhammaddani70/do-guest-post-on-marketbusinessnews-and-priceofbusiness	muhammaddani70/do-guest-post-on-marketbusinessnews-and-priceofbusiness	muhammaddani70	do-guest-post-on-marketbusinessnews-and-priceofbusiness	marketing	Q2	20201007	2020Q4	85.0	22	5.0
1	18	https://www.fiverr.com/rebeccapagec/give-your-marketing-strategy-more-focus-8c49	rebeccapagec/give-your-marketing-strategy-more-focus-8c49	rebeccapagec	give-your-marketing-strategy-more-focus-8c49	marketing	Q3	20240916	2024Q3	65.0	136	5.0
1	19	https://www.fiverr.com/sampabiswas/create-a-responsive-landing-page-for-your-startup-business	sampabiswas/create-a-responsive-landing-page-for-your-startup-business	sampabiswas	create-a-responsive-landing-page-for-your-startup-business	marketing	Q4	20240706	2024Q3	25.0	1361	5.0
1	20	https://www.fiverr.com/singurc/provide-award-winning-ppc-and-google-ads-services	singurc/provide-award-winning-ppc-and-google-ads-services	singurc	provide-award-winning-ppc-and-google-ads-services	marketing	Qna	20230408	2023Q2	100.0		
1	21	https://www.fiverr.com/saschacs/be-your-german-customer-service-and-technical-support-agent	saschacs/be-your-german-customer-service-and-technical-support-agent	saschacs	be-your-german-customer-service-and-technical-support-agent	translation	Q1	20240119	2024Q1	25.0	4	5.0
1	22	https://www.fiverr.com/anna1590/teach-you-conversational-russian	anna1590/teach-you-conversational-russian	anna1590	teach-you-conversational-russian	translation	Q2	20211016	2021Q4	10.0	34	5.0
1	23	https://www.fiverr.com/amandastudio/record-a-unique-brazilian-portuguese-voiceover	amandastudio/record-a-unique-brazilian-portuguese-voiceover	amandastudio	record-a-unique-brazilian-portuguese-voiceover	translation	Q3	20220102	2022Q1	25.0	128	5.0
1	24	https://www.fiverr.com/elanjapowers/transcribe-english-audio-to-text-any-accent	elanjapowers/transcribe-english-audio-to-text-any-accent	elanjapowers	transcribe-english-audio-to-text-any-accent	translation	Q4	20231024	2023Q4	5.0	351	5.0
1	25	https://www.fiverr.com/nativechina/typewrite-enter-1000-english-or-chinese-words	nativechina/typewrite-enter-1000-english-or-chinese-words	nativechina	typewrite-enter-1000-english-or-chinese-words	translation	Qna	20200208	2020Q1	5.0		
1	26	https://www.fiverr.com/vfxbook/create-high-quality-book-promo-video	vfxbook/create-high-quality-book-promo-video	vfxbook	create-high-quality-book-promo-video	video	Q1	20250811	2025Q3	30.0	5	5.0
1	27	https://www.fiverr.com/raj2016/make-this-isometric-explainer-video-for-you	raj2016/make-this-isometric-explainer-video-for-you	raj2016	make-this-isometric-explainer-video-for-you	video	Q2	20241001	2024Q4	200.0	25	4.9
1	28	https://www.fiverr.com/yusriil/create-lottie-json-svg-animated-gif-video-for-website-app	yusriil/create-lottie-json-svg-animated-gif-video-for-website-app	yusriil	create-lottie-json-svg-animated-gif-video-for-website-app	video	Q3	20231001	2023Q4	15.0	140	5.0
1	29	https://www.fiverr.com/dmitrighi/create-truck-logistics-warehouse-promo-video	dmitrighi/create-truck-logistics-warehouse-promo-video	dmitrighi	create-truck-logistics-warehouse-promo-video	video	Q4	20241002	2024Q4	10.0	639	5.0
1	30	https://www.fiverr.com/graphicsqueens/create-cinematic-3d-book-trailer-video	graphicsqueens/create-cinematic-3d-book-trailer-video	graphicsqueens	create-cinematic-3d-book-trailer-video	video	Qna	20251227	2025Q4	10.0		
1	31	https://www.fiverr.com/sivanlm/shoot-editorial-fashion-spreads-in-new-york	sivanlm/shoot-editorial-fashion-spreads-in-new-york	sivanlm	shoot-editorial-fashion-spreads-in-new-york	writing	Q1	20240829	2024Q3	550.0	2	5.0
1	32	https://www.fiverr.com/tarafoss/proofread-and-copy-edit-your-work	tarafoss/proofread-and-copy-edit-your-work	tarafoss	proofread-and-copy-edit-your-work	writing	Q2	20220103	2022Q1	100.0	53	5.0
1	33	https://www.fiverr.com/seb_jenkins/freelance-journalist-experience-writing-across-all-subjects-news-and-sport	seb_jenkins/freelance-journalist-experience-writing-across-all-subjects-news-and-sport	seb_jenkins	freelance-journalist-experience-writing-across-all-subjects-news-and-sport	writing	Q3	20241004	2024Q4	25.0	147	5.0
1	34	https://www.fiverr.com/katiehowe/write-engaging-sales-copy	katiehowe/write-engaging-sales-copy	katiehowe	write-engaging-sales-copy	writing	Q4	20241003	2024Q4	20.0	2326	4.9
1	35	https://www.fiverr.com/daniel51233/create-book-author-website	daniel51233/create-book-author-website	daniel51233	create-book-author-website	writing	Qna	20250118	2025Q1	50.0		
1	36	https://www.fiverr.com/brunonavarrov/produce-your-audio-ad-for-radio-podcasts-spotify	brunonavarrov/produce-your-audio-ad-for-radio-podcasts-spotify	brunonavarrov	produce-your-audio-ad-for-radio-podcasts-spotify	audio	Q1	20240905	2024Q3	100.0	5	5.0
1	37	https://www.fiverr.com/syedzeeshan7860/remake-any-beat-for-you	syedzeeshan7860/remake-any-beat-for-you	syedzeeshan7860	remake-any-beat-for-you	audio	Q2	20231008	2023Q4	40.0	67	4.9
1	38	https://www.fiverr.com/acasillas987/mix-and-master-your-rap-hip-hop-song	acasillas987/mix-and-master-your-rap-hip-hop-song	acasillas987	mix-and-master-your-rap-hip-hop-song	audio	Q3	20240824	2024Q3	100.0	179	4.9
1	39	https://www.fiverr.com/reggieduncan1/play-pedal-steel-guitar-on-your-song	reggieduncan1/play-pedal-steel-guitar-on-your-song	reggieduncan1	play-pedal-steel-guitar-on-your-song	audio	Q4	20241003	2024Q4	55.0	1399	5.0
1	40	https://www.fiverr.com/varoproductions/help-you-find-pleasure-in-pursuing-your-music-career	varoproductions/help-you-find-pleasure-in-pursuing-your-music-career	varoproductions	help-you-find-pleasure-in-pursuing-your-music-career	audio	Qna	20240201	2024Q1	140.0		
1	41	https://www.fiverr.com/jimavidbrio/migrate-your-store-to-shopify-with-a-professional-design	jimavidbrio/migrate-your-store-to-shopify-with-a-professional-design	jimavidbrio	migrate-your-store-to-shopify-with-a-professional-design	coding	Q1	20221029	2022Q4	1440.0	12	5.0
1	42	https://www.fiverr.com/mohinkhan007/do-fabulous-and-eye-catching-ms-word-excel-invoice-for-you	mohinkhan007/do-fabulous-and-eye-catching-ms-word-excel-invoice-for-you	mohinkhan007	do-fabulous-and-eye-catching-ms-word-excel-invoice-for-you	coding	Q2	20210702	2021Q3	10.0	36	4.9
1	43	https://www.fiverr.com/aiobjective/code-for-computer-vision-with-deep-learning-in-python	aiobjective/code-for-computer-vision-with-deep-learning-in-python	aiobjective	code-for-computer-vision-with-deep-learning-in-python	coding	Q3	20241001	2024Q4	95.0	77	5.0
1	44	https://www.fiverr.com/arslannone/create-shopify-store-dropshipping-store-or-shopify-website	arslannone/create-shopify-store-dropshipping-store-or-shopify-website	arslannone	create-shopify-store-dropshipping-store-or-shopify-website	coding	Q4	20241206	2024Q4	80.0	1246	4.9
1	45	https://www.fiverr.com/webdivine/squarespace-website-designer-and-developer	webdivine/squarespace-website-designer-and-developer	webdivine	squarespace-website-designer-and-developer	coding	Qna	20200711	2020Q3	350.0		
1	46	https://www.fiverr.com/w3bdesignuk/design-and-build-a-custom-woocommerce-website	w3bdesignuk/design-and-build-a-custom-woocommerce-website	w3bdesignuk	design-and-build-a-custom-woocommerce-website	design	Q1	20200102	2020Q1	1100.0	9	5.0
1	47	https://www.fiverr.com/alimsarder786/create-amazing-animated-logo-animation-youtube-intro-video	alimsarder786/create-amazing-animated-logo-animation-youtube-intro-video	alimsarder786	create-amazing-animated-logo-animation-youtube-intro-video	design	Q2	20250922	2025Q3	5.0	57	4.8
1	48	https://www.fiverr.com/sarahgraphics/a-brand-style-guide-and-logo-design	sarahgraphics/a-brand-style-guide-and-logo-design	sarahgraphics	a-brand-style-guide-and-logo-design	design	Q3	20250820	2025Q3	90.0	130	4.9
1	49	https://www.fiverr.com/graphic_company/create-a-superior-powerpoint-presentation	graphic_company/create-a-superior-powerpoint-presentation	graphic_company	create-a-superior-powerpoint-presentation	design	Q4	20241003	2024Q4	70.0	3073	5.0
1	50	https://www.fiverr.com/perfectdesigns7/design-creative-social-media-design-and-professional-banner-ads	perfectdesigns7/design-creative-social-media-design-and-professional-banner-ads	perfectdesigns7	design-creative-social-media-design-and-professional-banner-ads	design	Qna	20250122	2025Q1	10.0		
1	51	https://www.fiverr.com/setjo1980/do-an-advanced-monthly-seo-and-will-fix-all-site-errors	setjo1980/do-an-advanced-monthly-seo-and-will-fix-all-site-errors	setjo1980	do-an-advanced-monthly-seo-and-will-fix-all-site-errors	marketing	Q1	20220409	2022Q2	600.0	5	5.0
1	52	https://www.fiverr.com/tomneale521/do-advanced-seo-competitor-keyword-research-for-google-using-semrush-or-ahrefs	tomneale521/do-advanced-seo-competitor-keyword-research-for-google-using-semrush-or-ahrefs	tomneale521	do-advanced-seo-competitor-keyword-research-for-google-using-semrush-or-ahrefs	marketing	Q2	20240526	2024Q2	65.0	24	5.0
1	53	https://www.fiverr.com/wajidlatif/setup-sales-and-membership-funnels-in-clickfunnels	wajidlatif/setup-sales-and-membership-funnels-in-clickfunnels	wajidlatif	setup-sales-and-membership-funnels-in-clickfunnels	marketing	Q3	20250131	2025Q1	180.0	156	4.6
1	54	https://www.fiverr.com/amz_services63/catchy-amazon-product-listing-description-with-seo-amazon-listing-optimization	amz_services63/catchy-amazon-product-listing-description-with-seo-amazon-listing-optimization	amz_services63	catchy-amazon-product-listing-description-with-seo-amazon-listing-optimization	marketing	Q4	20240914	2024Q3	15.0	414	4.9
1	55	https://www.fiverr.com/social_atik/perfectly-all-social-media-accounts-create-set-up-and-optimize-professionally	social_atik/perfectly-all-social-media-accounts-create-set-up-and-optimize-professionally	social_atik	perfectly-all-social-media-accounts-create-set-up-and-optimize-professionally	marketing	Qna	20240522	2024Q2	5.0		
1	56	https://www.fiverr.com/stephaniejmnz/spanish-voiceover-for-your-inclusive-project	stephaniejmnz/spanish-voiceover-for-your-inclusive-project	stephaniejmnz	spanish-voiceover-for-your-inclusive-project	translation	Q1	20211101	2021Q4	100.0	3	5.0
1	57	https://www.fiverr.com/fabiorevo/record-a-professional-italian-voice-over	fabiorevo/record-a-professional-italian-voice-over	fabiorevo	record-a-professional-italian-voice-over	translation	Q2	20200208	2020Q1	5.0	24	5.0
1	58	https://www.fiverr.com/juanvoiceart/deep-male-voice-over-in-spanish	juanvoiceart/deep-male-voice-over-in-spanish	juanvoiceart	deep-male-voice-over-in-spanish	translation	Q3	20231001	2023Q4	15.0	136	5.0
1	59	https://www.fiverr.com/nsabrina/translate-english-to-italian	nsabrina/translate-english-to-italian	nsabrina	translate-english-to-italian	translation	Q4	20240119	2024Q1	5.0	855	5.0
1	60	https://www.fiverr.com/christiangutirr/write-narration-scripts-for-your-podcast-in-spanish	christiangutirr/write-narration-scripts-for-your-podcast-in-spanish	christiangutirr	write-narration-scripts-for-your-podcast-in-spanish	translation	Qna	20241001	2024Q4	5.0		
1	61	https://www.fiverr.com/fruktorum/develop-high-quality-video-game-for-any-platform	fruktorum/develop-high-quality-video-game-for-any-platform	fruktorum	develop-high-quality-video-game-for-any-platform	video	Q1	20240826	2024Q3	5000.0	15	5.0
1	62	https://www.fiverr.com/trippiesteff/do-an-awesome-looped-animation-in-my-unique-style	trippiesteff/do-an-awesome-looped-animation-in-my-unique-style	trippiesteff	do-an-awesome-looped-animation-in-my-unique-style	video	Q2	20240401	2024Q2	300.0	69	5.0
1	63	https://www.fiverr.com/rapid_pro/create-premium-2d-animated-explainer-video-in-24h	rapid_pro/create-premium-2d-animated-explainer-video-in-24h	rapid_pro	create-premium-2d-animated-explainer-video-in-24h	video	Q3	20241001	2024Q4	55.0	169	5.0
1	64	https://www.fiverr.com/sandrotsk/create-lofi-hip-hop-animations	sandrotsk/create-lofi-hip-hop-animations	sandrotsk	create-lofi-hip-hop-animations	video	Q4	20241005	2024Q4	75.0	884	4.9
1	65	https://www.fiverr.com/vfxbook/make-custom-children-book-trailer-and-kids-promo-videos-8645	vfxbook/make-custom-children-book-trailer-and-kids-promo-videos-8645	vfxbook	make-custom-children-book-trailer-and-kids-promo-videos-8645	video	Qna	20250426	2025Q2	10.0		
1	66	https://www.fiverr.com/belalmiya/retouch-and-enhancement-product-photo-editing-and-clipping-path	belalmiya/retouch-and-enhancement-product-photo-editing-and-clipping-path	belalmiya	retouch-and-enhancement-product-photo-editing-and-clipping-path	writing	Q1	20250120	2025Q1	5.0	4	1.7
1	67	https://www.fiverr.com/maryjmurphy22/write-your-cover-letter-resume-or-cv	maryjmurphy22/write-your-cover-letter-resume-or-cv	maryjmurphy22	write-your-cover-letter-resume-or-cv	writing	Q2	20240903	2024Q3	165.0	62	5.0
1	68	https://www.fiverr.com/bkille/write-a-tv-commercial-or-video-script	bkille/write-a-tv-commercial-or-video-script	bkille	write-a-tv-commercial-or-video-script	writing	Q3	20220701	2022Q3	195.0	74	4.9
1	69	https://www.fiverr.com/antur2020/promote-and-kindle-ebook-to-usa-users-at-website	antur2020/promote-and-kindle-ebook-to-usa-users-at-website	antur2020	promote-and-kindle-ebook-to-usa-users-at-website	writing	Q4	20241002	2024Q4	65.0	328	4.9
1	70	https://www.fiverr.com/shihab_ga4/fix-or-setup-facebook-pixel-conversion-api-with-server-side-tracking-via-gtm	shihab_ga4/fix-or-setup-facebook-pixel-conversion-api-with-server-side-tracking-via-gtm	shihab_ga4	fix-or-setup-facebook-pixel-conversion-api-with-server-side-tracking-via-gtm	writing	Qna	20250126	2025Q1	10.0		
1	71	https://www.fiverr.com/thir13eenbeatz/create-love-song-for-marriage-anniversary-birthday	thir13eenbeatz/create-love-song-for-marriage-anniversary-birthday	thir13eenbeatz	create-love-song-for-marriage-anniversary-birthday	audio	Q1	20241003	2024Q4	50.0	5	5.0
1	72	https://www.fiverr.com/israelprince/create-afrobeats-in-48-hours	israelprince/create-afrobeats-in-48-hours	israelprince	create-afrobeats-in-48-hours	audio	Q2	20221002	2022Q4	20.0	32	4.9
1	73	https://www.fiverr.com/aclekahney/master-your-rock-metal-djent-punk-music	aclekahney/master-your-rock-metal-djent-punk-music	aclekahney	master-your-rock-metal-djent-punk-music	audio	Q3	20240701	2024Q3	100.0	107	5.0
1	74	https://www.fiverr.com/radiostreamlive/play-your-song-on-radio-new-york-live	radiostreamlive/play-your-song-on-radio-new-york-live	radiostreamlive	play-your-song-on-radio-new-york-live	audio	Q4	20241123	2024Q4	55.0	946	4.9
1	75	https://www.fiverr.com/gma7913/provide-straightforward-advice-on-how-to-improve-your-music-675c	gma7913/provide-straightforward-advice-on-how-to-improve-your-music-675c	gma7913	provide-straightforward-advice-on-how-to-improve-your-music-675c	audio	Qna	20231001	2023Q4	100.0		
1	76	https://www.fiverr.com/mikewhaites/provide-1-hour-of-wix-website-design-assistance	mikewhaites/provide-1-hour-of-wix-website-design-assistance	mikewhaites	provide-1-hour-of-wix-website-design-assistance	coding	Q1	20221022	2022Q4	900.0	3	5.0
1	77	https://www.fiverr.com/techconsolution/design-an-html5-responsive-website-for-you	techconsolution/design-an-html5-responsive-website-for-you	techconsolution	design-an-html5-responsive-website-for-you	coding	Q2	20191004	2019Q4	25.0	31	4.9
1	78	https://www.fiverr.com/mehran120/do-material-takeoff-estimation-bluebeam-plan-swift-quantity-surveyor-boq	mehran120/do-material-takeoff-estimation-bluebeam-plan-swift-quantity-surveyor-boq	mehran120	do-material-takeoff-estimation-bluebeam-plan-swift-quantity-surveyor-boq	coding	Q3	20240401	2024Q2	25.0	114	4.7
1	79	https://www.fiverr.com/iammrsq/create-an-excel-formula	iammrsq/create-an-excel-formula	iammrsq	create-an-excel-formula	coding	Q4	20210609	2021Q2	5.0	504	5.0
1	80	https://www.fiverr.com/mhmdwldnprhst/do-web-scraping-data-mining-and-extraction-of-any-website	mhmdwldnprhst/do-web-scraping-data-mining-and-extraction-of-any-website	mhmdwldnprhst	do-web-scraping-data-mining-and-extraction-of-any-website	coding	Qna	20250103	2025Q1	30.0		
1	81	https://www.fiverr.com/burntredhen/custom-illustrated-wedding-invitation	burntredhen/custom-illustrated-wedding-invitation	burntredhen	custom-illustrated-wedding-invitation	design	Q1	20220624	2022Q2	400.0	5	5.0
1	82	https://www.fiverr.com/thedevsigner/design-interactive-pdf-ex-fillable-form-user-manual-guide	thedevsigner/design-interactive-pdf-ex-fillable-form-user-manual-guide	thedevsigner	design-interactive-pdf-ex-fillable-form-user-manual-guide	design	Q2	20260101	2026Q1	10.0	47	5.0
1	83	https://www.fiverr.com/arif_saputra/make-your-manga-page	arif_saputra/make-your-manga-page	arif_saputra	make-your-manga-page	design	Q3	20240925	2024Q3	60.0	192	4.9
1	84	https://www.fiverr.com/milkyway1315/design-responsive-mailchimp-email-template-034a6103-5c2c-4cde-86bc-1d8753a8a3cc	milkyway1315/design-responsive-mailchimp-email-template-034a6103-5c2c-4cde-86bc-1d8753a8a3cc	milkyway1315	design-responsive-mailchimp-email-template-034a6103-5c2c-4cde-86bc-1d8753a8a3cc	design	Q4	20240916	2024Q3	25.0	986	4.9
1	85	https://www.fiverr.com/iamfahim_k/ecwid-and-big-cartel-online-store-design-ecwid-and-big-cartel-website	iamfahim_k/ecwid-and-big-cartel-online-store-design-ecwid-and-big-cartel-website	iamfahim_k	ecwid-and-big-cartel-online-store-design-ecwid-and-big-cartel-website	design	Qna	20251106	2025Q4	20.0		
1	86	https://www.fiverr.com/sayyamkashmiri/do-text-message-and-bulk-sms-marketing-one-time-blast-sms	sayyamkashmiri/do-text-message-and-bulk-sms-marketing-one-time-blast-sms	sayyamkashmiri	do-text-message-and-bulk-sms-marketing-one-time-blast-sms	marketing	Q1	20240101	2024Q1	10.0	2	5.0
1	87	https://www.fiverr.com/rockgardenlosan/boost-your-google-rankings-with-30-pr9-high-pr-seo-social-backlinks	rockgardenlosan/boost-your-google-rankings-with-30-pr9-high-pr-seo-social-backlinks	rockgardenlosan	boost-your-google-rankings-with-30-pr9-high-pr-seo-social-backlinks	marketing	Q2	20200121	2020Q1	5.0	66	4.9
1	88	https://www.fiverr.com/arosh_it/create-run-and-manage-tiktok-ads-campaign-tik-tok-ads-tiktok-advertising	arosh_it/create-run-and-manage-tiktok-ads-campaign-tik-tok-ads-tiktok-advertising	arosh_it	create-run-and-manage-tiktok-ads-campaign-tik-tok-ads-tiktok-advertising	marketing	Q3	20240701	2024Q3	30.0	91	5.0
1	89	https://www.fiverr.com/yas17sheikh/setup-google-ads-conversion-tracking	yas17sheikh/setup-google-ads-conversion-tracking	yas17sheikh	setup-google-ads-conversion-tracking	marketing	Q4	20260211	2026Q1	10.0	276	5.0
1	90	https://www.fiverr.com/jimmy1256/create-an-ecommerce-amazon-affiliate-store	jimmy1256/create-an-ecommerce-amazon-affiliate-store	jimmy1256	create-an-ecommerce-amazon-affiliate-store	marketing	Qna	20220621	2022Q2	30.0		
1	91	https://www.fiverr.com/jackbezerra77/localize-your-video-game-from-english-to-portuguese	jackbezerra77/localize-your-video-game-from-english-to-portuguese	jackbezerra77	localize-your-video-game-from-english-to-portuguese	translation	Q1	20241004	2024Q4	20.0	4	5.0
1	92	https://www.fiverr.com/yevhenhumeniuk/do-sweden-seo-with-high-quality-swedish-forum-backlinks	yevhenhumeniuk/do-sweden-seo-with-high-quality-swedish-forum-backlinks	yevhenhumeniuk	do-sweden-seo-with-high-quality-swedish-forum-backlinks	translation	Q2	20241001	2024Q4	60.0	22	4.9
1	93	https://www.fiverr.com/compumusic/transcribe-a-monophonic-instrument-of-any-song	compumusic/transcribe-a-monophonic-instrument-of-any-song	compumusic	transcribe-a-monophonic-instrument-of-any-song	translation	Q3	20230218	2023Q1	5.0	247	5.0
1	94	https://www.fiverr.com/mosesistheone/transcribe-20-minutes-of-audio-for-you	mosesistheone/transcribe-20-minutes-of-audio-for-you	mosesistheone	transcribe-20-minutes-of-audio-for-you	translation	Q4	20241002	2024Q4	5.0	1774	4.9
1	95	https://www.fiverr.com/umargohar/provide-guest-post-on-netherland-and-russian-with-do-follow-link	umargohar/provide-guest-post-on-netherland-and-russian-with-do-follow-link	umargohar	provide-guest-post-on-netherland-and-russian-with-do-follow-link	translation	Qna	20230703	2023Q3	40.0		
1	96	https://www.fiverr.com/arminbeciragic/create-an-appealing-intro-animation	arminbeciragic/create-an-appealing-intro-animation	arminbeciragic	create-an-appealing-intro-animation	video	Q1	20220401	2022Q2	750.0	5	5.0
1	97	https://www.fiverr.com/makarov_video/be-your-videographer-in-new-york-city	makarov_video/be-your-videographer-in-new-york-city	makarov_video	be-your-videographer-in-new-york-city	video	Q2	20250227	2025Q1	210.0	18	4.8
1	98	https://www.fiverr.com/shoaibkalyar912/create-custom-2d-explainer-video	shoaibkalyar912/create-custom-2d-explainer-video	shoaibkalyar912	create-custom-2d-explainer-video	video	Q3	20241001	2024Q4	30.0	231	4.9
1	99	https://www.fiverr.com/mridul4567/video-editting-experiece-for-over-4-years	mridul4567/video-editting-experiece-for-over-4-years	mridul4567	video-editting-experiece-for-over-4-years	video	Q4	20260128	2026Q1	100.0	947	5.0
1	100	https://www.fiverr.com/wizard_of_oz/make-360-video-in-virtual-reality-as-a-company-tour	wizard_of_oz/make-360-video-in-virtual-reality-as-a-company-tour	wizard_of_oz	make-360-video-in-virtual-reality-as-a-company-tour	video	Qna	20200401	2020Q2	2500.0		
1	101	https://www.fiverr.com/carleywithasea/teach-creative-writing-techniques	carleywithasea/teach-creative-writing-techniques	carleywithasea	teach-creative-writing-techniques	writing	Q1	20241008	2024Q4	20.0	7	5.0
1	102	https://www.fiverr.com/homeestates/write-a-professional-blog-or-article	homeestates/write-a-professional-blog-or-article	homeestates	write-a-professional-blog-or-article	writing	Q2	20240702	2024Q3	150.0	56	5.0
1	103	https://www.fiverr.com/chamika_cd/design-your-professional-cv-or-resume	chamika_cd/design-your-professional-cv-or-resume	chamika_cd	design-your-professional-cv-or-resume	writing	Q3	20240706	2024Q3	20.0	202	4.9
1	104	https://www.fiverr.com/asad_rehman_se/create-wordpress-website-or-blog-or-fix-any-issues	asad_rehman_se/create-wordpress-website-or-blog-or-fix-any-issues	asad_rehman_se	create-wordpress-website-or-blog-or-fix-any-issues	writing	Q4	20250816	2025Q3	295.0	302	5.0
1	105	https://www.fiverr.com/daniel98226/write-your-book-from-scratch	daniel98226/write-your-book-from-scratch	daniel98226	write-your-book-from-scratch	writing	Qna	20210223	2021Q1	9990.0		
1	106	https://www.fiverr.com/aquincygoodman/mix-your-metal-or-pop-song-to-a-professional-standard	aquincygoodman/mix-your-metal-or-pop-song-to-a-professional-standard	aquincygoodman	mix-your-metal-or-pop-song-to-a-professional-standard	audio	Q1	20240701	2024Q3	200.0	15	5.0
1	107	https://www.fiverr.com/raymondmusic/write-or-produce-your-rock-or-metal-song	raymondmusic/write-or-produce-your-rock-or-metal-song	raymondmusic	write-or-produce-your-rock-or-metal-song	audio	Q2	20240723	2024Q3	40.0	62	5.0
1	108	https://www.fiverr.com/cascreativearts/write-horror-creepy-intense-background-music	cascreativearts/write-horror-creepy-intense-background-music	cascreativearts	write-horror-creepy-intense-background-music	audio	Q3	20240701	2024Q3	35.0	114	5.0
1	109	https://www.fiverr.com/tgmusic/sing-and-compose-vocals-or-song-for-you	tgmusic/sing-and-compose-vocals-or-song-for-you	tgmusic	sing-and-compose-vocals-or-song-for-you	audio	Q4	20200701	2020Q3	20.0	746	4.9
1	110	https://www.fiverr.com/djkodered/review-your-music-and-give-you-feedback	djkodered/review-your-music-and-give-you-feedback	djkodered	review-your-music-and-give-you-feedback	audio	Qna	20231013	2023Q4	100.0		
1	111	https://www.fiverr.com/rickhardypro/do-your-data-science-finance-quant-machine-learning-project	rickhardypro/do-your-data-science-finance-quant-machine-learning-project	rickhardypro	do-your-data-science-finance-quant-machine-learning-project	coding	Q1	20241002	2024Q4	200.0	8	5.0
1	112	https://www.fiverr.com/aiobjective/machine-learning-tasks-with-python	aiobjective/machine-learning-tasks-with-python	aiobjective	machine-learning-tasks-with-python	coding	Q2	20241002	2024Q4	100.0	69	4.9
1	113	https://www.fiverr.com/yaeliroz/design-your-shopify-store	yaeliroz/design-your-shopify-store	yaeliroz	design-your-shopify-store	coding	Q3	20240705	2024Q3	325.0	168	4.9
1	114	https://www.fiverr.com/jewelahmmed/fix-smtp-email-dns-mx-mysql-cpanel-whm-webmin-virtualmin-plesk-issues	jewelahmmed/fix-smtp-email-dns-mx-mysql-cpanel-whm-webmin-virtualmin-plesk-issues	jewelahmmed	fix-smtp-email-dns-mx-mysql-cpanel-whm-webmin-virtualmin-plesk-issues	coding	Q4	20241003	2024Q4	35.0	765	5.0
1	115	https://www.fiverr.com/jobair_security/wordpress-website-website-design-wordpress-website-redesign-elementor-pro	jobair_security/wordpress-website-website-design-wordpress-website-redesign-elementor-pro	jobair_security	wordpress-website-website-design-wordpress-website-redesign-elementor-pro	coding	Qna	20250120	2025Q1	80.0		
1	116	https://www.fiverr.com/paulvirlan/draw-professional-childrens-book-illustration	paulvirlan/draw-professional-childrens-book-illustration	paulvirlan	draw-professional-childrens-book-illustration	design	Q1	20230104	2023Q1	6000.0	6	5.0
1	117	https://www.fiverr.com/vfxmix/do-professional-3d-animated-logo-intro-video-4k	vfxmix/do-professional-3d-animated-logo-intro-video-4k	vfxmix	do-professional-3d-animated-logo-intro-video-4k	design	Q2	20250514	2025Q2	5.0	24	4.9
1	118	https://www.fiverr.com/apollo_studio/do-professional-minimalist-business-card-c17a	apollo_studio/do-professional-minimalist-business-card-c17a	apollo_studio	do-professional-minimalist-business-card-c17a	design	Q3	20250126	2025Q1	50.0	210	5.0
1	119	https://www.fiverr.com/salehgardezi/do-any-adobe-illustrator-work	salehgardezi/do-any-adobe-illustrator-work	salehgardezi	do-any-adobe-illustrator-work	design	Q4	20250111	2025Q1	10.0	606	5.0
1	120	https://www.fiverr.com/simonameleca/figma-design-figma-website-design-ui-ux	simonameleca/figma-design-figma-website-design-ui-ux	simonameleca	figma-design-figma-website-design-ui-ux	design	Qna	20250302	2025Q1	130.0		
1	121	https://www.fiverr.com/qamarzaman60/do-seo-backlinks-on-high-dr-50-to-70-sites	qamarzaman60/do-seo-backlinks-on-high-dr-50-to-70-sites	qamarzaman60	do-seo-backlinks-on-high-dr-50-to-70-sites	marketing	Q1	20230402	2023Q2	5.0	16	4.8
1	122	https://www.fiverr.com/backlinknation/create-5500-mega-seo-contextual-backlinks-tiered	backlinknation/create-5500-mega-seo-contextual-backlinks-tiered	backlinknation	create-5500-mega-seo-contextual-backlinks-tiered	marketing	Q2	20240209	2024Q1	5.0	51	4.9
1	123	https://www.fiverr.com/julietsalve/make-custom-emoji-for-twitch-and-youtube	julietsalve/make-custom-emoji-for-twitch-and-youtube	julietsalve	make-custom-emoji-for-twitch-and-youtube	marketing	Q3	20230106	2023Q1	15.0	76	5.0
1	124	https://www.fiverr.com/virtualsuperman/help-you-rank-with-high-authority-contextual-seo-backlinks-tf-cf-da-pa-google-pr	virtualsuperman/help-you-rank-with-high-authority-contextual-seo-backlinks-tf-cf-da-pa-google-pr	virtualsuperman	help-you-rank-with-high-authority-contextual-seo-backlinks-tf-cf-da-pa-google-pr	marketing	Q4	20251224	2025Q4	10.0	1133	4.9
1	125	https://www.fiverr.com/labtech_pro2/perfectly-create-and-set-up-all-social-media-accounts-and-optimize-business-page	labtech_pro2/perfectly-create-and-set-up-all-social-media-accounts-and-optimize-business-page	labtech_pro2	perfectly-create-and-set-up-all-social-media-accounts-and-optimize-business-page	marketing	Qna	20230109	2023Q1	5.0		
1	126	https://www.fiverr.com/davidahn00/be-the-english-to-korean-interpreter-you-are-looking-for	davidahn00/be-the-english-to-korean-interpreter-you-are-looking-for	davidahn00	be-the-english-to-korean-interpreter-you-are-looking-for	translation	Q1	20241003	2024Q4	20.0	7	5.0
1	127	https://www.fiverr.com/elenaperrin/be-all-ears-for-your-transcription	elenaperrin/be-all-ears-for-your-transcription	elenaperrin	be-all-ears-for-your-transcription	translation	Q2	20201102	2020Q4	5.0	18	5.0
1	128	https://www.fiverr.com/veronicasummer/record-a-high-quality-german-voice-over-hochdeutsch	veronicasummer/record-a-high-quality-german-voice-over-hochdeutsch	veronicasummer	record-a-high-quality-german-voice-over-hochdeutsch	translation	Q3	20241001	2024Q4	20.0	141	5.0
1	129	https://www.fiverr.com/juliasolomakha/translateenglish-to-russian-manually	juliasolomakha/translateenglish-to-russian-manually	juliasolomakha	translateenglish-to-russian-manually	translation	Q4	20240105	2024Q1	10.0	547	5.0
1	130	https://www.fiverr.com/pisethz/translate-and-localize-your-website-app-into-khmer	pisethz/translate-and-localize-your-website-app-into-khmer	pisethz	translate-and-localize-your-website-app-into-khmer	translation	Qna	20240828	2024Q3	20.0		
1	131	https://www.fiverr.com/serson/create-a-lyric-or-music-video-for-your-christmas-song	serson/create-a-lyric-or-music-video-for-your-christmas-song	serson	create-a-lyric-or-music-video-for-your-christmas-song	video	Q1	20220703	2022Q3	300.0	15	4.8
1	132	https://www.fiverr.com/alexandr02/create-a-romantic-music-video-for-your-song	alexandr02/create-a-romantic-music-video-for-your-song	alexandr02	create-a-romantic-music-video-for-your-song	video	Q2	20241001	2024Q4	90.0	39	5.0
1	133	https://www.fiverr.com/librada26/create-a-tiktok-dance-video-on-your-song	librada26/create-a-tiktok-dance-video-on-your-song	librada26	create-a-tiktok-dance-video-on-your-song	video	Q3	20241001	2024Q4	25.0	86	5.0
1	134	https://www.fiverr.com/hamzazaman469/produce-cinematic-game-trailer-for-your-twitch-or-youtube-channel	hamzazaman469/produce-cinematic-game-trailer-for-your-twitch-or-youtube-channel	hamzazaman469	produce-cinematic-game-trailer-for-your-twitch-or-youtube-channel	video	Q4	20241002	2024Q4	30.0	398	4.9
1	135	https://www.fiverr.com/intro_tamim/create-a-3d-cinematic-intro-for-you	intro_tamim/create-a-3d-cinematic-intro-for-you	intro_tamim	create-a-3d-cinematic-intro-for-you	video	Qna	20250427	2025Q2	5.0		
1	136	https://www.fiverr.com/athar_aly/write-articles-and-blog-posts-on-crypto-blockchain-bitcoin-and-metaverse	athar_aly/write-articles-and-blog-posts-on-crypto-blockchain-bitcoin-and-metaverse	athar_aly	write-articles-and-blog-posts-on-crypto-blockchain-bitcoin-and-metaverse	writing	Q1	20250121	2025Q1	200.0	12	5.0
1	137	https://www.fiverr.com/emmaki/create-engaging-blog-posts-that-build-your-brand-visibility	emmaki/create-engaging-blog-posts-that-build-your-brand-visibility	emmaki	create-engaging-blog-posts-that-build-your-brand-visibility	writing	Q2	20220312	2022Q1	125.0	32	5.0
1	138	https://www.fiverr.com/creative_worksx/design-ebooks-workbooks-and-pdf-lead-magnets	creative_worksx/design-ebooks-workbooks-and-pdf-lead-magnets	creative_worksx	design-ebooks-workbooks-and-pdf-lead-magnets	writing	Q3	20260101	2026Q1	20.0	121	4.8
1	139	https://www.fiverr.com/missheather/write-you-a-500-word-article-on-the-topic-of-your-choice	missheather/write-you-a-500-word-article-on-the-topic-of-your-choice	missheather	write-you-a-500-word-article-on-the-topic-of-your-choice	writing	Q4	20241001	2024Q4	30.0	829	5.0
1	140	https://www.fiverr.com/janetteartea/write-a-newsworthy-press-release	janetteartea/write-a-newsworthy-press-release	janetteartea	write-a-newsworthy-press-release	writing	Qna	20241003	2024Q4	150.0		
2	141	https://www.fiverr.com/buybestservice/provide-deep-male-female-voice-over-with-british-or-american	buybestservice/provide-deep-male-female-voice-over-with-british-or-american	buybestservice	provide-deep-male-female-voice-over-with-british-or-american	audio	Q1	20231001	2023Q4	5.0	4	5.0
2	142	https://www.fiverr.com/benhauck/asap-record-an-audible-audiobook-to-acx-standards	benhauck/asap-record-an-audible-audiobook-to-acx-standards	benhauck	asap-record-an-audible-audiobook-to-acx-standards	audio	Q2	20240704	2024Q3	150.0	64	5.0
2	143	https://www.fiverr.com/rajut_studio/remix-your-song-into-edm-house-trap-dubstep-etc	rajut_studio/remix-your-song-into-edm-house-trap-dubstep-etc	rajut_studio	remix-your-song-into-edm-house-trap-dubstep-etc	audio	Q3	20241001	2024Q4	25.0	168	5.0
2	144	https://www.fiverr.com/coopermoss/be-your-male-vocalist-for-grammy-and-cma-hit-songwriters	coopermoss/be-your-male-vocalist-for-grammy-and-cma-hit-songwriters	coopermoss	be-your-male-vocalist-for-grammy-and-cma-hit-songwriters	audio	Q4	20240701	2024Q3	100.0	368	4.9
2	145	https://www.fiverr.com/agervasoni/give-you-composition-lessons	agervasoni/give-you-composition-lessons	agervasoni	give-you-composition-lessons	audio	Qna	20240701	2024Q3	35.0		
2	146	https://www.fiverr.com/editorraza/create-nft-pormotion-video-of-your-nft-art	editorraza/create-nft-pormotion-video-of-your-nft-art	editorraza	create-nft-pormotion-video-of-your-nft-art	coding	Q1	20240118	2024Q1	60.0	10	5.0
2	147	https://www.fiverr.com/rikonali/mobile-app-marketing-and-game-promotion	rikonali/mobile-app-marketing-and-game-promotion	rikonali	mobile-app-marketing-and-game-promotion	coding	Q2	20241003	2024Q4	35.0	59	4.6
2	148	https://www.fiverr.com/ah_talukder/shopify-product-research-winning-products-dropshipping-store-aliexpress	ah_talukder/shopify-product-research-winning-products-dropshipping-store-aliexpress	ah_talukder	shopify-product-research-winning-products-dropshipping-store-aliexpress	coding	Q3	20260110	2026Q1	10.0	222	4.6
2	149	https://www.fiverr.com/rakib_6747/convert-pdf-to-word-excel-or-powerpoint-file	rakib_6747/convert-pdf-to-word-excel-or-powerpoint-file	rakib_6747	convert-pdf-to-word-excel-or-powerpoint-file	coding	Q4	20240609	2024Q2	25.0	2025	5.0
2	150	https://www.fiverr.com/alicebuchanan5/create-a-custom-wix-website-design-and-wix-redesign-with-seo	alicebuchanan5/create-a-custom-wix-website-design-and-wix-redesign-with-seo	alicebuchanan5	create-a-custom-wix-website-design-and-wix-redesign-with-seo	coding	Qna	20250111	2025Q1	100.0		
2	151	https://www.fiverr.com/vect_hbg/do-linocut-or-woodcut-illustrations	vect_hbg/do-linocut-or-woodcut-illustrations	vect_hbg	do-linocut-or-woodcut-illustrations	design	Q1	20221008	2022Q4	130.0	13	4.9
2	152	https://www.fiverr.com/bimolete420/design-property-management-modern-minimalist-logo	bimolete420/design-property-management-modern-minimalist-logo	bimolete420	design-property-management-modern-minimalist-logo	design	Q2	20250810	2025Q3	25.0	30	5.0
2	153	https://www.fiverr.com/pinokiaweb/design-price-list-and-rate-list-within-24-hours	pinokiaweb/design-price-list-and-rate-list-within-24-hours	pinokiaweb	design-price-list-and-rate-list-within-24-hours	design	Q3	20240102	2024Q1	25.0	231	5.0
2	154	https://www.fiverr.com/irinanny/do-cutout-by-photoshop-manually	irinanny/do-cutout-by-photoshop-manually	irinanny	do-cutout-by-photoshop-manually	design	Q4	20241002	2024Q4	5.0	1588	4.8
2	155	https://www.fiverr.com/wayanpastrana/design-exceptional-church-flyer	wayanpastrana/design-exceptional-church-flyer	wayanpastrana	design-exceptional-church-flyer	design	Qna	20250825	2025Q3	10.0		
2	156	https://www.fiverr.com/ronkay7/help-you-set-up-your-own-safe-dividend-growth-portfolio	ronkay7/help-you-set-up-your-own-safe-dividend-growth-portfolio	ronkay7	help-you-set-up-your-own-safe-dividend-growth-portfolio	marketing	Q1	20241001	2024Q4	25.0	7	5.0
2	157	https://www.fiverr.com/oyewola_sales01/do-etsy-rank-seo-for-etsy-traffic-promotion-on-etsy-shop	oyewola_sales01/do-etsy-rank-seo-for-etsy-traffic-promotion-on-etsy-shop	oyewola_sales01	do-etsy-rank-seo-for-etsy-traffic-promotion-on-etsy-shop	marketing	Q2	20240701	2024Q3	10.0	18	1.6
2	158	https://www.fiverr.com/kaveen_b/be-your-social-media-marketing-manager-and-content-creator	kaveen_b/be-your-social-media-marketing-manager-and-content-creator	kaveen_b	be-your-social-media-marketing-manager-and-content-creator	marketing	Q3	20240830	2024Q3	20.0	145	5.0
2	159	https://www.fiverr.com/luikangmk/setup-google-analytics-and-webmaster-tools	luikangmk/setup-google-analytics-and-webmaster-tools	luikangmk	setup-google-analytics-and-webmaster-tools	marketing	Q4	20220422	2022Q2	25.0	253	5.0
2	160	https://www.fiverr.com/sumiakter222/be-your-social-media-manager-and-digital-marketer	sumiakter222/be-your-social-media-manager-and-digital-marketer	sumiakter222	be-your-social-media-manager-and-digital-marketer	marketing	Qna	20241101	2024Q4	50.0		
2	161	https://www.fiverr.com/nay_13/make-an-artwork-based-on-greek-mythology	nay_13/make-an-artwork-based-on-greek-mythology	nay_13	make-an-artwork-based-on-greek-mythology	translation	Q1	20230120	2023Q1	25.0	1	5.0
2	162	https://www.fiverr.com/nelson_sa/record-a-professional-male-portuguese-brazilian-voice-over	nelson_sa/record-a-professional-male-portuguese-brazilian-voice-over	nelson_sa	record-a-professional-male-portuguese-brazilian-voice-over	translation	Q2	20230721	2023Q3	10.0	26	5.0
2	163	https://www.fiverr.com/kjriera/do-musical-transcriptions-by-ear	kjriera/do-musical-transcriptions-by-ear	kjriera	do-musical-transcriptions-by-ear	translation	Q3	20220101	2022Q1	30.0	93	4.9
2	164	https://www.fiverr.com/himawarij/translate-english-to-japanese-manually	himawarij/translate-english-to-japanese-manually	himawarij	translate-english-to-japanese-manually	translation	Q4	20240509	2024Q2	5.0	579	5.0
2	165	https://www.fiverr.com/liklee/offer-odoo-consulting-in-german	liklee/offer-odoo-consulting-in-german	liklee	offer-odoo-consulting-in-german	translation	Qna	20240702	2024Q3	100.0		
2	166	https://www.fiverr.com/rozi2018/creat-islamic-video-explainer-hajj-and-umrah	rozi2018/creat-islamic-video-explainer-hajj-and-umrah	rozi2018	creat-islamic-video-explainer-hajj-and-umrah	video	Q1	20241001	2024Q4	10.0	12	5.0
2	167	https://www.fiverr.com/spiritual_music/direct-upload-1-to-8-hour-long-meditation-music-video-youtube	spiritual_music/direct-upload-1-to-8-hour-long-meditation-music-video-youtube	spiritual_music	direct-upload-1-to-8-hour-long-meditation-music-video-youtube	video	Q2	20240101	2024Q1	5.0	57	5.0
2	168	https://www.fiverr.com/pickera/customize-this-funny-driving-dog-video-ad	pickera/customize-this-funny-driving-dog-video-ad	pickera	customize-this-funny-driving-dog-video-ad	video	Q3	20200106	2020Q1	55.0	75	4.9
2	169	https://www.fiverr.com/skipper145/create-a-professional-1080p-fully-synced-amv-or-anime-intro	skipper145/create-a-professional-1080p-fully-synced-amv-or-anime-intro	skipper145	create-a-professional-1080p-fully-synced-amv-or-anime-intro	video	Q4	20240701	2024Q3	20.0	302	5.0
2	170	https://www.fiverr.com/nazmul_bd_gd/create-video-slideshow-photo-personal-or-business-use-8-hour	nazmul_bd_gd/create-video-slideshow-photo-personal-or-business-use-8-hour	nazmul_bd_gd	create-video-slideshow-photo-personal-or-business-use-8-hour	video	Qna	20250123	2025Q1	10.0		
2	171	https://www.fiverr.com/dr_canine/research-and-write-dental-or-medical-essays-and-articles	dr_canine/research-and-write-dental-or-medical-essays-and-articles	dr_canine	research-and-write-dental-or-medical-essays-and-articles	writing	Q1	20250503	2025Q2	10.0	12	5.0
2	172	https://www.fiverr.com/thomasstorm/post-your-article-on-betekenis-van-trustflow-48	thomasstorm/post-your-article-on-betekenis-van-trustflow-48	thomasstorm	post-your-article-on-betekenis-van-trustflow-48	writing	Q2	20191030	2019Q4	10.0	32	5.0
2	173	https://www.fiverr.com/aminesta/add-synchronized-subs-and-srt-captions-to-videos-in-english-french-or-arabic	aminesta/add-synchronized-subs-and-srt-captions-to-videos-in-english-french-or-arabic	aminesta	add-synchronized-subs-and-srt-captions-to-videos-in-english-french-or-arabic	writing	Q3	20240706	2024Q3	5.0	141	5.0
2	174	https://www.fiverr.com/abadekedkad/teach-you-facebook-ads-strategy-and-review-your-ads	abadekedkad/teach-you-facebook-ads-strategy-and-review-your-ads	abadekedkad	teach-you-facebook-ads-strategy-and-review-your-ads	writing	Q4	20240717	2024Q3	95.0	407	5.0
2	175	https://www.fiverr.com/stesher/give-you-advice-and-improve-your-writing	stesher/give-you-advice-and-improve-your-writing	stesher	give-you-advice-and-improve-your-writing	writing	Qna	20240701	2024Q3	150.0		
2	176	https://www.fiverr.com/locutorco/anunciare-tu-gig-en-mi-podcast	locutorco/anunciare-tu-gig-en-mi-podcast	locutorco	anunciare-tu-gig-en-mi-podcast	audio	Q1	20241007	2024Q4	55.0	13	4.8
2	177	https://www.fiverr.com/kilewong/compose-diy-music-box-strips-for-any-song-and-melody	kilewong/compose-diy-music-box-strips-for-any-song-and-melody	kilewong	compose-diy-music-box-strips-for-any-song-and-melody	audio	Q2	20240705	2024Q3	5.0	45	5.0
2	178	https://www.fiverr.com/goldentones/record-a-5-star-network-quality-male-voice-over-fast	goldentones/record-a-5-star-network-quality-male-voice-over-fast	goldentones	record-a-5-star-network-quality-male-voice-over-fast	audio	Q3	20200402	2020Q2	10.0	239	5.0
2	179	https://www.fiverr.com/adamglinder/edit-mix-and-master-your-podcast	adamglinder/edit-mix-and-master-your-podcast	adamglinder	edit-mix-and-master-your-podcast	audio	Q4	20240908	2024Q3	60.0	640	5.0
2	180	https://www.fiverr.com/cditurisound/professionally-edit-clean-and-master-your-podcast	cditurisound/professionally-edit-clean-and-master-your-podcast	cditurisound	professionally-edit-clean-and-master-your-podcast	audio	Qna	20200209	2020Q1	10.0		
2	181	https://www.fiverr.com/koderboss/customize-responsive-wordpress-website-with-divi	koderboss/customize-responsive-wordpress-website-with-divi	koderboss	customize-responsive-wordpress-website-with-divi	coding	Q1	20250426	2025Q2	80.0	12	5.0
2	182	https://www.fiverr.com/sheikhkhurram_/create-ai-chatbot-for-social-media-platforms-using-manychat-uchat-tidio	sheikhkhurram_/create-ai-chatbot-for-social-media-platforms-using-manychat-uchat-tidio	sheikhkhurram_	create-ai-chatbot-for-social-media-platforms-using-manychat-uchat-tidio	coding	Q2	20260204	2026Q1	10.0	48	5.0
2	183	https://www.fiverr.com/amzshow/web-scraping-and-data-mining-from-any-website	amzshow/web-scraping-and-data-mining-from-any-website	amzshow	web-scraping-and-data-mining-from-any-website	coding	Q3	20240711	2024Q3	30.0	249	5.0
2	184	https://www.fiverr.com/a3du114h/teach-you-python-development	a3du114h/teach-you-python-development	a3du114h	teach-you-python-development	coding	Q4	20241113	2024Q4	30.0	1013	5.0
2	185	https://www.fiverr.com/rasel3465/convert-xd-to-html-css-bootstrap5-responsive-figma-zeplin-pdf-to-html-website	rasel3465/convert-xd-to-html-css-bootstrap5-responsive-figma-zeplin-pdf-to-html-website	rasel3465	convert-xd-to-html-css-bootstrap5-responsive-figma-zeplin-pdf-to-html-website	coding	Qna	20250514	2025Q2	10.0		
2	186	https://www.fiverr.com/manucorsi/create-unique-illustrated-icons	manucorsi/create-unique-illustrated-icons	manucorsi	create-unique-illustrated-icons	design	Q1	20220911	2022Q3	270.0	11	5.0
2	187	https://www.fiverr.com/carddesignrr/create-christmas-logo-makeover-or-card-design	carddesignrr/create-christmas-logo-makeover-or-card-design	carddesignrr	create-christmas-logo-makeover-or-card-design	design	Q2	20260203	2026Q1	10.0	37	4.4
2	188	https://www.fiverr.com/fasadesign/draw-you-in-a-vector-cartoon-style-illustration	fasadesign/draw-you-in-a-vector-cartoon-style-illustration	fasadesign	draw-you-in-a-vector-cartoon-style-illustration	design	Q3	20260113	2026Q1	10.0	138	5.0
2	189	https://www.fiverr.com/beamaze/design-awesome-pitch-decks-for-your-business	beamaze/design-awesome-pitch-decks-for-your-business	beamaze	design-awesome-pitch-decks-for-your-business	design	Q4	20241003	2024Q4	60.0	1240	4.9
2	190	https://www.fiverr.com/bijoypal1721/design-amazing-cartoon-and-anime-t-shirt-for-your	bijoypal1721/design-amazing-cartoon-and-anime-t-shirt-for-your	bijoypal1721	design-amazing-cartoon-and-anime-t-shirt-for-your	design	Qna	20250926	2025Q3	5.0		
2	191	https://www.fiverr.com/samantha_beneke/set-up-your-social-media-presence	samantha_beneke/set-up-your-social-media-presence	samantha_beneke	set-up-your-social-media-presence	marketing	Q1	20230212	2023Q1	180.0	12	5.0
2	192	https://www.fiverr.com/maevemedia/be-your-social-media-manager	maevemedia/be-your-social-media-manager	maevemedia	be-your-social-media-manager	marketing	Q2	20250718	2025Q3	195.0	50	5.0
2	193	https://www.fiverr.com/seocitationshub/do-350-usa-local-citations-and-directories-for-local-seo	seocitationshub/do-350-usa-local-citations-and-directories-for-local-seo	seocitationshub	do-350-usa-local-citations-and-directories-for-local-seo	marketing	Q3	20231001	2023Q4	5.0	117	4.9
2	194	https://www.fiverr.com/quo_vadiz/250-high-quality-backlinks-improves-seo-in-2014	quo_vadiz/250-high-quality-backlinks-improves-seo-in-2014	quo_vadiz	250-high-quality-backlinks-improves-seo-in-2014	marketing	Q4	20260102	2026Q1	40.0	1414	4.9
2	195	https://www.fiverr.com/savioragency/generate-leads-for-contractors-with-google-ads	savioragency/generate-leads-for-contractors-with-google-ads	savioragency	generate-leads-for-contractors-with-google-ads	marketing	Qna	20230221	2023Q1	350.0		
2	196	https://www.fiverr.com/brunovl/translate-your-website-into-spanish	brunovl/translate-your-website-into-spanish	brunovl	translate-your-website-into-spanish	translation	Q1	20250514	2025Q2	100.0	6	5.0
2	197	https://www.fiverr.com/franci_xy/localise-and-translate-your-game-in-italian	franci_xy/localise-and-translate-your-game-in-italian	franci_xy	localise-and-translate-your-game-in-italian	translation	Q2	20241002	2024Q4	20.0	36	5.0
2	198	https://www.fiverr.com/zaidnasir1/add-professional-subtitle-to-youtube-instagram-and-fb-video	zaidnasir1/add-professional-subtitle-to-youtube-instagram-and-fb-video	zaidnasir1	add-professional-subtitle-to-youtube-instagram-and-fb-video	translation	Q3	20240109	2024Q1	5.0	176	4.9
2	199	https://www.fiverr.com/amcy1996/translate-english-to-slovenian-and-vice-versa	amcy1996/translate-english-to-slovenian-and-vice-versa	amcy1996	translate-english-to-slovenian-and-vice-versa	translation	Q4	20240827	2024Q3	5.0	407	5.0
2	200	https://www.fiverr.com/salasmedia/record-a-friendly-youtube-voice-over-in-english-or-spanish	salasmedia/record-a-friendly-youtube-voice-over-in-english-or-spanish	salasmedia	record-a-friendly-youtube-voice-over-in-english-or-spanish	translation	Qna	20220714	2022Q3	25.0		
2	201	https://www.fiverr.com/moodive/create-a-premium-isometric-explainer-video	moodive/create-a-premium-isometric-explainer-video	moodive	create-a-premium-isometric-explainer-video	video	Q1	20241001	2024Q4	2050.0	3	5.0
2	202	https://www.fiverr.com/mdjibran/make-happy-birthday-video-from-barack-obama-custom-wishes	mdjibran/make-happy-birthday-video-from-barack-obama-custom-wishes	mdjibran	make-happy-birthday-video-from-barack-obama-custom-wishes	video	Q2	20240204	2024Q1	5.0	44	5.0
2	203	https://www.fiverr.com/noagraphics/wire-rig-removal-from-video	noagraphics/wire-rig-removal-from-video	noagraphics	wire-rig-removal-from-video	video	Q3	20241001	2024Q4	20.0	140	4.9
2	204	https://www.fiverr.com/metacross/animate-your-pictures-and-photo-and-will-do-them-alive	metacross/animate-your-pictures-and-photo-and-will-do-them-alive	metacross	animate-your-pictures-and-photo-and-will-do-them-alive	video	Q4	20251230	2025Q4	10.0	1368	4.9
2	205	https://www.fiverr.com/mdalmamunsohan6/do-organic-youtube-video-promotion-and-make-it-viral	mdalmamunsohan6/do-organic-youtube-video-promotion-and-make-it-viral	mdalmamunsohan6	do-organic-youtube-video-promotion-and-make-it-viral	video	Qna	20250427	2025Q2	15.0		
2	206	https://www.fiverr.com/enzotriolo/make-you-an-editorial-or-advertising-illustration-c2a3	enzotriolo/make-you-an-editorial-or-advertising-illustration-c2a3	enzotriolo	make-you-an-editorial-or-advertising-illustration-c2a3	writing	Q1	20201001	2020Q4	300.0	15	4.9
2	207	https://www.fiverr.com/abbasabk/write-aso-enrich-description-for-apps-and-games	abbasabk/write-aso-enrich-description-for-apps-and-games	abbasabk	write-aso-enrich-description-for-apps-and-games	writing	Q2	20241003	2024Q4	70.0	27	4.9
2	208	https://www.fiverr.com/tmc_media/create-and-manage-profitable-facebook-ads-campaigns	tmc_media/create-and-manage-profitable-facebook-ads-campaigns	tmc_media	create-and-manage-profitable-facebook-ads-campaigns	writing	Q3	20250425	2025Q2	150.0	178	4.9
2	209	https://www.fiverr.com/janarmbruste885/do-unique-video-ads-for-your-facebook-instagram-or-website	janarmbruste885/do-unique-video-ads-for-your-facebook-instagram-or-website	janarmbruste885	do-unique-video-ads-for-your-facebook-instagram-or-website	writing	Q4	20260110	2026Q1	450.0	1231	5.0
2	210	https://www.fiverr.com/omor002/create-facebook-instagram-google-ads-campaign-post-boost-and-sales-increase	omor002/create-facebook-instagram-google-ads-campaign-post-boost-and-sales-increase	omor002	create-facebook-instagram-google-ads-campaign-post-boost-and-sales-increase	writing	Qna	20250514	2025Q2	10.0		
2	211	https://www.fiverr.com/traviedoodle/record-a-song-about-a-topic-of-your-choosing	traviedoodle/record-a-song-about-a-topic-of-your-choosing	traviedoodle	record-a-song-about-a-topic-of-your-choosing	audio	Q1	20240918	2024Q3	75.0	12	5.0
2	212	https://www.fiverr.com/jonnyl1/be-your-deep-down-to-earth-american-male-voice-over-actor	jonnyl1/be-your-deep-down-to-earth-american-male-voice-over-actor	jonnyl1	be-your-deep-down-to-earth-american-male-voice-over-actor	audio	Q2	20241118	2024Q4	45.0	38	5.0
2	213	https://www.fiverr.com/funnyguytimmy/record-a-150-word-character-voice-over	funnyguytimmy/record-a-150-word-character-voice-over	funnyguytimmy	record-a-150-word-character-voice-over	audio	Q3	20201116	2020Q4	5.0	231	5.0
2	214	https://www.fiverr.com/davebedson/create-a-male-british-voice-over-uk-based	davebedson/create-a-male-british-voice-over-uk-based	davebedson	create-a-male-british-voice-over-uk-based	audio	Q4	20240814	2024Q3	5.0	455	5.0
2	215	https://www.fiverr.com/nwolkstein/provide-thoughtful-and-helpful-notes-and-advice-on-music-productions-and-songs	nwolkstein/provide-thoughtful-and-helpful-notes-and-advice-on-music-productions-and-songs	nwolkstein	provide-thoughtful-and-helpful-notes-and-advice-on-music-productions-and-songs	audio	Qna	20241007	2024Q4	100.0		
2	216	https://www.fiverr.com/marouanmarouni/cryptocurrency-exchange-trading-platform-wallet-app-bitcoin	marouanmarouni/cryptocurrency-exchange-trading-platform-wallet-app-bitcoin	marouanmarouni	cryptocurrency-exchange-trading-platform-wallet-app-bitcoin	coding	Q1	20250217	2025Q1	450.0	13	5.0
2	217	https://www.fiverr.com/lmvadesign/create-a-fully-custom-wix-website	lmvadesign/create-a-fully-custom-wix-website	lmvadesign	create-a-fully-custom-wix-website	coding	Q2	20221112	2022Q4	1000.0	32	4.8
2	218	https://www.fiverr.com/djordjestepa558/be-your-personal-shopify-mentor-coach-and-consultant	djordjestepa558/be-your-personal-shopify-mentor-coach-and-consultant	djordjestepa558	be-your-personal-shopify-mentor-coach-and-consultant	coding	Q3	20241001	2024Q4	100.0	121	5.0
2	219	https://www.fiverr.com/rshidashrf/fix-any-issue-or-create-php-codeigniter-website	rshidashrf/fix-any-issue-or-create-php-codeigniter-website	rshidashrf	fix-any-issue-or-create-php-codeigniter-website	coding	Q4	20230724	2023Q3	80.0	530	5.0
2	220	https://www.fiverr.com/bishojit_dev/create-and-develop-custom-wordpress-plugin-for-your-website-wordpress-theme	bishojit_dev/create-and-develop-custom-wordpress-plugin-for-your-website-wordpress-theme	bishojit_dev	create-and-develop-custom-wordpress-plugin-for-your-website-wordpress-theme	coding	Qna	20250120	2025Q1	185.0		
2	221	https://www.fiverr.com/juliyat676427/do-packaging-box-label-design-with-a-free-mockup	juliyat676427/do-packaging-box-label-design-with-a-free-mockup	juliyat676427	do-packaging-box-label-design-with-a-free-mockup	design	Q1	20250122	2025Q1	30.0	8	5.0
2	222	https://www.fiverr.com/bdeweesjr/major-brand-voice-over-talent-ready-to-record-your-project	bdeweesjr/major-brand-voice-over-talent-ready-to-record-your-project	bdeweesjr	major-brand-voice-over-talent-ready-to-record-your-project	design	Q2	20240201	2024Q1	100.0	50	5.0
2	223	https://www.fiverr.com/tosh_design/design-a-professional-powerpoint-presentation	tosh_design/design-a-professional-powerpoint-presentation	tosh_design	design-a-professional-powerpoint-presentation	design	Q3	20220701	2022Q3	500.0	150	4.9
2	224	https://www.fiverr.com/thisisctrla/create-modern-logo-and-3d-intro-animation	thisisctrla/create-modern-logo-and-3d-intro-animation	thisisctrla	create-modern-logo-and-3d-intro-animation	design	Q4	20250114	2025Q1	40.0	1630	5.0
2	225	https://www.fiverr.com/ink_theory/create-modern-icon-sets-for-web-and-mobile-ca68	ink_theory/create-modern-icon-sets-for-web-and-mobile-ca68	ink_theory	create-modern-icon-sets-for-web-and-mobile-ca68	design	Qna	20220626	2022Q2	800.0		
2	226	https://www.fiverr.com/shakilranaseo/be-your-business-social-media-marketing-manager-and-content-creator-c390	shakilranaseo/be-your-business-social-media-marketing-manager-and-content-creator-c390	shakilranaseo	be-your-business-social-media-marketing-manager-and-content-creator-c390	marketing	Q1	20240815	2024Q3	30.0	2	4.8
2	227	https://www.fiverr.com/iemaline/create-and-send-marketing-emails	iemaline/create-and-send-marketing-emails	iemaline	create-and-send-marketing-emails	marketing	Q2	20220719	2022Q3	50.0	46	5.0
2	228	https://www.fiverr.com/milovanm/be-your-conversion-and-performance-tracking-specialist	milovanm/be-your-conversion-and-performance-tracking-specialist	milovanm	be-your-conversion-and-performance-tracking-specialist	marketing	Q3	20250131	2025Q1	150.0	74	5.0
2	229	https://www.fiverr.com/dadigitallads/be-your-digital-marketing-manager-and-social-media-manager	dadigitallads/be-your-digital-marketing-manager-and-social-media-manager	dadigitallads	be-your-digital-marketing-manager-and-social-media-manager	marketing	Q4	20251018	2025Q4	85.0	303	4.9
2	230	https://www.fiverr.com/rankjack/do-ultimate-seo-targeted-keyword-research	rankjack/do-ultimate-seo-targeted-keyword-research	rankjack	do-ultimate-seo-targeted-keyword-research	marketing	Qna	20200608	2020Q2	5.0		
2	231	https://www.fiverr.com/quratulain76809/interpret-anything-into-sign-language	quratulain76809/interpret-anything-into-sign-language	quratulain76809	interpret-anything-into-sign-language	translation	Q1	20241003	2024Q4	25.0	3	4.4
2	232	https://www.fiverr.com/silviacorbi/do-audio-or-video-transcriptions-in-12hours-or-less	silviacorbi/do-audio-or-video-transcriptions-in-12hours-or-less	silviacorbi	do-audio-or-video-transcriptions-in-12hours-or-less	translation	Q2	20220130	2022Q1	5.0	43	5.0
2	233	https://www.fiverr.com/dima_music/transcribe-your-song-into-music-notation	dima_music/transcribe-your-song-into-music-notation	dima_music	transcribe-your-song-into-music-notation	translation	Q3	20250319	2025Q1	15.0	114	5.0
2	234	https://www.fiverr.com/skyler0217/provide-translation-between-english-and-chinese-manually	skyler0217/provide-translation-between-english-and-chinese-manually	skyler0217	provide-translation-between-english-and-chinese-manually	translation	Q4	20230106	2023Q1	5.0	365	5.0
2	235	https://www.fiverr.com/monak11027/do-transcriptions-listen-and-write	monak11027/do-transcriptions-listen-and-write	monak11027	do-transcriptions-listen-and-write	translation	Qna	20210916	2021Q3	5.0		
2	236	https://www.fiverr.com/rjli134/skin-video-retouch-and-beauty-video-retouching	rjli134/skin-video-retouch-and-beauty-video-retouching	rjli134	skin-video-retouch-and-beauty-video-retouching	video	Q1	20241001	2024Q4	10.0	10	4.8
2	237	https://www.fiverr.com/yuping/make-a-whiteboard-video	yuping/make-a-whiteboard-video	yuping	make-a-whiteboard-video	video	Q2	20241001	2024Q4	20.0	48	4.9
2	238	https://www.fiverr.com/mattdavies04/send-you-a-tutorial-video-for-how-to-play-any-song-on-guitar	mattdavies04/send-you-a-tutorial-video-for-how-to-play-any-song-on-guitar	mattdavies04	send-you-a-tutorial-video-for-how-to-play-any-song-on-guitar	video	Q3	20240101	2024Q1	25.0	230	5.0
2	239	https://www.fiverr.com/kaifmd70045/convert-image-to-animated-gif-and-video	kaifmd70045/convert-image-to-animated-gif-and-video	kaifmd70045	convert-image-to-animated-gif-and-video	video	Q4	20241005	2024Q4	20.0	648	4.9
2	240	https://www.fiverr.com/arikboas/create-engaging-animated-video-ads	arikboas/create-engaging-animated-video-ads	arikboas	create-engaging-animated-video-ads	video	Qna	20230409	2023Q2	3750.0		
2	241	https://www.fiverr.com/graphicwithlost/instagram-post-facebook-ad-creative-social-media-design-ad-image	graphicwithlost/instagram-post-facebook-ad-creative-social-media-design-ad-image	graphicwithlost	instagram-post-facebook-ad-creative-social-media-design-ad-image	writing	Q1	20260206	2026Q1	5.0	6	5.0
2	242	https://www.fiverr.com/abhishek007/come-up-with-unique-blog-post-idea	abhishek007/come-up-with-unique-blog-post-idea	abhishek007	come-up-with-unique-blog-post-idea	writing	Q2	20241002	2024Q4	50.0	53	5.0
2	243	https://www.fiverr.com/curiouswoman271/proofread-and-edit-your-ebook	curiouswoman271/proofread-and-edit-your-ebook	curiouswoman271	proofread-and-edit-your-ebook	writing	Q3	20241002	2024Q4	60.0	237	4.9
2	244	https://www.fiverr.com/jmartinezpaz/write-a-catchy-script-for-your-video	jmartinezpaz/write-a-catchy-script-for-your-video	jmartinezpaz	write-a-catchy-script-for-your-video	writing	Q4	20241002	2024Q4	30.0	434	5.0
2	245	https://www.fiverr.com/ads_expert62/setup-and-manage-facebook-ads-campaign-for-sales-and-leads-instagram-ads	ads_expert62/setup-and-manage-facebook-ads-campaign-for-sales-and-leads-instagram-ads	ads_expert62	setup-and-manage-facebook-ads-campaign-for-sales-and-leads-instagram-ads	writing	Qna	20250126	2025Q1	15.0		
2	246	https://www.fiverr.com/nelahvoice/be-your-audiobook-narrator	nelahvoice/be-your-audiobook-narrator	nelahvoice	be-your-audiobook-narrator	audio	Q1	20241004	2024Q4	100.0	6	4.8
2	247	https://www.fiverr.com/alauddin_25/promote-your-podcast-that-gets-listeners-and-downloads	alauddin_25/promote-your-podcast-that-gets-listeners-and-downloads	alauddin_25	promote-your-podcast-that-gets-listeners-and-downloads	audio	Q2	20241007	2024Q4	10.0	18	4.9
2	248	https://www.fiverr.com/officialarttv/rap-write-sing-feature-etc-on-beats	officialarttv/rap-write-sing-feature-etc-on-beats	officialarttv	rap-write-sing-feature-etc-on-beats	audio	Q3	20250227	2025Q1	120.0	225	5.0
2	249	https://www.fiverr.com/ardaerenn/make-your-friday-night-funkin-music	ardaerenn/make-your-friday-night-funkin-music	ardaerenn	make-your-friday-night-funkin-music	audio	Q4	20240414	2024Q2	15.0	268	5.0
2	250	https://www.fiverr.com/fashionconsult/life-coach-your-art-or-music-career	fashionconsult/life-coach-your-art-or-music-career	fashionconsult	life-coach-your-art-or-music-career	audio	Qna	20240401	2024Q2	100.0		
2	251	https://www.fiverr.com/csnet1/migrate-your-website-to-google-cloud	csnet1/migrate-your-website-to-google-cloud	csnet1	migrate-your-website-to-google-cloud	coding	Q1	20231104	2023Q4	600.0	2	5.0
2	252	https://www.fiverr.com/haninh2612/convert-point-cloud-to-revit-model-and-3d-cad-files	haninh2612/convert-point-cloud-to-revit-model-and-3d-cad-files	haninh2612	convert-point-cloud-to-revit-model-and-3d-cad-files	coding	Q2	20240112	2024Q1	200.0	32	4.8
2	253	https://www.fiverr.com/hazratali451/convert-figma-design-to-responsive-react-website-figma-to-react-bootstrap-b7ec	hazratali451/convert-figma-design-to-responsive-react-website-figma-to-react-bootstrap-b7ec	hazratali451	convert-figma-design-to-responsive-react-website-figma-to-react-bootstrap-b7ec	coding	Q3	20240721	2024Q3	50.0	209	5.0
2	254	https://www.fiverr.com/siatweb_035/ecommerce-website-online-store-wordpress-woocommerce-e-commerce-shop	siatweb_035/ecommerce-website-online-store-wordpress-woocommerce-e-commerce-shop	siatweb_035	ecommerce-website-online-store-wordpress-woocommerce-e-commerce-shop	coding	Q4	20240727	2024Q3	85.0	391	4.9
2	255	https://www.fiverr.com/farhingul/host-bulk-images-and-will-provide-url-in-excel	farhingul/host-bulk-images-and-will-provide-url-in-excel	farhingul	host-bulk-images-and-will-provide-url-in-excel	coding	Qna	20250104	2025Q1	50.0		
2	256	https://www.fiverr.com/lilly_lu/make-a-childrens-book-illustration	lilly_lu/make-a-childrens-book-illustration	lilly_lu	make-a-childrens-book-illustration	design	Q1	20230226	2023Q1	200.0	6	5.0
2	257	https://www.fiverr.com/seanviens/produce-beautiful-food-photography-for-your-brand-1214	seanviens/produce-beautiful-food-photography-for-your-brand-1214	seanviens	produce-beautiful-food-photography-for-your-brand-1214	design	Q2	20250227	2025Q1	250.0	35	5.0
2	258	https://www.fiverr.com/vcmxss/draw-cartoon-pixel-art-for-you	vcmxss/draw-cartoon-pixel-art-for-you	vcmxss	draw-cartoon-pixel-art-for-you	design	Q3	20251115	2025Q4	25.0	167	4.9
2	259	https://www.fiverr.com/john_siber/design-canva-powerpoint-ppt-presentation-slides-pitch-deck	john_siber/design-canva-powerpoint-ppt-presentation-slides-pitch-deck	john_siber	design-canva-powerpoint-ppt-presentation-slides-pitch-deck	design	Q4	20260109	2026Q1	70.0	1243	4.9
2	260	https://www.fiverr.com/designer__n/create-a-minimalist-t-shirt-design-and-a-unique-women-t-shirt	designer__n/create-a-minimalist-t-shirt-design-and-a-unique-women-t-shirt	designer__n	create-a-minimalist-t-shirt-design-and-a-unique-women-t-shirt	design	Qna	20250128	2025Q1	10.0		
2	261	https://www.fiverr.com/seoxperts1/create-and-optimize-your-tripadvisor-listing-for-top-seo-rankings	seoxperts1/create-and-optimize-your-tripadvisor-listing-for-top-seo-rankings	seoxperts1	create-and-optimize-your-tripadvisor-listing-for-top-seo-rankings	marketing	Q1	20240710	2024Q3	65.0	5	4.9
2	262	https://www.fiverr.com/kouroshppc/professionally-audit-your-google-ads-account-and-meet-you-to-review	kouroshppc/professionally-audit-your-google-ads-account-and-meet-you-to-review	kouroshppc	professionally-audit-your-google-ads-account-and-meet-you-to-review	marketing	Q2	20241006	2024Q4	100.0	55	5.0
2	263	https://www.fiverr.com/helenwakefield/create-your-social-media-content	helenwakefield/create-your-social-media-content	helenwakefield	create-your-social-media-content	marketing	Q3	20240701	2024Q3	70.0	179	5.0
2	264	https://www.fiverr.com/gal_designs/create-bulk-motivational-instagram-reels-or-youtube-shorts	gal_designs/create-bulk-motivational-instagram-reels-or-youtube-shorts	gal_designs	create-bulk-motivational-instagram-reels-or-youtube-shorts	marketing	Q4	20250731	2025Q3	40.0	1419	5.0
2	265	https://www.fiverr.com/rumeldas/do-instagram-marketing-for-you	rumeldas/do-instagram-marketing-for-you	rumeldas	do-instagram-marketing-for-you	marketing	Qna	20220718	2022Q3	20.0		
2	266	https://www.fiverr.com/wefixdesign/offer-asl-translation-services-for-any-content	wefixdesign/offer-asl-translation-services-for-any-content	wefixdesign	offer-asl-translation-services-for-any-content	translation	Q1	20241002	2024Q4	5.0	2	5.0
2	267	https://www.fiverr.com/snowflake48/transcribe-audio-or-video-transcript	snowflake48/transcribe-audio-or-video-transcript	snowflake48	transcribe-audio-or-video-transcript	translation	Q2	20230108	2023Q1	5.0	39	5.0
2	268	https://www.fiverr.com/maria_slm/do-english-to-russian-translation	maria_slm/do-english-to-russian-translation	maria_slm	do-english-to-russian-translation	translation	Q3	20240503	2024Q2	10.0	246	5.0
2	269	https://www.fiverr.com/ronknight/polish-your-40-minute-audio--2	ronknight/polish-your-40-minute-audio--2	ronknight	polish-your-40-minute-audio--2	translation	Q4	20231001	2023Q4	20.0	630	5.0
2	270	https://www.fiverr.com/jb_voice/give-you-a-professional-portuguese-voice-over	jb_voice/give-you-a-professional-portuguese-voice-over	jb_voice	give-you-a-professional-portuguese-voice-over	translation	Qna	20190315	2019Q1	15.0		
2	271	https://www.fiverr.com/gabrielguarniz/do-a-professional-showcase-video-of-any-geometry-dash-level	gabrielguarniz/do-a-professional-showcase-video-of-any-geometry-dash-level	gabrielguarniz	do-a-professional-showcase-video-of-any-geometry-dash-level	video	Q1	20231001	2023Q4	5.0	13	4.9
2	272	https://www.fiverr.com/pierreschiller/create-3d-vfx-characters-and-animation	pierreschiller/create-3d-vfx-characters-and-animation	pierreschiller	create-3d-vfx-characters-and-animation	video	Q2	20240611	2024Q2	920.0	47	5.0
2	273	https://www.fiverr.com/grantsvoice/create-user-generated-content-ugc-for-tiktoks-reels-ads-video-sales	grantsvoice/create-user-generated-content-ugc-for-tiktoks-reels-ads-video-sales	grantsvoice	create-user-generated-content-ugc-for-tiktoks-reels-ads-video-sales	video	Q3	20240701	2024Q3	85.0	165	5.0
2	274	https://www.fiverr.com/majiddeshmukh1/edit-videos-for-you	majiddeshmukh1/edit-videos-for-you	majiddeshmukh1	edit-videos-for-you	video	Q4	20241105	2024Q4	50.0	515	5.0
2	275	https://www.fiverr.com/hudanaminulloh/create-a-unique-lyric-video-for-your-band-or-artist	hudanaminulloh/create-a-unique-lyric-video-for-your-band-or-artist	hudanaminulloh	create-a-unique-lyric-video-for-your-band-or-artist	video	Qna	20250117	2025Q1	25.0		
2	276	https://www.fiverr.com/arestiar/edit-your-website-copy	arestiar/edit-your-website-copy	arestiar	edit-your-website-copy	writing	Q1	20220503	2022Q2	200.0	7	5.0
2	277	https://www.fiverr.com/letsdo1/create-a-great-wedding-speech-for-the-bridesmaid	letsdo1/create-a-great-wedding-speech-for-the-bridesmaid	letsdo1	create-a-great-wedding-speech-for-the-bridesmaid	writing	Q2	20241001	2024Q4	200.0	35	5.0
2	278	https://www.fiverr.com/freaksd/produce-and-edit-your-voice-demo-reel	freaksd/produce-and-edit-your-voice-demo-reel	freaksd	produce-and-edit-your-voice-demo-reel	writing	Q3	20240724	2024Q3	80.0	121	5.0
2	279	https://www.fiverr.com/littleredpen/edit-your-college-application-essay	littleredpen/edit-your-college-application-essay	littleredpen	edit-your-college-application-essay	writing	Q4	20240401	2024Q2	160.0	430	4.9
2	280	https://www.fiverr.com/texyletras/write-a-professional-resume-and-cover-letter	texyletras/write-a-professional-resume-and-cover-letter	texyletras	write-a-professional-resume-and-cover-letter	writing	Qna	20250114	2025Q1	25.0		
2	281	https://www.fiverr.com/jlfulks/give-your-song-a-professional-evaluation	jlfulks/give-your-song-a-professional-evaluation	jlfulks	give-your-song-a-professional-evaluation	audio	Q1	20240903	2024Q3	30.0	7	5.0
2	282	https://www.fiverr.com/nsmadsen/teach-you-music-production	nsmadsen/teach-you-music-production	nsmadsen	teach-you-music-production	audio	Q2	20240701	2024Q3	30.0	19	5.0
2	283	https://www.fiverr.com/decibel_db/mix-edit-cut-songs-or-music-tracks	decibel_db/mix-edit-cut-songs-or-music-tracks	decibel_db	mix-edit-cut-songs-or-music-tracks	audio	Q3	20241003	2024Q4	10.0	145	5.0
2	284	https://www.fiverr.com/troywhudson/produce-a-professional-american-male-voice-over	troywhudson/produce-a-professional-american-male-voice-over	troywhudson	produce-a-professional-american-male-voice-over	audio	Q4	20240325	2024Q1	50.0	2595	5.0
2	285	https://www.fiverr.com/swadhin_va/create-low-gas-nft-token-smart-contract-with-minting-dapp-or-website	swadhin_va/create-low-gas-nft-token-smart-contract-with-minting-dapp-or-website	swadhin_va	create-low-gas-nft-token-smart-contract-with-minting-dapp-or-website	coding	Q1	20240920	2024Q3	80.0	15	5.0
2	286	https://www.fiverr.com/sajjad_py/build-ai-chatbots-for-large-docs-using-langchain-gpt-and-pinecone	sajjad_py/build-ai-chatbots-for-large-docs-using-langchain-gpt-and-pinecone	sajjad_py	build-ai-chatbots-for-large-docs-using-langchain-gpt-and-pinecone	coding	Q2	20241002	2024Q4	300.0	25	5.0
2	287	https://www.fiverr.com/mohdminhajuddin/do-json-ld-schema-via-google-tag-manager-on-wordpress	mohdminhajuddin/do-json-ld-schema-via-google-tag-manager-on-wordpress	mohdminhajuddin	do-json-ld-schema-via-google-tag-manager-on-wordpress	coding	Q3	20220402	2022Q2	10.0	88	5.0
2	288	https://www.fiverr.com/syedarslan619/do-supper-fast-wordpress-speed-optimization	syedarslan619/do-supper-fast-wordpress-speed-optimization	syedarslan619	do-supper-fast-wordpress-speed-optimization	coding	Q4	20241001	2024Q4	35.0	957	5.0
2	289	https://www.fiverr.com/dharmaniapps07/develop-an-openai-or-chatgpt-app	dharmaniapps07/develop-an-openai-or-chatgpt-app	dharmaniapps07	develop-an-openai-or-chatgpt-app	coding	Qna	20260207	2026Q1	400.0		
2	290	https://www.fiverr.com/abrahamarchi/train-you-in-revit-architecture	abrahamarchi/train-you-in-revit-architecture	abrahamarchi	train-you-in-revit-architecture	design	Q1	20240622	2024Q2	1250.0	9	5.0
2	291	https://www.fiverr.com/umersiddique165/design-deep-reinforcement-learning-algorithms	umersiddique165/design-deep-reinforcement-learning-algorithms	umersiddique165	design-deep-reinforcement-learning-algorithms	design	Q2	20241002	2024Q4	500.0	62	5.0
2	292	https://www.fiverr.com/only1tuhin/create-a-wedding-or-event-invitation-under-24-hour	only1tuhin/create-a-wedding-or-event-invitation-under-24-hour	only1tuhin	create-a-wedding-or-event-invitation-under-24-hour	design	Q3	20220719	2022Q3	10.0	130	4.8
2	293	https://www.fiverr.com/amitsau65/do-jewelry-cad-design-for-3d-print-cam	amitsau65/do-jewelry-cad-design-for-3d-print-cam	amitsau65	do-jewelry-cad-design-for-3d-print-cam	design	Q4	20241002	2024Q4	30.0	523	5.0
2	294	https://www.fiverr.com/numeralstudio/we-will-desing-your-book-cover	numeralstudio/we-will-desing-your-book-cover	numeralstudio	we-will-desing-your-book-cover	design	Qna	20200703	2020Q3	800.0		
2	295	https://www.fiverr.com/fareedsiraj216/find-for-you-best-instagram-and-tiktok-influencer-lists	fareedsiraj216/find-for-you-best-instagram-and-tiktok-influencer-lists	fareedsiraj216	find-for-you-best-instagram-and-tiktok-influencer-lists	marketing	Q1	20231002	2023Q4	5.0	16	4.9
2	296	https://www.fiverr.com/rimzhakhalid/do-etsy-seo-to-rank-listing-on-first-page-and-boots-sales	rimzhakhalid/do-etsy-seo-to-rank-listing-on-first-page-and-boots-sales	rimzhakhalid	do-etsy-seo-to-rank-listing-on-first-page-and-boots-sales	marketing	Q2	20230402	2023Q2	5.0	47	5.0
2	297	https://www.fiverr.com/seomonster001/increase-domain-rating-dr-70-ahrefs-moz-authority-da-using-seo-backlinks-service	seomonster001/increase-domain-rating-dr-70-ahrefs-moz-authority-da-using-seo-backlinks-service	seomonster001	increase-domain-rating-dr-70-ahrefs-moz-authority-da-using-seo-backlinks-service	marketing	Q3	20251226	2025Q4	80.0	194	4.9
2	298	https://www.fiverr.com/ashlynn_seosol/do-high-quality-contextual-seo-dofollow-backlinks	ashlynn_seosol/do-high-quality-contextual-seo-dofollow-backlinks	ashlynn_seosol	do-high-quality-contextual-seo-dofollow-backlinks	marketing	Q4	20231106	2023Q4	5.0	286	4.9
2	299	https://www.fiverr.com/akmmahdi/elementor-website-elementor-pro-elementor-landing-landing-page-responsive-web	akmmahdi/elementor-website-elementor-pro-elementor-landing-landing-page-responsive-web	akmmahdi	elementor-website-elementor-pro-elementor-landing-landing-page-responsive-web	marketing	Qna	20220726	2022Q3	10.0		
2	300	https://www.fiverr.com/apmarket/set-up-google-ads-campaigns-adwords-bing-and-yandex-ppc-in-english-russian	apmarket/set-up-google-ads-campaigns-adwords-bing-and-yandex-ppc-in-english-russian	apmarket	set-up-google-ads-campaigns-adwords-bing-and-yandex-ppc-in-english-russian	translation	Q1	20251231	2025Q4	145.0	15	5.0
2	301	https://www.fiverr.com/roseangel1/give-you-turkish-lessons-learn-from-a-native	roseangel1/give-you-turkish-lessons-learn-from-a-native	roseangel1	give-you-turkish-lessons-learn-from-a-native	translation	Q2	20230402	2023Q2	10.0	52	5.0
2	302	https://www.fiverr.com/andresvargas/record-a-spanish-voice-over-with-a-latin-american-accent	andresvargas/record-a-spanish-voice-over-with-a-latin-american-accent	andresvargas	record-a-spanish-voice-over-with-a-latin-american-accent	translation	Q3	20230204	2023Q1	20.0	152	5.0
2	303	https://www.fiverr.com/leahli244/provide-professional-chinese-and-english-translation-service	leahli244/provide-professional-chinese-and-english-translation-service	leahli244	provide-professional-chinese-and-english-translation-service	translation	Q4	20241008	2024Q4	5.0	365	5.0
2	304	https://www.fiverr.com/sandrasacche530/a-professional-italian-female-voiceover	sandrasacche530/a-professional-italian-female-voiceover	sandrasacche530	a-professional-italian-female-voiceover	translation	Qna	20220102	2022Q1	5.0		
2	305	https://www.fiverr.com/re12nat/edit-after-effects-template-or-make-a-exclusive-animation	re12nat/edit-after-effects-template-or-make-a-exclusive-animation	re12nat	edit-after-effects-template-or-make-a-exclusive-animation	video	Q1	20241002	2024Q4	20.0	14	5.0
2	306	https://www.fiverr.com/creativecarlos/make-happy-real-estate-video-ads-home-selling	creativecarlos/make-happy-real-estate-video-ads-home-selling	creativecarlos	make-happy-real-estate-video-ads-home-selling	video	Q2	20240104	2024Q1	35.0	67	5.0
2	307	https://www.fiverr.com/dzekowave/create-a-tik-tok-dance-video-to-promote-your-music	dzekowave/create-a-tik-tok-dance-video-to-promote-your-music	dzekowave	create-a-tik-tok-dance-video-to-promote-your-music	video	Q3	20241001	2024Q4	20.0	224	5.0
2	308	https://www.fiverr.com/flexneff/make-fire-tik-tok-dance-video	flexneff/make-fire-tik-tok-dance-video	flexneff	make-fire-tik-tok-dance-video	video	Q4	20241001	2024Q4	15.0	578	4.9
2	309	https://www.fiverr.com/denkravets/create-engaging-instagram-video-ad	denkravets/create-engaging-instagram-video-ad	denkravets	create-engaging-instagram-video-ad	video	Qna	20230409	2023Q2	700.0		
2	310	https://www.fiverr.com/raniakalogirou/edit-and-rewrite-ai-generated-content	raniakalogirou/edit-and-rewrite-ai-generated-content	raniakalogirou	edit-and-rewrite-ai-generated-content	writing	Q1	20241001	2024Q4	30.0	13	5.0
2	311	https://www.fiverr.com/areatalent/optimize-your-linkedin-profile-to-get-you-noticed	areatalent/optimize-your-linkedin-profile-to-get-you-noticed	areatalent	optimize-your-linkedin-profile-to-get-you-noticed	writing	Q2	20241002	2024Q4	600.0	45	5.0
2	312	https://www.fiverr.com/merypink33/critique-and-help-edit-your-childrens-picture-book-text	merypink33/critique-and-help-edit-your-childrens-picture-book-text	merypink33	critique-and-help-edit-your-childrens-picture-book-text	writing	Q3	20240708	2024Q3	30.0	142	5.0
2	313	https://www.fiverr.com/bardos/create-and-optimize-your-facebook-ads	bardos/create-and-optimize-your-facebook-ads	bardos	create-and-optimize-your-facebook-ads	writing	Q4	20260131	2026Q1	395.0	466	4.9
2	314	https://www.fiverr.com/dhirajpakhrin/create-professional-music-in-beatboxing	dhirajpakhrin/create-professional-music-in-beatboxing	dhirajpakhrin	create-professional-music-in-beatboxing	audio	Q1	20240701	2024Q3	25.0	15	5.0
2	315	https://www.fiverr.com/patrikskoog/mix-and-or-master-your-music-professionally	patrikskoog/mix-and-or-master-your-music-professionally	patrikskoog	mix-and-or-master-your-music-professionally	audio	Q2	20231023	2023Q4	100.0	24	5.0
2	316	https://www.fiverr.com/elosllc/create-the-best-jingle-for-you	elosllc/create-the-best-jingle-for-you	elosllc	create-the-best-jingle-for-you	audio	Q3	20241003	2024Q4	75.0	146	5.0
2	317	https://www.fiverr.com/live562/submit-your-music-to-djs-and-radio-stations-worldwide	live562/submit-your-music-to-djs-and-radio-stations-worldwide	live562	submit-your-music-to-djs-and-radio-stations-worldwide	audio	Q4	20240816	2024Q3	55.0	257	5.0
2	318	https://www.fiverr.com/hazar232/upload-100-products-on-shopify-store	hazar232/upload-100-products-on-shopify-store	hazar232	upload-100-products-on-shopify-store	coding	Q1	20250804	2025Q3	10.0	14	4.7
2	319	https://www.fiverr.com/alisadiq99/do-computer-vision-deep-learning-and-image-processing-tasks-5e19	alisadiq99/do-computer-vision-deep-learning-and-image-processing-tasks-5e19	alisadiq99	do-computer-vision-deep-learning-and-image-processing-tasks-5e19	coding	Q2	20240706	2024Q3	500.0	68	4.9
2	320	https://www.fiverr.com/mehedi_binkarim/install-wordpress-theme-demo-import-and-setup-demo-content	mehedi_binkarim/install-wordpress-theme-demo-import-and-setup-demo-content	mehedi_binkarim	install-wordpress-theme-demo-import-and-setup-demo-content	coding	Q3	20191004	2019Q4	10.0	124	5.0
2	321	https://www.fiverr.com/haris619/convert-any-web-page-or-website-to-wordpress-elementor-pro-template	haris619/convert-any-web-page-or-website-to-wordpress-elementor-pro-template	haris619	convert-any-web-page-or-website-to-wordpress-elementor-pro-template	coding	Q4	20240708	2024Q3	80.0	366	5.0
2	322	https://www.fiverr.com/farhingul/download-bulk-pdf-files-from-url-link-in-excel-spreadsheet	farhingul/download-bulk-pdf-files-from-url-link-in-excel-spreadsheet	farhingul	download-bulk-pdf-files-from-url-link-in-excel-spreadsheet	coding	Qna	20250513	2025Q2	100.0		
2	323	https://www.fiverr.com/alex_gallego/paint-a-caricature-for-you	alex_gallego/paint-a-caricature-for-you	alex_gallego	paint-a-caricature-for-you	design	Q1	20220507	2022Q2	165.0	7	5.0
2	324	https://www.fiverr.com/xossdesigner/do-political-custom-unique-design-or-trendy-t-shirt-design	xossdesigner/do-political-custom-unique-design-or-trendy-t-shirt-design	xossdesigner	do-political-custom-unique-design-or-trendy-t-shirt-design	design	Q2	20250119	2025Q1	10.0	22	5.0
2	325	https://www.fiverr.com/maleehagfx/podcast-cover-art-design-podcast-logo-podcast-thumbnails	maleehagfx/podcast-cover-art-design-podcast-logo-podcast-thumbnails	maleehagfx	podcast-cover-art-design-podcast-logo-podcast-thumbnails	design	Q3	20240524	2024Q2	10.0	218	5.0
2	326	https://www.fiverr.com/manjindersingh9/design-a-professional-3d-mockup-for-your-product	manjindersingh9/design-a-professional-3d-mockup-for-your-product	manjindersingh9	design-a-professional-3d-mockup-for-your-product	design	Q4	20241003	2024Q4	70.0	1025	5.0
2	327	https://www.fiverr.com/inexoramedia/produce-a-short-commercial-video-for-your-brand	inexoramedia/produce-a-short-commercial-video-for-your-brand	inexoramedia	produce-a-short-commercial-video-for-your-brand	design	Qna	20230301	2023Q1	1500.0		
2	328	https://www.fiverr.com/shamworkspace/text-message-and-bulk-sms-marketing-to-the-phone-numbers-list-usa-uk-canada-5088	shamworkspace/text-message-and-bulk-sms-marketing-to-the-phone-numbers-list-usa-uk-canada-5088	shamworkspace	text-message-and-bulk-sms-marketing-to-the-phone-numbers-list-usa-uk-canada-5088	marketing	Q1	20231001	2023Q4	20.0	14	4.7
2	329	https://www.fiverr.com/scrptwriter/write-nba-basketball-youtube-scripts	scrptwriter/write-nba-basketball-youtube-scripts	scrptwriter	write-nba-basketball-youtube-scripts	marketing	Q2	20241001	2024Q4	10.0	58	5.0
2	330	https://www.fiverr.com/ashaa990/manually-create-53-pr9-da70-high-authority-seo-backlinks	ashaa990/manually-create-53-pr9-da70-high-authority-seo-backlinks	ashaa990	manually-create-53-pr9-da70-high-authority-seo-backlinks	marketing	Q3	20260116	2026Q1	5.0	186	4.9
2	331	https://www.fiverr.com/muneebse0/manage-pinterest-account-with-seo-optimized-pins-and-boards	muneebse0/manage-pinterest-account-with-seo-optimized-pins-and-boards	muneebse0	manage-pinterest-account-with-seo-optimized-pins-and-boards	marketing	Q4	20241001	2024Q4	40.0	532	4.9
2	332	https://www.fiverr.com/kissinglions/host-a-social-media-product-lounge-in-nyc	kissinglions/host-a-social-media-product-lounge-in-nyc	kissinglions	host-a-social-media-product-lounge-in-nyc	marketing	Qna	20231001	2023Q4	150.0		
2	333	https://www.fiverr.com/maximebellet504/create-the-best-google-ads-spanish-campaigns	maximebellet504/create-the-best-google-ads-spanish-campaigns	maximebellet504	create-the-best-google-ads-spanish-campaigns	translation	Q1	20221112	2022Q4	650.0	4	4.8
2	334	https://www.fiverr.com/camcomposer127/compose-arrange-or-transcribe-for-any-ensemble-and-instrument	camcomposer127/compose-arrange-or-transcribe-for-any-ensemble-and-instrument	camcomposer127	compose-arrange-or-transcribe-for-any-ensemble-and-instrument	translation	Q2	20240703	2024Q3	15.0	59	4.9
2	335	https://www.fiverr.com/mati_serafini/transcribe-any-music-you-want-from-audio-to-score	mati_serafini/transcribe-any-music-you-want-from-audio-to-score	mati_serafini	transcribe-any-music-you-want-from-audio-to-score	translation	Q3	20240908	2024Q3	10.0	96	5.0
2	336	https://www.fiverr.com/lauutremblay/translate-french-to-english-or-the-opposite	lauutremblay/translate-french-to-english-or-the-opposite	lauutremblay	translate-french-to-english-or-the-opposite	translation	Q4	20231224	2023Q4	5.0	523	4.9
2	337	https://www.fiverr.com/simoavolte/translate-600-words-from-italian-to-spanish-and-vice-versa	simoavolte/translate-600-words-from-italian-to-spanish-and-vice-versa	simoavolte	translate-600-words-from-italian-to-spanish-and-vice-versa	translation	Qna	20181103	2018Q4	5.0		
2	338	https://www.fiverr.com/syntaxcenter/animated-2d-explainer-video-for-your-business	syntaxcenter/animated-2d-explainer-video-for-your-business	syntaxcenter	animated-2d-explainer-video-for-your-business	video	Q1	20241001	2024Q4	605.0	8	5.0
2	339	https://www.fiverr.com/princefx007/do-video-cleanup-body-modification-object-removal	princefx007/do-video-cleanup-body-modification-object-removal	princefx007	do-video-cleanup-body-modification-object-removal	video	Q2	20240701	2024Q3	100.0	36	5.0
2	340	https://www.fiverr.com/abdsells247/edit-a-photo-or-video-that-u-can-use-as-a-reel-or-yt-shorts	abdsells247/edit-a-photo-or-video-that-u-can-use-as-a-reel-or-yt-shorts	abdsells247	edit-a-photo-or-video-that-u-can-use-as-a-reel-or-yt-shorts	video	Q3	20240101	2024Q1	25.0	201	4.9
2	341	https://www.fiverr.com/mhassansr/make-you-an-eye-catching-video	mhassansr/make-you-an-eye-catching-video	mhassansr	make-you-an-eye-catching-video	video	Q4	20241002	2024Q4	85.0	428	4.8
2	342	https://www.fiverr.com/kshamoly/do-best-youtube-video-seo-expert-optimization-and-channel-growth-manager	kshamoly/do-best-youtube-video-seo-expert-optimization-and-channel-growth-manager	kshamoly	do-best-youtube-video-seo-expert-optimization-and-channel-growth-manager	video	Qna	20250120	2025Q1	15.0		
2	343	https://www.fiverr.com/nahidhasan_rony/create-golden-particle-award-promo-or-trailer-video	nahidhasan_rony/create-golden-particle-award-promo-or-trailer-video	nahidhasan_rony	create-golden-particle-award-promo-or-trailer-video	writing	Q1	20250127	2025Q1	10.0	1	5.0
2	344	https://www.fiverr.com/artofgiuseppe/create-stunning-images-from-your-ideas-storyboard-and-illustrations	artofgiuseppe/create-stunning-images-from-your-ideas-storyboard-and-illustrations	artofgiuseppe	create-stunning-images-from-your-ideas-storyboard-and-illustrations	writing	Q2	20241009	2024Q4	100.0	63	5.0
2	345	https://www.fiverr.com/shahidul1986/photo-editing-cut-out-image-white-and-transparent-background	shahidul1986/photo-editing-cut-out-image-white-and-transparent-background	shahidul1986	photo-editing-cut-out-image-white-and-transparent-background	writing	Q3	20241110	2024Q4	5.0	153	5.0
2	346	https://www.fiverr.com/writeralways16/be-your-christian-editor-and-proofreader	writeralways16/be-your-christian-editor-and-proofreader	writeralways16	be-your-christian-editor-and-proofreader	writing	Q4	20241002	2024Q4	350.0	947	4.9
2	347	https://www.fiverr.com/ethospro/compose-and-produce-relaxing-meditation-soothing-music	ethospro/compose-and-produce-relaxing-meditation-soothing-music	ethospro	compose-and-produce-relaxing-meditation-soothing-music	audio	Q1	20241008	2024Q4	85.0	3	4.9
2	348	https://www.fiverr.com/emymusic/be-your-professional-singer-for-your-song	emymusic/be-your-professional-singer-for-your-song	emymusic	be-your-professional-singer-for-your-song	audio	Q2	20190107	2019Q1	25.0	54	5.0
2	349	https://www.fiverr.com/nairobyreyes/record-a-professional-female-voice-over-for-you	nairobyreyes/record-a-professional-female-voice-over-for-you	nairobyreyes	record-a-professional-female-voice-over-for-you	audio	Q3	20231008	2023Q4	5.0	74	5.0
2	350	https://www.fiverr.com/songnet/record-a-professional-voiceover	songnet/record-a-professional-voiceover	songnet	record-a-professional-voiceover	audio	Q4	20220705	2022Q3	40.0	4351	5.0
2	351	https://www.fiverr.com/anikamin/create-realistic-3d-model-and-render-of-plastic-bottle-jar-for-amazon	anikamin/create-realistic-3d-model-and-render-of-plastic-bottle-jar-for-amazon	anikamin	create-realistic-3d-model-and-render-of-plastic-bottle-jar-for-amazon	coding	Q1	20251228	2025Q4	35.0	8	4.7
2	352	https://www.fiverr.com/hipinspire/create-wordpress-landing-page-design-html-unbounce	hipinspire/create-wordpress-landing-page-design-html-unbounce	hipinspire	create-wordpress-landing-page-design-html-unbounce	coding	Q2	20250129	2025Q1	100.0	43	5.0
2	353	https://www.fiverr.com/lucian_wixpro/create-crypto-token-or-meme-website-design-crypto-website	lucian_wixpro/create-crypto-token-or-meme-website-design-crypto-website	lucian_wixpro	create-crypto-token-or-meme-website-design-crypto-website	coding	Q3	20241211	2024Q4	150.0	249	5.0
2	354	https://www.fiverr.com/jlrgallegos/deliver-amazon-kdp-book-description-in-html	jlrgallegos/deliver-amazon-kdp-book-description-in-html	jlrgallegos	deliver-amazon-kdp-book-description-in-html	coding	Q4	20241001	2024Q4	25.0	300	5.0
2	355	https://www.fiverr.com/devcoreweb/develop-your-php-laravel-site-and-fix-any-bugs	devcoreweb/develop-your-php-laravel-site-and-fix-any-bugs	devcoreweb	develop-your-php-laravel-site-and-fix-any-bugs	coding	Qna	20250131	2025Q1	30.0		
2	356	https://www.fiverr.com/foundrydesigns/professional-visual-identity-design-for-small-to-large-scale-businesses	foundrydesigns/professional-visual-identity-design-for-small-to-large-scale-businesses	foundrydesigns	professional-visual-identity-design-for-small-to-large-scale-businesses	design	Q1	20240829	2024Q3	850.0	9	5.0
2	357	https://www.fiverr.com/fahiemstudio15/be-your-professional-graphic-designer	fahiemstudio15/be-your-professional-graphic-designer	fahiemstudio15	be-your-professional-graphic-designer	design	Q2	20250814	2025Q3	50.0	66	4.8
2	358	https://www.fiverr.com/najibfatikhun/create-minimalist-vector-illustration	najibfatikhun/create-minimalist-vector-illustration	najibfatikhun	create-minimalist-vector-illustration	design	Q3	20250426	2025Q2	5.0	196	5.0
2	359	https://www.fiverr.com/arzoonaaz/make-custom-mlb-parody-logo-for-embroidery-world-series-all-star-game-nba	arzoonaaz/make-custom-mlb-parody-logo-for-embroidery-world-series-all-star-game-nba	arzoonaaz	make-custom-mlb-parody-logo-for-embroidery-world-series-all-star-game-nba	design	Q4	20260209	2026Q1	20.0	301	5.0
2	360	https://www.fiverr.com/sohelrana404/create-a-minimalist-logo-design-for-your-business	sohelrana404/create-a-minimalist-logo-design-for-your-business	sohelrana404	create-a-minimalist-logo-design-for-your-business	design	Qna	20250426	2025Q2	10.0		
2	361	https://www.fiverr.com/tonmoyr/best-youtube-influencer-research-for-influencer-marketing	tonmoyr/best-youtube-influencer-research-for-influencer-marketing	tonmoyr	best-youtube-influencer-research-for-influencer-marketing	marketing	Q1	20240831	2024Q3	10.0	10	5.0
2	362	https://www.fiverr.com/michaelbawol/setup-your-google-ads-campaigns	michaelbawol/setup-your-google-ads-campaigns	michaelbawol	setup-your-google-ads-campaigns	marketing	Q2	20230203	2023Q1	250.0	45	5.0
2	363	https://www.fiverr.com/ahmedtahir00/rank-your-website-in-google-and-boost-your-website-seo-xpert	ahmedtahir00/rank-your-website-in-google-and-boost-your-website-seo-xpert	ahmedtahir00	rank-your-website-in-google-and-boost-your-website-seo-xpert	marketing	Q3	20220810	2022Q3	25.0	176	5.0
2	364	https://www.fiverr.com/khzahid75/manually-create-200-point-google-map-listing-aaa-seo	khzahid75/manually-create-200-point-google-map-listing-aaa-seo	khzahid75	manually-create-200-point-google-map-listing-aaa-seo	marketing	Q4	20241003	2024Q4	10.0	1136	5.0
2	365	https://www.fiverr.com/marketingstud/provide-paid-marketing-for-google-and-major-social-networks	marketingstud/provide-paid-marketing-for-google-and-major-social-networks	marketingstud	provide-paid-marketing-for-google-and-major-social-networks	marketing	Qna	20221031	2022Q4	495.0		
2	366	https://www.fiverr.com/webycent/be-your-french-or-english-community-manager	webycent/be-your-french-or-english-community-manager	webycent	be-your-french-or-english-community-manager	translation	Q1	20231001	2023Q4	285.0	13	4.9
2	367	https://www.fiverr.com/ethanyuu/create-a-japanese-2d-anime-style-animation-for-you-79e3	ethanyuu/create-a-japanese-2d-anime-style-animation-for-you-79e3	ethanyuu	create-a-japanese-2d-anime-style-animation-for-you-79e3	translation	Q2	20240714	2024Q3	350.0	41	5.0
2	368	https://www.fiverr.com/solangeriff/learn-spanish-with-a-native-speaker	solangeriff/learn-spanish-with-a-native-speaker	solangeriff	learn-spanish-with-a-native-speaker	translation	Q3	20240705	2024Q3	10.0	135	5.0
2	369	https://www.fiverr.com/pisethz/translate-english-to-khmer	pisethz/translate-english-to-khmer	pisethz	translate-english-to-khmer	translation	Q4	20240728	2024Q3	5.0	342	4.9
2	370	https://www.fiverr.com/seospc/create-relevant-seo-backlinks-for-dutch-websites	seospc/create-relevant-seo-backlinks-for-dutch-websites	seospc	create-relevant-seo-backlinks-for-dutch-websites	translation	Qna	20220103	2022Q1	25.0		
2	371	https://www.fiverr.com/annievolk/do-professional-photo-and-video-with-models-in-nyc	annievolk/do-professional-photo-and-video-with-models-in-nyc	annievolk	do-professional-photo-and-video-with-models-in-nyc	video	Q1	20240829	2024Q3	500.0	8	5.0
2	372	https://www.fiverr.com/diazgogeta/find-pictures-video-and-edit-it-as-you-want	diazgogeta/find-pictures-video-and-edit-it-as-you-want	diazgogeta	find-pictures-video-and-edit-it-as-you-want	video	Q2	20230720	2023Q3	5.0	27	4.5
2	373	https://www.fiverr.com/anita_ani/create-and-upload-30-peaceful-baby-sleep-videos	anita_ani/create-and-upload-30-peaceful-baby-sleep-videos	anita_ani	create-and-upload-30-peaceful-baby-sleep-videos	video	Q3	20241002	2024Q4	40.0	147	5.0
2	374	https://www.fiverr.com/tehseen_khan/make-top-10-ranking-videos	tehseen_khan/make-top-10-ranking-videos	tehseen_khan	make-top-10-ranking-videos	video	Q4	20221001	2022Q4	10.0	294	4.9
2	375	https://www.fiverr.com/modjostudios/clean-up-objects-or-imperfections-in-your-video	modjostudios/clean-up-objects-or-imperfections-in-your-video	modjostudios	clean-up-objects-or-imperfections-in-your-video	video	Qna	20240402	2024Q2	300.0		
2	376	https://www.fiverr.com/bkille/write-a-radio-commercial-for-you	bkille/write-a-radio-commercial-for-you	bkille	write-a-radio-commercial-for-you	writing	Q1	20241001	2024Q4	125.0	13	5.0
2	377	https://www.fiverr.com/ninajuils/write-exceptional-creative-content-and-ghost-write-your-idea	ninajuils/write-exceptional-creative-content-and-ghost-write-your-idea	ninajuils	write-exceptional-creative-content-and-ghost-write-your-idea	writing	Q2	20241001	2024Q4	45.0	66	4.9
2	378	https://www.fiverr.com/vaschelsea/create-a-facebook-cover-video	vaschelsea/create-a-facebook-cover-video	vaschelsea	create-a-facebook-cover-video	writing	Q3	20240827	2024Q3	250.0	106	5.0
2	379	https://www.fiverr.com/jei_ret/design-high-quality-creatives-for-facebook-ads	jei_ret/design-high-quality-creatives-for-facebook-ads	jei_ret	design-high-quality-creatives-for-facebook-ads	writing	Q4	20250809	2025Q3	15.0	438	4.8
2	380	https://www.fiverr.com/santiago_parias/give-you-private-composition-lessons	santiago_parias/give-you-private-composition-lessons	santiago_parias	give-you-private-composition-lessons	audio	Q1	20240701	2024Q3	10.0	4	1.7
2	381	https://www.fiverr.com/andrealoesch/speak-voice-overs-for-you	andrealoesch/speak-voice-overs-for-you	andrealoesch	speak-voice-overs-for-you	audio	Q2	20201030	2020Q4	15.0	47	5.0
2	382	https://www.fiverr.com/erusha/record-custom-voice-for-your-car-twitch-producer-beat-tags	erusha/record-custom-voice-for-your-car-twitch-producer-beat-tags	erusha	record-custom-voice-for-your-car-twitch-producer-beat-tags	audio	Q3	20240402	2024Q2	15.0	87	4.9
2	383	https://www.fiverr.com/koruru528/make-a-cute-or-emotional-edm-song-for-you	koruru528/make-a-cute-or-emotional-edm-song-for-you	koruru528	make-a-cute-or-emotional-edm-song-for-you	audio	Q4	20240713	2024Q3	25.0	297	5.0
2	384	https://www.fiverr.com/salmansofficial/fix-and-develop-website-using-php-yii-yii2	salmansofficial/fix-and-develop-website-using-php-yii-yii2	salmansofficial	fix-and-develop-website-using-php-yii-yii2	coding	Q1	20190223	2019Q1	10.0	16	4.9
2	385	https://www.fiverr.com/videomaker0/create-an-amazing-ico-or-cryptocurrency-promo-video	videomaker0/create-an-amazing-ico-or-cryptocurrency-promo-video	videomaker0	create-an-amazing-ico-or-cryptocurrency-promo-video	coding	Q2	20241005	2024Q4	50.0	61	5.0
2	386	https://www.fiverr.com/nauman440/build-a-clean-shopify-dropshipping-store-shopify-website	nauman440/build-a-clean-shopify-dropshipping-store-shopify-website	nauman440	build-a-clean-shopify-dropshipping-store-shopify-website	coding	Q3	20240701	2024Q3	205.0	96	4.9
2	387	https://www.fiverr.com/beendi/do-youtube-seo-for-rapid-ranking-to-boost-views	beendi/do-youtube-seo-for-rapid-ranking-to-boost-views	beendi	do-youtube-seo-for-rapid-ranking-to-boost-views	coding	Q4	20241002	2024Q4	30.0	1404	4.9
2	388	https://www.fiverr.com/kawsherali/build-revamp-clone-landing-page-redesign-wordpress-woocommerce-website-elementor	kawsherali/build-revamp-clone-landing-page-redesign-wordpress-woocommerce-website-elementor	kawsherali	build-revamp-clone-landing-page-redesign-wordpress-woocommerce-website-elementor	coding	Qna	20250811	2025Q3	25.0		
2	389	https://www.fiverr.com/alyyamada/help-you-become-a-better-ux-writer	alyyamada/help-you-become-a-better-ux-writer	alyyamada	help-you-become-a-better-ux-writer	design	Q1	20241002	2024Q4	100.0	1	5.0
2	390	https://www.fiverr.com/pesan_j/design-your-studio-and-consult-in-room-acoustic-treatment	pesan_j/design-your-studio-and-consult-in-room-acoustic-treatment	pesan_j	design-your-studio-and-consult-in-room-acoustic-treatment	design	Q2	20241002	2024Q4	80.0	22	5.0
2	391	https://www.fiverr.com/designsk007/design-eye-catching-stationary-with-business-card-letterhead-and-logo	designsk007/design-eye-catching-stationary-with-business-card-letterhead-and-logo	designsk007	design-eye-catching-stationary-with-business-card-letterhead-and-logo	design	Q3	20210103	2021Q1	10.0	181	4.8
2	392	https://www.fiverr.com/mehshan/be-your-professional-graphic-designer	mehshan/be-your-professional-graphic-designer	mehshan	be-your-professional-graphic-designer	design	Q4	20250116	2025Q1	20.0	3237	4.9
2	393	https://www.fiverr.com/ink_theory/create-unique-3d-low-poly-illustrations	ink_theory/create-unique-3d-low-poly-illustrations	ink_theory	create-unique-3d-low-poly-illustrations	design	Qna	20221004	2022Q4	1000.0		
2	394	https://www.fiverr.com/tigranmirzoy376/do-360-degrees-in-depth-seo-audit	tigranmirzoy376/do-360-degrees-in-depth-seo-audit	tigranmirzoy376	do-360-degrees-in-depth-seo-audit	marketing	Q1	20230407	2023Q2	300.0	4	4.9
2	395	https://www.fiverr.com/nikolavinci/give-promotion-shoutout-on-160k-fashion-instagram-page	nikolavinci/give-promotion-shoutout-on-160k-fashion-instagram-page	nikolavinci	give-promotion-shoutout-on-160k-fashion-instagram-page	marketing	Q2	20210701	2021Q3	5.0	40	4.7
2	396	https://www.fiverr.com/arfahussain913/setup-and-manage-amazon-ppc-campaigns-amazon-sponsored-ads	arfahussain913/setup-and-manage-amazon-ppc-campaigns-amazon-sponsored-ads	arfahussain913	setup-and-manage-amazon-ppc-campaigns-amazon-sponsored-ads	marketing	Q3	20240910	2024Q3	55.0	245	5.0
2	397	https://www.fiverr.com/taimoorali146/create-high-conversion-flows-in-klaviyo	taimoorali146/create-high-conversion-flows-in-klaviyo	taimoorali146	create-high-conversion-flows-in-klaviyo	marketing	Q4	20250126	2025Q1	50.0	1010	4.9
2	398	https://www.fiverr.com/faaiz_farooqui/unleash-your-success-on-tiktok-shop-setup-management-and-growth	faaiz_farooqui/unleash-your-success-on-tiktok-shop-setup-management-and-growth	faaiz_farooqui	unleash-your-success-on-tiktok-shop-setup-management-and-growth	marketing	Qna	20240407	2024Q2	50.0		
2	399	https://www.fiverr.com/tinabarbieri/interpret-simultaneously-between-french-english-italian-spanish	tinabarbieri/interpret-simultaneously-between-french-english-italian-spanish	tinabarbieri	interpret-simultaneously-between-french-english-italian-spanish	translation	Q1	20241002	2024Q4	90.0	5	4.9
2	400	https://www.fiverr.com/yumikod/do-japanese-video-subtitles-transcription-and-translation	yumikod/do-japanese-video-subtitles-transcription-and-translation	yumikod	do-japanese-video-subtitles-transcription-and-translation	translation	Q2	20220609	2022Q2	10.0	40	4.9
2	401	https://www.fiverr.com/mansvoice/produce-a-male-german-voice-over-in-a-deep-voice	mansvoice/produce-a-male-german-voice-over-in-a-deep-voice	mansvoice	produce-a-male-german-voice-over-in-a-deep-voice	translation	Q3	20241001	2024Q4	5.0	100	5.0
2	402	https://www.fiverr.com/chatbotsmaster/natively-translate-english-to-polish	chatbotsmaster/natively-translate-english-to-polish	chatbotsmaster	natively-translate-english-to-polish	translation	Q4	20220701	2022Q3	10.0	409	5.0
2	403	https://www.fiverr.com/keyanna79/teach-you-german-in-person-or-via-zoom	keyanna79/teach-you-german-in-person-or-via-zoom	keyanna79	teach-you-german-in-person-or-via-zoom	translation	Qna	20211003	2021Q4	15.0		
2	404	https://www.fiverr.com/alexmitar/create-high-quality-app-commercials-and-promotional-videos	alexmitar/create-high-quality-app-commercials-and-promotional-videos	alexmitar	create-high-quality-app-commercials-and-promotional-videos	video	Q1	20251103	2025Q4	1015.0	5	5.0
2	405	https://www.fiverr.com/rjli134/retouch-beauty-video-for-you	rjli134/retouch-beauty-video-for-you	rjli134	retouch-beauty-video-for-you	video	Q2	20241001	2024Q4	15.0	58	4.9
2	406	https://www.fiverr.com/alehlag/create-ugc-videos-for-tiktok-instagram-reels	alehlag/create-ugc-videos-for-tiktok-instagram-reels	alehlag	create-ugc-videos-for-tiktok-instagram-reels	video	Q3	20240728	2024Q3	50.0	78	5.0
2	407	https://www.fiverr.com/umair_673/create-srt-file-for-your-videos	umair_673/create-srt-file-for-your-videos	umair_673	create-srt-file-for-your-videos	video	Q4	20241003	2024Q4	5.0	923	5.0
2	408	https://www.fiverr.com/urpromovids/make-stunning-custom-made-explainer-video	urpromovids/make-stunning-custom-made-explainer-video	urpromovids	make-stunning-custom-made-explainer-video	video	Qna	20190111	2019Q1	50.0		
2	409	https://www.fiverr.com/sharonthony/recommend-how-your-business-can-be-successful-on-facebook	sharonthony/recommend-how-your-business-can-be-successful-on-facebook	sharonthony	recommend-how-your-business-can-be-successful-on-facebook	writing	Q1	20230113	2023Q1	300.0	8	5.0
2	410	https://www.fiverr.com/nukhbazain/craft-your-brand-mission-vision-statement-and-brand-story	nukhbazain/craft-your-brand-mission-vision-statement-and-brand-story	nukhbazain	craft-your-brand-mission-vision-statement-and-brand-story	writing	Q2	20241002	2024Q4	200.0	64	4.9
2	411	https://www.fiverr.com/natmatt500/storyboard-your-animation-film-game-etc	natmatt500/storyboard-your-animation-film-game-etc	natmatt500	storyboard-your-animation-film-game-etc	writing	Q3	20241009	2024Q4	100.0	100	5.0
2	412	https://www.fiverr.com/juancarlosln/write-your-artist-bio-and-or-press-release	juancarlosln/write-your-artist-bio-and-or-press-release	juancarlosln	write-your-artist-bio-and-or-press-release	writing	Q4	20241006	2024Q4	10.0	1385	4.9
2	413	https://www.fiverr.com/lukas_h7/create-full-custom-song-for-birthday-wedding-proposal-etc	lukas_h7/create-full-custom-song-for-birthday-wedding-proposal-etc	lukas_h7	create-full-custom-song-for-birthday-wedding-proposal-etc	audio	Q1	20241003	2024Q4	60.0	9	4.9
2	414	https://www.fiverr.com/travisholmes573/promote-any-song-and-genre-on-iheartradio-during-podcast	travisholmes573/promote-any-song-and-genre-on-iheartradio-during-podcast	travisholmes573	promote-any-song-and-genre-on-iheartradio-during-podcast	audio	Q2	20220401	2022Q2	70.0	46	5.0
2	415	https://www.fiverr.com/stratsound/record-powerful-emotional-male-vocals-for-your-song	stratsound/record-powerful-emotional-male-vocals-for-your-song	stratsound	record-powerful-emotional-male-vocals-for-your-song	audio	Q3	20240701	2024Q3	30.0	100	5.0
2	416	https://www.fiverr.com/taramurray/professionally-record-an-irish-female-voice-over-in-24-hours	taramurray/professionally-record-an-irish-female-voice-over-in-24-hours	taramurray	professionally-record-an-irish-female-voice-over-in-24-hours	audio	Q4	20240903	2024Q3	20.0	617	5.0
2	417	https://www.fiverr.com/sissiwedgwood/create-a-wix-ecommerce-website	sissiwedgwood/create-a-wix-ecommerce-website	sissiwedgwood	create-a-wix-ecommerce-website	coding	Q1	20221016	2022Q4	2000.0	3	4.6
2	418	https://www.fiverr.com/johnaniht/develop-data-science-web-application-dashboards-with-dash-flask-or-streamlit	johnaniht/develop-data-science-web-application-dashboards-with-dash-flask-or-streamlit	johnaniht	develop-data-science-web-application-dashboards-with-dash-flask-or-streamlit	coding	Q2	20250816	2025Q3	800.0	28	5.0
2	419	https://www.fiverr.com/tycoonsol/do-advanced-shopify-speed-optimization-to-speed-up-website	tycoonsol/do-advanced-shopify-speed-optimization-to-speed-up-website	tycoonsol	do-advanced-shopify-speed-optimization-to-speed-up-website	coding	Q3	20240401	2024Q2	50.0	134	5.0
2	420	https://www.fiverr.com/nftpros/create-characters-for-1k-5k-10k-nft-art-collection	nftpros/create-characters-for-1k-5k-10k-nft-art-collection	nftpros	create-characters-for-1k-5k-10k-nft-art-collection	coding	Q4	20251128	2025Q4	70.0	441	5.0
2	421	https://www.fiverr.com/amitojduple/be-your-expert-full-stack-web-developer-with-mern-stack	amitojduple/be-your-expert-full-stack-web-developer-with-mern-stack	amitojduple	be-your-expert-full-stack-web-developer-with-mern-stack	coding	Qna	20250126	2025Q1	1000.0		
2	422	https://www.fiverr.com/odysseus_m/design-your-professional-business-card-and-stationary	odysseus_m/design-your-professional-business-card-and-stationary	odysseus_m	design-your-professional-business-card-and-stationary	design	Q1	20220624	2022Q2	260.0	2	5.0
2	423	https://www.fiverr.com/skatufa/application-packaging-deployment-using-sccm-intune-powershell-winget	skatufa/application-packaging-deployment-using-sccm-intune-powershell-winget	skatufa	application-packaging-deployment-using-sccm-intune-powershell-winget	design	Q2	20250227	2025Q1	100.0	53	5.0
2	424	https://www.fiverr.com/juliyat676427/do-product-packaging-design-for-you	juliyat676427/do-product-packaging-design-for-you	juliyat676427	do-product-packaging-design-for-you	design	Q3	20250122	2025Q1	35.0	132	4.6
2	425	https://www.fiverr.com/jojagfx/design-stunning-youtube-banner	jojagfx/design-stunning-youtube-banner	jojagfx	design-stunning-youtube-banner	design	Q4	20250725	2025Q3	35.0	1588	4.9
2	426	https://www.fiverr.com/nidarizi/create-a-unique-modern-minimal-logo-design	nidarizi/create-a-unique-modern-minimal-logo-design	nidarizi	create-a-unique-modern-minimal-logo-design	design	Qna	20250118	2025Q1	10.0		
2	427	https://www.fiverr.com/digitaldasher/setup-optimize-and-manage-amazon-sponsored-ppc-campaigns	digitaldasher/setup-optimize-and-manage-amazon-sponsored-ppc-campaigns	digitaldasher	setup-optimize-and-manage-amazon-sponsored-ppc-campaigns	marketing	Q1	20211024	2021Q4	150.0	4	5.0
2	428	https://www.fiverr.com/seounique2/seo-audit-on-page-optimization-to-boost-google-ranking	seounique2/seo-audit-on-page-optimization-to-boost-google-ranking	seounique2	seo-audit-on-page-optimization-to-boost-google-ranking	marketing	Q2	20201001	2020Q4	40.0	22	4.9
2	429	https://www.fiverr.com/indondesign/create-brb-offline-starting-soon-screen-for-twitch-or-youtube	indondesign/create-brb-offline-starting-soon-screen-for-twitch-or-youtube	indondesign	create-brb-offline-starting-soon-screen-for-twitch-or-youtube	marketing	Q3	20230113	2023Q1	10.0	105	4.9
2	430	https://www.fiverr.com/idealisticseo/do-monthly-off-page-seo-service-by-white-hat-high-authority-dofollow-backlinks	idealisticseo/do-monthly-off-page-seo-service-by-white-hat-high-authority-dofollow-backlinks	idealisticseo	do-monthly-off-page-seo-service-by-white-hat-high-authority-dofollow-backlinks	marketing	Q4	20260112	2026Q1	45.0	417	4.9
2	431	https://www.fiverr.com/shirelyon/do-professional-in-depth-google-ads-account-audit	shirelyon/do-professional-in-depth-google-ads-account-audit	shirelyon	do-professional-in-depth-google-ads-account-audit	marketing	Qna	20230412	2023Q2	100.0		
2	432	https://www.fiverr.com/saadali0900/provide-guest-posting-services-on-russian-german-and-poland-sites	saadali0900/provide-guest-posting-services-on-russian-german-and-poland-sites	saadali0900	provide-guest-posting-services-on-russian-german-and-poland-sites	translation	Q1	20221222	2022Q4	55.0	3	5.0
2	433	https://www.fiverr.com/rutviksharmars/professionally-translate-english-to-guajarati-and-hindi	rutviksharmars/professionally-translate-english-to-guajarati-and-hindi	rutviksharmars	professionally-translate-english-to-guajarati-and-hindi	translation	Q2	20231009	2023Q4	5.0	54	5.0
2	434	https://www.fiverr.com/evanthel/translate-your-text-ultra-fast	evanthel/translate-your-text-ultra-fast	evanthel	translate-your-text-ultra-fast	translation	Q3	20231211	2023Q4	20.0	107	5.0
2	435	https://www.fiverr.com/andycancun/record-your-200-word-male-spanish-voiceover-narration	andycancun/record-your-200-word-male-spanish-voiceover-narration	andycancun	record-your-200-word-male-spanish-voiceover-narration	translation	Q4	20240522	2024Q2	15.0	1001	5.0
2	436	https://www.fiverr.com/as3893/transcribe-your-audio-video-podcasts	as3893/transcribe-your-audio-video-podcasts	as3893	transcribe-your-audio-video-podcasts	translation	Qna	20211030	2021Q4	5.0		
2	437	https://www.fiverr.com/zamanmahbub/3d-render-youtube-video-backdrop-interior-scene-greenscreen	zamanmahbub/3d-render-youtube-video-backdrop-interior-scene-greenscreen	zamanmahbub	3d-render-youtube-video-backdrop-interior-scene-greenscreen	video	Q1	20231023	2023Q4	65.0	14	5.0
2	438	https://www.fiverr.com/charlieatom/make-a-professional-cinematic-soundtrack	charlieatom/make-a-professional-cinematic-soundtrack	charlieatom	make-a-professional-cinematic-soundtrack	video	Q2	20241001	2024Q4	195.0	34	5.0
2	439	https://www.fiverr.com/karam10/do-visual-effects-for-films-music-videos-tv-commercial	karam10/do-visual-effects-for-films-music-videos-tv-commercial	karam10	do-visual-effects-for-films-music-videos-tv-commercial	video	Q3	20241113	2024Q4	250.0	142	4.7
2	440	https://www.fiverr.com/sardar_pk/do-trendy-website-promotion-video-in-24-hours	sardar_pk/do-trendy-website-promotion-video-in-24-hours	sardar_pk	do-trendy-website-promotion-video-in-24-hours	video	Q4	20230417	2023Q2	75.0	398	4.9
2	441	https://www.fiverr.com/wizard_of_oz/develop-a-video-game	wizard_of_oz/develop-a-video-game	wizard_of_oz	develop-a-video-game	video	Qna	20220422	2022Q2	3500.0		
2	442	https://www.fiverr.com/krdunning/fully-manage-your-travel-blog	krdunning/fully-manage-your-travel-blog	krdunning	fully-manage-your-travel-blog	writing	Q1	20230211	2023Q1	1500.0	5	5.0
2	443	https://www.fiverr.com/coachdio/write-an-detailed-review-of-your-song-or-album	coachdio/write-an-detailed-review-of-your-song-or-album	coachdio	write-an-detailed-review-of-your-song-or-album	writing	Q2	20240717	2024Q3	10.0	33	4.9
2	444	https://www.fiverr.com/kburakata/draw-storyboards-for-your-projects	kburakata/draw-storyboards-for-your-projects	kburakata	draw-storyboards-for-your-projects	writing	Q3	20241009	2024Q4	10.0	223	4.9
2	445	https://www.fiverr.com/rizvi_tasnimul/create-full-wordpress-website-design-build-blog-business-website-astra-elementor	rizvi_tasnimul/create-full-wordpress-website-design-build-blog-business-website-astra-elementor	rizvi_tasnimul	create-full-wordpress-website-design-build-blog-business-website-astra-elementor	writing	Q4	20250426	2025Q2	125.0	883	4.9
2	446	https://www.fiverr.com/yourimagingguy/be-your-voiceover-pro-to-make-you-sound-like-a-million-bucks	yourimagingguy/be-your-voiceover-pro-to-make-you-sound-like-a-million-bucks	yourimagingguy	be-your-voiceover-pro-to-make-you-sound-like-a-million-bucks	audio	Q1	20200102	2020Q1	10.0	13	5.0
2	447	https://www.fiverr.com/creative0002/produce-original-meditation-music-with-solfeggio-and-binaural-for-monetization	creative0002/produce-original-meditation-music-with-solfeggio-and-binaural-for-monetization	creative0002	produce-original-meditation-music-with-solfeggio-and-binaural-for-monetization	audio	Q2	20240101	2024Q1	10.0	46	4.9
2	448	https://www.fiverr.com/synchro_wolf/record-the-perfect-voice-over-for-your-project	synchro_wolf/record-the-perfect-voice-over-for-your-project	synchro_wolf	record-the-perfect-voice-over-for-your-project	audio	Q3	20240401	2024Q2	10.0	157	5.0
2	449	https://www.fiverr.com/bomboclapmov/master-your-hip-hop-or-trap-music-in-24-hours	bomboclapmov/master-your-hip-hop-or-trap-music-in-24-hours	bomboclapmov	master-your-hip-hop-or-trap-music-in-24-hours	audio	Q4	20241003	2024Q4	100.0	887	5.0
2	450	https://www.fiverr.com/annikaanna/design-a-stunning-squarespace-website-or-landing-page-836d	annikaanna/design-a-stunning-squarespace-website-or-landing-page-836d	annikaanna	design-a-stunning-squarespace-website-or-landing-page-836d	coding	Q1	20200110	2020Q1	5.0	10	4.8
2	451	https://www.fiverr.com/ayasin221b/integrate-smart-contracts-to-your-react-dapp	ayasin221b/integrate-smart-contracts-to-your-react-dapp	ayasin221b	integrate-smart-contracts-to-your-react-dapp	coding	Q2	20241106	2024Q4	400.0	58	5.0
2	452	https://www.fiverr.com/dev_salamsheikh/be-your-frontend-web-developer-do-frontend-development-react-html-css-bootstrap	dev_salamsheikh/be-your-frontend-web-developer-do-frontend-development-react-html-css-bootstrap	dev_salamsheikh	be-your-frontend-web-developer-do-frontend-development-react-html-css-bootstrap	coding	Q3	20240709	2024Q3	80.0	241	5.0
2	453	https://www.fiverr.com/lucassobrinho/create-30k-per-month-one-product-shopify-store	lucassobrinho/create-30k-per-month-one-product-shopify-store	lucassobrinho	create-30k-per-month-one-product-shopify-store	coding	Q4	20250514	2025Q2	120.0	2502	4.9
2	454	https://www.fiverr.com/jogodish_barman/do-shopify-speed-optimization-to-reduce-bounce-rate	jogodish_barman/do-shopify-speed-optimization-to-reduce-bounce-rate	jogodish_barman	do-shopify-speed-optimization-to-reduce-bounce-rate	coding	Qna	20250427	2025Q2	30.0		
2	455	https://www.fiverr.com/clemesimo/be-your-product-design-consultant	clemesimo/be-your-product-design-consultant	clemesimo	be-your-product-design-consultant	design	Q1	20200720	2020Q3	250.0	1	5.0
2	456	https://www.fiverr.com/dianeth/design-your-professional-stationery	dianeth/design-your-professional-stationery	dianeth	design-your-professional-stationery	design	Q2	20220911	2022Q3	250.0	42	5.0
2	457	https://www.fiverr.com/sharifulrana45/design-all-type-of-funnels-and-website-using-builderall-9a3fd8bd-a253-4889-8602-810ec369fc76	sharifulrana45/design-all-type-of-funnels-and-website-using-builderall-9a3fd8bd-a253-4889-8602-810ec369fc76	sharifulrana45	design-all-type-of-funnels-and-website-using-builderall-9a3fd8bd-a253-4889-8602-810ec369fc76	design	Q3	20230131	2023Q1	80.0	194	5.0
2	458	https://www.fiverr.com/graphics_core24/design-amazing-youtube-thumbnails	graphics_core24/design-amazing-youtube-thumbnails	graphics_core24	design-amazing-youtube-thumbnails	design	Q4	20251220	2025Q4	5.0	545	5.0
2	459	https://www.fiverr.com/jassjamiul1/do-minimalist-trendy-unique-best-quality-logo-design	jassjamiul1/do-minimalist-trendy-unique-best-quality-logo-design	jassjamiul1	do-minimalist-trendy-unique-best-quality-logo-design	design	Qna	20250119	2025Q1	25.0		
2	460	https://www.fiverr.com/top_pagerank/help-rank-on-google-with-high-authority-mix-of-seo-backlinks	top_pagerank/help-rank-on-google-with-high-authority-mix-of-seo-backlinks	top_pagerank	help-rank-on-google-with-high-authority-mix-of-seo-backlinks	marketing	Q1	20250117	2025Q1	5.0	1	5.0
2	461	https://www.fiverr.com/holly_michael/provide-content-marketing-strategy-advice	holly_michael/provide-content-marketing-strategy-advice	holly_michael	provide-content-marketing-strategy-advice	marketing	Q2	20241005	2024Q4	100.0	30	5.0
2	462	https://www.fiverr.com/naggasaki/setup-google-analytics-and-tag-manager	naggasaki/setup-google-analytics-and-tag-manager	naggasaki	setup-google-analytics-and-tag-manager	marketing	Q3	20240211	2024Q1	100.0	86	5.0
2	463	https://www.fiverr.com/stelanssm/create-your-social-media-accounts-and-manage-them	stelanssm/create-your-social-media-accounts-and-manage-them	stelanssm	create-your-social-media-accounts-and-manage-them	marketing	Q4	20260115	2026Q1	200.0	613	5.0
2	464	https://www.fiverr.com/offerdispose/do-professional-seo-keyword-research-for-your-website	offerdispose/do-professional-seo-keyword-research-for-your-website	offerdispose	do-professional-seo-keyword-research-for-your-website	marketing	Qna	20230131	2023Q1	100.0		
2	465	https://www.fiverr.com/magz170409/create-srt-files-for-your-chinese-audio-or-video	magz170409/create-srt-files-for-your-chinese-audio-or-video	magz170409	create-srt-files-for-your-chinese-audio-or-video	translation	Q1	20220711	2022Q3	5.0	5	5.0
2	466	https://www.fiverr.com/vaneadzz537/create-an-amazing-ugc-video-in-spanish-for-tiktok-social-media	vaneadzz537/create-an-amazing-ugc-video-in-spanish-for-tiktok-social-media	vaneadzz537	create-an-amazing-ugc-video-in-spanish-for-tiktok-social-media	translation	Q2	20241002	2024Q4	50.0	31	4.9
2	467	https://www.fiverr.com/iamdiegodelfino/rec-italian-voice-over	iamdiegodelfino/rec-italian-voice-over	iamdiegodelfino	rec-italian-voice-over	translation	Q3	20240702	2024Q3	20.0	121	5.0
2	468	https://www.fiverr.com/nicolevalentin/record-your-voicemail-and-ivr-prompts-in-english-and-spanish	nicolevalentin/record-your-voicemail-and-ivr-prompts-in-english-and-spanish	nicolevalentin	record-your-voicemail-and-ivr-prompts-in-english-and-spanish	translation	Q4	20240313	2024Q1	35.0	266	5.0
2	469	https://www.fiverr.com/wizdigi/promote-netherlands-seo-with-top-news-websites-netherlands-dutch-backlinks	wizdigi/promote-netherlands-seo-with-top-news-websites-netherlands-dutch-backlinks	wizdigi	promote-netherlands-seo-with-top-news-websites-netherlands-dutch-backlinks	translation	Qna	20220404	2022Q2	35.0		
2	470	https://www.fiverr.com/viocreatevfx/generate-your-video-crowdfunding-or-kickstarter-campaign	viocreatevfx/generate-your-video-crowdfunding-or-kickstarter-campaign	viocreatevfx	generate-your-video-crowdfunding-or-kickstarter-campaign	video	Q1	20241002	2024Q4	300.0	10	5.0
2	471	https://www.fiverr.com/julianbuitragog/do-sound-fx-foley-mix-dialogue-edit-for-your-video-1313	julianbuitragog/do-sound-fx-foley-mix-dialogue-edit-for-your-video-1313	julianbuitragog	do-sound-fx-foley-mix-dialogue-edit-for-your-video-1313	video	Q2	20240701	2024Q3	120.0	24	4.6
2	472	https://www.fiverr.com/mikevann/vertical-tiktok-style-ugc-video-ad	mikevann/vertical-tiktok-style-ugc-video-ad	mikevann	vertical-tiktok-style-ugc-video-ad	video	Q3	20260128	2026Q1	250.0	123	4.9
2	473	https://www.fiverr.com/graphicsplayer/create-a-professional-whiteboard-animation-video	graphicsplayer/create-a-professional-whiteboard-animation-video	graphicsplayer	create-a-professional-whiteboard-animation-video	video	Q4	20241001	2024Q4	60.0	1736	4.9
2	474	https://www.fiverr.com/graphicsqueens/create-warehouse-logistics-advertiser-truck-van-promo-video	graphicsqueens/create-warehouse-logistics-advertiser-truck-van-promo-video	graphicsqueens	create-warehouse-logistics-advertiser-truck-van-promo-video	video	Qna	20251217	2025Q4	10.0		
2	475	https://www.fiverr.com/ramimdesign/design-brochure-booklet-whitepaper-annual-business-report	ramimdesign/design-brochure-booklet-whitepaper-annual-business-report	ramimdesign	design-brochure-booklet-whitepaper-annual-business-report	writing	Q1	20260207	2026Q1	90.0	5	4.9
2	476	https://www.fiverr.com/hanannasir1/do-professional-video-editing	hanannasir1/do-professional-video-editing	hanannasir1	do-professional-video-editing	writing	Q2	20240723	2024Q3	5.0	66	4.9
2	477	https://www.fiverr.com/tme2012/write-a-book-or-ebook-for-you-up-to-10k-words-long	tme2012/write-a-book-or-ebook-for-you-up-to-10k-words-long	tme2012	write-a-book-or-ebook-for-you-up-to-10k-words-long	writing	Q3	20241001	2024Q4	900.0	247	4.7
2	478	https://www.fiverr.com/micheleaust/accurately-proofread-and-edit-up-to-3000-words	micheleaust/accurately-proofread-and-edit-up-to-3000-words	micheleaust	accurately-proofread-and-edit-up-to-3000-words	writing	Q4	20210701	2021Q3	5.0	4130	5.0
2	479	https://www.fiverr.com/shorttonpro/compose-music-to-picture	shorttonpro/compose-music-to-picture	shorttonpro	compose-music-to-picture	audio	Q1	20200125	2020Q1	300.0	8	5.0
2	480	https://www.fiverr.com/facuplacona/orchestration-for-your-song	facuplacona/orchestration-for-your-song	facuplacona	orchestration-for-your-song	audio	Q2	20240701	2024Q3	80.0	59	5.0
2	481	https://www.fiverr.com/boor_metal/compose-and-produce-a-rock-or-metal-song-for-you	boor_metal/compose-and-produce-a-rock-or-metal-song-for-you	boor_metal	compose-and-produce-a-rock-or-metal-song-for-you	audio	Q3	20200101	2020Q1	185.0	93	5.0
2	482	https://www.fiverr.com/kokonin1990/make-awesome-nursery-song-with-your-lyrics	kokonin1990/make-awesome-nursery-song-with-your-lyrics	kokonin1990	make-awesome-nursery-song-with-your-lyrics	audio	Q4	20240123	2024Q1	55.0	297	5.0
2	483	https://www.fiverr.com/qrcodemakerr/create-custom-dynamic-qr-code-design-with-logo-by-qrcodemakerr	qrcodemakerr/create-custom-dynamic-qr-code-design-with-logo-by-qrcodemakerr	qrcodemakerr	create-custom-dynamic-qr-code-design-with-logo-by-qrcodemakerr	coding	Q1	20251128	2025Q4	5.0	12	5.0
2	484	https://www.fiverr.com/resitavt91/create-a-secure-nft-discord-server-within-24-hours	resitavt91/create-a-secure-nft-discord-server-within-24-hours	resitavt91	create-a-secure-nft-discord-server-within-24-hours	coding	Q2	20231001	2023Q4	20.0	64	5.0
2	485	https://www.fiverr.com/ahtashampasha/mobile-app-development-building-mobile-app-ios-and-android	ahtashampasha/mobile-app-development-building-mobile-app-ios-and-android	ahtashampasha	mobile-app-development-building-mobile-app-ios-and-android	coding	Q3	20250124	2025Q1	110.0	143	5.0
2	486	https://www.fiverr.com/botechcode/teach-python-beginner-to-advanced	botechcode/teach-python-beginner-to-advanced	botechcode	teach-python-beginner-to-advanced	coding	Q4	20250227	2025Q1	30.0	299	5.0
2	487	https://www.fiverr.com/rasel3465/convert-psd-xd-figma-sketch-to-html-css-bootstrap	rasel3465/convert-psd-xd-figma-sketch-to-html-css-bootstrap	rasel3465	convert-psd-xd-figma-sketch-to-html-css-bootstrap	coding	Qna	20220720	2022Q3	10.0		
2	488	https://www.fiverr.com/misbah_bd/design-technology-logo-for-you-business	misbah_bd/design-technology-logo-for-you-business	misbah_bd	design-technology-logo-for-you-business	design	Q1	20250807	2025Q3	5.0	7	4.4
2	489	https://www.fiverr.com/designerheather/design-your-roller-banners	designerheather/design-your-roller-banners	designerheather	design-your-roller-banners	design	Q2	20241107	2024Q4	250.0	68	4.9
2	490	https://www.fiverr.com/samer_taha/convert-powerpoint-slides-to-4k-video-with-audio-narration	samer_taha/convert-powerpoint-slides-to-4k-video-with-audio-narration	samer_taha	convert-powerpoint-slides-to-4k-video-with-audio-narration	design	Q3	20241002	2024Q4	15.0	81	5.0
2	491	https://www.fiverr.com/inobrand/do-professional-package-designs	inobrand/do-professional-package-designs	inobrand	do-professional-package-designs	design	Q4	20241005	2024Q4	20.0	695	4.9
2	492	https://www.fiverr.com/creative_afroza/do-design-food-drink-juice-cafe-restaurant-fast-food-logo	creative_afroza/do-design-food-drink-juice-cafe-restaurant-fast-food-logo	creative_afroza	do-design-food-drink-juice-cafe-restaurant-fast-food-logo	design	Qna	20250427	2025Q2	15.0		
2	493	https://www.fiverr.com/darladenton/review-your-entire-youtube-channel	darladenton/review-your-entire-youtube-channel	darladenton	review-your-entire-youtube-channel	marketing	Q1	20241001	2024Q4	60.0	4	5.0
2	494	https://www.fiverr.com/htmlhasan/make-live-25-uk-citations-for-local-ranking-seo	htmlhasan/make-live-25-uk-citations-for-local-ranking-seo	htmlhasan	make-live-25-uk-citations-for-local-ranking-seo	marketing	Q2	20240101	2024Q1	5.0	40	4.9
2	495	https://www.fiverr.com/webmarketexpert/do-fashion-business-shoutout-on-1-million-instagram-pages	webmarketexpert/do-fashion-business-shoutout-on-1-million-instagram-pages	webmarketexpert	do-fashion-business-shoutout-on-1-million-instagram-pages	marketing	Q3	20200126	2020Q1	40.0	183	4.7
2	496	https://www.fiverr.com/arditaardi/set-up-and-optimize-your-pinterest-profile-boards-and-pins	arditaardi/set-up-and-optimize-your-pinterest-profile-boards-and-pins	arditaardi	set-up-and-optimize-your-pinterest-profile-boards-and-pins	marketing	Q4	20260115	2026Q1	60.0	610	4.9
2	497	https://www.fiverr.com/celebmarketing/help-you-make-sure-your-marketing-and-communications-is-sec-compliant	celebmarketing/help-you-make-sure-your-marketing-and-communications-is-sec-compliant	celebmarketing	help-you-make-sure-your-marketing-and-communications-is-sec-compliant	marketing	Qna	20241003	2024Q4	3000.0		
2	498	https://www.fiverr.com/nonihal_shah1/film-a-travel-video-in-the-himalayas-karakorum-hindukush	nonihal_shah1/film-a-travel-video-in-the-himalayas-karakorum-hindukush	nonihal_shah1	film-a-travel-video-in-the-himalayas-karakorum-hindukush	translation	Q1	20231014	2023Q4	30.0	1	5.0
2	499	https://www.fiverr.com/a_alfakharany/translate-1000-words-from-english-to-arabic	a_alfakharany/translate-1000-words-from-english-to-arabic	a_alfakharany	translate-1000-words-from-english-to-arabic	translation	Q2	20200419	2020Q2	10.0	48	5.0
2	500	https://www.fiverr.com/gilleslauchet/translate-from-dutch-to-english-and-vice-versa	gilleslauchet/translate-from-dutch-to-english-and-vice-versa	gilleslauchet	translate-from-dutch-to-english-and-vice-versa	translation	Q3	20231001	2023Q4	10.0	143	4.9
2	501	https://www.fiverr.com/madeleine01/transcribe-up-to-15-minutes-of-audio-or-video	madeleine01/transcribe-up-to-15-minutes-of-audio-or-video	madeleine01	transcribe-up-to-15-minutes-of-audio-or-video	translation	Q4	20250513	2025Q2	5.0	2351	5.0
2	502	https://www.fiverr.com/promomakerr/screencast-website-app-screen-recording-explainer-video	promomakerr/screencast-website-app-screen-recording-explainer-video	promomakerr	screencast-website-app-screen-recording-explainer-video	video	Q1	20240101	2024Q1	35.0	7	5.0
2	503	https://www.fiverr.com/facuguitar/record-a-guitar-video-lesson-for-any-song	facuguitar/record-a-guitar-video-lesson-for-any-song	facuguitar	record-a-guitar-video-lesson-for-any-song	video	Q2	20240724	2024Q3	40.0	58	5.0
2	504	https://www.fiverr.com/daniyalriaz618/professional-gameplay-videos-on-ultra-set-fps-to-upload-without-copyright-issues	daniyalriaz618/professional-gameplay-videos-on-ultra-set-fps-to-upload-without-copyright-issues	daniyalriaz618	professional-gameplay-videos-on-ultra-set-fps-to-upload-without-copyright-issues	video	Q3	20240613	2024Q2	5.0	97	5.0
2	505	https://www.fiverr.com/alliemadison12/be-your-video-spokesperson	alliemadison12/be-your-video-spokesperson	alliemadison12	be-your-video-spokesperson	video	Q4	20240101	2024Q1	70.0	2286	5.0
2	506	https://www.fiverr.com/tarafoss/proofread-and-edit-your-business-documents-and-reports	tarafoss/proofread-and-edit-your-business-documents-and-reports	tarafoss	proofread-and-edit-your-business-documents-and-reports	writing	Q1	20200112	2020Q1	100.0	7	5.0
2	507	https://www.fiverr.com/farhanali97/offer-my-skills-in-game-art-ui-uxphoto-video-editinggui	farhanali97/offer-my-skills-in-game-art-ui-uxphoto-video-editinggui	farhanali97	offer-my-skills-in-game-art-ui-uxphoto-video-editinggui	writing	Q2	20200401	2020Q2	35.0	21	4.9
2	508	https://www.fiverr.com/gurulaura/write-legal-document-writing-contract	gurulaura/write-legal-document-writing-contract	gurulaura	write-legal-document-writing-contract	writing	Q3	20220707	2022Q3	100.0	144	4.9
2	509	https://www.fiverr.com/zaafirbaig/do-kindle-formatting-ebook-book-formatting-and-layout-design-for-kdp	zaafirbaig/do-kindle-formatting-ebook-book-formatting-and-layout-design-for-kdp	zaafirbaig	do-kindle-formatting-ebook-book-formatting-and-layout-design-for-kdp	writing	Q4	20250903	2025Q3	45.0	507	5.0
2	510	https://www.fiverr.com/diegolicata01/critique-your-music-and-give-you-constructive-criticism	diegolicata01/critique-your-music-and-give-you-constructive-criticism	diegolicata01	critique-your-music-and-give-you-constructive-criticism	audio	Q1	20240701	2024Q3	10.0	6	5.0
2	511	https://www.fiverr.com/radiostreamlive/play-your-love-song-on-radio-love-live	radiostreamlive/play-your-love-song-on-radio-love-live	radiostreamlive	play-your-love-song-on-radio-love-live	audio	Q2	20220430	2022Q2	55.0	61	5.0
2	512	https://www.fiverr.com/bammypro/produce-your-custom-afrobeat-afropop-african-music-beats	bammypro/produce-your-custom-afrobeat-afropop-african-music-beats	bammypro	produce-your-custom-afrobeat-afropop-african-music-beats	audio	Q3	20240701	2024Q3	25.0	239	4.9
2	513	https://www.fiverr.com/markwilliams12/master-your-song-with-analog-gear-in-24-hours	markwilliams12/master-your-song-with-analog-gear-in-24-hours	markwilliams12	master-your-song-with-analog-gear-in-24-hours	audio	Q4	20241003	2024Q4	10.0	1032	4.9
2	514	https://www.fiverr.com/andreschaller/conduct-a-security-code-review	andreschaller/conduct-a-security-code-review	andreschaller	conduct-a-security-code-review	coding	Q1	20231116	2023Q4	1500.0	1	5.0
2	515	https://www.fiverr.com/shaikhshahbaaz/do-anything-for-you-from-mumbai-india	shaikhshahbaaz/do-anything-for-you-from-mumbai-india	shaikhshahbaaz	do-anything-for-you-from-mumbai-india	coding	Q2	20241222	2024Q4	10.0	61	5.0
2	516	https://www.fiverr.com/madilyani/costum-landing-page-with-html-css-bootstrap	madilyani/costum-landing-page-with-html-css-bootstrap	madilyani	costum-landing-page-with-html-css-bootstrap	coding	Q3	20240113	2024Q1	60.0	113	5.0
2	517	https://www.fiverr.com/fawazshakil123/fix-wordpress-errors	fawazshakil123/fix-wordpress-errors	fawazshakil123	fix-wordpress-errors	coding	Q4	20241001	2024Q4	15.0	1700	5.0
2	518	https://www.fiverr.com/jobair_security/do-wix-website-design-wix-website-redesign-wix-landing-page-wix-website	jobair_security/do-wix-website-design-wix-website-redesign-wix-landing-page-wix-website	jobair_security	do-wix-website-design-wix-website-redesign-wix-landing-page-wix-website	coding	Qna	20250113	2025Q1	25.0		
2	519	https://www.fiverr.com/graphicsqueens/create-3d-logo-animation-intro-video	graphicsqueens/create-3d-logo-animation-intro-video	graphicsqueens	create-3d-logo-animation-intro-video	design	Q1	20260103	2026Q1	5.0	14	4.8
2	520	https://www.fiverr.com/bananodromo/create-a-fun-creative-cute-illustration-for-a-tee	bananodromo/create-a-fun-creative-cute-illustration-for-a-tee	bananodromo	create-a-fun-creative-cute-illustration-for-a-tee	design	Q2	20240829	2024Q3	750.0	59	4.9
2	521	https://www.fiverr.com/anacollection/design-swimwear-cad-illustrations-and-tech-packs	anacollection/design-swimwear-cad-illustrations-and-tech-packs	anacollection	design-swimwear-cad-illustrations-and-tech-packs	design	Q3	20260211	2026Q1	45.0	145	4.9
2	522	https://www.fiverr.com/champi99/design-packaging-box-and-gift-box	champi99/design-packaging-box-and-gift-box	champi99	design-packaging-box-and-gift-box	design	Q4	20240703	2024Q3	100.0	1610	5.0
2	523	https://www.fiverr.com/numeralstudio/design-a-professional-menu-for-you	numeralstudio/design-a-professional-menu-for-you	numeralstudio	design-a-professional-menu-for-you	design	Qna	20201119	2020Q4	600.0		
2	524	https://www.fiverr.com/blashton/teach-you-google-ads-one-on-one	blashton/teach-you-google-ads-one-on-one	blashton	teach-you-google-ads-one-on-one	marketing	Q1	20241006	2024Q4	125.0	14	5.0
2	525	https://www.fiverr.com/thefactomike/give-you-a-60-min-seo-consultation-call	thefactomike/give-you-a-60-min-seo-consultation-call	thefactomike	give-you-a-60-min-seo-consultation-call	marketing	Q2	20240602	2024Q2	300.0	68	5.0
2	526	https://www.fiverr.com/seobyt/provide-high-authority-white-hat-dofollow-seo-backlinks-service	seobyt/provide-high-authority-white-hat-dofollow-seo-backlinks-service	seobyt	provide-high-authority-white-hat-dofollow-seo-backlinks-service	marketing	Q3	20250116	2025Q1	70.0	85	4.9
2	527	https://www.fiverr.com/gopo2k/build-20-premium-dofollow-seo-backlinks	gopo2k/build-20-premium-dofollow-seo-backlinks	gopo2k	build-20-premium-dofollow-seo-backlinks	marketing	Q4	20200206	2020Q1	25.0	562	4.9
2	528	https://www.fiverr.com/bestever777/upload-seo-optimized-amazon-listings-with-keywords	bestever777/upload-seo-optimized-amazon-listings-with-keywords	bestever777	upload-seo-optimized-amazon-listings-with-keywords	marketing	Qna	20230423	2023Q2	5.0		
2	529	https://www.fiverr.com/janijanele/translate-any-text-from-english-into-german	janijanele/translate-any-text-from-english-into-german	janijanele	translate-any-text-from-english-into-german	translation	Q1	20200203	2020Q1	5.0	15	5.0
2	530	https://www.fiverr.com/sandertax/do-dutch-vat-return-and-accounting-and-annual-accounts	sandertax/do-dutch-vat-return-and-accounting-and-annual-accounts	sandertax	do-dutch-vat-return-and-accounting-and-annual-accounts	translation	Q2	20241001	2024Q4	70.0	24	5.0
2	531	https://www.fiverr.com/estefania_diazk/translate-your-conversations-from-spanish-to-english-simultaneously-live	estefania_diazk/translate-your-conversations-from-spanish-to-english-simultaneously-live	estefania_diazk	translate-your-conversations-from-spanish-to-english-simultaneously-live	translation	Q3	20250117	2025Q1	5.0	101	5.0
2	532	https://www.fiverr.com/maranthony/translate-english-into-filipino-or-tagalog-and-vice-versa	maranthony/translate-english-into-filipino-or-tagalog-and-vice-versa	maranthony	translate-english-into-filipino-or-tagalog-and-vice-versa	translation	Q4	20240101	2024Q1	10.0	288	5.0
2	533	https://www.fiverr.com/neonlk/create-a-perfect-commercial-video-for-your-business	neonlk/create-a-perfect-commercial-video-for-your-business	neonlk	create-a-perfect-commercial-video-for-your-business	video	Q1	20240101	2024Q1	20.0	12	5.0
2	534	https://www.fiverr.com/multimediaone/make-a-video-trailer-for-a-board-games-tabletop-cards	multimediaone/make-a-video-trailer-for-a-board-games-tabletop-cards	multimediaone	make-a-video-trailer-for-a-board-games-tabletop-cards	video	Q2	20241002	2024Q4	700.0	30	4.7
2	535	https://www.fiverr.com/taimurkhan516/do-vfx-compositing-special-effects-for-your-videos-and-films	taimurkhan516/do-vfx-compositing-special-effects-for-your-videos-and-films	taimurkhan516	do-vfx-compositing-special-effects-for-your-videos-and-films	video	Q3	20241002	2024Q4	5.0	228	4.9
2	536	https://www.fiverr.com/slsyntax/make-creative-stop-motion-animation-video-for-you	slsyntax/make-creative-stop-motion-animation-video-for-you	slsyntax	make-creative-stop-motion-animation-video-for-you	video	Q4	20241002	2024Q4	10.0	325	4.9
2	537	https://www.fiverr.com/vidsexpert/teach-you-camtasia-video-editing-and-camtasia-training	vidsexpert/teach-you-camtasia-video-editing-and-camtasia-training	vidsexpert	teach-you-camtasia-video-editing-and-camtasia-training	writing	Q1	20241001	2024Q4	30.0	16	5.0
2	538	https://www.fiverr.com/egjones/craft-you-inspirational-wellness-articles-and-blog-posts	egjones/craft-you-inspirational-wellness-articles-and-blog-posts	egjones	craft-you-inspirational-wellness-articles-and-blog-posts	writing	Q2	20240701	2024Q3	100.0	29	5.0
2	539	https://www.fiverr.com/webeffective/write-an-investor-or-loan-winning-business-plan	webeffective/write-an-investor-or-loan-winning-business-plan	webeffective	write-an-investor-or-loan-winning-business-plan	writing	Q3	20220112	2022Q1	100.0	91	4.9
2	540	https://www.fiverr.com/shahanaz1998/do-high-end-jewelry-retouch-in-photoshop-editing-c2da	shahanaz1998/do-high-end-jewelry-retouch-in-photoshop-editing-c2da	shahanaz1998	do-high-end-jewelry-retouch-in-photoshop-editing-c2da	writing	Q4	20241001	2024Q4	5.0	343	5.0
2	541	https://www.fiverr.com/slowverbedmusic/do-vocal-mixing-mastering-like-underground-rappers	slowverbedmusic/do-vocal-mixing-mastering-like-underground-rappers	slowverbedmusic	do-vocal-mixing-mastering-like-underground-rappers	audio	Q1	20240701	2024Q3	10.0	1	5.0
2	542	https://www.fiverr.com/micolebeats/produce-custom-afrobeat-afro-pop-dance-hall-for-you	micolebeats/produce-custom-afrobeat-afro-pop-dance-hall-for-you	micolebeats	produce-custom-afrobeat-afro-pop-dance-hall-for-you	audio	Q2	20220421	2022Q2	50.0	21	4.9
2	543	https://www.fiverr.com/evgen_zoidze/record-vocals-for-your-metal-or-rock-songs	evgen_zoidze/record-vocals-for-your-metal-or-rock-songs	evgen_zoidze	record-vocals-for-your-metal-or-rock-songs	audio	Q3	20200602	2020Q2	25.0	86	5.0
2	544	https://www.fiverr.com/brandonmccaskil/record-adult-male-voice-over	brandonmccaskil/record-adult-male-voice-over	brandonmccaskil	record-adult-male-voice-over	audio	Q4	20240702	2024Q3	40.0	290	5.0
2	545	https://www.fiverr.com/ryancanadadev/create-openai-or-chatgpt-or-machine-learning-model-for-you	ryancanadadev/create-openai-or-chatgpt-or-machine-learning-model-for-you	ryancanadadev	create-openai-or-chatgpt-or-machine-learning-model-for-you	coding	Q1	20240917	2024Q3	950.0	16	5.0
2	546	https://www.fiverr.com/talhaa_rao/be-your-cloud-engineer-for-aws-azure-and-gcp	talhaa_rao/be-your-cloud-engineer-for-aws-azure-and-gcp	talhaa_rao	be-your-cloud-engineer-for-aws-azure-and-gcp	coding	Q2	20250227	2025Q1	50.0	31	5.0
2	547	https://www.fiverr.com/jasoncrowe/create-custom-python-program	jasoncrowe/create-custom-python-program	jasoncrowe	create-custom-python-program	coding	Q3	20241001	2024Q4	500.0	157	5.0
2	548	https://www.fiverr.com/mrexcel_/develop-excel-macros-complex-formulas-and-pivot-tables	mrexcel_/develop-excel-macros-complex-formulas-and-pivot-tables	mrexcel_	develop-excel-macros-complex-formulas-and-pivot-tables	coding	Q4	20240722	2024Q3	50.0	576	5.0
2	549	https://www.fiverr.com/arjunkamra_xyz/convert-html-to-wordpress	arjunkamra_xyz/convert-html-to-wordpress	arjunkamra_xyz	convert-html-to-wordpress	coding	Qna	20250803	2025Q3	5.0		
2	550	https://www.fiverr.com/manucorsi/create-vector-resizable-illustrations-for-your-website	manucorsi/create-vector-resizable-illustrations-for-your-website	manucorsi	create-vector-resizable-illustrations-for-your-website	design	Q1	20230213	2023Q1	395.0	14	5.0
2	551	https://www.fiverr.com/emaria27/draw-unusual-fashion-illustration-or-animation-in-my-style	emaria27/draw-unusual-fashion-illustration-or-animation-in-my-style	emaria27	draw-unusual-fashion-illustration-or-animation-in-my-style	design	Q2	20260207	2026Q1	100.0	69	4.9
2	552	https://www.fiverr.com/robinbd679/design-professional-food-menu-restaurant-menu-and-food-flyer	robinbd679/design-professional-food-menu-restaurant-menu-and-food-flyer	robinbd679	design-professional-food-menu-restaurant-menu-and-food-flyer	design	Q3	20250426	2025Q2	15.0	204	4.9
2	553	https://www.fiverr.com/vianina/make-awesome-cartoon-character-or-mascot	vianina/make-awesome-cartoon-character-or-mascot	vianina	make-awesome-cartoon-character-or-mascot	design	Q4	20241002	2024Q4	35.0	1190	4.9
2	554	https://www.fiverr.com/ovizit/produce-a-bifold-and-trifold-brochure-leaflet-or-postcard-design	ovizit/produce-a-bifold-and-trifold-brochure-leaflet-or-postcard-design	ovizit	produce-a-bifold-and-trifold-brochure-leaflet-or-postcard-design	design	Qna	20250122	2025Q1	10.0		
2	555	https://www.fiverr.com/rumeldas/setup-google-ads-campaign-analytics-ppc-campaign	rumeldas/setup-google-ads-campaign-analytics-ppc-campaign	rumeldas	setup-google-ads-campaign-analytics-ppc-campaign	marketing	Q1	20250115	2025Q1	50.0	4	4.8
2	556	https://www.fiverr.com/razinoor/do-youtube-channel-promotion-and-monetization	razinoor/do-youtube-channel-promotion-and-monetization	razinoor	do-youtube-channel-promotion-and-monetization	marketing	Q2	20240106	2024Q1	25.0	28	5.0
2	557	https://www.fiverr.com/tejasshahseo/do-full-website-audit-and-seo-campaign-for-your-website	tejasshahseo/do-full-website-audit-and-seo-campaign-for-your-website	tejasshahseo	do-full-website-audit-and-seo-campaign-for-your-website	marketing	Q3	20220419	2022Q2	10.0	242	4.9
2	558	https://www.fiverr.com/hardeytech/build-a-high-level-responsive-sales-funnel-on-go-high-level	hardeytech/build-a-high-level-responsive-sales-funnel-on-go-high-level	hardeytech	build-a-high-level-responsive-sales-funnel-on-go-high-level	marketing	Q4	20240703	2024Q3	50.0	382	5.0
2	559	https://www.fiverr.com/celebmarketing/do-your-medical-marketing-by-getting-you-medical-publicity	celebmarketing/do-your-medical-marketing-by-getting-you-medical-publicity	celebmarketing	do-your-medical-marketing-by-getting-you-medical-publicity	marketing	Qna	20241003	2024Q4	5000.0		
2	560	https://www.fiverr.com/shungha/be-your-japanese-market-pr-and-marketing-strategist	shungha/be-your-japanese-market-pr-and-marketing-strategist	shungha	be-your-japanese-market-pr-and-marketing-strategist	translation	Q1	20241003	2024Q4	100.0	9	5.0
3	561	https://www.fiverr.com/maurimartinez5/translate-your-project-from-english-to-spanish-and-viceversa	maurimartinez5/translate-your-project-from-english-to-spanish-and-viceversa	maurimartinez5	translate-your-project-from-english-to-spanish-and-viceversa	translation	Q2	20220701	2022Q3	100.0	26	5.0
3	562	https://www.fiverr.com/dimitrisb/translate-anything-between-greek-and-english	dimitrisb/translate-anything-between-greek-and-english	dimitrisb	translate-anything-between-greek-and-english	translation	Q3	20200101	2020Q1	5.0	79	4.9
3	563	https://www.fiverr.com/mariaesnoz/record-any-song-or-text-in-my-female-spanish-voice	mariaesnoz/record-any-song-or-text-in-my-female-spanish-voice	mariaesnoz	record-any-song-or-text-in-my-female-spanish-voice	translation	Q4	20241008	2024Q4	15.0	2700	5.0
3	564	https://www.fiverr.com/littlewhitestep/supercharge-your-video-marketing-department	littlewhitestep/supercharge-your-video-marketing-department	littlewhitestep	supercharge-your-video-marketing-department	video	Q1	20241005	2024Q4	100.0	4	5.0
3	565	https://www.fiverr.com/motiongrapherr/do-an-amazing-fully-custom-explainer-video-for-your-company	motiongrapherr/do-an-amazing-fully-custom-explainer-video-for-your-company	motiongrapherr	do-an-amazing-fully-custom-explainer-video-for-your-company	video	Q2	20220906	2022Q3	3000.0	44	5.0
3	566	https://www.fiverr.com/jakethephotoguy/create-amazon-product-videos-and-demonstration-videos	jakethephotoguy/create-amazon-product-videos-and-demonstration-videos	jakethephotoguy	create-amazon-product-videos-and-demonstration-videos	video	Q3	20241002	2024Q4	220.0	248	5.0
3	567	https://www.fiverr.com/gayantha123/do-3d-product-animation	gayantha123/do-3d-product-animation	gayantha123	do-3d-product-animation	video	Q4	20241002	2024Q4	100.0	268	5.0
3	568	https://www.fiverr.com/emmaki/ghostwrite-your-captivating-list-building-lead-magnet	emmaki/ghostwrite-your-captivating-list-building-lead-magnet	emmaki	ghostwrite-your-captivating-list-building-lead-magnet	writing	Q1	20200701	2020Q3	1500.0	1	5.0
3	569	https://www.fiverr.com/aliciaizzo/write-your-marketing-content	aliciaizzo/write-your-marketing-content	aliciaizzo	write-your-marketing-content	writing	Q2	20241002	2024Q4	300.0	21	5.0
3	570	https://www.fiverr.com/gurulaura/write-legal-document-writing-contract-f7489ef9-5a94-42ce-a493-7b8061ac6b3e	gurulaura/write-legal-document-writing-contract-f7489ef9-5a94-42ce-a493-7b8061ac6b3e	gurulaura	write-legal-document-writing-contract-f7489ef9-5a94-42ce-a493-7b8061ac6b3e	writing	Q3	20230819	2023Q3	150.0	78	4.9
3	571	https://www.fiverr.com/serinastudio/write-professional-articles-for-your-blog	serinastudio/write-professional-articles-for-your-blog	serinastudio	write-professional-articles-for-your-blog	writing	Q4	20230402	2023Q2	15.0	535	5.0
3	572	https://www.fiverr.com/tanisvo/be-your-personal-voice-over-coach-ecc7	tanisvo/be-your-personal-voice-over-coach-ecc7	tanisvo	be-your-personal-voice-over-coach-ecc7	audio	Q1	20240715	2024Q3	50.0	1	1.7
3	573	https://www.fiverr.com/alzha_studio/remix-your-song-into-edm-house-dubstep-trap-etc	alzha_studio/remix-your-song-into-edm-house-dubstep-trap-etc	alzha_studio	remix-your-song-into-edm-house-dubstep-trap-etc	audio	Q2	20240709	2024Q3	45.0	61	5.0
3	574	https://www.fiverr.com/studiogs1/record-an-english-british-kids-girl-voice-over	studiogs1/record-an-english-british-kids-girl-voice-over	studiogs1	record-an-english-british-kids-girl-voice-over	audio	Q3	20240715	2024Q3	50.0	152	5.0
3	575	https://www.fiverr.com/mikecvoiceover/record-a-dynamic-and-articulate-american-male-voice-over	mikecvoiceover/record-a-dynamic-and-articulate-american-male-voice-over	mikecvoiceover	record-a-dynamic-and-articulate-american-male-voice-over	audio	Q4	20240711	2024Q3	100.0	548	5.0
3	576	https://www.fiverr.com/excel_hero/do-web-scraping-or-data-mining-from-almost-any-website	excel_hero/do-web-scraping-or-data-mining-from-almost-any-website	excel_hero	do-web-scraping-or-data-mining-from-almost-any-website	coding	Q1	20240815	2024Q3	195.0	13	5.0
3	577	https://www.fiverr.com/arslbhatti/do-object-detection-using-deep-learning-yolo-tensorflow	arslbhatti/do-object-detection-using-deep-learning-yolo-tensorflow	arslbhatti	do-object-detection-using-deep-learning-yolo-tensorflow	coding	Q2	20241001	2024Q4	20.0	39	5.0
3	578	https://www.fiverr.com/ncbrazelton/excellent-family-law-legal-support-services	ncbrazelton/excellent-family-law-legal-support-services	ncbrazelton	excellent-family-law-legal-support-services	coding	Q3	20240701	2024Q3	100.0	92	5.0
3	579	https://www.fiverr.com/khurramnaveed71/setup-zapier-for-your-needs	khurramnaveed71/setup-zapier-for-your-needs	khurramnaveed71	setup-zapier-for-your-needs	coding	Q4	20230101	2023Q1	5.0	255	5.0
3	580	https://www.fiverr.com/andrisdev/build-mobile-application-for-android	andrisdev/build-mobile-application-for-android	andrisdev	build-mobile-application-for-android	coding	Qna	20260129	2026Q1	1750.0		
3	581	https://www.fiverr.com/youngeinstein/develop-prestashop-site-as-per-the-design	youngeinstein/develop-prestashop-site-as-per-the-design	youngeinstein	develop-prestashop-site-as-per-the-design	design	Q1	20240204	2024Q1	2020.0	12	4.9
3	582	https://www.fiverr.com/madridny/design-an-original-landing-page	madridny/design-an-original-landing-page	madridny	design-an-original-landing-page	design	Q2	20220908	2022Q3	390.0	26	5.0
3	583	https://www.fiverr.com/imakash012/make-a-modern-clean-and-responsive-website-design	imakash012/make-a-modern-clean-and-responsive-website-design	imakash012	make-a-modern-clean-and-responsive-website-design	design	Q3	20241001	2024Q4	50.0	244	5.0
3	584	https://www.fiverr.com/ruchi_bhut/design-modern-responsive-website-ui-ux-design	ruchi_bhut/design-modern-responsive-website-ui-ux-design	ruchi_bhut	design-modern-responsive-website-ui-ux-design	design	Q4	20241003	2024Q4	170.0	270	5.0
3	585	https://www.fiverr.com/jamal_khalis/design-a-stunning-website-for-your-service-based-business	jamal_khalis/design-a-stunning-website-for-your-service-based-business	jamal_khalis	design-a-stunning-website-for-your-service-based-business	design	Qna	20260111	2026Q1	100.0		
3	586	https://www.fiverr.com/homeestates/conduct-a-content-marketing-review	homeestates/conduct-a-content-marketing-review	homeestates	conduct-a-content-marketing-review	marketing	Q1	20220826	2022Q3	250.0	3	4.9
3	587	https://www.fiverr.com/coder_yousuf/rank-website-by-unique-referring-domain-seo-backlinks	coder_yousuf/rank-website-by-unique-referring-domain-seo-backlinks	coder_yousuf	rank-website-by-unique-referring-domain-seo-backlinks	marketing	Q2	20251130	2025Q4	5.0	29	5.0
3	588	https://www.fiverr.com/gadsspecialist/fix-google-ads-suspension-issue-on-appeal	gadsspecialist/fix-google-ads-suspension-issue-on-appeal	gadsspecialist	fix-google-ads-suspension-issue-on-appeal	marketing	Q3	20240101	2024Q1	400.0	108	5.0
3	589	https://www.fiverr.com/ashrareh/create-and-set-up-youtube-channel	ashrareh/create-and-set-up-youtube-channel	ashrareh	create-and-set-up-youtube-channel	marketing	Q4	20241108	2024Q4	30.0	314	4.9
3	590	https://www.fiverr.com/kouroshppc/setup-data-driven-google-ads-adwords-ppc-campaigns	kouroshppc/setup-data-driven-google-ads-adwords-ppc-campaigns	kouroshppc	setup-data-driven-google-ads-adwords-ppc-campaigns	marketing	Qna	20230408	2023Q2	100.0		
3	591	https://www.fiverr.com/farheen26/flawless-transcription-of-audio-video-files-books-audio-to-text-in-24-hours	farheen26/flawless-transcription-of-audio-video-files-books-audio-to-text-in-24-hours	farheen26	flawless-transcription-of-audio-video-files-books-audio-to-text-in-24-hours	translation	Q1	20220402	2022Q2	10.0	10	5.0
3	592	https://www.fiverr.com/miriam_letter/correct-your-spanish-text-perfectly	miriam_letter/correct-your-spanish-text-perfectly	miriam_letter	correct-your-spanish-text-perfectly	translation	Q2	20230109	2023Q1	10.0	57	5.0
3	593	https://www.fiverr.com/smashradio/be-your-professional-norwegian-translator	smashradio/be-your-professional-norwegian-translator	smashradio	be-your-professional-norwegian-translator	translation	Q3	20230411	2023Q2	25.0	110	5.0
3	594	https://www.fiverr.com/cammiewilliams/translate-italian-to-english-and-vice-versa	cammiewilliams/translate-italian-to-english-and-vice-versa	cammiewilliams	translate-italian-to-english-and-vice-versa	translation	Q4	20240912	2024Q3	5.0	843	5.0
3	595	https://www.fiverr.com/eightds/make-great-video-for-your-company-product-or-service	eightds/make-great-video-for-your-company-product-or-service	eightds	make-great-video-for-your-company-product-or-service	video	Q1	20230412	2023Q2	5000.0	1	5.0
3	596	https://www.fiverr.com/thirueditz/create-online-course-and-training-video-production	thirueditz/create-online-course-and-training-video-production	thirueditz	create-online-course-and-training-video-production	video	Q2	20241002	2024Q4	50.0	20	5.0
3	597	https://www.fiverr.com/markshwedow/create-catchy-sound-effects-for-your-video-game	markshwedow/create-catchy-sound-effects-for-your-video-game	markshwedow	create-catchy-sound-effects-for-your-video-game	video	Q3	20250227	2025Q1	100.0	199	5.0
3	598	https://www.fiverr.com/marchamill/create-a-visual-music-video-for-your-song	marchamill/create-a-visual-music-video-for-your-song	marchamill	create-a-visual-music-video-for-your-song	video	Q4	20241002	2024Q4	75.0	1455	4.9
3	599	https://www.fiverr.com/raza_alii/tutor-you-video-editing-professionally-using-filmora	raza_alii/tutor-you-video-editing-professionally-using-filmora	raza_alii	tutor-you-video-editing-professionally-using-filmora	writing	Q1	20241005	2024Q4	20.0	14	5.0
3	600	https://www.fiverr.com/akilmazumder/design-corporate-business-brochure-booklet-proposal	akilmazumder/design-corporate-business-brochure-booklet-proposal	akilmazumder	design-corporate-business-brochure-booklet-proposal	writing	Q2	20191030	2019Q4	85.0	29	4.9
3	601	https://www.fiverr.com/talha_bhatti_/an-expert-white-paper-writer	talha_bhatti_/an-expert-white-paper-writer	talha_bhatti_	an-expert-white-paper-writer	writing	Q3	20241002	2024Q4	40.0	93	4.9
3	602	https://www.fiverr.com/mpb0707/proofread-and-edit-2500-words-in-24-hours	mpb0707/proofread-and-edit-2500-words-in-24-hours	mpb0707	proofread-and-edit-2500-words-in-24-hours	writing	Q4	20241001	2024Q4	5.0	1144	5.0
3	603	https://www.fiverr.com/ericaroth1/give-you-a-world-class-voice-over-for-your-phone-or-ivr	ericaroth1/give-you-a-world-class-voice-over-for-your-phone-or-ivr	ericaroth1	give-you-a-world-class-voice-over-for-your-phone-or-ivr	audio	Q1	20200209	2020Q1	100.0	12	5.0
3	604	https://www.fiverr.com/maxkerner/create-a-pro-arrangement-for-your-song	maxkerner/create-a-pro-arrangement-for-your-song	maxkerner	create-a-pro-arrangement-for-your-song	audio	Q2	20240701	2024Q3	45.0	39	5.0
3	605	https://www.fiverr.com/osalgadof/record-voice-over-or-vocals-for-your-tracks	osalgadof/record-voice-over-or-vocals-for-your-tracks	osalgadof	record-voice-over-or-vocals-for-your-tracks	audio	Q3	20240710	2024Q3	50.0	180	5.0
3	606	https://www.fiverr.com/nikholub/create-sheet-music-midi-tab-of-any-song	nikholub/create-sheet-music-midi-tab-of-any-song	nikholub	create-sheet-music-midi-tab-of-any-song	audio	Q4	20211018	2021Q4	5.0	250	5.0
3	607	https://www.fiverr.com/shabinmp722/design-top-quality-ui-for-your-mobile-app	shabinmp722/design-top-quality-ui-for-your-mobile-app	shabinmp722	design-top-quality-ui-for-your-mobile-app	coding	Q1	20210419	2021Q2	150.0	9	4.9
3	608	https://www.fiverr.com/farhanmeo/develop-native-android-ios-or-react-native-mobile-app	farhanmeo/develop-native-android-ios-or-react-native-mobile-app	farhanmeo	develop-native-android-ios-or-react-native-mobile-app	coding	Q2	20210731	2021Q3	50.0	28	5.0
3	609	https://www.fiverr.com/derrickkoo/fix-bugs-and-errors-in-your-mobile-app	derrickkoo/fix-bugs-and-errors-in-your-mobile-app	derrickkoo	fix-bugs-and-errors-in-your-mobile-app	coding	Q3	20241007	2024Q4	20.0	140	5.0
3	610	https://www.fiverr.com/gittbay/design-html-email-signature-or-clickable-email-signature-8e14	gittbay/design-html-email-signature-or-clickable-email-signature-8e14	gittbay	design-html-email-signature-or-clickable-email-signature-8e14	coding	Q4	20241002	2024Q4	10.0	512	4.9
3	611	https://www.fiverr.com/andrii_zhydkykh/automate-test-cases-using-javascript-and-cypress	andrii_zhydkykh/automate-test-cases-using-javascript-and-cypress	andrii_zhydkykh	automate-test-cases-using-javascript-and-cypress	coding	Qna	20240706	2024Q3	10.0		
3	612	https://www.fiverr.com/dennisrich/create-a-social-media-audit-and-strategy-for-your-brand	dennisrich/create-a-social-media-audit-and-strategy-for-your-brand	dennisrich	create-a-social-media-audit-and-strategy-for-your-brand	design	Q1	20220411	2022Q2	325.0	3	4.4
3	613	https://www.fiverr.com/designhunt89/design-nonprofit-foundation-charity-and-welfare-logo-for-your-brand	designhunt89/design-nonprofit-foundation-charity-and-welfare-logo-for-your-brand	designhunt89	design-nonprofit-foundation-charity-and-welfare-logo-for-your-brand	design	Q2	20250126	2025Q1	5.0	30	5.0
3	614	https://www.fiverr.com/kareem66/an-onscreen-website-or-document-presentation	kareem66/an-onscreen-website-or-document-presentation	kareem66	an-onscreen-website-or-document-presentation	design	Q3	20240522	2024Q2	25.0	121	5.0
3	615	https://www.fiverr.com/obus88/design-a-high-quality-minimalistic-custom-logo	obus88/design-a-high-quality-minimalistic-custom-logo	obus88	design-a-high-quality-minimalistic-custom-logo	design	Q4	20250120	2025Q1	350.0	5312	4.9
3	616	https://www.fiverr.com/ludmilaborrelli/design-creative-collection-and-tech-pack-of-socks-for-you	ludmilaborrelli/design-creative-collection-and-tech-pack-of-socks-for-you	ludmilaborrelli	design-creative-collection-and-tech-pack-of-socks-for-you	design	Qna	20250707	2025Q3	30.0		4.9
3	617	https://www.fiverr.com/anadiasbiotec/create-engaging-social-media-copy-health-sciences	anadiasbiotec/create-engaging-social-media-copy-health-sciences	anadiasbiotec	create-engaging-social-media-copy-health-sciences	marketing	Q1	20240109	2024Q1	205.0	7	5.0
3	618	https://www.fiverr.com/haque_adsflow/setup-google-ads-campaign-and-manage-ppc-campaign-search-ads	haque_adsflow/setup-google-ads-campaign-and-manage-ppc-campaign-search-ads	haque_adsflow	setup-google-ads-campaign-and-manage-ppc-campaign-search-ads	marketing	Q2	20220712	2022Q3	50.0	17	5.0
3	619	https://www.fiverr.com/namastekaybee/setup-google-ads-adwords-campaign-and-sem-ppc-ads-management	namastekaybee/setup-google-ads-adwords-campaign-and-sem-ppc-ads-management	namastekaybee	setup-google-ads-adwords-campaign-and-sem-ppc-ads-management	marketing	Q3	20230101	2023Q1	295.0	92	5.0
3	620	https://www.fiverr.com/baktmarketing/14-460-google-maps-citations-for-gmb-ranking-and-local-seo	baktmarketing/14-460-google-maps-citations-for-gmb-ranking-and-local-seo	baktmarketing	14-460-google-maps-citations-for-gmb-ranking-and-local-seo	marketing	Q4	20251228	2025Q4	25.0	1960	4.9
3	621	https://www.fiverr.com/sabbir3271/research-best-tiktok-influencers-for-influencer-marketing-f45a	sabbir3271/research-best-tiktok-influencers-for-influencer-marketing-f45a	sabbir3271	research-best-tiktok-influencers-for-influencer-marketing-f45a	marketing	Qna	20241002	2024Q4	30.0		
3	622	https://www.fiverr.com/benelgie/localize-your-video-game-for-the-german-market	benelgie/localize-your-video-game-for-the-german-market	benelgie	localize-your-video-game-for-the-german-market	translation	Q1	20241002	2024Q4	20.0	16	5.0
3	623	https://www.fiverr.com/luizakipper/professionally-translate-into-brazilian-portuguese	luizakipper/professionally-translate-into-brazilian-portuguese	luizakipper	professionally-translate-into-brazilian-portuguese	translation	Q2	20220401	2022Q2	100.0	64	5.0
3	624	https://www.fiverr.com/sprecherandy/produce-a-male-german-voice-over-in-a-friendly-voice	sprecherandy/produce-a-male-german-voice-over-in-a-friendly-voice	sprecherandy	produce-a-male-german-voice-over-in-a-friendly-voice	translation	Q3	20240708	2024Q3	10.0	112	5.0
3	625	https://www.fiverr.com/translations25/translate-from-english-to-russian-or-ukrainian-and-vice-versa	translations25/translate-from-english-to-russian-or-ukrainian-and-vice-versa	translations25	translate-from-english-to-russian-or-ukrainian-and-vice-versa	translation	Q4	20251104	2025Q4	5.0	575	5.0
3	626	https://www.fiverr.com/noaniemusic/produce-a-pro-quality-podcast-intro	noaniemusic/produce-a-pro-quality-podcast-intro	noaniemusic	produce-a-pro-quality-podcast-intro	video	Q1	20241003	2024Q4	275.0	12	4.9
3	627	https://www.fiverr.com/basamgad/create-3d-product-animation	basamgad/create-3d-product-animation	basamgad	create-3d-product-animation	video	Q2	20240101	2024Q1	150.0	63	4.9
3	628	https://www.fiverr.com/yasas_nirmal/create-amazing-game-trailer-or-cinematic-intro-titles	yasas_nirmal/create-amazing-game-trailer-or-cinematic-intro-titles	yasas_nirmal	create-amazing-game-trailer-or-cinematic-intro-titles	video	Q3	20241002	2024Q4	30.0	167	5.0
3	629	https://www.fiverr.com/ahmed_yousuf007/edit-youtube-shorts-instagram-reel-and-tiktok-videos-for-you-in-24-hours	ahmed_yousuf007/edit-youtube-shorts-instagram-reel-and-tiktok-videos-for-you-in-24-hours	ahmed_yousuf007	edit-youtube-shorts-instagram-reel-and-tiktok-videos-for-you-in-24-hours	video	Q4	20251027	2025Q4	15.0	732	5.0
3	630	https://www.fiverr.com/the_script_guru/be-your-screenwriting-coach	the_script_guru/be-your-screenwriting-coach	the_script_guru	be-your-screenwriting-coach	writing	Q1	20241004	2024Q4	150.0	10	4.9
3	631	https://www.fiverr.com/morena2003/write-a-psychology-blog-post	morena2003/write-a-psychology-blog-post	morena2003	write-a-psychology-blog-post	writing	Q2	20240701	2024Q3	100.0	43	5.0
3	632	https://www.fiverr.com/bigspaniard/write-an-amazon-product-listing-description	bigspaniard/write-an-amazon-product-listing-description	bigspaniard	write-an-amazon-product-listing-description	writing	Q3	20230902	2023Q3	125.0	151	5.0
3	633	https://www.fiverr.com/in2town/do-press-release-distribution-with-social-media-marketing	in2town/do-press-release-distribution-with-social-media-marketing	in2town	do-press-release-distribution-with-social-media-marketing	writing	Q4	20240910	2024Q3	10.0	1271	4.9
3	634	https://www.fiverr.com/ericaroth1/give-you-a-world-class-female-american-voice-over	ericaroth1/give-you-a-world-class-female-american-voice-over	ericaroth1	give-you-a-world-class-female-american-voice-over	audio	Q1	20190612	2019Q2	150.0	5	5.0
3	635	https://www.fiverr.com/nikas_music/create-awesome-guitar-melodies-licks-for-your-beat	nikas_music/create-awesome-guitar-melodies-licks-for-your-beat	nikas_music	create-awesome-guitar-melodies-licks-for-your-beat	audio	Q2	20240701	2024Q3	5.0	49	5.0
3	636	https://www.fiverr.com/thehitstudios/do-ghost-production-music-production-for-you	thehitstudios/do-ghost-production-music-production-for-you	thehitstudios	do-ghost-production-music-production-for-you	audio	Q3	20240404	2024Q2	15.0	183	4.9
3	637	https://www.fiverr.com/martinkutnar/record-professional-cello-track-for-your-song	martinkutnar/record-professional-cello-track-for-your-song	martinkutnar	record-professional-cello-track-for-your-song	audio	Q4	20240701	2024Q3	100.0	339	5.0
3	638	https://www.fiverr.com/mr_ponu/fix-any-kinds-wordpress-issue	mr_ponu/fix-any-kinds-wordpress-issue	mr_ponu	fix-any-kinds-wordpress-issue	coding	Q1	20250813	2025Q3	10.0	9	5.0
3	639	https://www.fiverr.com/vagludir/create-gpt3-or-openai-app	vagludir/create-gpt3-or-openai-app	vagludir	create-gpt3-or-openai-app	coding	Q2	20241031	2024Q4	100.0	57	5.0
3	640	https://www.fiverr.com/tanveer__ahmad/generate-your-nft-art-variations	tanveer__ahmad/generate-your-nft-art-variations	tanveer__ahmad	generate-your-nft-art-variations	coding	Q3	20240109	2024Q1	30.0	80	5.0
3	641	https://www.fiverr.com/mudaxirmalik/improve-wordpress-security-and-remove-malware	mudaxirmalik/improve-wordpress-security-and-remove-malware	mudaxirmalik	improve-wordpress-security-and-remove-malware	coding	Q4	20241002	2024Q4	15.0	505	5.0
3	642	https://www.fiverr.com/accugile/migrate-your-shopify-store-to-wordpress-woocommerce	accugile/migrate-your-shopify-store-to-wordpress-woocommerce	accugile	migrate-your-shopify-store-to-wordpress-woocommerce	coding	Qna	20230113	2023Q1	850.0		
3	643	https://www.fiverr.com/katarzynasurman/design-your-business-card-and-letterhead	katarzynasurman/design-your-business-card-and-letterhead	katarzynasurman	design-your-business-card-and-letterhead	design	Q1	20220104	2022Q1	600.0	1	5.0
3	644	https://www.fiverr.com/shahxaib016/design-mobile-or-web-ui-ux-and-prototype-ux-website-dashboard-design-app-design	shahxaib016/design-mobile-or-web-ui-ux-and-prototype-ux-website-dashboard-design-app-design	shahxaib016	design-mobile-or-web-ui-ux-and-prototype-ux-website-dashboard-design-app-design	design	Q2	20260116	2026Q1	5.0	20	5.0
3	645	https://www.fiverr.com/maryjames746/create-mobile-game-ui-design-for-ios-or-android	maryjames746/create-mobile-game-ui-design-for-ios-or-android	maryjames746	create-mobile-game-ui-design-for-ios-or-android	design	Q3	20241001	2024Q4	10.0	225	5.0
3	646	https://www.fiverr.com/gima_3ds/do-3d-modelling-and-rendering-of-your-product	gima_3ds/do-3d-modelling-and-rendering-of-your-product	gima_3ds	do-3d-modelling-and-rendering-of-your-product	design	Q4	20250907	2025Q3	45.0	716	4.9
3	647	https://www.fiverr.com/rs_studio_bd/be-your-graphic-designer	rs_studio_bd/be-your-graphic-designer	rs_studio_bd	be-your-graphic-designer	design	Qna	20250314	2025Q1	40.0		
3	648	https://www.fiverr.com/peppino89mira/create-a-report-ad-ppc-for-amazon-kdp-to-get-your-campaigns	peppino89mira/create-a-report-ad-ppc-for-amazon-kdp-to-get-your-campaigns	peppino89mira	create-a-report-ad-ppc-for-amazon-kdp-to-get-your-campaigns	marketing	Q1	20230415	2023Q2	150.0	6	5.0
3	649	https://www.fiverr.com/mrkhann121/setup-your-twitter-ads-campaign	mrkhann121/setup-your-twitter-ads-campaign	mrkhann121	setup-your-twitter-ads-campaign	marketing	Q2	20241117	2024Q4	25.0	60	4.9
3	650	https://www.fiverr.com/randysmccabe/audit-and-disavow-negative-seo-backlinks	randysmccabe/audit-and-disavow-negative-seo-backlinks	randysmccabe	audit-and-disavow-negative-seo-backlinks	marketing	Q3	20241113	2024Q4	150.0	178	5.0
3	651	https://www.fiverr.com/jacob21/audit-your-website-and-give-you-a-full-seo-analysis-report	jacob21/audit-your-website-and-give-you-a-full-seo-analysis-report	jacob21	audit-your-website-and-give-you-a-full-seo-analysis-report	marketing	Q4	20240710	2024Q3	80.0	1284	5.0
3	652	https://www.fiverr.com/isabella_seo_85/provide-complete-monthly-seo-service-for-1st-google-ranking-22ae	isabella_seo_85/provide-complete-monthly-seo-service-for-1st-google-ranking-22ae	isabella_seo_85	provide-complete-monthly-seo-service-for-1st-google-ranking-22ae	marketing	Qna	20230211	2023Q1	300.0		
3	653	https://www.fiverr.com/euvouria/develop-a-custom-elearning-course-in-articulate-rise-i-english-and-german	euvouria/develop-a-custom-elearning-course-in-articulate-rise-i-english-and-german	euvouria	develop-a-custom-elearning-course-in-articulate-rise-i-english-and-german	translation	Q1	20220722	2022Q3	150.0	15	5.0
3	654	https://www.fiverr.com/fran_256/accurate-translations-from-german-to-italian-and-vice-versa	fran_256/accurate-translations-from-german-to-italian-and-vice-versa	fran_256	accurate-translations-from-german-to-italian-and-vice-versa	translation	Q2	20210119	2021Q1	10.0	26	5.0
3	655	https://www.fiverr.com/seo_gorila/provide-high-authority-white-hat-dofollow-seo-german-guest-post-backlinks	seo_gorila/provide-high-authority-white-hat-dofollow-seo-german-guest-post-backlinks	seo_gorila	provide-high-authority-white-hat-dofollow-seo-german-guest-post-backlinks	translation	Q3	20240504	2024Q2	10.0	127	4.9
3	656	https://www.fiverr.com/mariasemideyr/translate-500-words-from-english-to-spanish	mariasemideyr/translate-500-words-from-english-to-spanish	mariasemideyr	translate-500-words-from-english-to-spanish	translation	Q4	20240915	2024Q3	15.0	805	5.0
3	657	https://www.fiverr.com/s_well/motion-tracking-to-your-drone-footage	s_well/motion-tracking-to-your-drone-footage	s_well	motion-tracking-to-your-drone-footage	video	Q1	20241001	2024Q4	20.0	6	4.7
3	658	https://www.fiverr.com/beamng_yt/create-beamng-drive-videos-for-youtube	beamng_yt/create-beamng-drive-videos-for-youtube	beamng_yt	create-beamng-drive-videos-for-youtube	video	Q2	20240504	2024Q2	20.0	25	4.9
3	659	https://www.fiverr.com/sijankaji/create-explainer-or-promo-video-for-your-product	sijankaji/create-explainer-or-promo-video-for-your-product	sijankaji	create-explainer-or-promo-video-for-your-product	video	Q3	20241005	2024Q4	20.0	184	4.9
3	660	https://www.fiverr.com/amirmallek/make-custom-3d-video-animations	amirmallek/make-custom-3d-video-animations	amirmallek	make-custom-3d-video-animations	video	Q4	20240101	2024Q1	150.0	428	5.0
3	661	https://www.fiverr.com/nazrulptk88/do-professional-formatting-your-print-book-and-ebook	nazrulptk88/do-professional-formatting-your-print-book-and-ebook	nazrulptk88	do-professional-formatting-your-print-book-and-ebook	writing	Q1	20250121	2025Q1	10.0	1	5.0
3	662	https://www.fiverr.com/madridny/design-a-professional-pdf-lead-magnet-or-ebook	madridny/design-a-professional-pdf-lead-magnet-or-ebook	madridny	design-a-professional-pdf-lead-magnet-or-ebook	writing	Q2	20241001	2024Q4	290.0	42	4.9
3	663	https://www.fiverr.com/distro_tech/convert-your-article-script-or-text-into-a-4k-video	distro_tech/convert-your-article-script-or-text-into-a-4k-video	distro_tech	convert-your-article-script-or-text-into-a-4k-video	writing	Q3	20241002	2024Q4	30.0	194	4.9
3	664	https://www.fiverr.com/aktor_pro/pro-workbooks-checklists-ebooks-and-other-pdf	aktor_pro/pro-workbooks-checklists-ebooks-and-other-pdf	aktor_pro	pro-workbooks-checklists-ebooks-and-other-pdf	writing	Q4	20230113	2023Q1	40.0	256	5.0
3	665	https://www.fiverr.com/blessed_studio/compose-music-for-comedy-in-any-style-with-24-hours-delivery	blessed_studio/compose-music-for-comedy-in-any-style-with-24-hours-delivery	blessed_studio	compose-music-for-comedy-in-any-style-with-24-hours-delivery	audio	Q1	20240701	2024Q3	55.0	3	4.7
3	666	https://www.fiverr.com/jacobphillip116/record-a-voiceover-in-a-southern-american-accent	jacobphillip116/record-a-voiceover-in-a-southern-american-accent	jacobphillip116	record-a-voiceover-in-a-southern-american-accent	audio	Q2	20200125	2020Q1	20.0	52	5.0
3	667	https://www.fiverr.com/mrbigdreamer/meditation-and-relaxing-music	mrbigdreamer/meditation-and-relaxing-music	mrbigdreamer	meditation-and-relaxing-music	audio	Q3	20240902	2024Q3	5.0	86	4.9
3	668	https://www.fiverr.com/elmintahmaz/create-original-kids-music-for-your-project	elmintahmaz/create-original-kids-music-for-your-project	elmintahmaz	create-original-kids-music-for-your-project	audio	Q4	20240701	2024Q3	20.0	649	5.0
3	669	https://www.fiverr.com/smusman1/be-your-data-scientist-and-build-predictive-models	smusman1/be-your-data-scientist-and-build-predictive-models	smusman1	be-your-data-scientist-and-build-predictive-models	coding	Q1	20241008	2024Q4	50.0	5	5.0
3	670	https://www.fiverr.com/mac_works/manually-edit-and-paraphrase-your-ai-generated-content	mac_works/manually-edit-and-paraphrase-your-ai-generated-content	mac_works	manually-edit-and-paraphrase-your-ai-generated-content	coding	Q2	20241001	2024Q4	10.0	22	4.6
3	671	https://www.fiverr.com/karthik_pillai/do-image-processing-in-opencv-computer-vision-and-deep-learning-in-python-6532	karthik_pillai/do-image-processing-in-opencv-computer-vision-and-deep-learning-in-python-6532	karthik_pillai	do-image-processing-in-opencv-computer-vision-and-deep-learning-in-python-6532	coding	Q3	20241117	2024Q4	3800.0	74	5.0
3	672	https://www.fiverr.com/introweb/remove-malware-from-hacked-wordpress-website-security	introweb/remove-malware-from-hacked-wordpress-website-security	introweb	remove-malware-from-hacked-wordpress-website-security	coding	Q4	20230108	2023Q1	5.0	298	5.0
3	673	https://www.fiverr.com/gustav_davies/make-a-pattern-or-package-illustration	gustav_davies/make-a-pattern-or-package-illustration	gustav_davies	make-a-pattern-or-package-illustration	design	Q1	20221221	2022Q4	200.0	8	4.9
3	674	https://www.fiverr.com/florcicirello/design-your-professional-logo-and-brand-identity	florcicirello/design-your-professional-logo-and-brand-identity	florcicirello	design-your-professional-logo-and-brand-identity	design	Q2	20230512	2023Q2	650.0	30	5.0
3	675	https://www.fiverr.com/sergiymoroz/creative-2d-logo-animation	sergiymoroz/creative-2d-logo-animation	sergiymoroz	creative-2d-logo-animation	design	Q3	20260206	2026Q1	300.0	124	5.0
3	676	https://www.fiverr.com/weperfectionist/design-an-impressive-logo	weperfectionist/design-an-impressive-logo	weperfectionist	design-an-impressive-logo	design	Q4	20250815	2025Q3	25.0	49914	4.8
3	677	https://www.fiverr.com/luispontiles/do-a-wrestling-related-cartoon-for-you	luispontiles/do-a-wrestling-related-cartoon-for-you	luispontiles	do-a-wrestling-related-cartoon-for-you	design	Qna	20250120	2025Q1	5.0		
3	678	https://www.fiverr.com/dear_abdullah1/fb-and-instagram-ads-campaign	dear_abdullah1/fb-and-instagram-ads-campaign	dear_abdullah1	fb-and-instagram-ads-campaign	marketing	Q1	20250804	2025Q3	50.0	1	5.0
3	679	https://www.fiverr.com/nabilnn/write-produce-manage-your-content-and-social-media	nabilnn/write-produce-manage-your-content-and-social-media	nabilnn	write-produce-manage-your-content-and-social-media	marketing	Q2	20230102	2023Q1	200.0	35	4.9
3	680	https://www.fiverr.com/social_zone1/perfectly-create-setup-and-optimize-all-social-media-accounts	social_zone1/perfectly-create-setup-and-optimize-all-social-media-accounts	social_zone1	perfectly-create-setup-and-optimize-all-social-media-accounts	marketing	Q3	20241007	2024Q4	5.0	239	4.9
3	681	https://www.fiverr.com/haider646/write-you-a-professional-script-for-your-youtube-channel	haider646/write-you-a-professional-script-for-your-youtube-channel	haider646	write-you-a-professional-script-for-your-youtube-channel	marketing	Q4	20231001	2023Q4	5.0	292	5.0
3	682	https://www.fiverr.com/singurc/provide-award-winning-seo-services-for-reasonable-prices-london-based	singurc/provide-award-winning-seo-services-for-reasonable-prices-london-based	singurc	provide-award-winning-seo-services-for-reasonable-prices-london-based	marketing	Qna	20230220	2023Q1	100.0		
3	683	https://www.fiverr.com/alaatouil/build-an-active-and-targeted-german-email-list-in-germany	alaatouil/build-an-active-and-targeted-german-email-list-in-germany	alaatouil	build-an-active-and-targeted-german-email-list-in-germany	translation	Q1	20220320	2022Q1	65.0	3	5.0
3	684	https://www.fiverr.com/du_schmidt/be-your-german-speaking-virtual-assistant-and-allrounder	du_schmidt/be-your-german-speaking-virtual-assistant-and-allrounder	du_schmidt	be-your-german-speaking-virtual-assistant-and-allrounder	translation	Q2	20230903	2023Q3	30.0	26	5.0
3	685	https://www.fiverr.com/raquelsbro/transcribe-audio-or-video-in-spanish	raquelsbro/transcribe-audio-or-video-in-spanish	raquelsbro	transcribe-audio-or-video-in-spanish	translation	Q3	20231001	2023Q4	10.0	140	5.0
3	686	https://www.fiverr.com/shirleymorgan/translate-transcribe-subtitle-english-and-french-srt	shirleymorgan/translate-transcribe-subtitle-english-and-french-srt	shirleymorgan	translate-transcribe-subtitle-english-and-french-srt	translation	Q4	20241003	2024Q4	20.0	318	5.0
3	687	https://www.fiverr.com/previs_studio/create-professional-animated-commercial	previs_studio/create-professional-animated-commercial	previs_studio	create-professional-animated-commercial	video	Q1	20230201	2023Q1	1100.0	4	5.0
3	688	https://www.fiverr.com/dedisuseno/create-original-animation-music-video-for-you-2388	dedisuseno/create-original-animation-music-video-for-you-2388	dedisuseno	create-original-animation-music-video-for-you-2388	video	Q2	20241001	2024Q4	300.0	19	4.9
3	689	https://www.fiverr.com/dantealt/make-lip-sync-animation-with-any-audio-in-24hrs	dantealt/make-lip-sync-animation-with-any-audio-in-24hrs	dantealt	make-lip-sync-animation-with-any-audio-in-24hrs	video	Q3	20241005	2024Q4	5.0	113	4.9
3	690	https://www.fiverr.com/shardig3366/be-your-video-spokesman-in-front-of-a-green-screen-background	shardig3366/be-your-video-spokesman-in-front-of-a-green-screen-background	shardig3366	be-your-video-spokesman-in-front-of-a-green-screen-background	video	Q4	20240825	2024Q3	75.0	569	5.0
3	691	https://www.fiverr.com/krdunning/write-a-powerful-case-study-c34f	krdunning/write-a-powerful-case-study-c34f	krdunning	write-a-powerful-case-study-c34f	writing	Q1	20200721	2020Q3	350.0	4	5.0
3	692	https://www.fiverr.com/viral_post/edit-your-instagram-video	viral_post/edit-your-instagram-video	viral_post	edit-your-instagram-video	writing	Q2	20231026	2023Q4	200.0	45	5.0
3	693	https://www.fiverr.com/workhousepr/write-and-distribute-your-press-release	workhousepr/write-and-distribute-your-press-release	workhousepr	write-and-distribute-your-press-release	writing	Q3	20250227	2025Q1	250.0	80	4.9
3	694	https://www.fiverr.com/ovi2491/setup-facebook-pixel-google-analytics-tag-manager-and-remarketing-ads-campaign	ovi2491/setup-facebook-pixel-google-analytics-tag-manager-and-remarketing-ads-campaign	ovi2491	setup-facebook-pixel-google-analytics-tag-manager-and-remarketing-ads-campaign	writing	Q4	20241003	2024Q4	50.0	375	5.0
3	695	https://www.fiverr.com/zivshalev82/record-multiple-guitar-tracks-for-your-song	zivshalev82/record-multiple-guitar-tracks-for-your-song	zivshalev82	record-multiple-guitar-tracks-for-your-song	audio	Q1	20191214	2019Q4	150.0	4	5.0
3	696	https://www.fiverr.com/alexdoesmusic/make-a-beat-for-you	alexdoesmusic/make-a-beat-for-you	alexdoesmusic	make-a-beat-for-you	audio	Q2	20230101	2023Q1	60.0	31	5.0
3	697	https://www.fiverr.com/swxwave1/professionally-master-your-song-or-audio-file	swxwave1/professionally-master-your-song-or-audio-file	swxwave1	professionally-master-your-song-or-audio-file	audio	Q3	20241003	2024Q4	35.0	99	5.0
3	698	https://www.fiverr.com/thebig_z/mix-and-master-your-song-in-24-hours	thebig_z/mix-and-master-your-song-in-24-hours	thebig_z	mix-and-master-your-song-in-24-hours	audio	Q4	20230131	2023Q1	40.0	784	5.0
3	699	https://www.fiverr.com/mortuj_alam/speed-up-wordpress-website-speed-within-24-hours	mortuj_alam/speed-up-wordpress-website-speed-within-24-hours	mortuj_alam	speed-up-wordpress-website-speed-within-24-hours	coding	Q1	20211009	2021Q4	35.0	13	4.9
3	700	https://www.fiverr.com/sunshee/do-full-website-creation-in-wordpress	sunshee/do-full-website-creation-in-wordpress	sunshee	do-full-website-creation-in-wordpress	coding	Q2	20200701	2020Q3	100.0	19	5.0
3	701	https://www.fiverr.com/savioragency/work-on-your-wordpress-website-for-one-hour	savioragency/work-on-your-wordpress-website-for-one-hour	savioragency	work-on-your-wordpress-website-for-one-hour	coding	Q3	20220609	2022Q2	100.0	71	5.0
3	702	https://www.fiverr.com/ubaidqamar81/be-your-devoted-php-backend-developer	ubaidqamar81/be-your-devoted-php-backend-developer	ubaidqamar81	be-your-devoted-php-backend-developer	coding	Q4	20250126	2025Q1	65.0	281	4.9
3	703	https://www.fiverr.com/bipudaskajol/vector-tracing-any-logo-or-image-in-2-hours	bipudaskajol/vector-tracing-any-logo-or-image-in-2-hours	bipudaskajol	vector-tracing-any-logo-or-image-in-2-hours	design	Q1	20250119	2025Q1	10.0	10	5.0
3	704	https://www.fiverr.com/yaeliroz/design-your-social-media-banners-and-images	yaeliroz/design-your-social-media-banners-and-images	yaeliroz	design-your-social-media-banners-and-images	design	Q2	20220705	2022Q3	110.0	34	4.9
3	705	https://www.fiverr.com/b_creative247/design-photography-watermark-or-signature-logo	b_creative247/design-photography-watermark-or-signature-logo	b_creative247	design-photography-watermark-or-signature-logo	design	Q3	20251102	2025Q4	15.0	99	4.9
3	706	https://www.fiverr.com/ibnulaffan/draw-and-illustrated-everything-perfect-and-fast	ibnulaffan/draw-and-illustrated-everything-perfect-and-fast	ibnulaffan	draw-and-illustrated-everything-perfect-and-fast	design	Q4	20241004	2024Q4	25.0	473	4.9
3	707	https://www.fiverr.com/tataluvie/create-a-korean-art-illustration	tataluvie/create-a-korean-art-illustration	tataluvie	create-a-korean-art-illustration	design	Qna	20250127	2025Q1	5.0		
3	708	https://www.fiverr.com/webchromenet/give-google-adwords-campaign-optimization-training-in-search-display-ppc-ads	webchromenet/give-google-adwords-campaign-optimization-training-in-search-display-ppc-ads	webchromenet	give-google-adwords-campaign-optimization-training-in-search-display-ppc-ads	marketing	Q1	20230131	2023Q1	150.0	4	5.0
3	709	https://www.fiverr.com/richie_os/research-and-create-keyword-lists-for-google-ads-sem	richie_os/research-and-create-keyword-lists-for-google-ads-sem	richie_os	research-and-create-keyword-lists-for-google-ads-sem	marketing	Q2	20230131	2023Q1	100.0	19	5.0
3	710	https://www.fiverr.com/karan_mandhan/be-your-social-media-manager-for-your-business	karan_mandhan/be-your-social-media-manager-for-your-business	karan_mandhan	be-your-social-media-manager-for-your-business	marketing	Q3	20240124	2024Q1	70.0	229	5.0
3	711	https://www.fiverr.com/mlandsmriseup/manage-your-social-media-account-plus-bonus	mlandsmriseup/manage-your-social-media-account-plus-bonus	mlandsmriseup	manage-your-social-media-account-plus-bonus	marketing	Q4	20241001	2024Q4	300.0	435	4.9
3	712	https://www.fiverr.com/savioragency/audit-all-of-your-google-ads-competitors	savioragency/audit-all-of-your-google-ads-competitors	savioragency	audit-all-of-your-google-ads-competitors	marketing	Qna	20230311	2023Q1	195.0		
3	713	https://www.fiverr.com/javik2000/produce-a-spanish-audiobook-ready-for-acx	javik2000/produce-a-spanish-audiobook-ready-for-acx	javik2000	produce-a-spanish-audiobook-ready-for-acx	translation	Q1	20241004	2024Q4	50.0	8	5.0
3	714	https://www.fiverr.com/blender1cgi/add-subtitles-to-videoshebrew-and-english-to-hebrew	blender1cgi/add-subtitles-to-videoshebrew-and-english-to-hebrew	blender1cgi	add-subtitles-to-videoshebrew-and-english-to-hebrew	translation	Q2	20200101	2020Q1	5.0	24	5.0
3	715	https://www.fiverr.com/jay3fer/translate-your-hebrew-cv-to-perfect-professional-english	jay3fer/translate-your-hebrew-cv-to-perfect-professional-english	jay3fer	translate-your-hebrew-cv-to-perfect-professional-english	translation	Q3	20220719	2022Q3	20.0	71	4.9
3	716	https://www.fiverr.com/hathanh0809/translate-english-to-vietnamese-and-vice-versa-within-1-day	hathanh0809/translate-english-to-vietnamese-and-vice-versa-within-1-day	hathanh0809	translate-english-to-vietnamese-and-vice-versa-within-1-day	translation	Q4	20240905	2024Q3	5.0	2311	5.0
3	717	https://www.fiverr.com/bruno_kalapa/create-an-powerful-corporate-or-kickstarter-video	bruno_kalapa/create-an-powerful-corporate-or-kickstarter-video	bruno_kalapa	create-an-powerful-corporate-or-kickstarter-video	video	Q1	20221201	2022Q4	1200.0	3	4.8
3	718	https://www.fiverr.com/trippiesteff/animated-music-video-production	trippiesteff/animated-music-video-production	trippiesteff	animated-music-video-production	video	Q2	20240723	2024Q3	395.0	51	5.0
3	719	https://www.fiverr.com/sophia_2018/produce-full-hd-video-commercial-and-promotional-video-ad	sophia_2018/produce-full-hd-video-commercial-and-promotional-video-ad	sophia_2018	produce-full-hd-video-commercial-and-promotional-video-ad	video	Q3	20220706	2022Q3	295.0	81	5.0
3	720	https://www.fiverr.com/iamknacks/professionally-edit-you-video	iamknacks/professionally-edit-you-video	iamknacks	professionally-edit-you-video	video	Q4	20200312	2020Q1	35.0	309	4.9
3	721	https://www.fiverr.com/dusuacangmon/redesign-your-cryptocurrency-white-paper	dusuacangmon/redesign-your-cryptocurrency-white-paper	dusuacangmon	redesign-your-cryptocurrency-white-paper	writing	Q1	20230113	2023Q1	200.0	14	4.7
3	722	https://www.fiverr.com/authoreva/write-an-about-me-for-your-amazon-author-profile	authoreva/write-an-about-me-for-your-amazon-author-profile	authoreva	write-an-about-me-for-your-amazon-author-profile	writing	Q2	20240922	2024Q3	75.0	22	5.0
3	723	https://www.fiverr.com/nissbit/write-your-comic-book-script	nissbit/write-your-comic-book-script	nissbit	write-your-comic-book-script	writing	Q3	20241001	2024Q4	300.0	86	5.0
3	724	https://www.fiverr.com/laserlife/write-a-professional-review-about-your-music	laserlife/write-a-professional-review-about-your-music	laserlife	write-a-professional-review-about-your-music	writing	Q4	20240407	2024Q2	15.0	3199	5.0
3	725	https://www.fiverr.com/nicolebrodie1/host-or-co-host-your-podcast-or-zoom	nicolebrodie1/host-or-co-host-your-podcast-or-zoom	nicolebrodie1	host-or-co-host-your-podcast-or-zoom	audio	Q1	20240704	2024Q3	195.0	9	5.0
3	726	https://www.fiverr.com/newnostro/rap-on-any-beat-with-ease	newnostro/rap-on-any-beat-with-ease	newnostro	rap-on-any-beat-with-ease	audio	Q2	20230523	2023Q2	15.0	64	5.0
3	727	https://www.fiverr.com/bowemusic/get-your-music-heard	bowemusic/get-your-music-heard	bowemusic	get-your-music-heard	audio	Q3	20241002	2024Q4	45.0	142	4.9
3	728	https://www.fiverr.com/dylanmcclosky/record-200-words-of-quality-voiceover-in-24-hours	dylanmcclosky/record-200-words-of-quality-voiceover-in-24-hours	dylanmcclosky	record-200-words-of-quality-voiceover-in-24-hours	audio	Q4	20241008	2024Q4	10.0	7084	5.0
3	729	https://www.fiverr.com/eteacher/teach-you-what-is-ai-design-and-how-you-can-use-it-in-your-business	eteacher/teach-you-what-is-ai-design-and-how-you-can-use-it-in-your-business	eteacher	teach-you-what-is-ai-design-and-how-you-can-use-it-in-your-business	coding	Q1	20241001	2024Q4	15.0	1	5.0
3	730	https://www.fiverr.com/rehaesen/perform-penetration-tests-for-web-and-mobile-apps	rehaesen/perform-penetration-tests-for-web-and-mobile-apps	rehaesen	perform-penetration-tests-for-web-and-mobile-apps	coding	Q2	20241002	2024Q4	250.0	21	5.0
3	731	https://www.fiverr.com/tabis4graphics/create-midjourney-ai-art-and-edit-using-photoshop	tabis4graphics/create-midjourney-ai-art-and-edit-using-photoshop	tabis4graphics	create-midjourney-ai-art-and-edit-using-photoshop	coding	Q3	20250117	2025Q1	15.0	212	4.9
3	732	https://www.fiverr.com/myselfrobiul/create-telegram-stickers-pack-for-your-crypto-project	myselfrobiul/create-telegram-stickers-pack-for-your-crypto-project	myselfrobiul	create-telegram-stickers-pack-for-your-crypto-project	coding	Q4	20240316	2024Q1	25.0	550	5.0
3	733	https://www.fiverr.com/rajibhridoy96/do-elegant-modern-creative-minimal-professional-logo-for-you-33c4	rajibhridoy96/do-elegant-modern-creative-minimal-professional-logo-for-you-33c4	rajibhridoy96	do-elegant-modern-creative-minimal-professional-logo-for-you-33c4	design	Q1	20250905	2025Q3	10.0	4	4.8
3	734	https://www.fiverr.com/gajahnakal/create-amazing-death-metal-font-for-your-brand-or-band	gajahnakal/create-amazing-death-metal-font-for-your-brand-or-band	gajahnakal	create-amazing-death-metal-font-for-your-brand-or-band	design	Q2	20251102	2025Q4	30.0	66	5.0
3	735	https://www.fiverr.com/eastwestart/design-professional-pitch-deck	eastwestart/design-professional-pitch-deck	eastwestart	design-professional-pitch-deck	design	Q3	20241003	2024Q4	300.0	181	4.9
3	736	https://www.fiverr.com/natavi4/create-a-3d-model-and-render-with-sketchup-and-vray	natavi4/create-a-3d-model-and-render-with-sketchup-and-vray	natavi4	create-a-3d-model-and-render-with-sketchup-and-vray	design	Q4	20241001	2024Q4	60.0	717	4.9
3	737	https://www.fiverr.com/kdplocontent/fix-modify-edit-format-resize-rejected-book-cover-paperback-for-amazon-kdp	kdplocontent/fix-modify-edit-format-resize-rejected-book-cover-paperback-for-amazon-kdp	kdplocontent	fix-modify-edit-format-resize-rejected-book-cover-paperback-for-amazon-kdp	design	Qna	20250514	2025Q2	5.0		
3	738	https://www.fiverr.com/allantsalaile/teach-you-how-to-run-ads-on-tiktok	allantsalaile/teach-you-how-to-run-ads-on-tiktok	allantsalaile	teach-you-how-to-run-ads-on-tiktok	marketing	Q1	20241004	2024Q4	25.0	10	5.0
3	739	https://www.fiverr.com/rian_studio/optimized-your-etsy-store-setup-etsy-marketing-and-do-etsy-seo-for-ranking	rian_studio/optimized-your-etsy-store-setup-etsy-marketing-and-do-etsy-seo-for-ranking	rian_studio	optimized-your-etsy-store-setup-etsy-marketing-and-do-etsy-seo-for-ranking	marketing	Q2	20240701	2024Q3	50.0	20	5.0
3	740	https://www.fiverr.com/myra_seosol/do-high-quality-contextual-seo-dofollow-backlinks	myra_seosol/do-high-quality-contextual-seo-dofollow-backlinks	myra_seosol	do-high-quality-contextual-seo-dofollow-backlinks	marketing	Q3	20231222	2023Q4	5.0	175	4.9
3	741	https://www.fiverr.com/seo_backlinks90/high-quality-dofollow-seo-backlinks-high-da-authority-white-hat-link-building	seo_backlinks90/high-quality-dofollow-seo-backlinks-high-da-authority-white-hat-link-building	seo_backlinks90	high-quality-dofollow-seo-backlinks-high-da-authority-white-hat-link-building	marketing	Q4	20260110	2026Q1	65.0	896	4.9
3	742	https://www.fiverr.com/nabilnn/give-your-team-an-instagram-workshop	nabilnn/give-your-team-an-instagram-workshop	nabilnn	give-your-team-an-instagram-workshop	marketing	Qna	20230116	2023Q1	500.0		
3	743	https://www.fiverr.com/hassansayed2/provide-german-customer-support-and-will-be-your-virtual-assistant-in-german	hassansayed2/provide-german-customer-support-and-will-be-your-virtual-assistant-in-german	hassansayed2	provide-german-customer-support-and-will-be-your-virtual-assistant-in-german	translation	Q1	20240722	2024Q3	5.0	14	5.0
3	744	https://www.fiverr.com/jayjayjavon/add-alex-hormozi-style-subtitles-to-your-social-media-videos	jayjayjavon/add-alex-hormozi-style-subtitles-to-your-social-media-videos	jayjayjavon	add-alex-hormozi-style-subtitles-to-your-social-media-videos	translation	Q2	20240404	2024Q2	5.0	19	5.0
3	745	https://www.fiverr.com/rachidaouhda/create-engaging-subtitles-for-your-short-videos	rachidaouhda/create-engaging-subtitles-for-your-short-videos	rachidaouhda	create-engaging-subtitles-for-your-short-videos	translation	Q3	20240701	2024Q3	5.0	241	5.0
3	746	https://www.fiverr.com/rosaliat/translate-any-certificate-from-english-to-italian-5f7a6ac7-f571-4662-86dd-ab0c2d192f5f	rosaliat/translate-any-certificate-from-english-to-italian-5f7a6ac7-f571-4662-86dd-ab0c2d192f5f	rosaliat	translate-any-certificate-from-english-to-italian-5f7a6ac7-f571-4662-86dd-ab0c2d192f5f	translation	Q4	20240529	2024Q2	30.0	659	5.0
3	747	https://www.fiverr.com/g4streamer/create-your-dope-custom-animated-mixer-overlay	g4streamer/create-your-dope-custom-animated-mixer-overlay	g4streamer	create-your-dope-custom-animated-mixer-overlay	video	Q1	20210716	2021Q3	15.0	5	4.9
3	748	https://www.fiverr.com/woopull/create-a-product-unboxing-demonstration-and-review-video	woopull/create-a-product-unboxing-demonstration-and-review-video	woopull	create-a-product-unboxing-demonstration-and-review-video	video	Q2	20240103	2024Q1	145.0	59	5.0
3	749	https://www.fiverr.com/aviatyentertain/do-3d-character-animation	aviatyentertain/do-3d-character-animation	aviatyentertain	do-3d-character-animation	video	Q3	20220701	2022Q3	100.0	89	5.0
3	750	https://www.fiverr.com/wiggleykids/do-kids-learning-videos	wiggleykids/do-kids-learning-videos	wiggleykids	do-kids-learning-videos	video	Q4	20240101	2024Q1	45.0	285	5.0
3	751	https://www.fiverr.com/jwreilly/write-your-toast-or-short-speech	jwreilly/write-your-toast-or-short-speech	jwreilly	write-your-toast-or-short-speech	writing	Q1	20241002	2024Q4	100.0	12	5.0
3	752	https://www.fiverr.com/strangerrthan/mentor-you-in-your-screenwriting	strangerrthan/mentor-you-in-your-screenwriting	strangerrthan	mentor-you-in-your-screenwriting	writing	Q2	20241008	2024Q4	20.0	21	4.9
3	753	https://www.fiverr.com/karenroz/write-and-optimize-your-linkedin-profile	karenroz/write-and-optimize-your-linkedin-profile	karenroz	write-and-optimize-your-linkedin-profile	writing	Q3	20241002	2024Q4	250.0	110	4.9
3	754	https://www.fiverr.com/bozakaric/create-bookalbum-cover-or-movie-poster	bozakaric/create-bookalbum-cover-or-movie-poster	bozakaric	create-bookalbum-cover-or-movie-poster	writing	Q4	20220404	2022Q2	20.0	269	4.9
3	755	https://www.fiverr.com/luiscancion/mix-and-master-your-song-in-dolby-atmos-spatial-audio	luiscancion/mix-and-master-your-song-in-dolby-atmos-spatial-audio	luiscancion	mix-and-master-your-song-in-dolby-atmos-spatial-audio	audio	Q1	20240701	2024Q3	100.0	4	5.0
3	756	https://www.fiverr.com/jjstevens2020/give-you-a-shout-out-on-my-podcast	jjstevens2020/give-you-a-shout-out-on-my-podcast	jjstevens2020	give-you-a-shout-out-on-my-podcast	audio	Q2	20241001	2024Q4	5.0	31	5.0
3	757	https://www.fiverr.com/vasetskyy/edit-and-improve-your-audio-professionally	vasetskyy/edit-and-improve-your-audio-professionally	vasetskyy	edit-and-improve-your-audio-professionally	audio	Q3	20220813	2022Q3	45.0	95	5.0
3	758	https://www.fiverr.com/martinkano/do-mix-and-master-your-song	martinkano/do-mix-and-master-your-song	martinkano	do-mix-and-master-your-song	audio	Q4	20240111	2024Q1	110.0	318	5.0
3	759	https://www.fiverr.com/saroj/install-wordpress-and-setup-a-theme-with-recommended-plugins	saroj/install-wordpress-and-setup-a-theme-with-recommended-plugins	saroj	install-wordpress-and-setup-a-theme-with-recommended-plugins	coding	Q1	20191004	2019Q4	5.0	3	5.0
3	760	https://www.fiverr.com/saddamnvn/do-java-programming-java-projects-and-desktop-applications	saddamnvn/do-java-programming-java-projects-and-desktop-applications	saddamnvn	do-java-programming-java-projects-and-desktop-applications	coding	Q2	20241001	2024Q4	20.0	65	4.9
3	761	https://www.fiverr.com/yassinjakani/develop-machine-learning-models-in-python	yassinjakani/develop-machine-learning-models-in-python	yassinjakani	develop-machine-learning-models-in-python	coding	Q3	20241002	2024Q4	95.0	88	4.8
3	762	https://www.fiverr.com/maarufrahman/fix-aws-plesk-cpanel-whmcs-mail-dns-nginx-issue	maarufrahman/fix-aws-plesk-cpanel-whmcs-mail-dns-nginx-issue	maarufrahman	fix-aws-plesk-cpanel-whmcs-mail-dns-nginx-issue	coding	Q4	20241002	2024Q4	10.0	262	4.9
3	763	https://www.fiverr.com/gustav_davies/illustrate-any-cover-for-you	gustav_davies/illustrate-any-cover-for-you	gustav_davies	illustrate-any-cover-for-you	design	Q1	20250125	2025Q1	250.0	10	4.6
3	764	https://www.fiverr.com/face_wizard/draw-disney-style-cartoon-from-your-face	face_wizard/draw-disney-style-cartoon-from-your-face	face_wizard	draw-disney-style-cartoon-from-your-face	design	Q2	20210626	2021Q2	150.0	70	5.0
3	765	https://www.fiverr.com/almondesign/design-your-product-for-manufacture	almondesign/design-your-product-for-manufacture	almondesign	design-your-product-for-manufacture	design	Q3	20221008	2022Q4	1000.0	172	4.9
3	766	https://www.fiverr.com/imaginboxstudio/draw-cartoon-illustration-in-my-style	imaginboxstudio/draw-cartoon-illustration-in-my-style	imaginboxstudio	draw-cartoon-illustration-in-my-style	design	Q4	20241002	2024Q4	25.0	1080	4.9
3	767	https://www.fiverr.com/samudro20/design-10-social-media-posts-social-media-post-design	samudro20/design-10-social-media-posts-social-media-post-design	samudro20	design-10-social-media-posts-social-media-post-design	design	Qna	20250125	2025Q1	5.0		
3	768	https://www.fiverr.com/samantha_beneke/apply-on-page-seo-best-web-practice-to-your-website	samantha_beneke/apply-on-page-seo-best-web-practice-to-your-website	samantha_beneke	apply-on-page-seo-best-web-practice-to-your-website	marketing	Q1	20230409	2023Q2	220.0	10	5.0
3	769	https://www.fiverr.com/tltcapital/educate-you-and-teach-you-step-by-step-how-to-actually-trade-the-markets	tltcapital/educate-you-and-teach-you-step-by-step-how-to-actually-trade-the-markets	tltcapital	educate-you-and-teach-you-step-by-step-how-to-actually-trade-the-markets	marketing	Q2	20240402	2024Q2	95.0	32	5.0
3	770	https://www.fiverr.com/joanaprodanii/be-your-social-media-manager	joanaprodanii/be-your-social-media-manager	joanaprodanii	be-your-social-media-manager	marketing	Q3	20241005	2024Q4	100.0	120	5.0
3	771	https://www.fiverr.com/orialmehmeti/improve-your-site-seo	orialmehmeti/improve-your-site-seo	orialmehmeti	improve-your-site-seo	marketing	Q4	20260101	2026Q1	50.0	6244	4.9
3	772	https://www.fiverr.com/dennisrich/be-your-social-media-consultant	dennisrich/be-your-social-media-consultant	dennisrich	be-your-social-media-consultant	marketing	Qna	20221212	2022Q4	650.0		
3	773	https://www.fiverr.com/nuntkamolnun/do-transcriptions-in-thai	nuntkamolnun/do-transcriptions-in-thai	nuntkamolnun	do-transcriptions-in-thai	translation	Q1	20211018	2021Q4	35.0	11	4.9
3	774	https://www.fiverr.com/hannimus/translate-english-to-german	hannimus/translate-english-to-german	hannimus	translate-english-to-german	translation	Q2	20200101	2020Q1	5.0	25	5.0
3	775	https://www.fiverr.com/fran_256/add-and-translate-perfectly-synced-subtitles-to-your-videos	fran_256/add-and-translate-perfectly-synced-subtitles-to-your-videos	fran_256	add-and-translate-perfectly-synced-subtitles-to-your-videos	translation	Q3	20230717	2023Q3	10.0	218	5.0
3	776	https://www.fiverr.com/dandi077/translate-between-english-czech-hungarian-and-slovak	dandi077/translate-between-english-czech-hungarian-and-slovak	dandi077	translate-between-english-czech-hungarian-and-slovak	translation	Q4	20240412	2024Q2	5.0	1673	5.0
3	777	https://www.fiverr.com/hussainmaqsud/do-super-fast-organic-youtube-video-promotion-through-google-ads	hussainmaqsud/do-super-fast-organic-youtube-video-promotion-through-google-ads	hussainmaqsud	do-super-fast-organic-youtube-video-promotion-through-google-ads	video	Q1	20241001	2024Q4	20.0	9	5.0
3	778	https://www.fiverr.com/chebdennis/create-a-powerful-ico-explainer-video	chebdennis/create-a-powerful-ico-explainer-video	chebdennis	create-a-powerful-ico-explainer-video	video	Q2	20241005	2024Q4	30.0	33	5.0
3	779	https://www.fiverr.com/irenechanmusic/music-composition-for-video-games	irenechanmusic/music-composition-for-video-games	irenechanmusic	music-composition-for-video-games	video	Q3	20230416	2023Q2	40.0	134	5.0
3	780	https://www.fiverr.com/joeguilar/create-a-clean-stylish-explainer-video	joeguilar/create-a-clean-stylish-explainer-video	joeguilar	create-a-clean-stylish-explainer-video	video	Q4	20241001	2024Q4	40.0	1005	4.9
3	781	https://www.fiverr.com/letsdo1/create-a-guest-wedding-speech	letsdo1/create-a-guest-wedding-speech	letsdo1	create-a-guest-wedding-speech	writing	Q1	20241002	2024Q4	215.0	9	5.0
3	782	https://www.fiverr.com/farooqi33/write-a-convincing-letter-powerful-letter	farooqi33/write-a-convincing-letter-powerful-letter	farooqi33	write-a-convincing-letter-powerful-letter	writing	Q2	20241002	2024Q4	20.0	52	5.0
3	783	https://www.fiverr.com/gdesigner_hamza/fix-your-ai-art-flaws-enhance-and-photo-editing	gdesigner_hamza/fix-your-ai-art-flaws-enhance-and-photo-editing	gdesigner_hamza	fix-your-ai-art-flaws-enhance-and-photo-editing	writing	Q3	20241222	2024Q4	15.0	132	4.9
3	784	https://www.fiverr.com/design2thrive/design-an-attractive-and-professional-facebook-cover	design2thrive/design-an-attractive-and-professional-facebook-cover	design2thrive	design-an-attractive-and-professional-facebook-cover	writing	Q4	20241001	2024Q4	35.0	1698	5.0
3	785	https://www.fiverr.com/crystalpitch/mix-your-hit-song-with-digital-processing	crystalpitch/mix-your-hit-song-with-digital-processing	crystalpitch	mix-your-hit-song-with-digital-processing	audio	Q1	20221027	2022Q4	120.0	11	4.9
3	786	https://www.fiverr.com/mampitsu/create-an-emo-guitar-loop-for-your-hiphop-beat	mampitsu/create-an-emo-guitar-loop-for-your-hiphop-beat	mampitsu	create-an-emo-guitar-loop-for-your-hiphop-beat	audio	Q2	20241004	2024Q4	20.0	66	5.0
3	787	https://www.fiverr.com/blessingsoulful/be-your-female-gospel-songwriter-and-singer	blessingsoulful/be-your-female-gospel-songwriter-and-singer	blessingsoulful	be-your-female-gospel-songwriter-and-singer	audio	Q3	20240105	2024Q1	15.0	235	4.9
3	788	https://www.fiverr.com/louiscoyote/gunstiger-deutscher-voice-actor-mit-flexibler-stimme	louiscoyote/gunstiger-deutscher-voice-actor-mit-flexibler-stimme	louiscoyote	gunstiger-deutscher-voice-actor-mit-flexibler-stimme	audio	Q4	20230520	2023Q2	20.0	863	5.0
3	789	https://www.fiverr.com/sohailsultan/develop-a-fantastic-website-on-squarespace	sohailsultan/develop-a-fantastic-website-on-squarespace	sohailsultan	develop-a-fantastic-website-on-squarespace	coding	Q1	20191004	2019Q4	50.0	9	4.9
3	790	https://www.fiverr.com/wasi_production/create-faceless-cash-cow-videos-youtube-automation-content-creator	wasi_production/create-faceless-cash-cow-videos-youtube-automation-content-creator	wasi_production	create-faceless-cash-cow-videos-youtube-automation-content-creator	coding	Q2	20241008	2024Q4	40.0	52	4.7
3	791	https://www.fiverr.com/nams3010/create-a-digital-art-or-nft-collections	nams3010/create-a-digital-art-or-nft-collections	nams3010	create-a-digital-art-or-nft-collections	coding	Q3	20250123	2025Q1	40.0	201	5.0
3	792	https://www.fiverr.com/visionvpro/optimize-wordpress-website-speed-in-24-hours	visionvpro/optimize-wordpress-website-speed-in-24-hours	visionvpro	optimize-wordpress-website-speed-in-24-hours	coding	Q4	20241002	2024Q4	30.0	3366	5.0
3	793	https://www.fiverr.com/elyluu/create-clever-and-fun-illustrations	elyluu/create-clever-and-fun-illustrations	elyluu	create-clever-and-fun-illustrations	design	Q1	20210223	2021Q1	250.0	14	5.0
3	794	https://www.fiverr.com/rob_art/do-a-full-illustration-for-you	rob_art/do-a-full-illustration-for-you	rob_art	do-a-full-illustration-for-you	design	Q2	20230220	2023Q1	320.0	37	5.0
3	795	https://www.fiverr.com/motiongrapherr/create-custom-intro-or-outro-animation-for-your-logo	motiongrapherr/create-custom-intro-or-outro-animation-for-your-logo	motiongrapherr	create-custom-intro-or-outro-animation-for-your-logo	design	Q3	20260108	2026Q1	450.0	95	5.0
3	796	https://www.fiverr.com/terrybogard392/graphic-design-and-travel-poster	terrybogard392/graphic-design-and-travel-poster	terrybogard392	graphic-design-and-travel-poster	design	Q4	20240912	2024Q3	40.0	686	4.9
3	797	https://www.fiverr.com/justindjoseph04/audit-your-youtube-channel-and-optimize-for-organic-growth	justindjoseph04/audit-your-youtube-channel-and-optimize-for-organic-growth	justindjoseph04	audit-your-youtube-channel-and-optimize-for-organic-growth	marketing	Q1	20241001	2024Q4	300.0	2	5.0
3	798	https://www.fiverr.com/concentric/be-your-expert-seo-consultant-if-you-need-advice	concentric/be-your-expert-seo-consultant-if-you-need-advice	concentric	be-your-expert-seo-consultant-if-you-need-advice	marketing	Q2	20241001	2024Q4	45.0	25	5.0
3	799	https://www.fiverr.com/fawasopeyemi_01/build-clickbank-affiliate-marketing-sales-funnel-or-amazon-affiliate-website	fawasopeyemi_01/build-clickbank-affiliate-marketing-sales-funnel-or-amazon-affiliate-website	fawasopeyemi_01	build-clickbank-affiliate-marketing-sales-funnel-or-amazon-affiliate-website	marketing	Q3	20250227	2025Q1	15.0	135	4.9
3	800	https://www.fiverr.com/dmalnaeem119/setup-google-analytics-ga4-gtm-goal-ads-conversion-search-console-cross-domain	dmalnaeem119/setup-google-analytics-ga4-gtm-goal-ads-conversion-search-console-cross-domain	dmalnaeem119	setup-google-analytics-ga4-gtm-goal-ads-conversion-search-console-cross-domain	marketing	Q4	20241003	2024Q4	10.0	713	5.0
3	801	https://www.fiverr.com/seofixes/provide-a-technical-seo-audit-and-analysis	seofixes/provide-a-technical-seo-audit-and-analysis	seofixes	provide-a-technical-seo-audit-and-analysis	marketing	Qna	20220101	2022Q1	500.0		
3	802	https://www.fiverr.com/carlosandrino/record-a-pro-male-voice-over-in-spanish-latin-america	carlosandrino/record-a-pro-male-voice-over-in-spanish-latin-america	carlosandrino	record-a-pro-male-voice-over-in-spanish-latin-america	translation	Q1	20220710	2022Q3	15.0	1	5.0
3	803	https://www.fiverr.com/laraacantos/translate-your-childrens-book-into-french-german-spanish-english	laraacantos/translate-your-childrens-book-into-french-german-spanish-english	laraacantos	translate-your-childrens-book-into-french-german-spanish-english	translation	Q2	20240506	2024Q2	10.0	60	5.0
3	804	https://www.fiverr.com/miiila/amazon-translation-localisation-english-german-native	miiila/amazon-translation-localisation-english-german-native	miiila	amazon-translation-localisation-english-german-native	translation	Q3	20220711	2022Q3	55.0	99	5.0
3	805	https://www.fiverr.com/hadiakdemir/translate-english-german-italian-turkish-up-to-500-words	hadiakdemir/translate-english-german-italian-turkish-up-to-500-words	hadiakdemir	translate-english-german-italian-turkish-up-to-500-words	translation	Q4	20240523	2024Q2	10.0	381	5.0
3	806	https://www.fiverr.com/proslideshow/make-a-product-video-commercial	proslideshow/make-a-product-video-commercial	proslideshow	make-a-product-video-commercial	video	Q1	20241005	2024Q4	2900.0	13	5.0
3	807	https://www.fiverr.com/thesocials/produce-an-intro-or-outro-song-for-twitch-or-stream	thesocials/produce-an-intro-or-outro-song-for-twitch-or-stream	thesocials	produce-an-intro-or-outro-song-for-twitch-or-stream	video	Q2	20240625	2024Q2	35.0	45	5.0
3	808	https://www.fiverr.com/tanchijahantono/create-an-animated-marketing-video-for-youtube-instagram-fb	tanchijahantono/create-an-animated-marketing-video-for-youtube-instagram-fb	tanchijahantono	create-an-animated-marketing-video-for-youtube-instagram-fb	video	Q3	20250115	2025Q1	15.0	111	4.9
3	809	https://www.fiverr.com/doitapto/edit-and-or-colorize-your-video-within-48-hrs	doitapto/edit-and-or-colorize-your-video-within-48-hrs	doitapto	edit-and-or-colorize-your-video-within-48-hrs	video	Q4	20241002	2024Q4	85.0	681	4.7
3	810	https://www.fiverr.com/seobuilder24x7/build-10-000-blog-comment-backlinks	seobuilder24x7/build-10-000-blog-comment-backlinks	seobuilder24x7	build-10-000-blog-comment-backlinks	writing	Q1	20260113	2026Q1	5.0	14	4.6
3	811	https://www.fiverr.com/francescatrdd/write-powerful-sales-copy-to-boost-your-sales	francescatrdd/write-powerful-sales-copy-to-boost-your-sales	francescatrdd	write-powerful-sales-copy-to-boost-your-sales	writing	Q2	20220514	2022Q2	195.0	26	4.9
3	812	https://www.fiverr.com/muzolya/do-professional-video-editing	muzolya/do-professional-video-editing	muzolya	do-professional-video-editing	writing	Q3	20240705	2024Q3	150.0	108	5.0
3	813	https://www.fiverr.com/jgelet/provide-professional-video-editing	jgelet/provide-professional-video-editing	jgelet	provide-professional-video-editing	writing	Q4	20241104	2024Q4	5.0	5334	5.0
3	814	https://www.fiverr.com/l3ondarenko/remix-popular-songs-to-rock	l3ondarenko/remix-popular-songs-to-rock	l3ondarenko	remix-popular-songs-to-rock	audio	Q1	20241001	2024Q4	50.0	13	5.0
3	815	https://www.fiverr.com/ondra_vo_cz/record-a-professional-male-czech-voiceover	ondra_vo_cz/record-a-professional-male-czech-voiceover	ondra_vo_cz	record-a-professional-male-czech-voiceover	audio	Q2	20230719	2023Q3	15.0	25	5.0
3	816	https://www.fiverr.com/pazuzustudio/provide-meditation-piano-and-flute-music-for-commercial-use	pazuzustudio/provide-meditation-piano-and-flute-music-for-commercial-use	pazuzustudio	provide-meditation-piano-and-flute-music-for-commercial-use	audio	Q3	20240210	2024Q1	5.0	108	5.0
3	817	https://www.fiverr.com/synchorotical/sing-for-your-demos-jingles-or-ads	synchorotical/sing-for-your-demos-jingles-or-ads	synchorotical	sing-for-your-demos-jingles-or-ads	audio	Q4	20240716	2024Q3	15.0	365	5.0
3	818	https://www.fiverr.com/jaylucy/do-thai-full-monthly-seo-backlinks-service-for-top-google-ranking	jaylucy/do-thai-full-monthly-seo-backlinks-service-for-top-google-ranking	jaylucy	do-thai-full-monthly-seo-backlinks-service-for-top-google-ranking	coding	Q1	20250129	2025Q1	1500.0	2	5.0
3	819	https://www.fiverr.com/zeeshan923/do-shopify-custom-coding-and-fix-any-bug-in-your-store	zeeshan923/do-shopify-custom-coding-and-fix-any-bug-in-your-store	zeeshan923	do-shopify-custom-coding-and-fix-any-bug-in-your-store	coding	Q2	20191004	2019Q4	5.0	35	4.8
3	820	https://www.fiverr.com/vibhu274/do-custom-coding-and-fix-shopify-bug-error-issue-fastly	vibhu274/do-custom-coding-and-fix-shopify-bug-error-issue-fastly	vibhu274	do-custom-coding-and-fix-shopify-bug-error-issue-fastly	coding	Q3	20200809	2020Q3	5.0	151	4.9
3	821	https://www.fiverr.com/shopnil_fahim/write-impressive-description-for-your-shopify-store	shopnil_fahim/write-impressive-description-for-your-shopify-store	shopnil_fahim	write-impressive-description-for-your-shopify-store	coding	Q4	20240713	2024Q3	5.0	417	5.0
3	822	https://www.fiverr.com/attiquebaig/design-an-attractive-web-and-mobile-ui-ux-app	attiquebaig/design-an-attractive-web-and-mobile-ui-ux-app	attiquebaig	design-an-attractive-web-and-mobile-ui-ux-app	design	Q1	20250116	2025Q1	1000.0	9	4.9
3	823	https://www.fiverr.com/robinbd679/do-professional-business-card-design	robinbd679/do-professional-business-card-design	robinbd679	do-professional-business-card-design	design	Q2	20250820	2025Q3	15.0	20	5.0
3	824	https://www.fiverr.com/laurens_designs/design-a-clean-professional-trifold-or-bifold-brochure	laurens_designs/design-a-clean-professional-trifold-or-bifold-brochure	laurens_designs	design-a-clean-professional-trifold-or-bifold-brochure	design	Q3	20241002	2024Q4	200.0	237	5.0
3	825	https://www.fiverr.com/mosarafr/do-3-concepts-letterhead-and-business-card-design-within-24h	mosarafr/do-3-concepts-letterhead-and-business-card-design-within-24h	mosarafr	do-3-concepts-letterhead-and-business-card-design-within-24h	design	Q4	20240101	2024Q1	10.0	1596	4.9
3	826	https://www.fiverr.com/digitalytics_nz/run-a-technical-seo-audit-with-guidance-on-how-to-fix-it	digitalytics_nz/run-a-technical-seo-audit-with-guidance-on-how-to-fix-it	digitalytics_nz	run-a-technical-seo-audit-with-guidance-on-how-to-fix-it	marketing	Q1	20210709	2021Q3	500.0	1	3.3
3	827	https://www.fiverr.com/mzeeshantaib/surfer-seo-optimized-content	mzeeshantaib/surfer-seo-optimized-content	mzeeshantaib	surfer-seo-optimized-content	marketing	Q2	20241001	2024Q4	125.0	38	4.9
3	828	https://www.fiverr.com/seorank11/do-local-citations-seo-business-listing-google-my-business	seorank11/do-local-citations-seo-business-listing-google-my-business	seorank11	do-local-citations-seo-business-listing-google-my-business	marketing	Q3	20200107	2020Q1	10.0	82	
3	829	https://www.fiverr.com/emikovaci/be-your-social-media-manager	emikovaci/be-your-social-media-manager	emikovaci	be-your-social-media-manager	marketing	Q4	20250810	2025Q3	190.0	2856	4.9
3	830	https://www.fiverr.com/gmponline/create-an-audit-report-to-improve-your-google-ads-campaign-performance	gmponline/create-an-audit-report-to-improve-your-google-ads-campaign-performance	gmponline	create-an-audit-report-to-improve-your-google-ads-campaign-performance	marketing	Qna	20200110	2020Q1	70.0		
3	831	https://www.fiverr.com/ecostilpropieda/interpret-from-english-or-spanish-to-russian-professionally	ecostilpropieda/interpret-from-english-or-spanish-to-russian-professionally	ecostilpropieda	interpret-from-english-or-spanish-to-russian-professionally	translation	Q1	20241004	2024Q4	10.0	5	5.0
3	832	https://www.fiverr.com/doantrang/translate-from-english-to-vietnamese-and-vietnamese-to-english	doantrang/translate-from-english-to-vietnamese-and-vietnamese-to-english	doantrang	translate-from-english-to-vietnamese-and-vietnamese-to-english	translation	Q2	20210804	2021Q3	15.0	35	5.0
3	833	https://www.fiverr.com/armandocabrera1/transcribe-your-music-to-sibelius	armandocabrera1/transcribe-your-music-to-sibelius	armandocabrera1	transcribe-your-music-to-sibelius	translation	Q3	20221001	2022Q4	15.0	159	5.0
3	834	https://www.fiverr.com/supert287/translate-500-words-from-english-to-korean-in-24h	supert287/translate-500-words-from-english-to-korean-in-24h	supert287	translate-500-words-from-english-to-korean-in-24h	translation	Q4	20230810	2023Q3	5.0	481	5.0
3	835	https://www.fiverr.com/droidfx/do-expert-vfx-services-for-film-video-and-commercials	droidfx/do-expert-vfx-services-for-film-video-and-commercials	droidfx	do-expert-vfx-services-for-film-video-and-commercials	video	Q1	20241001	2024Q4	90.0	16	4.8
3	836	https://www.fiverr.com/piximove/create-a-custom-animated-explainer-video-in-a-modern-style	piximove/create-a-custom-animated-explainer-video-in-a-modern-style	piximove	create-a-custom-animated-explainer-video-in-a-modern-style	video	Q2	20241102	2024Q4	200.0	17	4.9
3	837	https://www.fiverr.com/meerhamza0320/create-a-video-for-you-gig	meerhamza0320/create-a-video-for-you-gig	meerhamza0320	create-a-video-for-you-gig	video	Q3	20241002	2024Q4	100.0	81	4.9
3	838	https://www.fiverr.com/nelaruiz/create-a-great-musical-intro-for-your-podcast-or-social-media	nelaruiz/create-a-great-musical-intro-for-your-podcast-or-social-media	nelaruiz	create-a-great-musical-intro-for-your-podcast-or-social-media	video	Q4	20240911	2024Q3	50.0	314	5.0
3	839	https://www.fiverr.com/seb_jenkins/give-writing-advice-and-create-story-or-book-plans	seb_jenkins/give-writing-advice-and-create-story-or-book-plans	seb_jenkins	give-writing-advice-and-create-story-or-book-plans	writing	Q1	20240401	2024Q2	30.0	5	5.0
3	840	https://www.fiverr.com/kiramazur/do-professional-video-editing-and-post-production	kiramazur/do-professional-video-editing-and-post-production	kiramazur	do-professional-video-editing-and-post-production	writing	Q2	20250119	2025Q1	250.0	64	5.0
3	841	https://www.fiverr.com/marin_y/create-a-custom-made-mailchimp-design-for-your-newsletter	marin_y/create-a-custom-made-mailchimp-design-for-your-newsletter	marin_y	create-a-custom-made-mailchimp-design-for-your-newsletter	writing	Q3	20241006	2024Q4	140.0	231	4.9
3	842	https://www.fiverr.com/manish_ramola12/set-up-and-manage-your-facebook-and-instagram-ads-campaign	manish_ramola12/set-up-and-manage-your-facebook-and-instagram-ads-campaign	manish_ramola12	set-up-and-manage-your-facebook-and-instagram-ads-campaign	writing	Q4	20241001	2024Q4	100.0	540	4.9
3	843	https://www.fiverr.com/akinwalefaye/produce-your-music-mashup-beat-mix-remix-and-dj-drop	akinwalefaye/produce-your-music-mashup-beat-mix-remix-and-dj-drop	akinwalefaye	produce-your-music-mashup-beat-mix-remix-and-dj-drop	audio	Q1	20240701	2024Q3	10.0	4	3.8
3	844	https://www.fiverr.com/somkeyz/create-awesome-africa-contemporary-gospel-beats	somkeyz/create-awesome-africa-contemporary-gospel-beats	somkeyz	create-awesome-africa-contemporary-gospel-beats	audio	Q2	20221001	2022Q4	100.0	30	5.0
3	845	https://www.fiverr.com/abenz123/record-a-professional-black-british-female-voice-over	abenz123/record-a-professional-black-british-female-voice-over	abenz123	record-a-professional-black-british-female-voice-over	audio	Q3	20231002	2023Q4	20.0	103	5.0
3	846	https://www.fiverr.com/simonrug/do-voiceovers-of-any-kind-for-you	simonrug/do-voiceovers-of-any-kind-for-you	simonrug	do-voiceovers-of-any-kind-for-you	audio	Q4	20240130	2024Q1	20.0	262	5.0
3	847	https://www.fiverr.com/jamilahmad287/screen-capture-how-to-use-app-and-website-or-software-video	jamilahmad287/screen-capture-how-to-use-app-and-website-or-software-video	jamilahmad287	screen-capture-how-to-use-app-and-website-or-software-video	coding	Q1	20240108	2024Q1	10.0	12	5.0
3	848	https://www.fiverr.com/nyah140/create-pivot-tables-or-solve-complex-formulas-in-excel	nyah140/create-pivot-tables-or-solve-complex-formulas-in-excel	nyah140	create-pivot-tables-or-solve-complex-formulas-in-excel	coding	Q2	20200401	2020Q2	5.0	25	5.0
3	849	https://www.fiverr.com/tech_wix/design-redesign-or-revamp-wordpress-website-superfast	tech_wix/design-redesign-or-revamp-wordpress-website-superfast	tech_wix	design-redesign-or-revamp-wordpress-website-superfast	coding	Q3	20241009	2024Q4	120.0	229	5.0
3	850	https://www.fiverr.com/only_nurnobi/elementor-website-wordpress-website-landing-page-squeeze	only_nurnobi/elementor-website-wordpress-website-landing-page-squeeze	only_nurnobi	elementor-website-wordpress-website-landing-page-squeeze	coding	Q4	20240229	2024Q1	60.0	355	4.9
3	851	https://www.fiverr.com/xrender/create-realistic-visualizations-for-your-design	xrender/create-realistic-visualizations-for-your-design	xrender	create-realistic-visualizations-for-your-design	design	Q1	20250818	2025Q3	600.0	1	5.0
3	852	https://www.fiverr.com/redi_ananda_/draw-anime-art-illustration-fanart-chibi-original-character-and-vtuber-design	redi_ananda_/draw-anime-art-illustration-fanart-chibi-original-character-and-vtuber-design	redi_ananda_	draw-anime-art-illustration-fanart-chibi-original-character-and-vtuber-design	design	Q2	20250122	2025Q1	20.0	40	4.9
3	853	https://www.fiverr.com/boxofwolves/design-a-unique-and-captivating-album-or-book-artwork	boxofwolves/design-a-unique-and-captivating-album-or-book-artwork	boxofwolves	design-a-unique-and-captivating-album-or-book-artwork	design	Q3	20220701	2022Q3	250.0	217	4.8
3	854	https://www.fiverr.com/danish091/design-custom-gaming-logo-and-complete-overlays	danish091/design-custom-gaming-logo-and-complete-overlays	danish091	design-custom-gaming-logo-and-complete-overlays	design	Q4	20240701	2024Q3	10.0	904	5.0
3	855	https://www.fiverr.com/blackbirdbits/create-a-seo-audit-report-to-improve-your-rankings	blackbirdbits/create-a-seo-audit-report-to-improve-your-rankings	blackbirdbits	create-a-seo-audit-report-to-improve-your-rankings	marketing	Q1	20230201	2023Q1	250.0	5	5.0
3	856	https://www.fiverr.com/javaidanwar012/optimize-and-manage-your-amazon-ppc-campaign-sponsored-ads-and-ppc-management	javaidanwar012/optimize-and-manage-your-amazon-ppc-campaign-sponsored-ads-and-ppc-management	javaidanwar012	optimize-and-manage-your-amazon-ppc-campaign-sponsored-ads-and-ppc-management	marketing	Q2	20240101	2024Q1	30.0	24	5.0
3	857	https://www.fiverr.com/jahanzeb123/manage-your-digital-marketing-completely	jahanzeb123/manage-your-digital-marketing-completely	jahanzeb123	manage-your-digital-marketing-completely	marketing	Q3	20251028	2025Q4	250.0	96	5.0
3	858	https://www.fiverr.com/pookiezz/create-a-transparent-youtube-watermark-for-you	pookiezz/create-a-transparent-youtube-watermark-for-you	pookiezz	create-a-transparent-youtube-watermark-for-you	marketing	Q4	20240312	2024Q1	10.0	281	5.0
3	859	https://www.fiverr.com/kendraroman/setup-your-google-ads-adwords-ppc-campaigns	kendraroman/setup-your-google-ads-adwords-ppc-campaigns	kendraroman	setup-your-google-ads-adwords-ppc-campaigns	marketing	Qna	20220702	2022Q3	450.0		
3	860	https://www.fiverr.com/m3graphic/translate-and-localize-your-game-app-or-website-from-english-to-arabic	m3graphic/translate-and-localize-your-game-app-or-website-from-english-to-arabic	m3graphic	translate-and-localize-your-game-app-or-website-from-english-to-arabic	translation	Q1	20240102	2024Q1	45.0	11	5.0
3	861	https://www.fiverr.com/sashagu/interpret-between-chinese-and-english-over-the-phone	sashagu/interpret-between-chinese-and-english-over-the-phone	sashagu	interpret-between-chinese-and-english-over-the-phone	translation	Q2	20250227	2025Q1	60.0	70	5.0
3	862	https://www.fiverr.com/irmt12/transcribe-any-audio-into-sheet-music-tab-midi-or-pdf	irmt12/transcribe-any-audio-into-sheet-music-tab-midi-or-pdf	irmt12	transcribe-any-audio-into-sheet-music-tab-midi-or-pdf	translation	Q3	20250214	2025Q1	15.0	88	5.0
3	863	https://www.fiverr.com/nicomack/record-a-professional-german-voice-over	nicomack/record-a-professional-german-voice-over	nicomack	record-a-professional-german-voice-over	translation	Q4	20241006	2024Q4	40.0	549	4.9
3	864	https://www.fiverr.com/danielmarcet/create-a-cinematic-short-video-ad	danielmarcet/create-a-cinematic-short-video-ad	danielmarcet	create-a-cinematic-short-video-ad	video	Q1	20230408	2023Q2	2500.0	5	5.0
3	865	https://www.fiverr.com/fawad_naqvi/make-a-viral-hd-video-on-your-given-script	fawad_naqvi/make-a-viral-hd-video-on-your-given-script	fawad_naqvi	make-a-viral-hd-video-on-your-given-script	video	Q2	20210411	2021Q2	5.0	63	5.0
3	866	https://www.fiverr.com/growexpert883/do-best-youtube-video-seo-expert-optimization-and-channel-growth-manager	growexpert883/do-best-youtube-video-seo-expert-optimization-and-channel-growth-manager	growexpert883	do-best-youtube-video-seo-expert-optimization-and-channel-growth-manager	video	Q3	20240420	2024Q2	10.0	157	5.0
3	867	https://www.fiverr.com/varjivarje/create-your-hd-3d-book-promotion-video	varjivarje/create-your-hd-3d-book-promotion-video	varjivarje	create-your-hd-3d-book-promotion-video	video	Q4	20241003	2024Q4	30.0	309	4.9
3	868	https://www.fiverr.com/krdunning/write-an-irresistible-airbnb-listing	krdunning/write-an-irresistible-airbnb-listing	krdunning	write-an-irresistible-airbnb-listing	writing	Q1	20200721	2020Q3	295.0	4	5.0
3	869	https://www.fiverr.com/danielwaldman/write-a-whitepaper-about-your-product-or-service	danielwaldman/write-a-whitepaper-about-your-product-or-service	danielwaldman	write-a-whitepaper-about-your-product-or-service	writing	Q2	20241002	2024Q4	500.0	29	4.8
3	870	https://www.fiverr.com/hchogan/be-your-developmental-editor-and-beta-reader	hchogan/be-your-developmental-editor-and-beta-reader	hchogan	be-your-developmental-editor-and-beta-reader	writing	Q3	20220701	2022Q3	445.0	174	5.0
3	871	https://www.fiverr.com/matthewayomide3/write-a-complete-business-plan-with-financial-projection	matthewayomide3/write-a-complete-business-plan-with-financial-projection	matthewayomide3	write-a-complete-business-plan-with-financial-projection	writing	Q4	20240810	2024Q3	30.0	289	4.9
3	872	https://www.fiverr.com/estudiovolka/edit-clean-up-and-make-you-audio-files-sounds-profesional	estudiovolka/edit-clean-up-and-make-you-audio-files-sounds-profesional	estudiovolka	edit-clean-up-and-make-you-audio-files-sounds-profesional	audio	Q1	20230101	2023Q1	20.0	1	5.0
3	873	https://www.fiverr.com/greystorm2/record-inspirational-voice-over	greystorm2/record-inspirational-voice-over	greystorm2	record-inspirational-voice-over	audio	Q2	20220701	2022Q3	150.0	68	5.0
3	874	https://www.fiverr.com/blasty_oficial/mixing-and-boost-your-song-lets-make-a-hit-reggaeton-trap-hip-hop-pop-urban	blasty_oficial/mixing-and-boost-your-song-lets-make-a-hit-reggaeton-trap-hip-hop-pop-urban	blasty_oficial	mixing-and-boost-your-song-lets-make-a-hit-reggaeton-trap-hip-hop-pop-urban	audio	Q3	20240415	2024Q2	100.0	157	4.9
3	875	https://www.fiverr.com/lucasnorton/as-an-a-and-r-rep-listen-to-your-music	lucasnorton/as-an-a-and-r-rep-listen-to-your-music	lucasnorton	as-an-a-and-r-rep-listen-to-your-music	audio	Q4	20240920	2024Q3	20.0	641	5.0
3	876	https://www.fiverr.com/dbpmark/automate-your-workflow-with-zapier-or-integromat	dbpmark/automate-your-workflow-with-zapier-or-integromat	dbpmark	automate-your-workflow-with-zapier-or-integromat	coding	Q1	20241001	2024Q4	100.0	3	5.0
3	877	https://www.fiverr.com/raohamza845/convert-your-nft-art-to-a-3d-rotating-nft-card	raohamza845/convert-your-nft-art-to-a-3d-rotating-nft-card	raohamza845	convert-your-nft-art-to-a-3d-rotating-nft-card	coding	Q2	20241002	2024Q4	5.0	69	4.9
3	878	https://www.fiverr.com/alxnet/create-a-python-script-to-handle-csv-json-xml-files	alxnet/create-a-python-script-to-handle-csv-json-xml-files	alxnet	create-a-python-script-to-handle-csv-json-xml-files	coding	Q3	20241001	2024Q4	30.0	161	5.0
3	879	https://www.fiverr.com/ma_mohin/create-excel-formula-or-macro-and-fix-error	ma_mohin/create-excel-formula-or-macro-and-fix-error	ma_mohin	create-excel-formula-or-macro-and-fix-error	coding	Q4	20240728	2024Q3	20.0	2436	5.0
3	880	https://www.fiverr.com/alex_gallego/draw-a-group-cartoon-caricature	alex_gallego/draw-a-group-cartoon-caricature	alex_gallego	draw-a-group-cartoon-caricature	design	Q1	20220912	2022Q3	500.0	4	5.0
3	881	https://www.fiverr.com/striderxyz/color-and-repaint-manga-and-comic-pages-using-ai	striderxyz/color-and-repaint-manga-and-comic-pages-using-ai	striderxyz	color-and-repaint-manga-and-comic-pages-using-ai	design	Q2	20241004	2024Q4	15.0	54	5.0
3	882	https://www.fiverr.com/tuulhuur/create-2d-game-art-props-items-icons-etc	tuulhuur/create-2d-game-art-props-items-icons-etc	tuulhuur	create-2d-game-art-props-items-icons-etc	design	Q3	20240703	2024Q3	15.0	225	5.0
3	883	https://www.fiverr.com/arsalankhatt57/design-eye-catching-power-point-presentation	arsalankhatt57/design-eye-catching-power-point-presentation	arsalankhatt57	design-eye-catching-power-point-presentation	design	Q4	20240107	2024Q1	60.0	1257	5.0
3	884	https://www.fiverr.com/blacwhite/be-your-twitter-spaces-discord-ama-host-and-public-speaker	blacwhite/be-your-twitter-spaces-discord-ama-host-and-public-speaker	blacwhite	be-your-twitter-spaces-discord-ama-host-and-public-speaker	marketing	Q1	20240101	2024Q1	100.0	2	5.0
3	885	https://www.fiverr.com/investors2021/provide-start-up-business-fund-raising-and-marketing-kit	investors2021/provide-start-up-business-fund-raising-and-marketing-kit	investors2021	provide-start-up-business-fund-raising-and-marketing-kit	marketing	Q2	20231001	2023Q4	195.0	17	5.0
3	886	https://www.fiverr.com/salmun16/professionally-grow-and-manage-your-instagram	salmun16/professionally-grow-and-manage-your-instagram	salmun16	professionally-grow-and-manage-your-instagram	marketing	Q3	20260115	2026Q1	30.0	92	4.7
3	887	https://www.fiverr.com/noumanbilal100/create-white-hat-seo-backlinks	noumanbilal100/create-white-hat-seo-backlinks	noumanbilal100	create-white-hat-seo-backlinks	marketing	Q4	20241005	2024Q4	10.0	540	4.8
3	888	https://www.fiverr.com/maynard1996/develop-multi-vendor-ecommerce-marketplace-website	maynard1996/develop-multi-vendor-ecommerce-marketplace-website	maynard1996	develop-multi-vendor-ecommerce-marketplace-website	marketing	Qna	20240703	2024Q3	140.0		
3	889	https://www.fiverr.com/philippelacombe/translate-your-entire-store-from-english-to-french	philippelacombe/translate-your-entire-store-from-english-to-french	philippelacombe	translate-your-entire-store-from-english-to-french	translation	Q1	20220101	2022Q1	50.0	12	5.0
3	890	https://www.fiverr.com/ursulagerstbach/be-your-german-singer-for-jazz-pop-and-kids-songs	ursulagerstbach/be-your-german-singer-for-jazz-pop-and-kids-songs	ursulagerstbach	be-your-german-singer-for-jazz-pop-and-kids-songs	translation	Q2	20210119	2021Q1	35.0	18	5.0
3	891	https://www.fiverr.com/totolusi/record-a-professional-german-voice-over	totolusi/record-a-professional-german-voice-over	totolusi	record-a-professional-german-voice-over	translation	Q3	20240114	2024Q1	125.0	120	5.0
3	892	https://www.fiverr.com/marcelhap/offer-perfect-french-and-english-translations-as-a-native-for-any-technical-text	marcelhap/offer-perfect-french-and-english-translations-as-a-native-for-any-technical-text	marcelhap	offer-perfect-french-and-english-translations-as-a-native-for-any-technical-text	translation	Q4	20240406	2024Q2	5.0	610	4.9
3	893	https://www.fiverr.com/denizyuce/do-retouching-and-beauty-in-your-videos	denizyuce/do-retouching-and-beauty-in-your-videos	denizyuce	do-retouching-and-beauty-in-your-videos	video	Q1	20241001	2024Q4	100.0	2	5.0
3	894	https://www.fiverr.com/itzfarukbd/youtube-video-seo-video-marketing-promotion	itzfarukbd/youtube-video-seo-video-marketing-promotion	itzfarukbd	youtube-video-seo-video-marketing-promotion	video	Q2	20240401	2024Q2	10.0	59	4.9
3	895	https://www.fiverr.com/beehaya/do-animation-of-your-characters	beehaya/do-animation-of-your-characters	beehaya	do-animation-of-your-characters	video	Q3	20220402	2022Q2	80.0	137	4.9
3	896	https://www.fiverr.com/reaperworks/create-a-minimal-youtube-intro-for-your-channel	reaperworks/create-a-minimal-youtube-intro-for-your-channel	reaperworks	create-a-minimal-youtube-intro-for-your-channel	video	Q4	20250401	2025Q2	95.0	1484	4.9
3	897	https://www.fiverr.com/britt_leigh/proofread-and-copy-edit-your-presentation	britt_leigh/proofread-and-copy-edit-your-presentation	britt_leigh	proofread-and-copy-edit-your-presentation	writing	Q1	20241002	2024Q4	50.0	9	4.9
3	898	https://www.fiverr.com/smorganmackay/write-your-spec-screenplay-festival-short-film-or-tv-pilot	smorganmackay/write-your-spec-screenplay-festival-short-film-or-tv-pilot	smorganmackay	write-your-spec-screenplay-festival-short-film-or-tv-pilot	writing	Q2	20211023	2021Q4	925.0	35	4.9
3	899	https://www.fiverr.com/musiccharliej/write-and-perform-a-rapped-verse-for-your-song	musiccharliej/write-and-perform-a-rapped-verse-for-your-song	musiccharliej	write-and-perform-a-rapped-verse-for-your-song	writing	Q3	20240617	2024Q2	35.0	188	5.0
3	900	https://www.fiverr.com/arslanejazrao/write-top-quality-articles	arslanejazrao/write-top-quality-articles	arslanejazrao	write-top-quality-articles	writing	Q4	20241001	2024Q4	5.0	917	5.0
3	901	https://www.fiverr.com/ajmw_beats/help-you-finish-your-lofi-beats	ajmw_beats/help-you-finish-your-lofi-beats	ajmw_beats	help-you-finish-your-lofi-beats	audio	Q1	20241001	2024Q4	200.0	3	5.0
3	902	https://www.fiverr.com/waynewilco/record-a-voiceover-as-mrs-doubtfire	waynewilco/record-a-voiceover-as-mrs-doubtfire	waynewilco	record-a-voiceover-as-mrs-doubtfire	audio	Q2	20200426	2020Q2	10.0	31	4.8
3	903	https://www.fiverr.com/onurnsr/8-bit-chiptune-musics-for-your-games-or-works	onurnsr/8-bit-chiptune-musics-for-your-games-or-works	onurnsr	8-bit-chiptune-musics-for-your-games-or-works	audio	Q3	20240723	2024Q3	50.0	101	5.0
3	904	https://www.fiverr.com/tben2505/record-a-professional-voice-over-in-many-styles--2	tben2505/record-a-professional-voice-over-in-many-styles--2	tben2505	record-a-professional-voice-over-in-many-styles--2	audio	Q4	20231008	2023Q4	5.0	5130	5.0
3	905	https://www.fiverr.com/hamzagraphics/make-a-wordpress-website-for-your-business	hamzagraphics/make-a-wordpress-website-for-your-business	hamzagraphics	make-a-wordpress-website-for-your-business	coding	Q1	20210702	2021Q3	60.0	11	5.0
3	906	https://www.fiverr.com/mohsinraz3/bulk-upload-nft-collection-to-ipfs-or-fix-metadata-json-file	mohsinraz3/bulk-upload-nft-collection-to-ipfs-or-fix-metadata-json-file	mohsinraz3	bulk-upload-nft-collection-to-ipfs-or-fix-metadata-json-file	coding	Q2	20250514	2025Q2	15.0	47	5.0
3	907	https://www.fiverr.com/kang_dw/create-character-and-generate-up-to-10k-traits-nft-art	kang_dw/create-character-and-generate-up-to-10k-traits-nft-art	kang_dw	create-character-and-generate-up-to-10k-traits-nft-art	coding	Q3	20231021	2023Q4	35.0	200	5.0
3	908	https://www.fiverr.com/kultida/translate-thai-to-english-or-english-to-thai-from-eight-hrs	kultida/translate-thai-to-english-or-english-to-thai-from-eight-hrs	kultida	translate-thai-to-english-or-english-to-thai-from-eight-hrs	coding	Q4	20240926	2024Q3	10.0	679	5.0
3	909	https://www.fiverr.com/cchhiieelll/create-photorealistic-architectural-3d-renderings	cchhiieelll/create-photorealistic-architectural-3d-renderings	cchhiieelll	create-photorealistic-architectural-3d-renderings	design	Q1	20200701	2020Q3	300.0	5	5.0
3	910	https://www.fiverr.com/mohijnu/design-coloring-book-cover-for-kdp	mohijnu/design-coloring-book-cover-for-kdp	mohijnu	design-coloring-book-cover-for-kdp	design	Q2	20260211	2026Q1	10.0	29	5.0
3	911	https://www.fiverr.com/ankaramedia/design-album-cover-art-for-album-cover-or-single	ankaramedia/design-album-cover-art-for-album-cover-or-single	ankaramedia	design-album-cover-art-for-album-cover-or-single	design	Q3	20251207	2025Q4	5.0	137	4.9
3	912	https://www.fiverr.com/rakadesign/design-you-3-youtube-thumbnails	rakadesign/design-you-3-youtube-thumbnails	rakadesign	design-you-3-youtube-thumbnails	design	Q4	20251124	2025Q4	15.0	5311	5.0
3	913	https://www.fiverr.com/thefaridpur/product-seo-by-yoast-woocommerce-plugin	thefaridpur/product-seo-by-yoast-woocommerce-plugin	thefaridpur	product-seo-by-yoast-woocommerce-plugin	marketing	Q1	20191001	2019Q4	5.0	3	5.0
3	914	https://www.fiverr.com/roiconquest/write-seo-optimized-content	roiconquest/write-seo-optimized-content	roiconquest	write-seo-optimized-content	marketing	Q2	20241001	2024Q4	30.0	20	5.0
3	915	https://www.fiverr.com/adscampaignexpe/grow-instagram-and-be-social-media-manager-and-creator	adscampaignexpe/grow-instagram-and-be-social-media-manager-and-creator	adscampaignexpe	grow-instagram-and-be-social-media-manager-and-creator	marketing	Q3	20260120	2026Q1	30.0	167	4.7
3	916	https://www.fiverr.com/begis77/write-30-social-media-posts-73a85fc7-0f1c-4bc4-9656-bfec5808f051	begis77/write-30-social-media-posts-73a85fc7-0f1c-4bc4-9656-bfec5808f051	begis77	write-30-social-media-posts-73a85fc7-0f1c-4bc4-9656-bfec5808f051	marketing	Q4	20240701	2024Q3	5.0	655	4.9
3	917	https://www.fiverr.com/azad111/do-keyword-research-for-seo-low-competition-and-high-search-volume	azad111/do-keyword-research-for-seo-low-competition-and-high-search-volume	azad111	do-keyword-research-for-seo-low-competition-and-high-search-volume	marketing	Qna	20250119	2025Q1	5.0		
3	918	https://www.fiverr.com/nativechina/review-the-quality-of-english-chinese-translation	nativechina/review-the-quality-of-english-chinese-translation	nativechina	review-the-quality-of-english-chinese-translation	translation	Q1	20200208	2020Q1	5.0	13	4.8
3	919	https://www.fiverr.com/rodrigolamadrid/translate-any-text-for-you-into-spanish	rodrigolamadrid/translate-any-text-for-you-into-spanish	rodrigolamadrid	translate-any-text-for-you-into-spanish	translation	Q2	20220911	2022Q3	100.0	39	5.0
3	920	https://www.fiverr.com/dadakang/record-a-female-korean-voice-over-voice-actress	dadakang/record-a-female-korean-voice-over-voice-actress	dadakang	record-a-female-korean-voice-over-voice-actress	translation	Q3	20231016	2023Q4	10.0	218	5.0
3	921	https://www.fiverr.com/vincentsv/translate-from-english-to-french-and-vice-versa	vincentsv/translate-from-english-to-french-and-vice-versa	vincentsv	translate-from-english-to-french-and-vice-versa	translation	Q4	20240405	2024Q2	15.0	1540	5.0
3	922	https://www.fiverr.com/elegantfx/create-this-elegant-christmas-tree-video-with-your-photos	elegantfx/create-this-elegant-christmas-tree-video-with-your-photos	elegantfx	create-this-elegant-christmas-tree-video-with-your-photos	video	Q1	20200208	2020Q1	10.0	5	4.7
3	923	https://www.fiverr.com/michaelkussmann/create-custom-epic-twitch-gaming-intros	michaelkussmann/create-custom-epic-twitch-gaming-intros	michaelkussmann	create-custom-epic-twitch-gaming-intros	video	Q2	20241218	2024Q4	90.0	65	5.0
3	924	https://www.fiverr.com/senalgahage/create-professional-lottie-animation-svg-animation-and-gif-animation-for-you	senalgahage/create-professional-lottie-animation-svg-animation-and-gif-animation-for-you	senalgahage	create-professional-lottie-animation-svg-animation-and-gif-animation-for-you	video	Q3	20241002	2024Q4	20.0	106	4.9
3	925	https://www.fiverr.com/albikkk/create-grunge-video-intro	albikkk/create-grunge-video-intro	albikkk	create-grunge-video-intro	video	Q4	20240616	2024Q2	90.0	421	5.0
3	926	https://www.fiverr.com/it_solutions_bd/fire-energy-electric-smoke-lightning-neon-logo-animation-intro-space-particles	it_solutions_bd/fire-energy-electric-smoke-lightning-neon-logo-animation-intro-space-particles	it_solutions_bd	fire-energy-electric-smoke-lightning-neon-logo-animation-intro-space-particles	writing	Q1	20250128	2025Q1	10.0	1	5.0
3	927	https://www.fiverr.com/charlsmcfarlane/teach-video-editing-on-ipad-with-luma-fusion-and-imovie	charlsmcfarlane/teach-video-editing-on-ipad-with-luma-fusion-and-imovie	charlsmcfarlane	teach-video-editing-on-ipad-with-luma-fusion-and-imovie	writing	Q2	20241005	2024Q4	80.0	23	5.0
3	928	https://www.fiverr.com/faywriter/be-a-beta-reader-for-your-short-story-or-novel	faywriter/be-a-beta-reader-for-your-short-story-or-novel	faywriter	be-a-beta-reader-for-your-short-story-or-novel	writing	Q3	20240525	2024Q2	85.0	225	4.9
3	929	https://www.fiverr.com/book_format/format-ebook-layout-for-amazon-createspace-kindle-epub-mobi	book_format/format-ebook-layout-for-amazon-createspace-kindle-epub-mobi	book_format	format-ebook-layout-for-amazon-createspace-kindle-epub-mobi	writing	Q4	20251230	2025Q4	20.0	1690	4.9
3	930	https://www.fiverr.com/viviralternativ/teach-you-singing-lessons-opera-and-modern-singing	viviralternativ/teach-you-singing-lessons-opera-and-modern-singing	viviralternativ	teach-you-singing-lessons-opera-and-modern-singing	audio	Q1	20240701	2024Q3	35.0	4	5.0
3	931	https://www.fiverr.com/ronmarasa69/record-a-professional-american-male-voice-over	ronmarasa69/record-a-professional-american-male-voice-over	ronmarasa69	record-a-professional-american-male-voice-over	audio	Q2	20200701	2020Q3	5.0	48	5.0
3	932	https://www.fiverr.com/sabiansoldier/do-theme-music-for-your-web-series	sabiansoldier/do-theme-music-for-your-web-series	sabiansoldier	do-theme-music-for-your-web-series	audio	Q3	20190107	2019Q1	25.0	170	5.0
3	933	https://www.fiverr.com/nikas_music/compose-ambient-guitar-music-for-commercial-use	nikas_music/compose-ambient-guitar-music-for-commercial-use	nikas_music	compose-ambient-guitar-music-for-commercial-use	audio	Q4	20240905	2024Q3	5.0	290	5.0
3	934	https://www.fiverr.com/farooqch270/build-shopify-app-with-ruby-on-rails	farooqch270/build-shopify-app-with-ruby-on-rails	farooqch270	build-shopify-app-with-ruby-on-rails	coding	Q1	20181025	2018Q4	30.0	15	5.0
3	935	https://www.fiverr.com/mohammadalis552/do-arduino-and-esp-programming-code-and-projects-for-you	mohammadalis552/do-arduino-and-esp-programming-code-and-projects-for-you	mohammadalis552	do-arduino-and-esp-programming-code-and-projects-for-you	coding	Q2	20240314	2024Q1	50.0	54	5.0
3	936	https://www.fiverr.com/dumidu47/setup-apache-mysql-php-on-linux-server-and-host-websites	dumidu47/setup-apache-mysql-php-on-linux-server-and-host-websites	dumidu47	setup-apache-mysql-php-on-linux-server-and-host-websites	coding	Q3	20240706	2024Q3	20.0	208	5.0
3	937	https://www.fiverr.com/adil_naeem/fix-bugs-update-modify-improve-manage-your-shopify-store	adil_naeem/fix-bugs-update-modify-improve-manage-your-shopify-store	adil_naeem	fix-bugs-update-modify-improve-manage-your-shopify-store	coding	Q4	20240228	2024Q1	5.0	442	5.0
3	938	https://www.fiverr.com/wowyellow/draw-a-children-book-illustration	wowyellow/draw-a-children-book-illustration	wowyellow	draw-a-children-book-illustration	design	Q1	20221008	2022Q4	220.0	11	5.0
3	939	https://www.fiverr.com/arminbeciragic/create-a-unique-intro-animation-from-your-logo	arminbeciragic/create-a-unique-intro-animation-from-your-logo	arminbeciragic	create-a-unique-intro-animation-from-your-logo	design	Q2	20240526	2024Q2	350.0	44	5.0
3	940	https://www.fiverr.com/luispontiles/draw-digital-political-or-social-cartoons	luispontiles/draw-digital-political-or-social-cartoons	luispontiles	draw-digital-political-or-social-cartoons	design	Q3	20250122	2025Q1	10.0	193	5.0
3	941	https://www.fiverr.com/amrozmabrouk/design-techno-and-electronic-music-flyer-for-your-event	amrozmabrouk/design-techno-and-electronic-music-flyer-for-your-event	amrozmabrouk	design-techno-and-electronic-music-flyer-for-your-event	design	Q4	20251207	2025Q4	125.0	630	5.0
3	942	https://www.fiverr.com/seobymarcel/build-seo-backlinks-with-high-da-dofollow-guestposts	seobymarcel/build-seo-backlinks-with-high-da-dofollow-guestposts	seobymarcel	build-seo-backlinks-with-high-da-dofollow-guestposts	marketing	Q1	20230211	2023Q1	240.0	1	5.0
3	943	https://www.fiverr.com/evomediauk/create-your-b2b-digital-marketing-strategy	evomediauk/create-your-b2b-digital-marketing-strategy	evomediauk	create-your-b2b-digital-marketing-strategy	marketing	Q2	20240423	2024Q2	250.0	26	4.9
3	944	https://www.fiverr.com/farhanumar/make-high-quality-dofollow-backlinks-for-off-page-seo	farhanumar/make-high-quality-dofollow-backlinks-for-off-page-seo	farhanumar	make-high-quality-dofollow-backlinks-for-off-page-seo	marketing	Q3	20260115	2026Q1	150.0	125	4.9
3	945	https://www.fiverr.com/sassyangel112/create-user-generated-content-ugc-tiktoks-or-reels-33d9	sassyangel112/create-user-generated-content-ugc-tiktoks-or-reels-33d9	sassyangel112	create-user-generated-content-ugc-tiktoks-or-reels-33d9	marketing	Q4	20240706	2024Q3	70.0	750	5.0
3	946	https://www.fiverr.com/sabujali83/setup-or-fix-google-analytics-4-ga4-eeommerce-tracking-via-tag-manager	sabujali83/setup-or-fix-google-analytics-4-ga4-eeommerce-tracking-via-tag-manager	sabujali83	setup-or-fix-google-analytics-4-ga4-eeommerce-tracking-via-tag-manager	marketing	Qna	20250425	2025Q2	35.0		
3	947	https://www.fiverr.com/nativechina/transcribe-chinese-audio-and-video-files	nativechina/transcribe-chinese-audio-and-video-files	nativechina	transcribe-chinese-audio-and-video-files	translation	Q1	20240213	2024Q1	5.0	11	4.9
3	948	https://www.fiverr.com/kjh9449/do-a-professional-voiceover-in-korean	kjh9449/do-a-professional-voiceover-in-korean	kjh9449	do-a-professional-voiceover-in-korean	translation	Q2	20200226	2020Q1	25.0	28	5.0
3	949	https://www.fiverr.com/ppalepinkk/lyrics-in-russian-or-english	ppalepinkk/lyrics-in-russian-or-english	ppalepinkk	lyrics-in-russian-or-english	translation	Q3	20210415	2021Q2	70.0	96	5.0
3	950	https://www.fiverr.com/gal_designs/engaging-subtitles-youtube-shorts-instagram-reels-tiktoks	gal_designs/engaging-subtitles-youtube-shorts-instagram-reels-tiktoks	gal_designs	engaging-subtitles-youtube-shorts-instagram-reels-tiktoks	translation	Q4	20240617	2024Q2	20.0	334	5.0
3	951	https://www.fiverr.com/wirahical/shot-aerial-videos-or-photos-anywhere-in-indonesia	wirahical/shot-aerial-videos-or-photos-anywhere-in-indonesia	wirahical	shot-aerial-videos-or-photos-anywhere-in-indonesia	video	Q1	20241003	2024Q4	150.0	1	5.0
3	952	https://www.fiverr.com/badcolors/create-a-fantastic-documentary-film-for-you	badcolors/create-a-fantastic-documentary-film-for-you	badcolors	create-a-fantastic-documentary-film-for-you	video	Q2	20231009	2023Q4	395.0	17	5.0
3	953	https://www.fiverr.com/proslideshow/make-for-you-a-professional-advertising-video	proslideshow/make-for-you-a-professional-advertising-video	proslideshow	make-for-you-a-professional-advertising-video	video	Q3	20240102	2024Q1	250.0	226	5.0
3	954	https://www.fiverr.com/jelena_video/create-an-awesome-whiteboard-video	jelena_video/create-an-awesome-whiteboard-video	jelena_video	create-an-awesome-whiteboard-video	video	Q4	20251228	2025Q4	250.0	1024	5.0
3	955	https://www.fiverr.com/mattmacintosh/write-a-press-release-that-gets-you-noticed	mattmacintosh/write-a-press-release-that-gets-you-noticed	mattmacintosh	write-a-press-release-that-gets-you-noticed	writing	Q1	20200613	2020Q2	180.0	6	4.9
3	956	https://www.fiverr.com/tarafoss/edit-your-university-thesis-or-dissertation	tarafoss/edit-your-university-thesis-or-dissertation	tarafoss	edit-your-university-thesis-or-dissertation	writing	Q2	20220214	2022Q1	120.0	29	4.8
3	957	https://www.fiverr.com/digitaldesig941/make-book-promotional-video-page-flip-book-trailer	digitaldesig941/make-book-promotional-video-page-flip-book-trailer	digitaldesig941	make-book-promotional-video-page-flip-book-trailer	writing	Q3	20241003	2024Q4	30.0	90	4.8
3	958	https://www.fiverr.com/rezasa/write-and-produce-lofi-hiphop-or-rock-music-for-you	rezasa/write-and-produce-lofi-hiphop-or-rock-music-for-you	rezasa	write-and-produce-lofi-hiphop-or-rock-music-for-you	writing	Q4	20240729	2024Q3	20.0	818	5.0
3	959	https://www.fiverr.com/matias_destek/edit-restore-clean-or-fix-any-problem-with-your-audio	matias_destek/edit-restore-clean-or-fix-any-problem-with-your-audio	matias_destek	edit-restore-clean-or-fix-any-problem-with-your-audio	audio	Q1	20220702	2022Q3	25.0	4	4.8
3	960	https://www.fiverr.com/janetpeters111/record-a-scary-voiceover-for-5-dollars	janetpeters111/record-a-scary-voiceover-for-5-dollars	janetpeters111	record-a-scary-voiceover-for-5-dollars	audio	Q2	20220401	2022Q2	125.0	51	5.0
3	961	https://www.fiverr.com/millie05/record-vocals-for-songs-samples-and-instrumentals	millie05/record-vocals-for-songs-samples-and-instrumentals	millie05	record-vocals-for-songs-samples-and-instrumentals	audio	Q3	20240701	2024Q3	40.0	247	5.0
3	962	https://www.fiverr.com/mecon747/be-an-australian-male-voice-over	mecon747/be-an-australian-male-voice-over	mecon747	be-an-australian-male-voice-over	audio	Q4	20230801	2023Q3	20.0	253	5.0
3	963	https://www.fiverr.com/audipriatna/draw-traits-for-nft	audipriatna/draw-traits-for-nft	audipriatna	draw-traits-for-nft	coding	Q1	20250123	2025Q1	120.0	4	5.0
3	964	https://www.fiverr.com/excel_hero/create-an-excel-macro-with-excel-vba	excel_hero/create-an-excel-macro-with-excel-vba	excel_hero	create-an-excel-macro-with-excel-vba	coding	Q2	20250227	2025Q1	250.0	19	5.0
3	965	https://www.fiverr.com/creative_andrew/create-a-beautiful-wordpress-website-for-your-business	creative_andrew/create-a-beautiful-wordpress-website-for-your-business	creative_andrew	create-a-beautiful-wordpress-website-for-your-business	coding	Q3	20200110	2020Q1	100.0	89	4.9
3	966	https://www.fiverr.com/shofi7khan/do-youtube-seo-for-rapid-ranking-to-boost-views	shofi7khan/do-youtube-seo-for-rapid-ranking-to-boost-views	shofi7khan	do-youtube-seo-for-rapid-ranking-to-boost-views	coding	Q4	20241001	2024Q4	5.0	2834	5.0
3	967	https://www.fiverr.com/asad_jaman84/draw-a-floor-plan-layout-plan-structural-using-auto-cad	asad_jaman84/draw-a-floor-plan-layout-plan-structural-using-auto-cad	asad_jaman84	draw-a-floor-plan-layout-plan-structural-using-auto-cad	design	Q1	20250104	2025Q1	5.0	1	1.7
3	968	https://www.fiverr.com/alex_gallego/create-a-crazy-political-cartoon	alex_gallego/create-a-crazy-political-cartoon	alex_gallego	create-a-crazy-political-cartoon	design	Q2	20250111	2025Q1	165.0	59	4.9
3	969	https://www.fiverr.com/the_sculp/do-letterhead-invoice-business-card-or-corporate-identity	the_sculp/do-letterhead-invoice-business-card-or-corporate-identity	the_sculp	do-letterhead-invoice-business-card-or-corporate-identity	design	Q3	20220626	2022Q2	5.0	204	4.9
3	970	https://www.fiverr.com/amila9898/create-amazing-3d-book-cover-mockups-in-10-different-styles	amila9898/create-amazing-3d-book-cover-mockups-in-10-different-styles	amila9898	create-amazing-3d-book-cover-mockups-in-10-different-styles	design	Q4	20241001	2024Q4	5.0	1816	4.9
3	971	https://www.fiverr.com/savioragency/do-a-professional-seo-audit-growth-plan-and-competitor-research-2badb48e-5d7b-4390-8e11-872fa885420e	savioragency/do-a-professional-seo-audit-growth-plan-and-competitor-research-2badb48e-5d7b-4390-8e11-872fa885420e	savioragency	do-a-professional-seo-audit-growth-plan-and-competitor-research-2badb48e-5d7b-4390-8e11-872fa885420e	marketing	Q1	20200701	2020Q3	120.0	8	5.0
3	972	https://www.fiverr.com/uwanikoq/draw-custom-animal-emotes-for-twitch-youtube-discord	uwanikoq/draw-custom-animal-emotes-for-twitch-youtube-discord	uwanikoq	draw-custom-animal-emotes-for-twitch-youtube-discord	marketing	Q2	20241116	2024Q4	5.0	56	5.0
3	973	https://www.fiverr.com/ekramul_/build-clickfunnels-membership-or-sales-funnels-lead-capture-landing-page	ekramul_/build-clickfunnels-membership-or-sales-funnels-lead-capture-landing-page	ekramul_	build-clickfunnels-membership-or-sales-funnels-lead-capture-landing-page	marketing	Q3	20220101	2022Q1	50.0	116	4.9
3	974	https://www.fiverr.com/roxanne_social/be-your-social-media-marketing-manager-and-content-creator	roxanne_social/be-your-social-media-marketing-manager-and-content-creator	roxanne_social	be-your-social-media-marketing-manager-and-content-creator	marketing	Q4	20250822	2025Q3	100.0	263	5.0
3	975	https://www.fiverr.com/kendraroman/optimize-and-manage-your-google-ads-adwords-ppc-campaigns	kendraroman/optimize-and-manage-your-google-ads-adwords-ppc-campaigns	kendraroman	optimize-and-manage-your-google-ads-adwords-ppc-campaigns	marketing	Qna	20230203	2023Q1	1250.0		
3	976	https://www.fiverr.com/smashradio/handcraft-norwegian-seo-content	smashradio/handcraft-norwegian-seo-content	smashradio	handcraft-norwegian-seo-content	translation	Q1	20220702	2022Q3	50.0	16	5.0
3	977	https://www.fiverr.com/qaiserkhani/edit-instagram-reels-youtube-shorts-and-tiktok-videos-with-eye-catchy-subtitles	qaiserkhani/edit-instagram-reels-youtube-shorts-and-tiktok-videos-with-eye-catchy-subtitles	qaiserkhani	edit-instagram-reels-youtube-shorts-and-tiktok-videos-with-eye-catchy-subtitles	translation	Q2	20240108	2024Q1	15.0	37	5.0
3	978	https://www.fiverr.com/maxvaluecareer/translate-professionally-en-ger-or-vice-versa	maxvaluecareer/translate-professionally-en-ger-or-vice-versa	maxvaluecareer	translate-professionally-en-ger-or-vice-versa	translation	Q3	20240122	2024Q1	10.0	188	5.0
3	979	https://www.fiverr.com/alex_thevoice/produce-a-german-male-voice-over-in-a-deep-voice	alex_thevoice/produce-a-german-male-voice-over-in-a-deep-voice	alex_thevoice	produce-a-german-male-voice-over-in-a-deep-voice	translation	Q4	20241008	2024Q4	25.0	444	5.0
3	980	https://www.fiverr.com/addictiongfx/produce-high-quality-animated-explainer-video	addictiongfx/produce-high-quality-animated-explainer-video	addictiongfx	produce-high-quality-animated-explainer-video	video	Q1	20260205	2026Q1	750.0	13	4.9
3	981	https://www.fiverr.com/dulzz_wj/do-3d-product-modeling-and-animation	dulzz_wj/do-3d-product-modeling-and-animation	dulzz_wj	do-3d-product-modeling-and-animation	video	Q2	20220708	2022Q3	70.0	45	5.0
3	982	https://www.fiverr.com/arnoldhazisllar/make-a-professional-cinematic-video-ad-for-your-business	arnoldhazisllar/make-a-professional-cinematic-video-ad-for-your-business	arnoldhazisllar	make-a-professional-cinematic-video-ad-for-your-business	video	Q3	20241002	2024Q4	500.0	130	5.0
3	983	https://www.fiverr.com/eighth_studio/make-this-greetings-santa-claus-video	eighth_studio/make-this-greetings-santa-claus-video	eighth_studio	make-this-greetings-santa-claus-video	video	Q4	20240903	2024Q3	10.0	13095	5.0
3	984	https://www.fiverr.com/arcesilustra/professional-storyboard-artist-for-4-frames	arcesilustra/professional-storyboard-artist-for-4-frames	arcesilustra	professional-storyboard-artist-for-4-frames	writing	Q1	20241009	2024Q4	40.0	14	4.9
3	985	https://www.fiverr.com/nitinsharma9211/do-google-and-facebook-remarketing-for-your-website	nitinsharma9211/do-google-and-facebook-remarketing-for-your-website	nitinsharma9211	do-google-and-facebook-remarketing-for-your-website	writing	Q2	20241003	2024Q4	30.0	60	4.7
3	986	https://www.fiverr.com/djordjestepa558/be-your-facebook-ads-mentor-coach-and-consultant	djordjestepa558/be-your-facebook-ads-mentor-coach-and-consultant	djordjestepa558	be-your-facebook-ads-mentor-coach-and-consultant	writing	Q3	20241005	2024Q4	100.0	106	5.0
3	987	https://www.fiverr.com/iamvipul/design-awesome-instagram-and-facebook-promotion-banner-ad	iamvipul/design-awesome-instagram-and-facebook-promotion-banner-ad	iamvipul	design-awesome-instagram-and-facebook-promotion-banner-ad	writing	Q4	20260130	2026Q1	30.0	1788	4.9
3	988	https://www.fiverr.com/audiomax777/remove-voice-and-isolate-music-of-your-song	audiomax777/remove-voice-and-isolate-music-of-your-song	audiomax777	remove-voice-and-isolate-music-of-your-song	audio	Q1	20220417	2022Q2	5.0	13	5.0
3	989	https://www.fiverr.com/juanschmulenson/compose-a-anime-opening-song	juanschmulenson/compose-a-anime-opening-song	juanschmulenson	compose-a-anime-opening-song	audio	Q2	20211001	2021Q4	50.0	41	5.0
3	990	https://www.fiverr.com/gulsahbrett/write-professional-lyrics-topline-melodies-for-your-songs	gulsahbrett/write-professional-lyrics-topline-melodies-for-your-songs	gulsahbrett	write-professional-lyrics-topline-melodies-for-your-songs	audio	Q3	20221008	2022Q4	100.0	110	5.0
3	991	https://www.fiverr.com/ausaf_ahmed/edit-out-breaths-noises-plosives-and-other-sounds-in-audio	ausaf_ahmed/edit-out-breaths-noises-plosives-and-other-sounds-in-audio	ausaf_ahmed	edit-out-breaths-noises-plosives-and-other-sounds-in-audio	audio	Q4	20241003	2024Q4	20.0	326	5.0
3	992	https://www.fiverr.com/okasharazzaq/make-a-full-website-product-powered-with-ai-ds-machine-learning-and-nlp	okasharazzaq/make-a-full-website-product-powered-with-ai-ds-machine-learning-and-nlp	okasharazzaq	make-a-full-website-product-powered-with-ai-ds-machine-learning-and-nlp	coding	Q1	20241002	2024Q4	20000.0	3	5.0
3	993	https://www.fiverr.com/safeebutt16/perform-qa-testing-for-website-and-mobile-apps	safeebutt16/perform-qa-testing-for-website-and-mobile-apps	safeebutt16	perform-qa-testing-for-website-and-mobile-apps	coding	Q2	20231105	2023Q4	25.0	51	4.9
3	994	https://www.fiverr.com/annette_voice/record-a-female-german-voiceover-in-a-charming-and-trustworthy-voice	annette_voice/record-a-female-german-voiceover-in-a-charming-and-trustworthy-voice	annette_voice	record-a-female-german-voiceover-in-a-charming-and-trustworthy-voice	coding	Q3	20240724	2024Q3	20.0	248	5.0
3	995	https://www.fiverr.com/shopna99/do-product-label-bottle-label-design-within-24-hours	shopna99/do-product-label-bottle-label-design-within-24-hours	shopna99	do-product-label-bottle-label-design-within-24-hours	coding	Q4	20240101	2024Q1	5.0	1243	4.9
3	996	https://www.fiverr.com/sorifulisla/do-print-ready-product-packaging-design-within-24-hours	sorifulisla/do-print-ready-product-packaging-design-within-24-hours	sorifulisla	do-print-ready-product-packaging-design-within-24-hours	design	Q1	20250819	2025Q3	20.0	2	5.0
3	997	https://www.fiverr.com/sadiaakterskd2/make-a-modern-creative-minimalist-logo-creation-or-design-in-12-hours	sadiaakterskd2/make-a-modern-creative-minimalist-logo-creation-or-design-in-12-hours	sadiaakterskd2	make-a-modern-creative-minimalist-logo-creation-or-design-in-12-hours	design	Q2	20250119	2025Q1	15.0	21	4.9
3	998	https://www.fiverr.com/m_mediastudio/draw-a-portrait-in-semi-realism-cartoon-and-anime	m_mediastudio/draw-a-portrait-in-semi-realism-cartoon-and-anime	m_mediastudio	draw-a-portrait-in-semi-realism-cartoon-and-anime	design	Q3	20250923	2025Q3	20.0	211	4.9
3	999	https://www.fiverr.com/designericon/do-nice-flyer-sports-flyer-and-event-flyer	designericon/do-nice-flyer-sports-flyer-and-event-flyer	designericon	do-nice-flyer-sports-flyer-and-event-flyer	design	Q4	20241007	2024Q4	20.0	3572	4.9
3	1000	https://www.fiverr.com/asmaawan7345/do-instagram-marketing-and-send-dm-or-direct-message	asmaawan7345/do-instagram-marketing-and-send-dm-or-direct-message	asmaawan7345	do-instagram-marketing-and-send-dm-or-direct-message	marketing	Q1	20230112	2023Q1	10.0	13	4.9
3	1001	https://www.fiverr.com/eisa2347/setup-manage-and-optimize-your-amazon-ppc-advertising-campaigns-ads	eisa2347/setup-manage-and-optimize-your-amazon-ppc-advertising-campaigns-ads	eisa2347	setup-manage-and-optimize-your-amazon-ppc-advertising-campaigns-ads	marketing	Q2	20250429	2025Q2	10.0	61	4.9
3	1002	https://www.fiverr.com/marketing_panel/setup-and-manage-profitable-google-adwords-ppc-ads-campaign	marketing_panel/setup-and-manage-profitable-google-adwords-ppc-ads-campaign	marketing_panel	setup-and-manage-profitable-google-adwords-ppc-ads-campaign	marketing	Q3	20220420	2022Q2	30.0	145	4.9
3	1003	https://www.fiverr.com/usamaabdulraoof/fix-google-adsense-issues-or-do-ads-placement	usamaabdulraoof/fix-google-adsense-issues-or-do-ads-placement	usamaabdulraoof	fix-google-adsense-issues-or-do-ads-placement	marketing	Q4	20250814	2025Q3	35.0	314	4.7
3	1004	https://www.fiverr.com/dennisrich/create-social-media-content-for-you	dennisrich/create-social-media-content-for-you	dennisrich	create-social-media-content-for-you	marketing	Qna	20200702	2020Q3	125.0		
3	1005	https://www.fiverr.com/tarafoss/localize-to-british-or-american-english	tarafoss/localize-to-british-or-american-english	tarafoss	localize-to-british-or-american-english	translation	Q1	20200403	2020Q2	100.0	1	5.0
3	1006	https://www.fiverr.com/sara_writing/write-unique-french-niche-content-for-your-online-business	sara_writing/write-unique-french-niche-content-for-your-online-business	sara_writing	write-unique-french-niche-content-for-your-online-business	translation	Q2	20210714	2021Q3	40.0	43	4.8
3	1007	https://www.fiverr.com/composerr/arrange-transcribe-or-create-a-sheet-music-for-you	composerr/arrange-transcribe-or-create-a-sheet-music-for-you	composerr	arrange-transcribe-or-create-a-sheet-music-for-you	translation	Q3	20250214	2025Q1	20.0	88	5.0
3	1008	https://www.fiverr.com/mino23/subtitle-your-videos-from-english-to-spanish-or-vice-versa	mino23/subtitle-your-videos-from-english-to-spanish-or-vice-versa	mino23	subtitle-your-videos-from-english-to-spanish-or-vice-versa	translation	Q4	20240706	2024Q3	5.0	1491	4.9
3	1009	https://www.fiverr.com/modjostudios/replace-a-screen-in-your-video	modjostudios/replace-a-screen-in-your-video	modjostudios	replace-a-screen-in-your-video	video	Q1	20200105	2020Q1	280.0	1	5.0
3	1010	https://www.fiverr.com/shehrozkhan480/do-vfx-compositing-animation-and-touchups-on-your-fottage	shehrozkhan480/do-vfx-compositing-animation-and-touchups-on-your-fottage	shehrozkhan480	do-vfx-compositing-animation-and-touchups-on-your-fottage	video	Q2	20210719	2021Q3	20.0	55	5.0
3	1011	https://www.fiverr.com/saskara/animate-your-twitch-or-discord-emotes-cheer-emotes	saskara/animate-your-twitch-or-discord-emotes-cheer-emotes	saskara	animate-your-twitch-or-discord-emotes-cheer-emotes	video	Q3	20240701	2024Q3	30.0	93	5.0
3	1012	https://www.fiverr.com/komario/compose-epic-cinematic-trailer-music	komario/compose-epic-cinematic-trailer-music	komario	compose-epic-cinematic-trailer-music	video	Q4	20240730	2024Q3	20.0	320	5.0
3	1013	https://www.fiverr.com/arestiar/write-your-company-website-copy	arestiar/write-your-company-website-copy	arestiar	write-your-company-website-copy	writing	Q1	20200705	2020Q3	700.0	4	5.0
3	1014	https://www.fiverr.com/consultantv/prepare-you-for-your-next-consulting-case-study-interview	consultantv/prepare-you-for-your-next-consulting-case-study-interview	consultantv	prepare-you-for-your-next-consulting-case-study-interview	writing	Q2	20231009	2023Q4	105.0	32	4.9
3	1015	https://www.fiverr.com/todorf5/shoot-and-post-edit-your-amazon-product	todorf5/shoot-and-post-edit-your-amazon-product	todorf5	shoot-and-post-edit-your-amazon-product	writing	Q3	20241111	2024Q4	295.0	206	5.0
3	1016	https://www.fiverr.com/ubaid_ali5/photoshop-product-photo-editing-edit-amazon-and-ebay-photo	ubaid_ali5/photoshop-product-photo-editing-edit-amazon-and-ebay-photo	ubaid_ali5	photoshop-product-photo-editing-edit-amazon-and-ebay-photo	writing	Q4	20240716	2024Q3	10.0	1296	5.0
3	1017	https://www.fiverr.com/emilychrisvo/narrate-your-audiobook-for-you	emilychrisvo/narrate-your-audiobook-for-you	emilychrisvo	narrate-your-audiobook-for-you	audio	Q1	20241004	2024Q4	65.0	10	5.0
3	1018	https://www.fiverr.com/draguttt/do-professionaly-melodic-house-afro-house-dj-mix-or-podcast-for-you	draguttt/do-professionaly-melodic-house-afro-house-dj-mix-or-podcast-for-you	draguttt	do-professionaly-melodic-house-afro-house-dj-mix-or-podcast-for-you	audio	Q2	20230923	2023Q3	10.0	20	5.0
3	1019	https://www.fiverr.com/hipolitofrederi/make-a-chiptune-or-8bit-cover-of-an-audio-track	hipolitofrederi/make-a-chiptune-or-8bit-cover-of-an-audio-track	hipolitofrederi	make-a-chiptune-or-8bit-cover-of-an-audio-track	audio	Q3	20231001	2023Q4	5.0	176	5.0
3	1020	https://www.fiverr.com/tombedlammusic/sing-or-compose-your-parody-song-to-your-lyrics	tombedlammusic/sing-or-compose-your-parody-song-to-your-lyrics	tombedlammusic	sing-or-compose-your-parody-song-to-your-lyrics	audio	Q4	20241003	2024Q4	50.0	491	5.0
3	1021	https://www.fiverr.com/kajal0505/reactivate-your-google-ad-grants-account	kajal0505/reactivate-your-google-ad-grants-account	kajal0505	reactivate-your-google-ad-grants-account	coding	Q1	20240101	2024Q1	150.0	9	5.0
3	1022	https://www.fiverr.com/waqas10075/develop-all-cryptocurrencies-softwares	waqas10075/develop-all-cryptocurrencies-softwares	waqas10075	develop-all-cryptocurrencies-softwares	coding	Q2	20250120	2025Q1	7000.0	28	5.0
3	1023	https://www.fiverr.com/aryawebclub/customize-and-edit-wordpress-website-dc8f342f-1fd2-4521-a9e9-f3792e1a748d	aryawebclub/customize-and-edit-wordpress-website-dc8f342f-1fd2-4521-a9e9-f3792e1a748d	aryawebclub	customize-and-edit-wordpress-website-dc8f342f-1fd2-4521-a9e9-f3792e1a748d	coding	Q3	20200926	2020Q3	15.0	159	5.0
3	1024	https://www.fiverr.com/sabrinashomi/create-click-funnel-landing-pages-with-payment-gateway-sales-funnel-wordpress	sabrinashomi/create-click-funnel-landing-pages-with-payment-gateway-sales-funnel-wordpress	sabrinashomi	create-click-funnel-landing-pages-with-payment-gateway-sales-funnel-wordpress	coding	Q4	20241001	2024Q4	125.0	604	4.9
3	1025	https://www.fiverr.com/trpeskidesign/create-a-complete-corporate-brand-identity-system	trpeskidesign/create-a-complete-corporate-brand-identity-system	trpeskidesign	create-a-complete-corporate-brand-identity-system	design	Q1	20230408	2023Q2	3995.0	11	5.0
3	1026	https://www.fiverr.com/burntredhen/create-premium-packaging-for-your-brand	burntredhen/create-premium-packaging-for-your-brand	burntredhen	create-premium-packaging-for-your-brand	design	Q2	20220401	2022Q2	600.0	28	5.0
3	1027	https://www.fiverr.com/inzilya_gumaro/illustrate-a-creative-seamless-pattern-design	inzilya_gumaro/illustrate-a-creative-seamless-pattern-design	inzilya_gumaro	illustrate-a-creative-seamless-pattern-design	design	Q3	20250514	2025Q2	20.0	179	5.0
3	1028	https://www.fiverr.com/bilalhaider23/do-a-minimalist-logo-design	bilalhaider23/do-a-minimalist-logo-design	bilalhaider23	do-a-minimalist-logo-design	design	Q4	20241116	2024Q4	55.0	945	4.9
3	1029	https://www.fiverr.com/smokey_seo/be-your-social-media-manager-for-the-long-term	smokey_seo/be-your-social-media-manager-for-the-long-term	smokey_seo	be-your-social-media-manager-for-the-long-term	marketing	Q1	20240706	2024Q3	20.0	11	5.0
3	1030	https://www.fiverr.com/seobyfarha/increase-ahrefs-dr-domain-rating-using-high-authority-seo-dofollow-backlinks	seobyfarha/increase-ahrefs-dr-domain-rating-using-high-authority-seo-dofollow-backlinks	seobyfarha	increase-ahrefs-dr-domain-rating-using-high-authority-seo-dofollow-backlinks	marketing	Q2	20240114	2024Q1	35.0	32	5.0
3	1031	https://www.fiverr.com/dm_expert02/setup-google-ads-conversion-tracking	dm_expert02/setup-google-ads-conversion-tracking	dm_expert02	setup-google-ads-conversion-tracking	marketing	Q3	20231028	2023Q4	10.0	127	4.9
3	1032	https://www.fiverr.com/localseo_/do-8000-google-maps-citations-for-local-business-seo	localseo_/do-8000-google-maps-citations-for-local-business-seo	localseo_	do-8000-google-maps-citations-for-local-business-seo	marketing	Q4	20240721	2024Q3	10.0	354	4.9
3	1033	https://www.fiverr.com/yunuefranco/be-your-spanish-tutor-online	yunuefranco/be-your-spanish-tutor-online	yunuefranco	be-your-spanish-tutor-online	translation	Q1	20220226	2022Q1	20.0	15	5.0
3	1034	https://www.fiverr.com/irenevicente13/create-a-video-ugc-for-tiktok-or-reels-in-spanish-or-english	irenevicente13/create-a-video-ugc-for-tiktok-or-reels-in-spanish-or-english	irenevicente13	create-a-video-ugc-for-tiktok-or-reels-in-spanish-or-english	translation	Q2	20240406	2024Q2	40.0	18	5.0
3	1035	https://www.fiverr.com/melissapapel/professional-french-female-voice-over-artist	melissapapel/professional-french-female-voice-over-artist	melissapapel	professional-french-female-voice-over-artist	translation	Q3	20241001	2024Q4	50.0	186	5.0
3	1036	https://www.fiverr.com/rizuchi/draw-japanese-anime-style-for-you	rizuchi/draw-japanese-anime-style-for-you	rizuchi	draw-japanese-anime-style-for-you	translation	Q4	20250119	2025Q1	20.0	1711	4.9
3	1037	https://www.fiverr.com/modjostudios/create-frame-by-frame-animation-for-advertising	modjostudios/create-frame-by-frame-animation-for-advertising	modjostudios	create-frame-by-frame-animation-for-advertising	video	Q1	20230305	2023Q1	3500.0	1	5.0
3	1038	https://www.fiverr.com/yuvrajsg/create-infinite-zoom-art-video-using-ai	yuvrajsg/create-infinite-zoom-art-video-using-ai	yuvrajsg	create-infinite-zoom-art-video-using-ai	video	Q2	20240714	2024Q3	50.0	32	4.9
3	1039	https://www.fiverr.com/javierortega01/edit-a-professional-video	javierortega01/edit-a-professional-video	javierortega01	edit-a-professional-video	video	Q3	20210120	2021Q1	15.0	92	5.0
3	1040	https://www.fiverr.com/editorkhan1994/make-for-you-a-professional-promotional-advertising-video-e60b	editorkhan1994/make-for-you-a-professional-promotional-advertising-video-e60b	editorkhan1994	make-for-you-a-professional-promotional-advertising-video-e60b	video	Q4	20241002	2024Q4	250.0	293	4.9
3	1041	https://www.fiverr.com/ggerbus/professionally-edit-and-proofread-your-ai-and-chatgpt-content	ggerbus/professionally-edit-and-proofread-your-ai-and-chatgpt-content	ggerbus	professionally-edit-and-proofread-your-ai-and-chatgpt-content	writing	Q1	20260202	2026Q1	100.0	15	5.0
3	1042	https://www.fiverr.com/mahade_hasan247/do-product-image-editing-for-amazon-ebay-shopify-etsy-or-any-online-store	mahade_hasan247/do-product-image-editing-for-amazon-ebay-shopify-etsy-or-any-online-store	mahade_hasan247	do-product-image-editing-for-amazon-ebay-shopify-etsy-or-any-online-store	writing	Q2	20250127	2025Q1	5.0	27	4.9
3	1043	https://www.fiverr.com/asma2004/quickbooks-online-qboa-xero-zoho-wave-bookkeeping-reconciliation-data-entry	asma2004/quickbooks-online-qboa-xero-zoho-wave-bookkeeping-reconciliation-data-entry	asma2004	quickbooks-online-qboa-xero-zoho-wave-bookkeeping-reconciliation-data-entry	writing	Q3	20240109	2024Q1	25.0	137	4.9
3	1044	https://www.fiverr.com/shakilsky9/edit-your-video-or-film-near-hollywood-level-effects	shakilsky9/edit-your-video-or-film-near-hollywood-level-effects	shakilsky9	edit-your-video-or-film-near-hollywood-level-effects	writing	Q4	20241002	2024Q4	100.0	362	4.9
3	1045	https://www.fiverr.com/pgaudio/professionally-mix-and-master-your-songs	pgaudio/professionally-mix-and-master-your-songs	pgaudio	professionally-mix-and-master-your-songs	audio	Q1	20200108	2020Q1	25.0	9	5.0
3	1046	https://www.fiverr.com/jonnyunitus/record-an-acx-quality-audiobook	jonnyunitus/record-an-acx-quality-audiobook	jonnyunitus	record-an-acx-quality-audiobook	audio	Q2	20240517	2024Q2	125.0	24	5.0
3	1047	https://www.fiverr.com/goldentones/provide-voice-over-coaching-that-will-truly-help-you-improve	goldentones/provide-voice-over-coaching-that-will-truly-help-you-improve	goldentones	provide-voice-over-coaching-that-will-truly-help-you-improve	audio	Q3	20240904	2024Q3	95.0	141	5.0
3	1048	https://www.fiverr.com/linneas88/record-any-voice-over-today	linneas88/record-any-voice-over-today	linneas88	record-any-voice-over-today	audio	Q4	20240410	2024Q2	10.0	30457	5.0
3	1049	https://www.fiverr.com/peraivan24/build-spl-token-and-reflection-bot-on-solana	peraivan24/build-spl-token-and-reflection-bot-on-solana	peraivan24	build-spl-token-and-reflection-bot-on-solana	coding	Q1	20250114	2025Q1	500.0	4	5.0
3	1050	https://www.fiverr.com/sushil_kumar40/wordpress-shopify-joomla-developer	sushil_kumar40/wordpress-shopify-joomla-developer	sushil_kumar40	wordpress-shopify-joomla-developer	coding	Q2	20220101	2022Q1	20.0	69	5.0
3	1051	https://www.fiverr.com/pro_ecom/setup-omnisend-email-marketing-automation	pro_ecom/setup-omnisend-email-marketing-automation	pro_ecom	setup-omnisend-email-marketing-automation	coding	Q3	20241004	2024Q4	20.0	79	5.0
3	1052	https://www.fiverr.com/massivework/front-end-web-developer	massivework/front-end-web-developer	massivework	front-end-web-developer	coding	Q4	20240130	2024Q1	395.0	315	5.0
3	1053	https://www.fiverr.com/gustav_davies/make-a-fashion-illustration	gustav_davies/make-a-fashion-illustration	gustav_davies	make-a-fashion-illustration	design	Q1	20230213	2023Q1	195.0	13	4.7
3	1054	https://www.fiverr.com/patriajasa/do-amazing-unique-detailed-and-authentic-tattoo-designs	patriajasa/do-amazing-unique-detailed-and-authentic-tattoo-designs	patriajasa	do-amazing-unique-detailed-and-authentic-tattoo-designs	design	Q2	20260208	2026Q1	30.0	43	5.0
3	1055	https://www.fiverr.com/xossdesigner/make-amazing-and-trendy-custom-bulk-pod-t-shirt-design-in-18-hours	xossdesigner/make-amazing-and-trendy-custom-bulk-pod-t-shirt-design-in-18-hours	xossdesigner	make-amazing-and-trendy-custom-bulk-pod-t-shirt-design-in-18-hours	design	Q3	20250119	2025Q1	15.0	84	4.9
3	1056	https://www.fiverr.com/arunwilson/create-5-image-of-your-logo-business-card-or-any-text-on-amazing-backgrounds	arunwilson/create-5-image-of-your-logo-business-card-or-any-text-on-amazing-backgrounds	arunwilson	create-5-image-of-your-logo-business-card-or-any-text-on-amazing-backgrounds	design	Q4	20240814	2024Q3	5.0	8412	5.0
3	1057	https://www.fiverr.com/algomez17/local-seo-management-for-your-website	algomez17/local-seo-management-for-your-website	algomez17	local-seo-management-for-your-website	marketing	Q1	20221110	2022Q4	750.0	4	5.0
3	1058	https://www.fiverr.com/brynneanika/create-engaging-social-media-images	brynneanika/create-engaging-social-media-images	brynneanika	create-engaging-social-media-images	marketing	Q2	20230616	2023Q2	125.0	19	4.9
3	1059	https://www.fiverr.com/rankjack/do-the-all-in-one-flintstones-premium-seo-package-for-ranking	rankjack/do-the-all-in-one-flintstones-premium-seo-package-for-ranking	rankjack	do-the-all-in-one-flintstones-premium-seo-package-for-ranking	marketing	Q3	20230510	2023Q2	100.0	192	4.9
3	1060	https://www.fiverr.com/seoexpert3865/seo-keyword-research-and-competitor-analysis	seoexpert3865/seo-keyword-research-and-competitor-analysis	seoexpert3865	seo-keyword-research-and-competitor-analysis	marketing	Q4	20241001	2024Q4	5.0	431	4.9
3	1061	https://www.fiverr.com/elionshehi/do-italian-customer-services-phone-chat-mail	elionshehi/do-italian-customer-services-phone-chat-mail	elionshehi	do-italian-customer-services-phone-chat-mail	translation	Q1	20231002	2023Q4	15.0	13	5.0
3	1062	https://www.fiverr.com/evea11/good-and-versatile-french-canadian-voice	evea11/good-and-versatile-french-canadian-voice	evea11	good-and-versatile-french-canadian-voice	translation	Q2	20241001	2024Q4	50.0	63	5.0
3	1063	https://www.fiverr.com/shanu_009/do-fast-and-accurate-audio-or-video-transcription	shanu_009/do-fast-and-accurate-audio-or-video-transcription	shanu_009	do-fast-and-accurate-audio-or-video-transcription	translation	Q3	20241002	2024Q4	5.0	190	5.0
3	1064	https://www.fiverr.com/jorgealvarezvoz/record-neutral-spanish-professional-voice-over-for-you	jorgealvarezvoz/record-neutral-spanish-professional-voice-over-for-you	jorgealvarezvoz	record-neutral-spanish-professional-voice-over-for-you	translation	Q4	20240808	2024Q3	5.0	279	5.0
3	1065	https://www.fiverr.com/casa_graphics/create-custom-2d-animated-explainer-video	casa_graphics/create-custom-2d-animated-explainer-video	casa_graphics	create-custom-2d-animated-explainer-video	video	Q1	20251123	2025Q4	20.0	13	5.0
3	1066	https://www.fiverr.com/muhammadhfayas/create1080p-wedding-and-anniversary-video	muhammadhfayas/create1080p-wedding-and-anniversary-video	muhammadhfayas	create1080p-wedding-and-anniversary-video	video	Q2	20200307	2020Q1	5.0	39	5.0
3	1067	https://www.fiverr.com/cedricpugh/shoot-and-edit-commercial-product-videos	cedricpugh/shoot-and-edit-commercial-product-videos	cedricpugh	shoot-and-edit-commercial-product-videos	video	Q3	20240615	2024Q2	300.0	139	5.0
3	1068	https://www.fiverr.com/ariekazama/create-an-amazing-animation-from-your-photo-or-digital-painting	ariekazama/create-an-amazing-animation-from-your-photo-or-digital-painting	ariekazama	create-an-amazing-animation-from-your-photo-or-digital-painting	video	Q4	20241005	2024Q4	25.0	561	4.9
3	1069	https://www.fiverr.com/prof_phil3/write-you-a-professional-computer-science-article-for-your-blog-post	prof_phil3/write-you-a-professional-computer-science-article-for-your-blog-post	prof_phil3	write-you-a-professional-computer-science-article-for-your-blog-post	writing	Q1	20250125	2025Q1	15.0	2	5.0
3	1070	https://www.fiverr.com/vitaliy_m/do-guest-post-in-da-40-and-pa-46-home-blog	vitaliy_m/do-guest-post-in-da-40-and-pa-46-home-blog	vitaliy_m	do-guest-post-in-da-40-and-pa-46-home-blog	writing	Q2	20210730	2021Q3	5.0	44	4.9
3	1071	https://www.fiverr.com/favourik/professionally-ghostwrite-your-horror-story	favourik/professionally-ghostwrite-your-horror-story	favourik	professionally-ghostwrite-your-horror-story	writing	Q3	20250201	2025Q1	5.0	75	4.9
3	1072	https://www.fiverr.com/tahirlodhi91/build-30-000-seo-blog-comment-backlinks-to-rank-your-website	tahirlodhi91/build-30-000-seo-blog-comment-backlinks-to-rank-your-website	tahirlodhi91	build-30-000-seo-blog-comment-backlinks-to-rank-your-website	writing	Q4	20241002	2024Q4	5.0	847	4.7
3	1073	https://www.fiverr.com/crazdigga/dj-mixtapes-with-the-songs-that-you-give-me	crazdigga/dj-mixtapes-with-the-songs-that-you-give-me	crazdigga	dj-mixtapes-with-the-songs-that-you-give-me	audio	Q1	20241004	2024Q4	50.0	8	4.8
3	1074	https://www.fiverr.com/nesisonline/make-custom-8-bit-music-for-you-in-24-hours	nesisonline/make-custom-8-bit-music-for-you-in-24-hours	nesisonline	make-custom-8-bit-music-for-you-in-24-hours	audio	Q2	20241003	2024Q4	15.0	61	4.9
3	1075	https://www.fiverr.com/petarristevs208/ghost-produce-and-compose-music-songs-in-different-genres	petarristevs208/ghost-produce-and-compose-music-songs-in-different-genres	petarristevs208	ghost-produce-and-compose-music-songs-in-different-genres	audio	Q3	20240507	2024Q2	10.0	145	4.9
3	1076	https://www.fiverr.com/klaus0/compose-relaxing-instrumental-piano-music	klaus0/compose-relaxing-instrumental-piano-music	klaus0	compose-relaxing-instrumental-piano-music	audio	Q4	20241008	2024Q4	10.0	559	5.0
3	1077	https://www.fiverr.com/spirogov/build-a-mobile-application-ios-applewatch-appletv	spirogov/build-a-mobile-application-ios-applewatch-appletv	spirogov	build-a-mobile-application-ios-applewatch-appletv	coding	Q1	20241001	2024Q4	950.0	11	5.0
3	1078	https://www.fiverr.com/titaswap0/linkedin-database-building-email-phone-lead	titaswap0/linkedin-database-building-email-phone-lead	titaswap0	linkedin-database-building-email-phone-lead	coding	Q2	20200101	2020Q1	5.0	28	4.7
3	1079	https://www.fiverr.com/tabish075/create-or-update-android-apps-in-java	tabish075/create-or-update-android-apps-in-java	tabish075	create-or-update-android-apps-in-java	coding	Q3	20220622	2022Q2	25.0	106	4.9
3	1080	https://www.fiverr.com/anuj58316/create-professional-shopify-store-with-premium-theme	anuj58316/create-professional-shopify-store-with-premium-theme	anuj58316	create-professional-shopify-store-with-premium-theme	coding	Q4	20250511	2025Q2	150.0	332	5.0
3	1081	https://www.fiverr.com/spiner144/draw-an-attractive-cartoon-portrait	spiner144/draw-an-attractive-cartoon-portrait	spiner144	draw-an-attractive-cartoon-portrait	design	Q1	20250121	2025Q1	480.0	15	5.0
3	1082	https://www.fiverr.com/aisastudio/make-minimal-tattoo-design-with-arabic-and-persian-calligraphy	aisastudio/make-minimal-tattoo-design-with-arabic-and-persian-calligraphy	aisastudio	make-minimal-tattoo-design-with-arabic-and-persian-calligraphy	design	Q2	20260204	2026Q1	35.0	26	4.9
3	1083	https://www.fiverr.com/sheikenimation/rig-your-3d-model-in-blender-for-game-engines-or-animation	sheikenimation/rig-your-3d-model-in-blender-for-game-engines-or-animation	sheikenimation	rig-your-3d-model-in-blender-for-game-engines-or-animation	design	Q3	20250227	2025Q1	30.0	200	4.9
3	1084	https://www.fiverr.com/cadguru15/design-3d-cad-models-ready-for-3d-printing	cadguru15/design-3d-cad-models-ready-for-3d-printing	cadguru15	design-3d-cad-models-ready-for-3d-printing	design	Q4	20241001	2024Q4	55.0	594	5.0
3	1085	https://www.fiverr.com/clarettela/setup-google-ads-and-optimise-your-campaign	clarettela/setup-google-ads-and-optimise-your-campaign	clarettela	setup-google-ads-and-optimise-your-campaign	marketing	Q1	20231022	2023Q4	70.0	4	5.0
3	1086	https://www.fiverr.com/abdulrouf173/report-pirated-data-over-twitter-under-dmca	abdulrouf173/report-pirated-data-over-twitter-under-dmca	abdulrouf173	report-pirated-data-over-twitter-under-dmca	marketing	Q2	20241001	2024Q4	30.0	37	5.0
3	1087	https://www.fiverr.com/etientahiri/be-your-personal-social-media-manager	etientahiri/be-your-personal-social-media-manager	etientahiri	be-your-personal-social-media-manager	marketing	Q3	20201010	2020Q4	75.0	189	5.0
3	1088	https://www.fiverr.com/ginger71/set-up-manage-and-optimize-your-amazon-ppc-campaign-sponsored-ads	ginger71/set-up-manage-and-optimize-your-amazon-ppc-campaign-sponsored-ads	ginger71	set-up-manage-and-optimize-your-amazon-ppc-campaign-sponsored-ads	marketing	Q4	20241120	2024Q4	65.0	273	5.0
3	1089	https://www.fiverr.com/polishwords/translate-your-youtube-video-to-polish	polishwords/translate-your-youtube-video-to-polish	polishwords	translate-your-youtube-video-to-polish	translation	Q1	20220714	2022Q3	15.0	12	5.0
3	1090	https://www.fiverr.com/stefan_barth/make-a-german-voice-over-for-internal-purposes	stefan_barth/make-a-german-voice-over-for-internal-purposes	stefan_barth	make-a-german-voice-over-for-internal-purposes	translation	Q2	20240102	2024Q1	150.0	55	4.9
3	1091	https://www.fiverr.com/soywinky/record-a-female-spanish-voice-over	soywinky/record-a-female-spanish-voice-over	soywinky	record-a-female-spanish-voice-over	translation	Q3	20240920	2024Q3	5.0	143	5.0
3	1092	https://www.fiverr.com/evacdv/your-voiceover-in-french	evacdv/your-voiceover-in-french	evacdv	your-voiceover-in-french	translation	Q4	20241001	2024Q4	15.0	574	5.0
3	1093	https://www.fiverr.com/juliuspandu/consult-guide-and-give-feedback-on-your-video-production	juliuspandu/consult-guide-and-give-feedback-on-your-video-production	juliuspandu	consult-guide-and-give-feedback-on-your-video-production	video	Q1	20241005	2024Q4	100.0	6	5.0
3	1094	https://www.fiverr.com/visualfz/create-game-intro-for-your-opening	visualfz/create-game-intro-for-your-opening	visualfz	create-game-intro-for-your-opening	video	Q2	20240118	2024Q1	15.0	20	5.0
3	1095	https://www.fiverr.com/darshanauhangod/make-elegant-award-show-video-package	darshanauhangod/make-elegant-award-show-video-package	darshanauhangod	make-elegant-award-show-video-package	video	Q3	20241002	2024Q4	20.0	138	4.9
3	1096	https://www.fiverr.com/gds_pr0/make-walkthrough-gameplay-videos-of-any-game	gds_pr0/make-walkthrough-gameplay-videos-of-any-game	gds_pr0	make-walkthrough-gameplay-videos-of-any-game	video	Q4	20241005	2024Q4	5.0	291	5.0
3	1097	https://www.fiverr.com/homeestates/write-a-case-study-to-connect-with-your-customers	homeestates/write-a-case-study-to-connect-with-your-customers	homeestates	write-a-case-study-to-connect-with-your-customers	writing	Q1	20220701	2022Q3	500.0	4	5.0
3	1098	https://www.fiverr.com/webwizards7/create-an-autoblog-or-autopilot-automated-news-website	webwizards7/create-an-autoblog-or-autopilot-automated-news-website	webwizards7	create-an-autoblog-or-autopilot-automated-news-website	writing	Q2	20250127	2025Q1	10.0	32	4.9
3	1099	https://www.fiverr.com/emandapen/rebrand-your-resume-cover-letter-and-linkedin-profile	emandapen/rebrand-your-resume-cover-letter-and-linkedin-profile	emandapen	rebrand-your-resume-cover-letter-and-linkedin-profile	writing	Q3	20250323	2025Q1	250.0	152	4.5
3	1100	https://www.fiverr.com/azoolan7studio/create-professional-white-paper	azoolan7studio/create-professional-white-paper	azoolan7studio	create-professional-white-paper	writing	Q4	20241002	2024Q4	60.0	532	5.0
3	1101	https://www.fiverr.com/soundpressurest/master-your-song-professionally	soundpressurest/master-your-song-professionally	soundpressurest	master-your-song-professionally	audio	Q1	20240703	2024Q3	100.0	10	5.0
3	1102	https://www.fiverr.com/composerr/compose-music-on-your-text-or-create-song-arrangement	composerr/compose-music-on-your-text-or-create-song-arrangement	composerr	compose-music-on-your-text-or-create-song-arrangement	audio	Q2	20220907	2022Q3	80.0	64	5.0
3	1103	https://www.fiverr.com/danekeckley/provide-amazing-voice-acting-work-for-any-project	danekeckley/provide-amazing-voice-acting-work-for-any-project	danekeckley	provide-amazing-voice-acting-work-for-any-project	audio	Q3	20240502	2024Q2	10.0	191	5.0
3	1104	https://www.fiverr.com/broadcastking/write-produce-and-record-your-custom-rap-song	broadcastking/write-produce-and-record-your-custom-rap-song	broadcastking	write-produce-and-record-your-custom-rap-song	audio	Q4	20241006	2024Q4	20.0	446	5.0
3	1105	https://www.fiverr.com/manikhan60/generative-engine-optimization-geo-aeo-seo-for-ai-chatgpt-and-google	manikhan60/generative-engine-optimization-geo-aeo-seo-for-ai-chatgpt-and-google	manikhan60	generative-engine-optimization-geo-aeo-seo-for-ai-chatgpt-and-google	coding	Q1	20251125	2025Q4	5.0	3	3.7
3	1106	https://www.fiverr.com/shokatalam/on-site-seo-for-shopify-store	shokatalam/on-site-seo-for-shopify-store	shokatalam	on-site-seo-for-shopify-store	coding	Q2	20251018	2025Q4	60.0	39	4.9
3	1107	https://www.fiverr.com/saqib67/create-web-auto-bot-web-parser-and-scraper	saqib67/create-web-auto-bot-web-parser-and-scraper	saqib67	create-web-auto-bot-web-parser-and-scraper	coding	Q3	20210504	2021Q2	40.0	79	5.0
3	1108	https://www.fiverr.com/logixtreepro/fix-wordpress-website-errors	logixtreepro/fix-wordpress-website-errors	logixtreepro	fix-wordpress-website-errors	coding	Q4	20240611	2024Q2	20.0	804	4.9
3	1109	https://www.fiverr.com/paramasquer/voice-act-female-anime-video-game-or-cartoon-characters	paramasquer/voice-act-female-anime-video-game-or-cartoon-characters	paramasquer	voice-act-female-anime-video-game-or-cartoon-characters	design	Q1	20260204	2026Q1	5.0	3	5.0
3	1110	https://www.fiverr.com/misbah_bd/designeducationlogo-for-your-business	misbah_bd/designeducationlogo-for-your-business	misbah_bd	designeducationlogo-for-your-business	design	Q2	20250426	2025Q2	10.0	18	4.8
3	1111	https://www.fiverr.com/m_auditia/design-a-fashion-collection	m_auditia/design-a-fashion-collection	m_auditia	design-a-fashion-collection	design	Q3	20250426	2025Q2	120.0	146	5.0
3	1112	https://www.fiverr.com/unipen_team/create-custom-hand-crafted-personal-logo-design	unipen_team/create-custom-hand-crafted-personal-logo-design	unipen_team	create-custom-hand-crafted-personal-logo-design	design	Q4	20240528	2024Q2	180.0	278	4.9
3	1113	https://www.fiverr.com/miamimarketer/build-your-entire-sales-funnel-machine	miamimarketer/build-your-entire-sales-funnel-machine	miamimarketer	build-your-entire-sales-funnel-machine	marketing	Q1	20190502	2019Q2	8000.0	1	5.0
3	1114	https://www.fiverr.com/baldtel/do-a-technical-seo-audit-of-your-website	baldtel/do-a-technical-seo-audit-of-your-website	baldtel	do-a-technical-seo-audit-of-your-website	marketing	Q2	20220701	2022Q3	100.0	57	4.9
3	1115	https://www.fiverr.com/shoaibkhan_seo/white-hat-contextual-seo-dofollow-high-quality-authority-backlinks	shoaibkhan_seo/white-hat-contextual-seo-dofollow-high-quality-authority-backlinks	shoaibkhan_seo	white-hat-contextual-seo-dofollow-high-quality-authority-backlinks	marketing	Q3	20251103	2025Q4	5.0	136	4.9
3	1116	https://www.fiverr.com/sanacme/build-your-salesfunnels-using-clickfunnels	sanacme/build-your-salesfunnels-using-clickfunnels	sanacme	build-your-salesfunnels-using-clickfunnels	marketing	Q4	20240701	2024Q3	80.0	330	5.0
3	1117	https://www.fiverr.com/nikolisko/interpret-german-to-english-and-back	nikolisko/interpret-german-to-english-and-back	nikolisko	interpret-german-to-english-and-back	translation	Q1	20241003	2024Q4	50.0	4	5.0
3	1118	https://www.fiverr.com/mrvoice/record-a-professional-german-podcast-intro	mrvoice/record-a-professional-german-podcast-intro	mrvoice	record-a-professional-german-podcast-intro	translation	Q2	20220204	2022Q1	20.0	18	4.8
3	1119	https://www.fiverr.com/batalediting/create-an-arabic-commercial-promo-video-ad	batalediting/create-an-arabic-commercial-promo-video-ad	batalediting	create-an-arabic-commercial-promo-video-ad	translation	Q3	20240101	2024Q1	30.0	98	5.0
3	1120	https://www.fiverr.com/albrechtlisa/do-video-and-audio-transcription	albrechtlisa/do-video-and-audio-transcription	albrechtlisa	do-video-and-audio-transcription	translation	Q4	20240729	2024Q3	5.0	594	4.9
3	1121	https://www.fiverr.com/arminbeciragic/create-explainer-video-for-your-service	arminbeciragic/create-explainer-video-for-your-service	arminbeciragic	create-explainer-video-for-your-service	video	Q1	20220613	2022Q2	950.0	15	5.0
3	1122	https://www.fiverr.com/phonycanton/do-3d-product-modeling-and-animation	phonycanton/do-3d-product-modeling-and-animation	phonycanton	do-3d-product-modeling-and-animation	video	Q2	20220701	2022Q3	150.0	45	5.0
3	1123	https://www.fiverr.com/funmove/create-record-fitness-video-demostration-exercise	funmove/create-record-fitness-video-demostration-exercise	funmove	create-record-fitness-video-demostration-exercise	video	Q3	20231222	2023Q4	35.0	165	5.0
3	1124	https://www.fiverr.com/sightml_promo/optimize-youtube-video-seo-to-improve-ranking	sightml_promo/optimize-youtube-video-seo-to-improve-ranking	sightml_promo	optimize-youtube-video-seo-to-improve-ranking	video	Q4	20250726	2025Q3	5.0	1273	4.9
3	1125	https://www.fiverr.com/morena2003/craft-a-sharable-engaging-travel-blog-post-for-your-website	morena2003/craft-a-sharable-engaging-travel-blog-post-for-your-website	morena2003	craft-a-sharable-engaging-travel-blog-post-for-your-website	writing	Q1	20220601	2022Q2	90.0	13	4.9
3	1126	https://www.fiverr.com/boluxy99/write-your-grants-gov-sam-gov-application-and-other-us-grant-06e7	boluxy99/write-your-grants-gov-sam-gov-application-and-other-us-grant-06e7	boluxy99	write-your-grants-gov-sam-gov-application-and-other-us-grant-06e7	writing	Q2	20240403	2024Q2	40.0	32	5.0
3	1127	https://www.fiverr.com/jakeeck/write-a-unique-amazon-listing	jakeeck/write-a-unique-amazon-listing	jakeeck	write-a-unique-amazon-listing	writing	Q3	20240229	2024Q1	225.0	217	4.9
3	1128	https://www.fiverr.com/marketingla6/distribute-your-press-release-on-pr-wire-cision	marketingla6/distribute-your-press-release-on-pr-wire-cision	marketingla6	distribute-your-press-release-on-pr-wire-cision	writing	Q4	20241008	2024Q4	100.0	255	4.8
3	1129	https://www.fiverr.com/mikepaine/provide-30-minutes-of-voiceover-voice-over-coaching-mentoring-advice	mikepaine/provide-30-minutes-of-voiceover-voice-over-coaching-mentoring-advice	mikepaine	provide-30-minutes-of-voiceover-voice-over-coaching-mentoring-advice	audio	Q1	20240701	2024Q3	30.0	7	5.0
3	1130	https://www.fiverr.com/koladaniels/record-background-vocals-harmony-choir-for-your-song	koladaniels/record-background-vocals-harmony-choir-for-your-song	koladaniels	record-background-vocals-harmony-choir-for-your-song	audio	Q2	20240701	2024Q3	50.0	39	5.0
3	1131	https://www.fiverr.com/tomdavidson/remix-your-song-to-smashing-hit	tomdavidson/remix-your-song-to-smashing-hit	tomdavidson	remix-your-song-to-smashing-hit	audio	Q3	20241001	2024Q4	130.0	75	5.0
3	1132	https://www.fiverr.com/khaledbfn/make-amazing-album-or-song-cover-for-you-cheap-price	khaledbfn/make-amazing-album-or-song-cover-for-you-cheap-price	khaledbfn	make-amazing-album-or-song-cover-for-you-cheap-price	audio	Q4	20220509	2022Q2	15.0	456	4.9
3	1133	https://www.fiverr.com/artisticaura3/create-a-shopify-store-and-a-unique-wordpress-website	artisticaura3/create-a-shopify-store-and-a-unique-wordpress-website	artisticaura3	create-a-shopify-store-and-a-unique-wordpress-website	coding	Q1	20250124	2025Q1	80.0	7	5.0
3	1134	https://www.fiverr.com/tjrimon/create-modern-wordpress-website-landing-page-by-elementor-pro-fix-bug	tjrimon/create-modern-wordpress-website-landing-page-by-elementor-pro-fix-bug	tjrimon	create-modern-wordpress-website-landing-page-by-elementor-pro-fix-bug	coding	Q2	20230831	2023Q3	80.0	55	5.0
3	1135	https://www.fiverr.com/danny_dare/automate-your-web-tasks-with-selenium-python	danny_dare/automate-your-web-tasks-with-selenium-python	danny_dare	automate-your-web-tasks-with-selenium-python	coding	Q3	20240701	2024Q3	30.0	241	5.0
3	1136	https://www.fiverr.com/sonarish/audit-your-shopify-store	sonarish/audit-your-shopify-store	sonarish	audit-your-shopify-store	coding	Q4	20240705	2024Q3	25.0	1310	4.9
3	1137	https://www.fiverr.com/paulvirlan/create-full-vector-retro-illustration	paulvirlan/create-full-vector-retro-illustration	paulvirlan	create-full-vector-retro-illustration	design	Q1	20221009	2022Q4	550.0	4	5.0
3	1138	https://www.fiverr.com/harris_09/solar-system-design-with-drawings	harris_09/solar-system-design-with-drawings	harris_09	solar-system-design-with-drawings	design	Q2	20251122	2025Q4	30.0	25	5.0
3	1139	https://www.fiverr.com/imranhossens/create-an-investor-pitch-deck-and-powerpoint-presentation	imranhossens/create-an-investor-pitch-deck-and-powerpoint-presentation	imranhossens	create-an-investor-pitch-deck-and-powerpoint-presentation	design	Q3	20241001	2024Q4	60.0	175	4.9
3	1140	https://www.fiverr.com/umer1649/do-flat-icons-and-designs	umer1649/do-flat-icons-and-designs	umer1649	do-flat-icons-and-designs	design	Q4	20250828	2025Q3	10.0	1404	5.0
3	1141	https://www.fiverr.com/juleschluetter/be-your-email-marketing-mentor	juleschluetter/be-your-email-marketing-mentor	juleschluetter	be-your-email-marketing-mentor	marketing	Q1	20241005	2024Q4	225.0	14	5.0
3	1142	https://www.fiverr.com/pbnspecial/do-high-quality-dr-85-and-high-tf-50-dofollow-seo-backlinks-for-poker-website	pbnspecial/do-high-quality-dr-85-and-high-tf-50-dofollow-seo-backlinks-for-poker-website	pbnspecial	do-high-quality-dr-85-and-high-tf-50-dofollow-seo-backlinks-for-poker-website	marketing	Q2	20231227	2023Q4	20.0	50	4.9
3	1143	https://www.fiverr.com/miggykey/be-your-professional-social-media-manager-ee2f	miggykey/be-your-professional-social-media-manager-ee2f	miggykey	be-your-professional-social-media-manager-ee2f	marketing	Q3	20251229	2025Q4	300.0	73	5.0
3	1144	https://www.fiverr.com/social__hub/create-social-media-accounts-set-up-business-pages-and-optimize	social__hub/create-social-media-accounts-set-up-business-pages-and-optimize	social__hub	create-social-media-accounts-set-up-business-pages-and-optimize	marketing	Q4	20251216	2025Q4	15.0	848	4.9
3	1145	https://www.fiverr.com/piotrbe/record-a-pro-polish-voiceover-for-your-commercial-project	piotrbe/record-a-pro-polish-voiceover-for-your-commercial-project	piotrbe	record-a-pro-polish-voiceover-for-your-commercial-project	translation	Q1	20220303	2022Q1	100.0	9	5.0
3	1146	https://www.fiverr.com/luna051966/translate-your-projects-from-dutch-to-german	luna051966/translate-your-projects-from-dutch-to-german	luna051966	translate-your-projects-from-dutch-to-german	translation	Q2	20230729	2023Q3	5.0	67	5.0
3	1147	https://www.fiverr.com/kbogovic/translate-up-to-2-pages-of-text-from-english-to-croatian	kbogovic/translate-up-to-2-pages-of-text-from-english-to-croatian	kbogovic	translate-up-to-2-pages-of-text-from-english-to-croatian	translation	Q3	20240801	2024Q3	10.0	189	4.9
3	1148	https://www.fiverr.com/guill77/english-to-french-1000-words	guill77/english-to-french-1000-words	guill77	english-to-french-1000-words	translation	Q4	20210302	2021Q1	5.0	821	5.0
3	1149	https://www.fiverr.com/abdullahdar1993/do-video-animation-4k-video-creation	abdullahdar1993/do-video-animation-4k-video-creation	abdullahdar1993	do-video-animation-4k-video-creation	video	Q1	20241002	2024Q4	250.0	12	5.0
3	1150	https://www.fiverr.com/animateblog/create-social-media-video-for-youtube	animateblog/create-social-media-video-for-youtube	animateblog	create-social-media-video-for-youtube	video	Q2	20221001	2022Q4	10.0	40	4.9
3	1151	https://www.fiverr.com/mafugang/add-amazon-video-upload-on-main-image-section	mafugang/add-amazon-video-upload-on-main-image-section	mafugang	add-amazon-video-upload-on-main-image-section	video	Q3	20220624	2022Q2	40.0	115	5.0
3	1152	https://www.fiverr.com/ultimatedezign/create-any-sllideshow-video-with-photo-video-and-text	ultimatedezign/create-any-sllideshow-video-with-photo-video-and-text	ultimatedezign	create-any-sllideshow-video-with-photo-video-and-text	video	Q4	20241002	2024Q4	10.0	393	4.9
3	1153	https://www.fiverr.com/danielwaldman/write-a-powerful-case-study-for-your-product-or-service	danielwaldman/write-a-powerful-case-study-for-your-product-or-service	danielwaldman	write-a-powerful-case-study-for-your-product-or-service	writing	Q1	20240823	2024Q3	250.0	16	4.6
3	1154	https://www.fiverr.com/emmaki/write-a-press-release-that-engages-and-converts	emmaki/write-a-press-release-that-engages-and-converts	emmaki	write-a-press-release-that-engages-and-converts	writing	Q2	20211120	2021Q4	125.0	31	5.0
3	1155	https://www.fiverr.com/daniellapins/manage-your-pinterest-marketing-for-your-business-and-blog	daniellapins/manage-your-pinterest-marketing-for-your-business-and-blog	daniellapins	manage-your-pinterest-marketing-for-your-business-and-blog	writing	Q3	20251230	2025Q4	130.0	118	4.9
3	1156	https://www.fiverr.com/ewaithaka/write-professional-biography-real-estate-bio-or-brand-story	ewaithaka/write-professional-biography-real-estate-bio-or-brand-story	ewaithaka	write-professional-biography-real-estate-bio-or-brand-story	writing	Q4	20240603	2024Q2	10.0	910	5.0
3	1157	https://www.fiverr.com/saianirudh2510/teach-you-the-basics-of-music-theory-and-on-any-levels	saianirudh2510/teach-you-the-basics-of-music-theory-and-on-any-levels	saianirudh2510	teach-you-the-basics-of-music-theory-and-on-any-levels	audio	Q1	20240724	2024Q3	10.0	3	5.0
3	1158	https://www.fiverr.com/ahmed_sarosh/do-male-female-voice-over-for-your-content-multilingual	ahmed_sarosh/do-male-female-voice-over-for-your-content-multilingual	ahmed_sarosh	do-male-female-voice-over-for-your-content-multilingual	audio	Q2	20241004	2024Q4	15.0	70	4.9
3	1159	https://www.fiverr.com/araa12/exclusive-solfeggio-meditation-frequencies-binaural-beats	araa12/exclusive-solfeggio-meditation-frequencies-binaural-beats	araa12	exclusive-solfeggio-meditation-frequencies-binaural-beats	audio	Q3	20241008	2024Q4	15.0	90	5.0
3	1160	https://www.fiverr.com/djyoung/record-a-radio-quality-professional-male-voiceover	djyoung/record-a-radio-quality-professional-male-voiceover	djyoung	record-a-radio-quality-professional-male-voiceover	audio	Q4	20250823	2025Q3	60.0	3181	4.9
3	1161	https://www.fiverr.com/lwisjammy/design-or-redesign-squarespace-website-professionally	lwisjammy/design-or-redesign-squarespace-website-professionally	lwisjammy	design-or-redesign-squarespace-website-professionally	coding	Q1	20250808	2025Q3	100.0	1	5.0
3	1162	https://www.fiverr.com/faheemahmed793/do-database-design-for-you	faheemahmed793/do-database-design-for-you	faheemahmed793	do-database-design-for-you	coding	Q2	20200207	2020Q1	10.0	35	5.0
3	1163	https://www.fiverr.com/ankesh49/do-instant-browser-automation-web-testing-data-extraction	ankesh49/do-instant-browser-automation-web-testing-data-extraction	ankesh49	do-instant-browser-automation-web-testing-data-extraction	coding	Q3	20220111	2022Q1	85.0	72	4.9
3	1164	https://www.fiverr.com/shopify_manir/build-shopify-store-or-dropshipping-ecommerce-store	shopify_manir/build-shopify-store-or-dropshipping-ecommerce-store	shopify_manir	build-shopify-store-or-dropshipping-ecommerce-store	coding	Q4	20241001	2024Q4	130.0	601	4.9
3	1165	https://www.fiverr.com/habiburrahman06/design-modern-powerpoint-presentation-templates-and-google-slides	habiburrahman06/design-modern-powerpoint-presentation-templates-and-google-slides	habiburrahman06	design-modern-powerpoint-presentation-templates-and-google-slides	design	Q1	20260202	2026Q1	20.0	14	5.0
3	1166	https://www.fiverr.com/gvalerioaz/do-sound-design-for-your-movie-game-ad	gvalerioaz/do-sound-design-for-your-movie-game-ad	gvalerioaz	do-sound-design-for-your-movie-game-ad	design	Q2	20240701	2024Q3	130.0	38	4.9
3	1167	https://www.fiverr.com/thisisusman/design-modern-websites-in-figma-or-adobe-xd	thisisusman/design-modern-websites-in-figma-or-adobe-xd	thisisusman	design-modern-websites-in-figma-or-adobe-xd	design	Q3	20241001	2024Q4	75.0	216	4.9
3	1168	https://www.fiverr.com/rajaraihan_/design-edit-format-your-word-document-or-pdf-urgently	rajaraihan_/design-edit-format-your-word-document-or-pdf-urgently	rajaraihan_	design-edit-format-your-word-document-or-pdf-urgently	design	Q4	20250419	2025Q2	25.0	740	5.0
3	1169	https://www.fiverr.com/isrardm/setup-google-ads-performance-max-campaign-across-all-channels	isrardm/setup-google-ads-performance-max-campaign-across-all-channels	isrardm	setup-google-ads-performance-max-campaign-across-all-channels	marketing	Q1	20240706	2024Q3	25.0	6	5.0
3	1170	https://www.fiverr.com/roshanth40/remove-or-delete-instagram-ghost-followers-manually	roshanth40/remove-or-delete-instagram-ghost-followers-manually	roshanth40	remove-or-delete-instagram-ghost-followers-manually	marketing	Q2	20240101	2024Q1	10.0	48	4.9
3	1171	https://www.fiverr.com/danielsmm/create-and-manage-your-social-media-profiles	danielsmm/create-and-manage-your-social-media-profiles	danielsmm	create-and-manage-your-social-media-profiles	marketing	Q3	20240706	2024Q3	120.0	224	5.0
3	1172	https://www.fiverr.com/pradiproy659/professionally-create-and-set-up-all-social-media-account	pradiproy659/professionally-create-and-set-up-all-social-media-account	pradiproy659	professionally-create-and-set-up-all-social-media-account	marketing	Q4	20240101	2024Q1	10.0	371	4.9
3	1173	https://www.fiverr.com/muhammadirfan_/do-urdu-typing-in-ms-word-or-inpage-urdu-tutor-and-translator	muhammadirfan_/do-urdu-typing-in-ms-word-or-inpage-urdu-tutor-and-translator	muhammadirfan_	do-urdu-typing-in-ms-word-or-inpage-urdu-tutor-and-translator	translation	Q1	20241001	2024Q4	10.0	2	5.0
3	1174	https://www.fiverr.com/nantath/buy-and-ship-to-you-anything-which-you-want-from-bangkok-or-anywhere-in-thailand	nantath/buy-and-ship-to-you-anything-which-you-want-from-bangkok-or-anywhere-in-thailand	nantath	buy-and-ship-to-you-anything-which-you-want-from-bangkok-or-anywhere-in-thailand	translation	Q2	20241202	2024Q4	5.0	27	4.9
3	1175	https://www.fiverr.com/juliooliete/translate-english-to-perfectspanish	juliooliete/translate-english-to-perfectspanish	juliooliete	translate-english-to-perfectspanish	translation	Q3	20240429	2024Q2	5.0	108	4.9
3	1176	https://www.fiverr.com/vishalpalve/translate-english-to-indian-literature-and-vice-versa	vishalpalve/translate-english-to-indian-literature-and-vice-versa	vishalpalve	translate-english-to-indian-literature-and-vice-versa	translation	Q4	20221020	2022Q4	5.0	312	5.0
3	1177	https://www.fiverr.com/alankichl/do-3d-product-animation	alankichl/do-3d-product-animation	alankichl	do-3d-product-animation	video	Q1	20220413	2022Q2	2550.0	5	5.0
3	1178	https://www.fiverr.com/toddkprovoice/create-podcast-intro-and-outro-music-and-special-effects	toddkprovoice/create-podcast-intro-and-outro-music-and-special-effects	toddkprovoice	create-podcast-intro-and-outro-music-and-special-effects	video	Q2	20240701	2024Q3	50.0	67	5.0
3	1179	https://www.fiverr.com/koraycivan/color-grade-your-videos-as-colorist	koraycivan/color-grade-your-videos-as-colorist	koraycivan	color-grade-your-videos-as-colorist	video	Q3	20241001	2024Q4	30.0	187	4.9
3	1180	https://www.fiverr.com/gogugmg/create-instagram-promo-video	gogugmg/create-instagram-promo-video	gogugmg	create-instagram-promo-video	video	Q4	20241002	2024Q4	10.0	1420	4.9
3	1181	https://www.fiverr.com/tarafoss/edit-and-proofread-your-nursing-or-medical-article-or-essay-0823	tarafoss/edit-and-proofread-your-nursing-or-medical-article-or-essay-0823	tarafoss	edit-and-proofread-your-nursing-or-medical-article-or-essay-0823	writing	Q1	20200112	2020Q1	100.0	4	5.0
3	1182	https://www.fiverr.com/topu_rahman/be-your-shopify-facebook-ads-campaign-instagram-marketing-manager	topu_rahman/be-your-shopify-facebook-ads-campaign-instagram-marketing-manager	topu_rahman	be-your-shopify-facebook-ads-campaign-instagram-marketing-manager	writing	Q2	20260201	2026Q1	50.0	58	5.0
3	1183	https://www.fiverr.com/oliviafisher956/be-your-writing-coach	oliviafisher956/be-your-writing-coach	oliviafisher956	be-your-writing-coach	writing	Q3	20241008	2024Q4	40.0	113	5.0
3	1184	https://www.fiverr.com/mskaymeek/write-seo-web-etsy-and-shopify-product-descriptions	mskaymeek/write-seo-web-etsy-and-shopify-product-descriptions	mskaymeek	write-seo-web-etsy-and-shopify-product-descriptions	writing	Q4	20240728	2024Q3	15.0	280	5.0
3	1185	https://www.fiverr.com/coopstarworld/arrange-music-for-band-or-show-band-with-midi-mockup	coopstarworld/arrange-music-for-band-or-show-band-with-midi-mockup	coopstarworld	arrange-music-for-band-or-show-band-with-midi-mockup	audio	Q1	20231222	2023Q4	40.0	3	5.0
3	1186	https://www.fiverr.com/gotovibes/create-edm-chill-dubstep-future-bass-remix-of-your-song	gotovibes/create-edm-chill-dubstep-future-bass-remix-of-your-song	gotovibes	create-edm-chill-dubstep-future-bass-remix-of-your-song	audio	Q2	20241008	2024Q4	50.0	23	4.9
3	1187	https://www.fiverr.com/juandipaez/add-orchestra-to-your-song	juandipaez/add-orchestra-to-your-song	juandipaez	add-orchestra-to-your-song	audio	Q3	20240701	2024Q3	25.0	165	5.0
3	1188	https://www.fiverr.com/brandonmeeks/play-and-record-bass-guitar-to-your-song	brandonmeeks/play-and-record-bass-guitar-to-your-song	brandonmeeks	play-and-record-bass-guitar-to-your-song	audio	Q4	20240709	2024Q3	100.0	486	5.0
3	1189	https://www.fiverr.com/mutabar/create-and-integrate-chatgpt-and-openai-applications	mutabar/create-and-integrate-chatgpt-and-openai-applications	mutabar	create-and-integrate-chatgpt-and-openai-applications	coding	Q1	20240404	2024Q2	100.0	7	5.0
3	1190	https://www.fiverr.com/digichandan/do-hubspot-marketing-automation-and-crm-setup	digichandan/do-hubspot-marketing-automation-and-crm-setup	digichandan	do-hubspot-marketing-automation-and-crm-setup	coding	Q2	20220104	2022Q1	120.0	53	4.9
3	1191	https://www.fiverr.com/madlads/do-mobile-app-development-ios-app-development-android-app-developer-react-native	madlads/do-mobile-app-development-ios-app-development-android-app-developer-react-native	madlads	do-mobile-app-development-ios-app-development-android-app-developer-react-native	coding	Q3	20241002	2024Q4	170.0	101	5.0
3	1192	https://www.fiverr.com/victorioustudio/develop-a-flutter-app-in-android-and-ios	victorioustudio/develop-a-flutter-app-in-android-and-ios	victorioustudio	develop-a-flutter-app-in-android-and-ios	coding	Q4	20230110	2023Q1	150.0	263	5.0
3	1193	https://www.fiverr.com/excel_hero/create-a-map-for-your-powerpoint-presentation	excel_hero/create-a-map-for-your-powerpoint-presentation	excel_hero	create-a-map-for-your-powerpoint-presentation	design	Q1	20220101	2022Q1	100.0	1	5.0
3	1194	https://www.fiverr.com/dianeth/design-your-professional-logo-and-brand-identity-3687	dianeth/design-your-professional-logo-and-brand-identity-3687	dianeth	design-your-professional-logo-and-brand-identity-3687	design	Q2	20230513	2023Q2	1250.0	58	4.9
3	1195	https://www.fiverr.com/alyyamada/write-ux-content-for-your-website-and-users	alyyamada/write-ux-content-for-your-website-and-users	alyyamada	write-ux-content-for-your-website-and-users	design	Q3	20241002	2024Q4	395.0	87	4.9
3	1196	https://www.fiverr.com/luisfuenmayor/create-or-redesing-your-power-point-presentation	luisfuenmayor/create-or-redesing-your-power-point-presentation	luisfuenmayor	create-or-redesing-your-power-point-presentation	design	Q4	20240706	2024Q3	100.0	722	5.0
3	1197	https://www.fiverr.com/sultanahmad325/find-the-best-tiktok-influencer-for-influencer-marketing	sultanahmad325/find-the-best-tiktok-influencer-for-influencer-marketing	sultanahmad325	find-the-best-tiktok-influencer-for-influencer-marketing	marketing	Q1	20231001	2023Q4	5.0	14	4.9
3	1198	https://www.fiverr.com/umorofficial69/clone-funnelish-product-landing-page	umorofficial69/clone-funnelish-product-landing-page	umorofficial69	clone-funnelish-product-landing-page	marketing	Q2	20240104	2024Q1	40.0	46	5.0
3	1199	https://www.fiverr.com/markmasonbeast/local-seo-100-guaranteed-we-call-it-the-localzilla	markmasonbeast/local-seo-100-guaranteed-we-call-it-the-localzilla	markmasonbeast	local-seo-100-guaranteed-we-call-it-the-localzilla	marketing	Q3	20240208	2024Q1	60.0	161	5.0
3	1200	https://www.fiverr.com/gopo2k/create-10000-high-quality-gsa-backlinks-for-seo-ranking	gopo2k/create-10000-high-quality-gsa-backlinks-for-seo-ranking	gopo2k	create-10000-high-quality-gsa-backlinks-for-seo-ranking	marketing	Q4	20260206	2026Q1	25.0	4072	4.9
3	1201	https://www.fiverr.com/idistaviso/be-your-professional-social-media-manager-in-french-or-english	idistaviso/be-your-professional-social-media-manager-in-french-or-english	idistaviso	be-your-professional-social-media-manager-in-french-or-english	translation	Q1	20240706	2024Q3	250.0	13	5.0
3	1202	https://www.fiverr.com/adampc/give-you-general-legal-advice-on-german-law	adampc/give-you-general-legal-advice-on-german-law	adampc	give-you-general-legal-advice-on-german-law	translation	Q2	20240701	2024Q3	100.0	23	5.0
3	1203	https://www.fiverr.com/breyeln/record-a-professional-french-canadian-voiceover	breyeln/record-a-professional-french-canadian-voiceover	breyeln	record-a-professional-french-canadian-voiceover	translation	Q3	20240831	2024Q3	25.0	156	5.0
3	1204	https://www.fiverr.com/alex_ryu/translate-anything-from-english-to-korean-manually	alex_ryu/translate-anything-from-english-to-korean-manually	alex_ryu	translate-anything-from-english-to-korean-manually	translation	Q4	20230104	2023Q1	15.0	257	5.0
3	1205	https://www.fiverr.com/zproduction/do-vfx-cgi-for-360-vr-videos-and-interactive-vr-apps	zproduction/do-vfx-cgi-for-360-vr-videos-and-interactive-vr-apps	zproduction	do-vfx-cgi-for-360-vr-videos-and-interactive-vr-apps	video	Q1	20240804	2024Q3	100.0	2	5.0
3	1206	https://www.fiverr.com/jctechcorner/upscale-enhance-restore-remaster-videos-using-topaz-labs-vai	jctechcorner/upscale-enhance-restore-remaster-videos-using-topaz-labs-vai	jctechcorner	upscale-enhance-restore-remaster-videos-using-topaz-labs-vai	video	Q2	20241002	2024Q4	5.0	43	4.9
3	1207	https://www.fiverr.com/musicbymauve/create-ugc-videos-for-your-tiktok-and-other-social-media	musicbymauve/create-ugc-videos-for-your-tiktok-and-other-social-media	musicbymauve	create-ugc-videos-for-your-tiktok-and-other-social-media	video	Q3	20240701	2024Q3	50.0	127	4.9
3	1208	https://www.fiverr.com/itssabbirbd/be-your-organic-promotion-best-youtube-channel-video-seo-expert-ranking	itssabbirbd/be-your-organic-promotion-best-youtube-channel-video-seo-expert-ranking	itssabbirbd	be-your-organic-promotion-best-youtube-channel-video-seo-expert-ranking	video	Q4	20250805	2025Q3	20.0	288	5.0
3	1209	https://www.fiverr.com/rizedit/teach-video-editing-color-grading-vfx-consult-filmora-x	rizedit/teach-video-editing-color-grading-vfx-consult-filmora-x	rizedit	teach-video-editing-color-grading-vfx-consult-filmora-x	writing	Q1	20240701	2024Q3	35.0	7	5.0
3	1210	https://www.fiverr.com/letsdo1/create-a-great-wedding-speech-for-the-father-of-the-bride	letsdo1/create-a-great-wedding-speech-for-the-father-of-the-bride	letsdo1	create-a-great-wedding-speech-for-the-father-of-the-bride	writing	Q2	20241002	2024Q4	215.0	49	4.9
3	1211	https://www.fiverr.com/arifaizaad/write-attractive-social-media-posts-to-grow-your-business	arifaizaad/write-attractive-social-media-posts-to-grow-your-business	arifaizaad	write-attractive-social-media-posts-to-grow-your-business	writing	Q3	20241001	2024Q4	60.0	173	5.0
3	1212	https://www.fiverr.com/bhernandez88/proofread-and-edit-your-spanish-or-english-document	bhernandez88/proofread-and-edit-your-spanish-or-english-document	bhernandez88	proofread-and-edit-your-spanish-or-english-document	writing	Q4	20220413	2022Q2	20.0	286	5.0
3	1213	https://www.fiverr.com/djkodered/teach-you-how-to-build-a-mixing-template-with-studio-one	djkodered/teach-you-how-to-build-a-mixing-template-with-studio-one	djkodered	teach-you-how-to-build-a-mixing-template-with-studio-one	audio	Q1	20240701	2024Q3	100.0	6	5.0
3	1214	https://www.fiverr.com/avrimusic/produce-instrumental-background-music	avrimusic/produce-instrumental-background-music	avrimusic	produce-instrumental-background-music	audio	Q2	20191003	2019Q4	15.0	30	4.8
3	1215	https://www.fiverr.com/luke_keys/record-professional-piano-keyboard-for-your-reggae-dance-hall-and-rnb-songs	luke_keys/record-professional-piano-keyboard-for-your-reggae-dance-hall-and-rnb-songs	luke_keys	record-professional-piano-keyboard-for-your-reggae-dance-hall-and-rnb-songs	audio	Q3	20240701	2024Q3	15.0	110	5.0
3	1216	https://www.fiverr.com/ericaroth1/narrate-a-pro-american-female-voice-over	ericaroth1/narrate-a-pro-american-female-voice-over	ericaroth1	narrate-a-pro-american-female-voice-over	audio	Q4	20240209	2024Q1	150.0	377	5.0
3	1217	https://www.fiverr.com/techsitebd/convert-figma-psd-ai-html-or-xd-to-responsive-wordpress	techsitebd/convert-figma-psd-ai-html-or-xd-to-responsive-wordpress	techsitebd	convert-figma-psd-ai-html-or-xd-to-responsive-wordpress	coding	Q1	20250125	2025Q1	80.0	4	5.0
3	1218	https://www.fiverr.com/saqarmax/custom-telegram-bot-for-you-and-your-business	saqarmax/custom-telegram-bot-for-you-and-your-business	saqarmax	custom-telegram-bot-for-you-and-your-business	coding	Q2	20191004	2019Q4	50.0	17	4.9
3	1219	https://www.fiverr.com/nevlin18/design-and-code-your-html-marketing-email	nevlin18/design-and-code-your-html-marketing-email	nevlin18	design-and-code-your-html-marketing-email	coding	Q3	20260109	2026Q1	280.0	226	5.0
3	1220	https://www.fiverr.com/expertshahid/wordpress-landing-page-elementor-landing-page-elementor-pro-elementor-landing	expertshahid/wordpress-landing-page-elementor-landing-page-elementor-pro-elementor-landing	expertshahid	wordpress-landing-page-elementor-landing-page-elementor-pro-elementor-landing	coding	Q4	20240721	2024Q3	80.0	369	5.0
3	1221	https://www.fiverr.com/dreamgraphic786/design-party-poster-flyer-attractive-event	dreamgraphic786/design-party-poster-flyer-attractive-event	dreamgraphic786	design-party-poster-flyer-attractive-event	design	Q1	20241005	2024Q4	10.0	12	5.0
3	1222	https://www.fiverr.com/lilly_lu/make-a-modern-web-illustration	lilly_lu/make-a-modern-web-illustration	lilly_lu	make-a-modern-web-illustration	design	Q2	20230221	2023Q1	200.0	19	5.0
3	1223	https://www.fiverr.com/eliza34/design-an-eye-catching-food-flyer-or-poster	eliza34/design-an-eye-catching-food-flyer-or-poster	eliza34	design-an-eye-catching-food-flyer-or-poster	design	Q3	20210410	2021Q2	10.0	145	5.0
3	1224	https://www.fiverr.com/veajawad/do-3d-animation-vfx-motion-graphics	veajawad/do-3d-animation-vfx-motion-graphics	veajawad	do-3d-animation-vfx-motion-graphics	design	Q4	20241002	2024Q4	10.0	367	4.9
3	1225	https://www.fiverr.com/usmanshaheen7/report-the-pirated-or-leaked-content-to-twitter	usmanshaheen7/report-the-pirated-or-leaked-content-to-twitter	usmanshaheen7	report-the-pirated-or-leaked-content-to-twitter	marketing	Q1	20220508	2022Q2	30.0	5	5.0
3	1226	https://www.fiverr.com/traffic_killer/help-you-to-be-success-on-youtube-3bb911ae-ac30-45e9-8814-c00cfd701f82	traffic_killer/help-you-to-be-success-on-youtube-3bb911ae-ac30-45e9-8814-c00cfd701f82	traffic_killer	help-you-to-be-success-on-youtube-3bb911ae-ac30-45e9-8814-c00cfd701f82	marketing	Q2	20190105	2019Q1	5.0	45	4.9
3	1227	https://www.fiverr.com/vincent1013/teach-you-how-to-generate-160k-instagram-real-followers-in-4-months	vincent1013/teach-you-how-to-generate-160k-instagram-real-followers-in-4-months	vincent1013	teach-you-how-to-generate-160k-instagram-real-followers-in-4-months	marketing	Q3	20230131	2023Q1	10.0	127	4.9
3	1228	https://www.fiverr.com/mehrali155/do-top-youtube-channel-promotion	mehrali155/do-top-youtube-channel-promotion	mehrali155	do-top-youtube-channel-promotion	marketing	Q4	20250818	2025Q3	25.0	860	4.9
3	1229	https://www.fiverr.com/fabiorevo/localize-your-game-or-app-into-italian	fabiorevo/localize-your-game-or-app-into-italian	fabiorevo	localize-your-game-or-app-into-italian	translation	Q1	20200208	2020Q1	5.0	7	5.0
3	1230	https://www.fiverr.com/laura_koste/record-a-native-finnish-voiceover-for-you	laura_koste/record-a-native-finnish-voiceover-for-you	laura_koste	record-a-native-finnish-voiceover-for-you	translation	Q2	20240702	2024Q3	20.0	46	5.0
3	1231	https://www.fiverr.com/forte_dan/do-all-your-music-transcriptions-and-any-sibelius-or-finale-job	forte_dan/do-all-your-music-transcriptions-and-any-sibelius-or-finale-job	forte_dan	do-all-your-music-transcriptions-and-any-sibelius-or-finale-job	translation	Q3	20250213	2025Q1	5.0	148	4.9
3	1232	https://www.fiverr.com/michikotrans/manually-translate-from-english-to-japanese-or-italian	michikotrans/manually-translate-from-english-to-japanese-or-italian	michikotrans	manually-translate-from-english-to-japanese-or-italian	translation	Q4	20240101	2024Q1	5.0	251	4.9
3	1233	https://www.fiverr.com/swapan_jr/do-advance-youtube-channel-and-video-seo-for-top-ranking	swapan_jr/do-advance-youtube-channel-and-video-seo-for-top-ranking	swapan_jr	do-advance-youtube-channel-and-video-seo-for-top-ranking	video	Q1	20250123	2025Q1	10.0	4	1.7
3	1234	https://www.fiverr.com/noman114/create-your-unique-handwritten-signature-with-video-guide	noman114/create-your-unique-handwritten-signature-with-video-guide	noman114	create-your-unique-handwritten-signature-with-video-guide	video	Q2	20241001	2024Q4	20.0	37	4.9
3	1235	https://www.fiverr.com/ayyandesigner/create-an-amazing-book-promotion-video-trailer	ayyandesigner/create-an-amazing-book-promotion-video-trailer	ayyandesigner	create-an-amazing-book-promotion-video-trailer	video	Q3	20241003	2024Q4	45.0	184	5.0
3	1236	https://www.fiverr.com/mrleodesign/create-engaging-2d-animated-explainer-video	mrleodesign/create-engaging-2d-animated-explainer-video	mrleodesign	create-engaging-2d-animated-explainer-video	video	Q4	20241002	2024Q4	40.0	1175	4.9
3	1237	https://www.fiverr.com/ukwriter101/write-an-authoritative-whitepaper-for-your-b2b-business	ukwriter101/write-an-authoritative-whitepaper-for-your-b2b-business	ukwriter101	write-an-authoritative-whitepaper-for-your-b2b-business	writing	Q1	20240909	2024Q3	1000.0	1	5.0
3	1238	https://www.fiverr.com/mahade_hasan247/do-photoshop-editing-image-retouching-and-enhancement	mahade_hasan247/do-photoshop-editing-image-retouching-and-enhancement	mahade_hasan247	do-photoshop-editing-image-retouching-and-enhancement	writing	Q2	20250129	2025Q1	5.0	53	5.0
3	1239	https://www.fiverr.com/dannyrodrigu802/write-your-xactimate-estimate	dannyrodrigu802/write-your-xactimate-estimate	dannyrodrigu802	write-your-xactimate-estimate	writing	Q3	20251103	2025Q4	150.0	74	5.0
3	1240	https://www.fiverr.com/brucexav/write-an-expert-script-for-your-animated-explainer-video	brucexav/write-an-expert-script-for-your-animated-explainer-video	brucexav	write-an-expert-script-for-your-animated-explainer-video	writing	Q4	20230131	2023Q1	15.0	510	4.9
3	1241	https://www.fiverr.com/musicstudiort/arrange-a-diy-music-box-strip-for-any-song	musicstudiort/arrange-a-diy-music-box-strip-for-any-song	musicstudiort	arrange-a-diy-music-box-strip-for-any-song	audio	Q1	20231222	2023Q4	15.0	10	4.9
3	1242	https://www.fiverr.com/rachelcatlin/create-meditation-ambient-music	rachelcatlin/create-meditation-ambient-music	rachelcatlin	create-meditation-ambient-music	audio	Q2	20240825	2024Q3	20.0	66	5.0
3	1243	https://www.fiverr.com/fransis84/produce-your-rock-and-pop-songs	fransis84/produce-your-rock-and-pop-songs	fransis84	produce-your-rock-and-pop-songs	audio	Q3	20240725	2024Q3	45.0	222	5.0
3	1244	https://www.fiverr.com/reliable_sounds/edit-and-clean-your-podcast	reliable_sounds/edit-and-clean-your-podcast	reliable_sounds	edit-and-clean-your-podcast	audio	Q4	20241004	2024Q4	25.0	1159	4.9
3	1245	https://www.fiverr.com/haileegreen/create-react-native-app-for-you	haileegreen/create-react-native-app-for-you	haileegreen	create-react-native-app-for-you	coding	Q1	20181007	2018Q4	5.0	10	5.0
3	1246	https://www.fiverr.com/websiterz/make-your-website-from-psd-to-wordpress	websiterz/make-your-website-from-psd-to-wordpress	websiterz	make-your-website-from-psd-to-wordpress	coding	Q2	20200214	2020Q1	345.0	38	5.0
3	1247	https://www.fiverr.com/suleman880/develop-efficient-python-gui-projects-kivy-tkinter	suleman880/develop-efficient-python-gui-projects-kivy-tkinter	suleman880	develop-efficient-python-gui-projects-kivy-tkinter	coding	Q3	20231001	2023Q4	20.0	112	4.9
3	1248	https://www.fiverr.com/sonarish/create-one-product-shopify-store	sonarish/create-one-product-shopify-store	sonarish	create-one-product-shopify-store	coding	Q4	20240705	2024Q3	225.0	520	5.0
3	1249	https://www.fiverr.com/edoneil/do-your-photoshop-project-with-a-creative-perspective	edoneil/do-your-photoshop-project-with-a-creative-perspective	edoneil	do-your-photoshop-project-with-a-creative-perspective	design	Q1	20211127	2021Q4	250.0	13	4.9
3	1250	https://www.fiverr.com/rob_art/do-a-caricature-from-photo	rob_art/do-a-caricature-from-photo	rob_art	do-a-caricature-from-photo	design	Q2	20220124	2022Q1	220.0	21	5.0
3	1251	https://www.fiverr.com/soundrav/sound-design-edit-and-implement-game-and-film-audio-assets	soundrav/sound-design-edit-and-implement-game-and-film-audio-assets	soundrav	sound-design-edit-and-implement-game-and-film-audio-assets	design	Q3	20240716	2024Q3	30.0	84	5.0
3	1252	https://www.fiverr.com/jngmadhusanka/convert-your-sketch-or-existing-logo-to-vector	jngmadhusanka/convert-your-sketch-or-existing-logo-to-vector	jngmadhusanka	convert-your-sketch-or-existing-logo-to-vector	design	Q4	20241002	2024Q4	10.0	3827	5.0
3	1253	https://www.fiverr.com/al_mamun09/build-seo-link-building-with-high-authority-diverse-backlinks	al_mamun09/build-seo-link-building-with-high-authority-diverse-backlinks	al_mamun09	build-seo-link-building-with-high-authority-diverse-backlinks	marketing	Q1	20260217	2026Q1	10.0	1	1.7
3	1254	https://www.fiverr.com/maan_malik10/do-diy-marketing-strategy-plan-and-manage-digital-marketing	maan_malik10/do-diy-marketing-strategy-plan-and-manage-digital-marketing	maan_malik10	do-diy-marketing-strategy-plan-and-manage-digital-marketing	marketing	Q2	20240101	2024Q1	50.0	19	4.9
3	1255	https://www.fiverr.com/emailservices7/send-bulk-emails-and-email-marketing-services	emailservices7/send-bulk-emails-and-email-marketing-services	emailservices7	send-bulk-emails-and-email-marketing-services	marketing	Q3	20240101	2024Q1	10.0	147	4.8
3	1256	https://www.fiverr.com/kong_vector/create-custom-bit-badges-for-twitch-partners-and-affiliates	kong_vector/create-custom-bit-badges-for-twitch-partners-and-affiliates	kong_vector	create-custom-bit-badges-for-twitch-partners-and-affiliates	marketing	Q4	20240922	2024Q3	40.0	689	5.0
3	1257	https://www.fiverr.com/maximebellet504/create-the-best-google-adwords-ads-campaigns-in-french	maximebellet504/create-the-best-google-adwords-ads-campaigns-in-french	maximebellet504	create-the-best-google-adwords-ads-campaigns-in-french	translation	Q1	20220403	2022Q2	400.0	13	5.0
3	1258	https://www.fiverr.com/mlaish/record-your-text-in-hebrew-professional-voice-over	mlaish/record-your-text-in-hebrew-professional-voice-over	mlaish	record-your-text-in-hebrew-professional-voice-over	translation	Q2	20210210	2021Q1	5.0	25	5.0
3	1259	https://www.fiverr.com/ashley0315/transcribe-pdfs-pictures-scanned-doc-to-word-doc	ashley0315/transcribe-pdfs-pictures-scanned-doc-to-word-doc	ashley0315	transcribe-pdfs-pictures-scanned-doc-to-word-doc	translation	Q3	20251229	2025Q4	15.0	166	4.9
3	1260	https://www.fiverr.com/andreasbrenner/record-a-professional-german-voiceover	andreasbrenner/record-a-professional-german-voiceover	andreasbrenner	record-a-professional-german-voiceover	translation	Q4	20241001	2024Q4	10.0	2291	5.0
3	1261	https://www.fiverr.com/ele_animations/make-original-informative-youtube-videos	ele_animations/make-original-informative-youtube-videos	ele_animations	make-original-informative-youtube-videos	video	Q1	20200205	2020Q1	65.0	6	5.0
3	1262	https://www.fiverr.com/appsposure/create-a-killer-preview-video-for-your-app-on-ios-or-google-play	appsposure/create-a-killer-preview-video-for-your-app-on-ios-or-google-play	appsposure	create-a-killer-preview-video-for-your-app-on-ios-or-google-play	video	Q2	20241003	2024Q4	575.0	57	5.0
3	1263	https://www.fiverr.com/aguilar_111/make-a-cinematic-videogame-trailer	aguilar_111/make-a-cinematic-videogame-trailer	aguilar_111	make-a-cinematic-videogame-trailer	video	Q3	20240112	2024Q1	60.0	114	5.0
3	1264	https://www.fiverr.com/amardeeponline/organically-promote-your-youtube-video-through-google-ads	amardeeponline/organically-promote-your-youtube-video-through-google-ads	amardeeponline	organically-promote-your-youtube-video-through-google-ads	video	Q4	20241004	2024Q4	135.0	597	4.9
3	1265	https://www.fiverr.com/hussainhameed/do-amazon-or-ebay-product-editing	hussainhameed/do-amazon-or-ebay-product-editing	hussainhameed	do-amazon-or-ebay-product-editing	writing	Q1	20200122	2020Q1	5.0	4	5.0
3	1266	https://www.fiverr.com/palvashayyy/craft-your-brand-mission-vision-statement-and-brand-story	palvashayyy/craft-your-brand-mission-vision-statement-and-brand-story	palvashayyy	craft-your-brand-mission-vision-statement-and-brand-story	writing	Q2	20240905	2024Q3	35.0	38	5.0
3	1267	https://www.fiverr.com/rachelcjackson/write-your-bio-or-about-me	rachelcjackson/write-your-bio-or-about-me	rachelcjackson	write-your-bio-or-about-me	writing	Q3	20240703	2024Q3	100.0	91	4.9
3	1268	https://www.fiverr.com/dyhard/write-and-record-a-personalised-original-one-off-song-for-you	dyhard/write-and-record-a-personalised-original-one-off-song-for-you	dyhard	write-and-record-a-personalised-original-one-off-song-for-you	writing	Q4	20241008	2024Q4	200.0	340	5.0
3	1269	https://www.fiverr.com/warmvoice/produce-an-audio-promo-for-your-event-or-show	warmvoice/produce-an-audio-promo-for-your-event-or-show	warmvoice	produce-an-audio-promo-for-your-event-or-show	audio	Q1	20241001	2024Q4	95.0	12	5.0
3	1270	https://www.fiverr.com/incrediblemuzik/produce-mix-or-master-your-song-into-commercial-professional-product	incrediblemuzik/produce-mix-or-master-your-song-into-commercial-professional-product	incrediblemuzik	produce-mix-or-master-your-song-into-commercial-professional-product	audio	Q2	20240701	2024Q3	65.0	65	5.0
3	1271	https://www.fiverr.com/efeloji/impressive-pop-house-music-beat-or-remix-for-you	efeloji/impressive-pop-house-music-beat-or-remix-for-you	efeloji	impressive-pop-house-music-beat-or-remix-for-you	audio	Q3	20231001	2023Q4	30.0	112	4.9
3	1272	https://www.fiverr.com/mhandford/record-a-professional-american-female-voice-over	mhandford/record-a-professional-american-female-voice-over	mhandford	record-a-professional-american-female-voice-over	audio	Q4	20241004	2024Q4	40.0	2128	5.0
3	1273	https://www.fiverr.com/rony283/build-responsive-wordpress-landing-page-design-with-elementor-pro	rony283/build-responsive-wordpress-landing-page-design-with-elementor-pro	rony283	build-responsive-wordpress-landing-page-design-with-elementor-pro	coding	Q1	20250513	2025Q2	80.0	2	4.5
3	1274	https://www.fiverr.com/accugile/build-a-wordpress-ecommerce-website	accugile/build-a-wordpress-ecommerce-website	accugile	build-a-wordpress-ecommerce-website	coding	Q2	20221108	2022Q4	850.0	25	5.0
3	1275	https://www.fiverr.com/vitaldev/custom-wordpress-any-code-theme-plugin-widget	vitaldev/custom-wordpress-any-code-theme-plugin-widget	vitaldev	custom-wordpress-any-code-theme-plugin-widget	coding	Q3	20231001	2023Q4	60.0	131	4.9
3	1276	https://www.fiverr.com/wpcoder110/code-help-or-fix-wordpress-php-html-css-jquery	wpcoder110/code-help-or-fix-wordpress-php-html-css-jquery	wpcoder110	code-help-or-fix-wordpress-php-html-css-jquery	coding	Q4	20240101	2024Q1	20.0	454	5.0
3	1277	https://www.fiverr.com/gustav_davies/make-a-portrait-for-you	gustav_davies/make-a-portrait-for-you	gustav_davies	make-a-portrait-for-you	design	Q1	20220701	2022Q3	250.0	14	4.9
3	1278	https://www.fiverr.com/amitchai/unity-3d-game-design-development-and-publish	amitchai/unity-3d-game-design-development-and-publish	amitchai	unity-3d-game-design-development-and-publish	design	Q2	20240715	2024Q3	355.0	39	5.0
3	1279	https://www.fiverr.com/mikelconsulting/prepare-an-investor-ready-investor-business-plan-and-pitch-deck	mikelconsulting/prepare-an-investor-ready-investor-business-plan-and-pitch-deck	mikelconsulting	prepare-an-investor-ready-investor-business-plan-and-pitch-deck	design	Q3	20240727	2024Q3	400.0	87	4.9
3	1280	https://www.fiverr.com/zuhaibnaqvi/make-amazing-infographics-and-presentations-for-you	zuhaibnaqvi/make-amazing-infographics-and-presentations-for-you	zuhaibnaqvi	make-amazing-infographics-and-presentations-for-you	design	Q4	20241005	2024Q4	10.0	1883	4.9
3	1281	https://www.fiverr.com/askme_digital/give-you-best-consultation-for-youtube-ads-campaign-with-sales-funnel	askme_digital/give-you-best-consultation-for-youtube-ads-campaign-with-sales-funnel	askme_digital	give-you-best-consultation-for-youtube-ads-campaign-with-sales-funnel	marketing	Q1	20241001	2024Q4	100.0	12	5.0
3	1282	https://www.fiverr.com/amazon_ads_ppc/set-up-manage-and-optimize-your-amazon-ppc-campaigns	amazon_ads_ppc/set-up-manage-and-optimize-your-amazon-ppc-campaigns	amazon_ads_ppc	set-up-manage-and-optimize-your-amazon-ppc-campaigns	marketing	Q2	20220510	2022Q2	25.0	60	4.8
3	1283	https://www.fiverr.com/sheharyaar_khan/etsy-listing-product-listing-etsy-seo-etsy-shop-etsy	sheharyaar_khan/etsy-listing-product-listing-etsy-seo-etsy-shop-etsy	sheharyaar_khan	etsy-listing-product-listing-etsy-seo-etsy-shop-etsy	marketing	Q3	20240705	2024Q3	10.0	109	4.9
3	1284	https://www.fiverr.com/stilruseva/promote-your-products-on-pinterest	stilruseva/promote-your-products-on-pinterest	stilruseva	promote-your-products-on-pinterest	marketing	Q4	20231222	2023Q4	10.0	323	4.9
3	1285	https://www.fiverr.com/triblpublishing/professionally-translate-your-content-to-spanish-or-english	triblpublishing/professionally-translate-your-content-to-spanish-or-english	triblpublishing	professionally-translate-your-content-to-spanish-or-english	translation	Q1	20220401	2022Q2	10.0	2	5.0
3	1286	https://www.fiverr.com/ipek_yildirim/create-german-user-generated-content-or-ugc-for-tiktok-ads	ipek_yildirim/create-german-user-generated-content-or-ugc-for-tiktok-ads	ipek_yildirim	create-german-user-generated-content-or-ugc-for-tiktok-ads	translation	Q2	20240112	2024Q1	50.0	39	4.9
3	1287	https://www.fiverr.com/dolgyyy/sheet-music-transcription-for-bass	dolgyyy/sheet-music-transcription-for-bass	dolgyyy	sheet-music-transcription-for-bass	translation	Q3	20241008	2024Q4	5.0	206	5.0
3	1288	https://www.fiverr.com/ganmo5/record-the-best-french-female-voice-over	ganmo5/record-the-best-french-female-voice-over	ganmo5	record-the-best-french-female-voice-over	translation	Q4	20241001	2024Q4	5.0	1335	4.9
3	1289	https://www.fiverr.com/elitedesignuk/create-your-hip-hop-or-rap-music-video	elitedesignuk/create-your-hip-hop-or-rap-music-video	elitedesignuk	create-your-hip-hop-or-rap-music-video	video	Q1	20241001	2024Q4	100.0	2	5.0
3	1290	https://www.fiverr.com/rafiq64460/make-hd-screencast-how-to-use-website-or-app-video	rafiq64460/make-hd-screencast-how-to-use-website-or-app-video	rafiq64460	make-hd-screencast-how-to-use-website-or-app-video	video	Q2	20220714	2022Q3	10.0	40	4.9
3	1291	https://www.fiverr.com/lanbone/make-a-music-composition-for-your-film-or-video-game	lanbone/make-a-music-composition-for-your-film-or-video-game	lanbone	make-a-music-composition-for-your-film-or-video-game	video	Q3	20240419	2024Q2	35.0	214	4.9
3	1292	https://www.fiverr.com/freelancerbijoy/create-amazing-animated-gif	freelancerbijoy/create-amazing-animated-gif	freelancerbijoy	create-amazing-animated-gif	video	Q4	20231012	2023Q4	20.0	321	4.9
3	1293	https://www.fiverr.com/rob_art/an-editorial-caricaturer-you	rob_art/an-editorial-caricaturer-you	rob_art	an-editorial-caricaturer-you	writing	Q1	20220401	2022Q2	120.0	11	5.0
3	1294	https://www.fiverr.com/sinkeedgedesign/plan-setup-and-run-targeted-facebook-advertising-campaign	sinkeedgedesign/plan-setup-and-run-targeted-facebook-advertising-campaign	sinkeedgedesign	plan-setup-and-run-targeted-facebook-advertising-campaign	writing	Q2	20220402	2022Q2	70.0	68	5.0
3	1295	https://www.fiverr.com/fleurmarie123/carefully-edit-your-christian-book	fleurmarie123/carefully-edit-your-christian-book	fleurmarie123	carefully-edit-your-christian-book	writing	Q3	20240828	2024Q3	190.0	185	5.0
3	1296	https://www.fiverr.com/thir13eenbeatz/write-and-sing-a-chorus-for-your-song	thir13eenbeatz/write-and-sing-a-chorus-for-your-song	thir13eenbeatz	write-and-sing-a-chorus-for-your-song	writing	Q4	20240725	2024Q3	30.0	1335	5.0
3	1297	https://www.fiverr.com/value_delivered/create-amazon-alexa-audio-streaming-skill	value_delivered/create-amazon-alexa-audio-streaming-skill	value_delivered	create-amazon-alexa-audio-streaming-skill	audio	Q1	20230520	2023Q2	100.0	6	5.0
3	1298	https://www.fiverr.com/christianchisco/make-your-emotions-and-feelings-become-a-song	christianchisco/make-your-emotions-and-feelings-become-a-song	christianchisco	make-your-emotions-and-feelings-become-a-song	audio	Q2	20201012	2020Q4	15.0	24	4.9
3	1299	https://www.fiverr.com/officialdjsid/create-a-smart-url-fanlink-for-your-music	officialdjsid/create-a-smart-url-fanlink-for-your-music	officialdjsid	create-a-smart-url-fanlink-for-your-music	audio	Q3	20220408	2022Q2	10.0	78	5.0
3	1300	https://www.fiverr.com/philicpiano/make-piano-midi-for-your-given-song-any-language	philicpiano/make-piano-midi-for-your-given-song-any-language	philicpiano	make-piano-midi-for-your-given-song-any-language	audio	Q4	20250226	2025Q1	5.0	337	5.0
3	1301	https://www.fiverr.com/seo_jenny4/onpage-offpage-local-wix-shopify-wordpress-squarespace-website-seo-service-rank	seo_jenny4/onpage-offpage-local-wix-shopify-wordpress-squarespace-website-seo-service-rank	seo_jenny4	onpage-offpage-local-wix-shopify-wordpress-squarespace-website-seo-service-rank	coding	Q1	20250117	2025Q1	15.0	5	5.0
3	1302	https://www.fiverr.com/salughuman/be-your-google-sheets-formula-script-and-automation-expert	salughuman/be-your-google-sheets-formula-script-and-automation-expert	salughuman	be-your-google-sheets-formula-script-and-automation-expert	coding	Q2	20241003	2024Q4	150.0	50	5.0
3	1303	https://www.fiverr.com/richard_32/design-shopify-landing-page-product-landing-page-sales-page-homepage-pagefly	richard_32/design-shopify-landing-page-product-landing-page-sales-page-homepage-pagefly	richard_32	design-shopify-landing-page-product-landing-page-sales-page-homepage-pagefly	coding	Q3	20240725	2024Q3	120.0	152	5.0
3	1304	https://www.fiverr.com/cloudframzcom/move-wordpress-wordpress-migration-1hour	cloudframzcom/move-wordpress-wordpress-migration-1hour	cloudframzcom	move-wordpress-wordpress-migration-1hour	coding	Q4	20241001	2024Q4	25.0	1223	5.0
3	1305	https://www.fiverr.com/wayanpastrana/design-creative-roll-up-banner-and-x-banner	wayanpastrana/design-creative-roll-up-banner-and-x-banner	wayanpastrana	design-creative-roll-up-banner-and-x-banner	design	Q1	20250120	2025Q1	5.0	1	5.0
3	1306	https://www.fiverr.com/spark4u/do-eye-catching-business-logo-design	spark4u/do-eye-catching-business-logo-design	spark4u	do-eye-catching-business-logo-design	design	Q2	20260207	2026Q1	10.0	32	5.0
3	1307	https://www.fiverr.com/vfxmix/create-3d-logo-animation-intro-video	vfxmix/create-3d-logo-animation-intro-video	vfxmix	create-3d-logo-animation-intro-video	design	Q3	20250426	2025Q2	5.0	118	4.8
3	1308	https://www.fiverr.com/n_prez/design-professional-flyer-brochure-postcard	n_prez/design-professional-flyer-brochure-postcard	n_prez	design-professional-flyer-brochure-postcard	design	Q4	20250717	2025Q3	10.0	626	5.0
3	1309	https://www.fiverr.com/lenagrundhoefer/be-the-social-media-marketing-manager-for-your-corporate-office	lenagrundhoefer/be-the-social-media-marketing-manager-for-your-corporate-office	lenagrundhoefer	be-the-social-media-marketing-manager-for-your-corporate-office	marketing	Q1	20230131	2023Q1	750.0	1	5.0
3	1310	https://www.fiverr.com/michaelbawol/offer-google-ads-consulting-in-an-online-meeting	michaelbawol/offer-google-ads-consulting-in-an-online-meeting	michaelbawol	offer-google-ads-consulting-in-an-online-meeting	marketing	Q2	20220714	2022Q3	150.0	53	5.0
3	1311	https://www.fiverr.com/ideadgamergg/make-tiktok-youtube-gaming-clips	ideadgamergg/make-tiktok-youtube-gaming-clips	ideadgamergg	make-tiktok-youtube-gaming-clips	marketing	Q3	20250820	2025Q3	30.0	202	5.0
3	1312	https://www.fiverr.com/i_fix_fast/ecommerce-tracking-google-analytics-4-enhanced-ecommerce-ga4-tag-manager-gtm	i_fix_fast/ecommerce-tracking-google-analytics-4-enhanced-ecommerce-ga4-tag-manager-gtm	i_fix_fast	ecommerce-tracking-google-analytics-4-enhanced-ecommerce-ga4-tag-manager-gtm	marketing	Q4	20240706	2024Q3	15.0	347	5.0
3	1313	https://www.fiverr.com/nicaline/transcribe-your-audio-in-german-or-swiss-german	nicaline/transcribe-your-audio-in-german-or-swiss-german	nicaline	transcribe-your-audio-in-german-or-swiss-german	translation	Q1	20220102	2022Q1	20.0	3	5.0
3	1314	https://www.fiverr.com/emiliarizzato/create-a-ugc-video-for-tiktok-or-instagram-in-spanish	emiliarizzato/create-a-ugc-video-for-tiktok-or-instagram-in-spanish	emiliarizzato	create-a-ugc-video-for-tiktok-or-instagram-in-spanish	translation	Q2	20241001	2024Q4	10.0	49	4.9
3	1315	https://www.fiverr.com/rrhkumar/provide-high-quality-medical-transcriptions	rrhkumar/provide-high-quality-medical-transcriptions	rrhkumar	provide-high-quality-medical-transcriptions	translation	Q3	20241008	2024Q4	10.0	102	5.0
3	1316	https://www.fiverr.com/attiaiqbal/do-a-flawless-transcription-of-audio-or-video-in-24-hours	attiaiqbal/do-a-flawless-transcription-of-audio-or-video-in-24-hours	attiaiqbal	do-a-flawless-transcription-of-audio-or-video-in-24-hours	translation	Q4	20241002	2024Q4	5.0	1900	4.9
3	1317	https://www.fiverr.com/topgigs1/submit-and-embed-your-youtube-video-in-top-web2-websites	topgigs1/submit-and-embed-your-youtube-video-in-top-web2-websites	topgigs1	submit-and-embed-your-youtube-video-in-top-web2-websites	video	Q1	20200101	2020Q1	40.0	1	5.0
3	1318	https://www.fiverr.com/vtuber_graphics/create-animated-live2d-anime-style-for-vtuber-facerig-vroid-youtube-or-twitch	vtuber_graphics/create-animated-live2d-anime-style-for-vtuber-facerig-vroid-youtube-or-twitch	vtuber_graphics	create-animated-live2d-anime-style-for-vtuber-facerig-vroid-youtube-or-twitch	video	Q2	20241001	2024Q4	50.0	61	4.9
3	1319	https://www.fiverr.com/kristieramey/create-ugc-tiktok-video-ads-from-a-real-relatable-person	kristieramey/create-ugc-tiktok-video-ads-from-a-real-relatable-person	kristieramey	create-ugc-tiktok-video-ads-from-a-real-relatable-person	video	Q3	20241115	2024Q4	90.0	172	5.0
3	1320	https://www.fiverr.com/dynamitedork/say-anything-you-want-as-an-officer-in-a-video	dynamitedork/say-anything-you-want-as-an-officer-in-a-video	dynamitedork	say-anything-you-want-as-an-officer-in-a-video	video	Q4	20230402	2023Q2	15.0	303	5.0
3	1321	https://www.fiverr.com/arestiar/write-your-ux-microcopy-for-your-app	arestiar/write-your-ux-microcopy-for-your-app	arestiar	write-your-ux-microcopy-for-your-app	writing	Q1	20241002	2024Q4	250.0	1	5.0
3	1322	https://www.fiverr.com/robynnesresumes/write-you-an-exceptionally-persuasive-cover-letter	robynnesresumes/write-you-an-exceptionally-persuasive-cover-letter	robynnesresumes	write-you-an-exceptionally-persuasive-cover-letter	writing	Q2	20240611	2024Q2	115.0	25	5.0
3	1323	https://www.fiverr.com/karimanasir/add-subtitles-and-captions-in-english-french-arabic-spanish	karimanasir/add-subtitles-and-captions-in-english-french-arabic-spanish	karimanasir	add-subtitles-and-captions-in-english-french-arabic-spanish	writing	Q3	20241005	2024Q4	5.0	154	5.0
3	1324	https://www.fiverr.com/nayeem14128/do-the-professional-flyer-brochure-booklet-catalog-design	nayeem14128/do-the-professional-flyer-brochure-booklet-catalog-design	nayeem14128	do-the-professional-flyer-brochure-booklet-catalog-design	writing	Q4	20230728	2023Q3	30.0	322	5.0
3	1325	https://www.fiverr.com/emmaheapvo/produce-your-audiobook-for-you	emmaheapvo/produce-your-audiobook-for-you	emmaheapvo	produce-your-audiobook-for-you	audio	Q1	20230108	2023Q1	50.0	5	4.9
3	1326	https://www.fiverr.com/sandybeales/provide-professional-level-bass-or-synth-bass-recording-for-your-song	sandybeales/provide-professional-level-bass-or-synth-bass-recording-for-your-song	sandybeales	provide-professional-level-bass-or-synth-bass-recording-for-your-song	audio	Q2	20240701	2024Q3	130.0	45	5.0
3	1327	https://www.fiverr.com/senpaiimusic/remake-any-beat-you-want-avoiding-copyright	senpaiimusic/remake-any-beat-you-want-avoiding-copyright	senpaiimusic	remake-any-beat-you-want-avoiding-copyright	audio	Q3	20241008	2024Q4	20.0	228	4.8
3	1328	https://www.fiverr.com/omar909_/promote-and-play-your-song-in-en-el-aire-fm	omar909_/promote-and-play-your-song-in-en-el-aire-fm	omar909_	promote-and-play-your-song-in-en-el-aire-fm	audio	Q4	20230414	2023Q2	15.0	252	4.9
3	1329	https://www.fiverr.com/value_delivered/build-your-openai-application-with-chatgpt-or-gpt3	value_delivered/build-your-openai-application-with-chatgpt-or-gpt3	value_delivered	build-your-openai-application-with-chatgpt-or-gpt3	coding	Q1	20240701	2024Q3	100.0	1	5.0
3	1330	https://www.fiverr.com/afari24/create-your-own-cryptocurrency-like-bitcoin-or-litecoin-or-dash-or-dogecoin	afari24/create-your-own-cryptocurrency-like-bitcoin-or-litecoin-or-dash-or-dogecoin	afari24	create-your-own-cryptocurrency-like-bitcoin-or-litecoin-or-dash-or-dogecoin	coding	Q2	20250903	2025Q3	200.0	40	5.0
3	1331	https://www.fiverr.com/rajin9/make-custom-telegram-bot-using-python	rajin9/make-custom-telegram-bot-using-python	rajin9	make-custom-telegram-bot-using-python	coding	Q3	20241001	2024Q4	30.0	154	5.0
3	1332	https://www.fiverr.com/gurulaura/prepare-legal-document-lawsuits-complaint-motions	gurulaura/prepare-legal-document-lawsuits-complaint-motions	gurulaura	prepare-legal-document-lawsuits-complaint-motions	coding	Q4	20240712	2024Q3	250.0	285	5.0
3	1333	https://www.fiverr.com/kissinglions/help-you-overhaul-your-overall-narrative-and-brand-strategy	kissinglions/help-you-overhaul-your-overall-narrative-and-brand-strategy	kissinglions	help-you-overhaul-your-overall-narrative-and-brand-strategy	design	Q1	20241003	2024Q4	1500.0	4	5.0
3	1334	https://www.fiverr.com/creativee2/draw-watercolor-illustration-from-your-photo	creativee2/draw-watercolor-illustration-from-your-photo	creativee2	draw-watercolor-illustration-from-your-photo	design	Q2	20250514	2025Q2	10.0	64	4.6
3	1335	https://www.fiverr.com/katarzynasurman/create-illustrations-for-any-task	katarzynasurman/create-illustrations-for-any-task	katarzynasurman	create-illustrations-for-any-task	design	Q3	20240829	2024Q3	250.0	153	5.0
3	1336	https://www.fiverr.com/cad4ruvin/design-any-jewelry-as-a-3d-cad-model	cad4ruvin/design-any-jewelry-as-a-3d-cad-model	cad4ruvin	design-any-jewelry-as-a-3d-cad-model	design	Q4	20241002	2024Q4	30.0	669	4.9
3	1337	https://www.fiverr.com/savioragency/be-your-complete-seo-agency	savioragency/be-your-complete-seo-agency	savioragency	be-your-complete-seo-agency	marketing	Q1	20230208	2023Q1	595.0	2	5.0
3	1338	https://www.fiverr.com/soufianeelgh/do-alex-hormozi-gadzhi-iman-style-for-yt-short-tiktok-reels	soufianeelgh/do-alex-hormozi-gadzhi-iman-style-for-yt-short-tiktok-reels	soufianeelgh	do-alex-hormozi-gadzhi-iman-style-for-yt-short-tiktok-reels	marketing	Q2	20241001	2024Q4	10.0	60	5.0
3	1339	https://www.fiverr.com/abdullahawais7/setup-and-optimize-your-amazon-ppc-campaigns-sponsored-ads	abdullahawais7/setup-and-optimize-your-amazon-ppc-campaigns-sponsored-ads	abdullahawais7	setup-and-optimize-your-amazon-ppc-campaigns-sponsored-ads	marketing	Q3	20230101	2023Q1	100.0	190	5.0
3	1340	https://www.fiverr.com/citationexport/do-local-citation-or-local-seo	citationexport/do-local-citation-or-local-seo	citationexport	do-local-citation-or-local-seo	marketing	Q4	20240727	2024Q3	5.0	282	5.0
3	1341	https://www.fiverr.com/wilsheng/translate-english-to-mandarin-and-vice-versa	wilsheng/translate-english-to-mandarin-and-vice-versa	wilsheng	translate-english-to-mandarin-and-vice-versa	translation	Q1	20241002	2024Q4	10.0	9	5.0
3	1342	https://www.fiverr.com/zarnilynn/translate-from-burmese-to-english-and-english-to-burmese	zarnilynn/translate-from-burmese-to-english-and-english-to-burmese	zarnilynn	translate-from-burmese-to-english-and-english-to-burmese	translation	Q2	20220617	2022Q2	5.0	69	4.9
3	1343	https://www.fiverr.com/germanbacklinks/do-33-domain-authority-german-backlinks	germanbacklinks/do-33-domain-authority-german-backlinks	germanbacklinks	do-33-domain-authority-german-backlinks	translation	Q3	20201001	2020Q4	5.0	112	4.9
3	1344	https://www.fiverr.com/guijumy/record-your-audio-message-in-french-english-or-spanish	guijumy/record-your-audio-message-in-french-english-or-spanish	guijumy	record-your-audio-message-in-french-english-or-spanish	translation	Q4	20241006	2024Q4	25.0	1086	5.0
3	1345	https://www.fiverr.com/needianimation/create-mesmerizing-and-unique-3d-animations-videos-for-you	needianimation/create-mesmerizing-and-unique-3d-animations-videos-for-you	needianimation	create-mesmerizing-and-unique-3d-animations-videos-for-you	video	Q1	20241001	2024Q4	10.0	8	5.0
3	1346	https://www.fiverr.com/juliuspandu/edit-any-video-with-the-obsession-of-a-cat-chasing-a-laser	juliuspandu/edit-any-video-with-the-obsession-of-a-cat-chasing-a-laser	juliuspandu	edit-any-video-with-the-obsession-of-a-cat-chasing-a-laser	video	Q2	20250426	2025Q2	125.0	22	1.7
3	1347	https://www.fiverr.com/alehlag/be-your-natural-video-female-spokerperson	alehlag/be-your-natural-video-female-spokerperson	alehlag	be-your-natural-video-female-spokerperson	video	Q3	20240317	2024Q1	30.0	96	5.0
3	1348	https://www.fiverr.com/monira_akter01/create-copyright-free-hd-meditation-music-video	monira_akter01/create-copyright-free-hd-meditation-music-video	monira_akter01	create-copyright-free-hd-meditation-music-video	video	Q4	20241002	2024Q4	15.0	912	4.9
3	1349	https://www.fiverr.com/appsposure/create-a-facebook-or-instagram-ad-for-your-app-or-game	appsposure/create-a-facebook-or-instagram-ad-for-your-app-or-game	appsposure	create-a-facebook-or-instagram-ad-for-your-app-or-game	writing	Q1	20210101	2021Q1	375.0	10	5.0
3	1350	https://www.fiverr.com/ciprisialis/video-editing-services-for-your-ad-explainer-cinematic-inspirational-video	ciprisialis/video-editing-services-for-your-ad-explainer-cinematic-inspirational-video	ciprisialis	video-editing-services-for-your-ad-explainer-cinematic-inspirational-video	writing	Q2	20241002	2024Q4	310.0	67	4.9
3	1351	https://www.fiverr.com/studiogrowuk/write-you-an-seo-blog-post-for-your-business-website	studiogrowuk/write-you-an-seo-blog-post-for-your-business-website	studiogrowuk	write-you-an-seo-blog-post-for-your-business-website	writing	Q3	20241005	2024Q4	35.0	136	5.0
3	1352	https://www.fiverr.com/adin770/design-unique-facebook-cover-timeline	adin770/design-unique-facebook-cover-timeline	adin770	design-unique-facebook-cover-timeline	writing	Q4	20250513	2025Q2	5.0	7074	4.9
3	1353	https://www.fiverr.com/inod_studio29/produce-kids-music-nursery-rhymes-children-song-with-vocal	inod_studio29/produce-kids-music-nursery-rhymes-children-song-with-vocal	inod_studio29	produce-kids-music-nursery-rhymes-children-song-with-vocal	audio	Q1	20240728	2024Q3	60.0	8	4.9
3	1354	https://www.fiverr.com/mendybig/create-a-reggaeton-and-hiphop-beats	mendybig/create-a-reggaeton-and-hiphop-beats	mendybig	create-a-reggaeton-and-hiphop-beats	audio	Q2	20181001	2018Q4	5.0	35	5.0
3	1355	https://www.fiverr.com/hashigh/do-quality-dj-drops-or-jingles-female-jamaican-accent	hashigh/do-quality-dj-drops-or-jingles-female-jamaican-accent	hashigh	do-quality-dj-drops-or-jingles-female-jamaican-accent	audio	Q3	20240406	2024Q2	15.0	121	5.0
3	1356	https://www.fiverr.com/markbowen123/record-voiceovers-for-any-of-your-needs	markbowen123/record-voiceovers-for-any-of-your-needs	markbowen123	record-voiceovers-for-any-of-your-needs	audio	Q4	20231001	2023Q4	5.0	442	5.0
3	1357	https://www.fiverr.com/baten2001/do-data-entry-copy-paste-web-research-data-collection-excel-data-entry-job	baten2001/do-data-entry-copy-paste-web-research-data-collection-excel-data-entry-job	baten2001	do-data-entry-copy-paste-web-research-data-collection-excel-data-entry-job	coding	Q1	20260816	2026Q3	20.0	5	4.9
3	1358	https://www.fiverr.com/sanjithacks/coinmarketcap-api-to-track-circulating-supply-total-supply	sanjithacks/coinmarketcap-api-to-track-circulating-supply-total-supply	sanjithacks	coinmarketcap-api-to-track-circulating-supply-total-supply	coding	Q2	20241007	2024Q4	10.0	55	5.0
3	1359	https://www.fiverr.com/onlineoffice125/install-accounting-stock-inventory-and-crm-pos-software	onlineoffice125/install-accounting-stock-inventory-and-crm-pos-software	onlineoffice125	install-accounting-stock-inventory-and-crm-pos-software	coding	Q3	20240112	2024Q1	95.0	177	4.9
3	1360	https://www.fiverr.com/rashidrupani/fix-your-wordpress-css-issue	rashidrupani/fix-your-wordpress-css-issue	rashidrupani	fix-your-wordpress-css-issue	coding	Q4	20240516	2024Q2	5.0	3599	5.0
3	1361	https://www.fiverr.com/rianrahardi/design-professional-flyer-and-brochure-for-your-business	rianrahardi/design-professional-flyer-and-brochure-for-your-business	rianrahardi	design-professional-flyer-and-brochure-for-your-business	design	Q1	20200701	2020Q3	295.0	1	5.0
3	1362	https://www.fiverr.com/mohiminul12/do-amazing-coloring-book-page-and-illustration-for-kids-and-adults-in-hour	mohiminul12/do-amazing-coloring-book-page-and-illustration-for-kids-and-adults-in-hour	mohiminul12	do-amazing-coloring-book-page-and-illustration-for-kids-and-adults-in-hour	design	Q2	20260210	2026Q1	5.0	30	4.8
3	1363	https://www.fiverr.com/dexterrart/do-creative-flyer-poster-quickly	dexterrart/do-creative-flyer-poster-quickly	dexterrart	do-creative-flyer-poster-quickly	design	Q3	20220707	2022Q3	50.0	91	4.9
3	1364	https://www.fiverr.com/bilalhaider23/design-professional-logo-design	bilalhaider23/design-professional-logo-design	bilalhaider23	design-professional-logo-design	design	Q4	20250816	2025Q3	50.0	11890	4.8
3	1365	https://www.fiverr.com/mammietito/social-media-marketing-manager-and-content-creator	mammietito/social-media-marketing-manager-and-content-creator	mammietito	social-media-marketing-manager-and-content-creator	marketing	Q1	20250123	2025Q1	55.0	7	5.0
3	1366	https://www.fiverr.com/awaisnawaz_/be-your-gohighlevel-marketing-guy	awaisnawaz_/be-your-gohighlevel-marketing-guy	awaisnawaz_	be-your-gohighlevel-marketing-guy	marketing	Q2	20230107	2023Q1	30.0	32	5.0
3	1367	https://www.fiverr.com/skaddy11/19000-usa-google-map-citations-for-local-seo-optimization	skaddy11/19000-usa-google-map-citations-for-local-seo-optimization	skaddy11	19000-usa-google-map-citations-for-local-seo-optimization	marketing	Q3	20241003	2024Q4	20.0	127	4.9
3	1368	https://www.fiverr.com/raishu/setup-google-ads-account	raishu/setup-google-ads-account	raishu	setup-google-ads-account	marketing	Q4	20240401	2024Q2	195.0	617	5.0
3	1369	https://www.fiverr.com/soniatadjdet/voice-your-elearning-in-french	soniatadjdet/voice-your-elearning-in-french	soniatadjdet	voice-your-elearning-in-french	translation	Q1	20220221	2022Q1	125.0	12	5.0
3	1370	https://www.fiverr.com/azzorn/record-a-high-quality-male-voice-over-in-neutral-spanish	azzorn/record-a-high-quality-male-voice-over-in-neutral-spanish	azzorn	record-a-high-quality-male-voice-over-in-neutral-spanish	translation	Q2	20240905	2024Q3	90.0	18	5.0
3	1371	https://www.fiverr.com/johnnysiek/do-english-to-finnish-translations-in-24h	johnnysiek/do-english-to-finnish-translations-in-24h	johnnysiek	do-english-to-finnish-translations-in-24h	translation	Q3	20240729	2024Q3	5.0	147	5.0
3	1372	https://www.fiverr.com/adaiahcole/audio-and-video-transcription	adaiahcole/audio-and-video-transcription	adaiahcole	audio-and-video-transcription	translation	Q4	20241002	2024Q4	10.0	336	4.9
3	1373	https://www.fiverr.com/ewelinafiedler/create-a-perfect-intro-for-your-youtube-channel	ewelinafiedler/create-a-perfect-intro-for-your-youtube-channel	ewelinafiedler	create-a-perfect-intro-for-your-youtube-channel	video	Q1	20220621	2022Q2	350.0	8	5.0
3	1374	https://www.fiverr.com/tamerlane789/teach-you-how-to-make-video-games-in-unity	tamerlane789/teach-you-how-to-make-video-games-in-unity	tamerlane789	teach-you-how-to-make-video-games-in-unity	video	Q2	20241001	2024Q4	10.0	19	5.0
3	1375	https://www.fiverr.com/hasbimajid/create-3d-product-animation-promo-videos	hasbimajid/create-3d-product-animation-promo-videos	hasbimajid	create-3d-product-animation-promo-videos	video	Q3	20241002	2024Q4	100.0	105	5.0
3	1376	https://www.fiverr.com/alfatrii/animate-your-anime-picture	alfatrii/animate-your-anime-picture	alfatrii	animate-your-anime-picture	video	Q4	20240729	2024Q3	10.0	647	4.9
3	1377	https://www.fiverr.com/sickmotion/make-a-story-driven-blockchain-explainer-video	sickmotion/make-a-story-driven-blockchain-explainer-video	sickmotion	make-a-story-driven-blockchain-explainer-video	writing	Q1	20200401	2020Q2	4300.0	3	5.0
3	1378	https://www.fiverr.com/gemma_clarke/write-engaging-blog-posts-or-website-content-6c35	gemma_clarke/write-engaging-blog-posts-or-website-content-6c35	gemma_clarke	write-engaging-blog-posts-or-website-content-6c35	writing	Q2	20250130	2025Q1	15.0	30	4.9
3	1379	https://www.fiverr.com/geniesolutions/write-a-memorable-and-amazing-speech-to-dazzle-your-audience	geniesolutions/write-a-memorable-and-amazing-speech-to-dazzle-your-audience	geniesolutions	write-a-memorable-and-amazing-speech-to-dazzle-your-audience	writing	Q3	20250227	2025Q1	80.0	164	4.9
3	1380	https://www.fiverr.com/letsdo1/create-a-great-wedding-speech-for-the-best-man	letsdo1/create-a-great-wedding-speech-for-the-best-man	letsdo1	create-a-great-wedding-speech-for-the-best-man	writing	Q4	20241002	2024Q4	215.0	311	4.9
3	1381	https://www.fiverr.com/thatsvira/create-a-trap-or-rap-beat-according-to-your-needs	thatsvira/create-a-trap-or-rap-beat-according-to-your-needs	thatsvira	create-a-trap-or-rap-beat-according-to-your-needs	audio	Q1	20210411	2021Q2	5.0	11	5.0
3	1382	https://www.fiverr.com/payamghasemi/record-a-groovy-high-end-bass-on-your-song	payamghasemi/record-a-groovy-high-end-bass-on-your-song	payamghasemi	record-a-groovy-high-end-bass-on-your-song	audio	Q2	20240701	2024Q3	100.0	61	4.9
3	1383	https://www.fiverr.com/aliceharp/record-harp-for-your-music-or-song	aliceharp/record-harp-for-your-music-or-song	aliceharp	record-harp-for-your-music-or-song	audio	Q3	20240607	2024Q2	50.0	132	5.0
3	1384	https://www.fiverr.com/mikepaine/record-a-200-word-male-voice-over-in-24-hours	mikepaine/record-a-200-word-male-voice-over-in-24-hours	mikepaine	record-a-200-word-male-voice-over-in-24-hours	audio	Q4	20240705	2024Q3	5.0	7956	5.0
3	1385	https://www.fiverr.com/ingeniousarts/build-responsive-wordpress-website-and-fix-errors	ingeniousarts/build-responsive-wordpress-website-and-fix-errors	ingeniousarts	build-responsive-wordpress-website-and-fix-errors	coding	Q1	20221018	2022Q4	195.0	12	4.9
3	1386	https://www.fiverr.com/appistan/do-ui-ux-design-for-mobile-app-design-and-development	appistan/do-ui-ux-design-for-mobile-app-design-and-development	appistan	do-ui-ux-design-for-mobile-app-design-and-development	coding	Q2	20220701	2022Q3	200.0	52	5.0
3	1387	https://www.fiverr.com/ianlangton/create-a-high-converting-shopify-dropshipping-website	ianlangton/create-a-high-converting-shopify-dropshipping-website	ianlangton	create-a-high-converting-shopify-dropshipping-website	coding	Q3	20240716	2024Q3	505.0	188	5.0
3	1388	https://www.fiverr.com/web360pointer/create-mobile-app-ui-and-web-ui	web360pointer/create-mobile-app-ui-and-web-ui	web360pointer	create-mobile-app-ui-and-web-ui	coding	Q4	20241111	2024Q4	125.0	3743	4.9
3	1389	https://www.fiverr.com/zayn_arthur/create-sports-mascot-logo-for-team-club-college-t-shirt-and-merch	zayn_arthur/create-sports-mascot-logo-for-team-club-college-t-shirt-and-merch	zayn_arthur	create-sports-mascot-logo-for-team-club-college-t-shirt-and-merch	design	Q1	20250120	2025Q1	10.0	2	5.0
3	1390	https://www.fiverr.com/owlovestudio/create-full-kids-2d-game-design-with-high-quality	owlovestudio/create-full-kids-2d-game-design-with-high-quality	owlovestudio	create-full-kids-2d-game-design-with-high-quality	design	Q2	20250116	2025Q1	30.0	39	4.9
3	1391	https://www.fiverr.com/madelemara/create-a-mold-for-3d-printing-from-any-stl-file	madelemara/create-a-mold-for-3d-printing-from-any-stl-file	madelemara	create-a-mold-for-3d-printing-from-any-stl-file	design	Q3	20251211	2025Q4	35.0	124	5.0
3	1392	https://www.fiverr.com/umerhammadanser/create-a-masterpiece-powerpoint-presentation-design-for-you	umerhammadanser/create-a-masterpiece-powerpoint-presentation-design-for-you	umerhammadanser	create-a-masterpiece-powerpoint-presentation-design-for-you	design	Q4	20241003	2024Q4	80.0	1437	4.9
3	1393	https://www.fiverr.com/mguntin/set-up-or-upgrade-and-optimize-your-google-ads-ppc-account	mguntin/set-up-or-upgrade-and-optimize-your-google-ads-ppc-account	mguntin	set-up-or-upgrade-and-optimize-your-google-ads-ppc-account	marketing	Q1	20230117	2023Q1	360.0	7	5.0
3	1394	https://www.fiverr.com/hudsoncoldblue/publish-news-on-markets-herald	hudsoncoldblue/publish-news-on-markets-herald	hudsoncoldblue	publish-news-on-markets-herald	marketing	Q2	20241002	2024Q4	80.0	43	5.0
3	1395	https://www.fiverr.com/ebayhunter/do-ebay-seo-listing-ebay-template-amazon-listing	ebayhunter/do-ebay-seo-listing-ebay-template-amazon-listing	ebayhunter	do-ebay-seo-listing-ebay-template-amazon-listing	marketing	Q3	20240706	2024Q3	5.0	182	4.9
3	1396	https://www.fiverr.com/gamoss/review-your-landing-pages-for-conversion-optimization	gamoss/review-your-landing-pages-for-conversion-optimization	gamoss	review-your-landing-pages-for-conversion-optimization	marketing	Q4	20240101	2024Q1	40.0	253	5.0
3	1397	https://www.fiverr.com/polishwords/localize-your-video-game-into-polish	polishwords/localize-your-video-game-into-polish	polishwords	localize-your-video-game-into-polish	translation	Q1	20240708	2024Q3	100.0	4	5.0
3	1398	https://www.fiverr.com/filipdevaere/translate-your-technical-document-from-dutch-to-english-or-english-to-dutch	filipdevaere/translate-your-technical-document-from-dutch-to-english-or-english-to-dutch	filipdevaere	translate-your-technical-document-from-dutch-to-english-or-english-to-dutch	translation	Q2	20240717	2024Q3	60.0	67	5.0
3	1399	https://www.fiverr.com/lily_frans/provide-english-to-french-qualitytranslation	lily_frans/provide-english-to-french-qualitytranslation	lily_frans	provide-english-to-french-qualitytranslation	translation	Q3	20200108	2020Q1	5.0	114	5.0
3	1400	https://www.fiverr.com/andreabiel/record-a-professional-spanish-or-accented-english-voiceover	andreabiel/record-a-professional-spanish-or-accented-english-voiceover	andreabiel	record-a-professional-spanish-or-accented-english-voiceover	translation	Q4	20211015	2021Q4	25.0	564	5.0
