collected_at,listingId,uid,version,title,listingDomain,companyName,rateMin,rateMax,payRateFrequency,commitment,hoursPerWeek,status,createdAt,postedAt,location,workArrangement,remainingSlots,suppliedSlots,recentCandidatesCount,isPrivate,listingType,offersEquity,rate_mid
2026-09-04T01:09:33+00:00,list_AAABoGjGzv03O8zFAm9KAp7n,listing_uid_AAABoGjHbl363ion5QZELa_E,3,Customer Success - Operations (India Region),,,15000.0,30000.0,yearly,full-time,40.0,active,2026-09-03T19:37:35,2026-09-03T19:37:35,Remote,remote,2.0,0.0,0,False,standard,False,
2026-09-04T01:09:33+00:00,list_AAABoGiSfDakRxgnbXNBrKPP,listing_uid_AAABoGiXnU-5Kg-a2QZH4aGU,4,Editorial and Media Practice Reviewer,,,45.0,50.0,hourly,hourly,10.0,active,2026-09-03T18:40:26,2026-09-03T18:40:26,Remote,remote,6.0,0.0,0,False,standard,False,47.5
2026-09-04T01:09:33+00:00,list_AAABoGiPqix4ZZ2C1Y5PuJPc,listing_uid_AAABoGiTwp4X5Ys3nSBJlb5U,4,Wholesale and Technical Sales Reviewer,,,50.0,55.0,hourly,hourly,10.0,active,2026-09-03T18:37:21,2026-09-03T18:37:21,Remote,remote,3.0,0.0,0,False,standard,False,52.5
2026-09-04T01:09:33+00:00,list_AAABoGiMT6K_w_9Sf8dGloOf,listing_uid_AAABoGiS6L7JHCzTHlRKJ6iG,5,Public Sector Practice Reviewer,,,50.0,55.0,hourly,hourly,10.0,active,2026-09-03T18:33:41,2026-09-03T18:33:41,Remote,remote,11.0,0.0,0,False,standard,False,52.5
2026-09-04T01:09:33+00:00,list_AAABoGiJLfnjasEiXatMCJlf,listing_uid_AAABoGiQ_zZ0GWrcjltFjrmS,4,Real Estate Practice Reviewer,,,55.0,60.0,hourly,hourly,10.0,active,2026-09-03T18:30:16,2026-09-03T18:30:16,Remote,remote,5.0,0.0,0,False,standard,False,57.5
2026-09-04T01:09:33+00:00,list_AAABoGiGLw9h1dEM5YBNTa7p,listing_uid_AAABoGiPfRtvGUwrJpVD6pqz,5,Retail and Pharmacy Practice Reviewer,,,55.0,65.0,hourly,hourly,10.0,active,2026-09-03T18:26:59,2026-09-03T18:26:59,Remote,remote,7.0,0.0,0,False,standard,False,60.0
2026-09-04T01:09:33+00:00,list_AAABoGiDBtth0qyKFwZKO6Yt,listing_uid_AAABoGiQFwWDAaUGrTtPmqMc,5,Manufacturing Operations Reviewer,,,55.0,65.0,hourly,hourly,10.0,active,2026-09-03T18:23:33,2026-09-03T18:23:33,Remote,remote,8.0,0.0,0,False,standard,False,60.0
2026-09-04T01:09:33+00:00,list_AAABoGh_2fKf7diwVCRCxp08,listing_uid_AAABoGiMr6jqiDm_Z3tPJpiM,4,Professional Services Practice Reviewer,,,70.0,85.0,hourly,hourly,10.0,active,2026-09-03T18:20:04,2026-09-03T18:20:04,Remote,remote,8.0,0.0,0,False,standard,False,77.5
2026-09-04T01:09:33+00:00,list_AAABoGhyeWLRW_Lpa1VBMIJs,listing_uid_AAABoGiJAshYmYzxI2xFFKsX,6,Finance & Insurance Practice Reviewer,,,75.0,90.0,hourly,hourly,10.0,active,2026-09-03T18:05:28,2026-09-03T18:05:28,Remote,remote,9.0,0.0,0,False,standard,False,82.5
2026-09-04T01:09:33+00:00,list_AAABoGhoOEZyNZjl3PRFw4TN,listing_uid_AAABoGnBXTbqTJQKzSRLsICg,8,Clinical & Health Care Operations Reviewer,,,75.0,90.0,hourly,hourly,10.0,active,2026-09-03T17:54:16,2026-09-03T17:54:16,Remote,remote,10.0,0.0,0,False,standard,False,82.5
2026-09-04T01:09:33+00:00,list_AAABoGhhxWgF7ygE2LZOgIy3,listing_uid_AAABoGjJzxnOBNFBzzlAApwV,5,"B2B Sales Expert (3+ YOE, US Only)",,,50.0,70.0,hourly,hourly,40.0,active,2026-09-03T17:47:13,2026-09-03T17:47:13,Remote,remote,550.0,0.0,0,False,standard,False,60.0
2026-09-04T01:09:33+00:00,list_AAABoGdJ4CbRDb3Q0LxObpT2,listing_uid_AAABoGdKrl_WBulfXNVKlLmK,3,Video Evaluation Generalist,,,15.0,20.0,hourly,hourly,40.0,active,2026-09-03T12:41:30,2026-09-03T12:41:30,Remote,remote,200.0,0.0,0,False,standard,False,17.5
2026-09-04T01:09:33+00:00,list_AAABoGYcR_Q8k7gMhOdC84s-,listing_uid_AAABoGYdAYGYbxihyt9AG7rO,2,Certified Medical Coder (ICD-10) — Multilingual Clinical Documentation & AI Evaluation,,,45.0,65.0,hourly,hourly,10.0,active,2026-09-03T07:12:05,2026-09-03T07:12:05,Remote,remote,5.0,0.0,0,False,standard,False,55.0
2026-09-04T01:09:33+00:00,list_AAABoGQVR9iMVuEq5bVB2pgv,listing_uid_AAABoGiM1dHxz8R7f4ZBTZjf,5,"Legal Expert — Disputes & International, Mexico (Project Donna)",,,80.0,80.0,hourly,hourly,20.0,active,2026-09-02T21:45:11,2026-09-02T21:45:11,Mexico (remote),remote,1.0,0.0,0,False,standard,False,80.0
2026-09-04T01:09:33+00:00,list_AAABoGQU9ocntQQl4iZH17fj,listing_uid_AAABoGiM1dEHF0hNthRAL4gA,4,"Legal Expert — Disputes & International, UK (Project Donna)",,,130.0,130.0,hourly,hourly,20.0,active,2026-09-02T21:44:51,2026-09-02T21:44:51,United Kingdom (remote),remote,2.0,0.0,0,False,standard,False,130.0
2026-09-04T01:09:33+00:00,list_AAABoGQUoDWkx-Us9nlELbnK,listing_uid_AAABoGiM1dFw_6Lv2aFAT5n0,4,Legal Expert — Tier 1 Specialist (Project Donna),,,150.0,150.0,hourly,hourly,20.0,active,2026-09-02T21:44:28,2026-09-02T21:44:28,,remote,3.0,0.0,0,False,standard,False,150.0
2026-09-04T01:09:33+00:00,list_AAABoGQUQl7uskVY5HBMcbxp,listing_uid_AAABoGiM1dHpvWZQJt5DjqEN,3,Legal Expert — Immigration (Project Donna),,,100.0,120.0,hourly,hourly,6.0,active,2026-09-02T21:44:04,2026-09-02T21:44:04,,remote,3.0,0.0,0,False,standard,False,110.0
2026-09-04T01:09:33+00:00,list_AAABoGQT-FGJoG7iz6RAgb5s,listing_uid_AAABoGiM1dEPeAiZjB1GHIEP,3,Legal Expert — Environmental (Project Donna),,,100.0,120.0,hourly,hourly,13.0,active,2026-09-02T21:43:45,2026-09-02T21:43:45,,remote,4.0,0.0,0,False,standard,False,110.0
2026-09-04T01:09:33+00:00,list_AAABoGQTqpUIeBxeV0dCMZiV,listing_uid_AAABoGiM1dE8MkSod2RKG59O,3,"Legal Expert — Regulatory, Privacy & Healthcare (Project Donna)",,,100.0,120.0,hourly,hourly,20.0,active,2026-09-02T21:43:26,2026-09-02T21:43:26,,remote,5.0,0.0,0,False,standard,False,110.0
2026-09-04T01:09:33+00:00,list_AAABoGQTWvH8rpSGeUVNUI98,listing_uid_AAABoGiM1dGColIzTvtPLJFe,3,Legal Expert — Finance & Real Estate (Project Donna),,,100.0,120.0,hourly,hourly,20.0,active,2026-09-02T21:43:05,2026-09-02T21:43:05,,remote,6.0,0.0,0,False,standard,False,110.0
2026-09-04T01:09:33+00:00,list_AAABoGQTCsAzXuCL0z5MiaVC,listing_uid_AAABoGiM1dHSHyYBoxlBHarz,3,Legal Expert — Corporate & Capital Markets (Project Donna),,,100.0,120.0,hourly,hourly,20.0,active,2026-09-02T21:42:45,2026-09-02T21:42:45,,remote,6.0,0.0,0,False,standard,False,110.0
2026-09-04T01:09:33+00:00,list_AAABoGQSiGKJ1DuAHBZB_p5e,listing_uid_AAABoGZZ83vQNT83aHlEyIOa,8,Multilingual Inpatient Hospitalist (MD) — Clinical Documentation & AI Evaluation,,,170.0,170.0,hourly,hourly,10.0,active,2026-09-02T21:42:11,2026-09-02T21:42:11,Remote,remote,8.0,0.0,0,False,standard,False,170.0
2026-09-04T01:09:33+00:00,list_AAABoGQSfjvnVD-mNltP1bZh,listing_uid_AAABoGiM1dEVl4S_5jlJd4gu,3,Legal Expert — Restructuring (Project Donna),,,100.0,120.0,hourly,hourly,20.0,active,2026-09-02T21:42:09,2026-09-02T21:42:09,,remote,5.0,0.0,0,False,standard,False,110.0
2026-09-04T01:09:33+00:00,list_AAABoGQSNXPZAh8oJJFO-Z0n,listing_uid_AAABoGYfnWRmXzLfILBGw5UI,5,Multilingual Primary Care Physician (MD) — Clinical Documentation & AI Evaluation,,,170.0,190.0,hourly,hourly,10.0,active,2026-09-02T21:41:50,2026-09-02T21:41:50,Remote,remote,12.0,0.0,0,False,standard,False,180.0
2026-09-04T01:09:33+00:00,list_AAABoGQSLLW4uqnMjplPDbYD,listing_uid_AAABoGiM1dGmq6AbqcBK0pXK,3,Legal Expert — Disputes & International (Project Donna),,,100.0,120.0,hourly,hourly,20.0,active,2026-09-02T21:41:48,2026-09-02T21:41:48,,remote,1.0,0.0,0,False,standard,False,110.0
2026-09-04T01:09:33+00:00,list_AAABoGPwR7T02S9iCudGmoL8,listing_uid_AAABoGP5GItvaQ8qZd1CVZKF,2,Arabic expert,,,16.0,18.0,hourly,hourly,,active,2026-09-02T21:04:47,2026-09-02T21:04:47,Remote,remote,1.0,0.0,0,False,standard,False,17.0
2026-09-04T01:09:33+00:00,list_AAABoGAkiMm1pHEH5l1GVbdH,listing_uid_AAABoGS-tE4KMlNQnvNNaLiZ,8,PDF Annotation & Transcription Experts – Korean,,Neon,33.58,33.58,hourly,hourly,20.0,active,2026-09-02T03:23:22,2026-09-02T03:23:22,Remote,remote,99.0,0.0,0,False,standard,False,33.58
2026-09-04T01:09:33+00:00,list_AAABoGAkZhPWPiQWt3lKTZZA,listing_uid_AAABoGS-l1VCQItgaXZLAJ9N,7,PDF Annotation & Transcription Experts – Japanese,,Neon,33.58,33.58,hourly,hourly,20.0,active,2026-09-02T03:23:13,2026-09-02T03:23:13,Remote,remote,99.0,0.0,0,False,standard,False,33.58
2026-09-04T01:09:33+00:00,list_AAABoGAQfhxYOAZAd21EGaDv,listing_uid_AAABoGS-ckQ2G-rnlhpKNYfM,10,PDF Annotation & Transcription Experts – Odia,,Neon,12.68,12.68,hourly,hourly,20.0,active,2026-09-02T03:01:28,2026-09-02T03:01:28,Remote,remote,103.0,0.0,0,False,standard,False,12.68
2026-09-04T01:09:33+00:00,list_AAABoGAQVAqOlMhVPlVA36qk,listing_uid_AAABoGS-PesKLHDaXQBEYbaq,8,PDF Annotation & Transcription Experts – Malayalam,,Neon,12.68,12.68,hourly,hourly,20.0,active,2026-09-02T03:01:17,2026-09-02T03:01:17,Remote,remote,164.0,0.0,0,False,standard,False,12.68
2026-09-04T01:09:33+00:00,list_AAABoGAP3V-k8KwDw5lNUIq8,listing_uid_AAABoGS-HyN1-uK-97xOgaZU,8,PDF Annotation & Transcription Experts – Gujarati,,Neon,12.68,12.68,hourly,hourly,20.0,active,2026-09-02T03:00:47,2026-09-02T03:00:47,Remote,remote,164.0,0.0,0,False,standard,False,12.68
2026-09-04T01:09:33+00:00,list_AAABoF__GX9ydZzPYZ9PNYAt,listing_uid_AAABoGS-VotLCXlmUPZCyK3z,8,PDF Annotation & Transcription Experts – Telugu,,Neon,12.68,12.68,hourly,hourly,20.0,active,2026-09-02T02:42:28,2026-09-02T02:42:28,Remote,remote,164.0,0.0,0,False,standard,False,12.68
2026-09-04T01:09:33+00:00,list_AAABoF_qSyGoO9IK3gJCz6e2,listing_uid_AAABoGS-A5-h0qTCdB1M86OM,10,PDF Annotation & Transcription Experts – Bengali,,Neon,12.68,12.68,hourly,hourly,20.0,active,2026-09-02T02:19:45,2026-09-02T02:19:45,Remote,remote,164.0,0.0,0,False,standard,False,12.68
2026-09-04T01:09:33+00:00,list_AAABoF6Jhh_gEMICBt9PQoR0,listing_uid_AAABoF6bMI2abhOKwIhKQbn-,3,Pediatric Inpatient Nurses (RN),,,55.0,65.0,hourly,hourly,,active,2026-09-01T19:54:26,2026-09-01T19:54:26,Remote,remote,10.0,0.0,0,False,standard,False,60.0
2026-09-04T01:09:33+00:00,list_AAABoFeQ58ZynKs7J61AU5eT,listing_uid_AAABoFeSy7OLvlpgcoZHT57w,3,Peruvian Spanish expert,,,8.0,8.0,hourly,hourly,40.0,active,2026-08-31T11:25:09,2026-08-31T11:25:09,Remote,remote,3.0,2.0,2,False,standard,False,8.0
2026-09-04T01:09:33+00:00,list_AAABoFd9JsbqB3HS7qVHC7-c,listing_uid_AAABoFeTF094IQX0MPBGvKfH,4,Mexican Spanish expert,,,10.0,10.0,hourly,hourly,40.0,active,2026-08-31T11:03:34,2026-08-31T11:03:34,Remote,remote,5.0,0.0,0,False,standard,False,10.0
2026-09-04T01:09:33+00:00,list_AAABoFcZs9ZCx_Kw9NREGpBI,listing_uid_AAABoFff9gQQCq4D16ZD1bk0,4,Materials & Engineering Specialist,,,60.0,90.0,hourly,hourly,40.0,active,2026-08-31T09:14:57,2026-08-31T09:14:57,Remote,remote,16.0,124.0,0,False,standard,False,75.0
2026-09-04T01:09:33+00:00,list_AAABoFcY8EKGD1geuEpN-Lqi,listing_uid_AAABoFff9gSIXbQEOPhO6oZ1,4,Engineering Simulation Specialist,,,60.0,90.0,hourly,hourly,30.0,active,2026-08-31T09:14:07,2026-08-31T09:14:07,Remote,remote,32.0,88.0,0,False,standard,False,75.0
2026-09-04T01:09:33+00:00,list_AAABoFcXq-GdBUxvUuBByYMp,listing_uid_AAABoFgzx-_5F3Q4RFJE4LQ1,9,Drug Discovery Scientist,,,60.0,90.0,hourly,hourly,20.0,active,2026-08-31T09:12:44,2026-08-31T09:12:44,Remote,remote,16.0,18.0,0,False,standard,False,75.0
2026-09-04T01:09:33+00:00,list_AAABoEwwgpr7smpYapZMPKgR,listing_uid_AAABoE5oe68sRCph9KlJaaJ8,6,Electrical Test Automation Engineer,,,70.0,85.0,hourly,hourly,40.0,active,2026-08-29T06:24:03,2026-08-29T06:24:03,Remote,remote,15.0,0.0,0,False,standard,False,77.5
2026-09-04T01:09:33+00:00,list_AAABoEwusCviAsvZ_2FGlLhi,listing_uid_AAABoE4x2bbV49ipsx5F8pxE,5,Electrical Design Specialist,,,70.0,85.0,hourly,hourly,40.0,active,2026-08-29T06:22:03,2026-08-29T06:22:03,Remote,remote,15.0,0.0,0,False,standard,False,77.5
2026-09-04T01:09:33+00:00,list_AAABoEwrcU6hfpIC_pZGQ7J5,listing_uid_AAABoE33QQyH1WGZRdpG3LuR,8,Radio Frequency and Electromagnetic Engineering Expert,,,80.0,95.0,hourly,hourly,40.0,active,2026-08-29T06:18:31,2026-08-29T06:18:31,Remote,remote,15.0,0.0,0,False,standard,False,87.5
2026-09-04T01:09:33+00:00,list_AAABoEqMRTPJI7kopxBIcbFL,listing_uid_AAABoFkdNCQ4QcXg9-tKypuz,8,Corporate Designer — Project Style,,,65.0,100.0,hourly,hourly,15.0,active,2026-08-28T22:45:02,2026-08-28T22:45:02,Remote,remote,13.0,8.0,0,False,standard,False,82.5
2026-09-04T01:09:33+00:00,list_AAABoEpz0r9yxMsCwGNKaJl4,listing_uid_AAABoEsTVdKTNwU8oKBAT795,4,AI Developer Trace Task Auditor,,,70.0,90.0,hourly,hourly,40.0,active,2026-08-28T22:18:20,2026-08-28T22:18:20,Remote — United States,remote,3.0,0.0,0,False,standard,False,80.0
2026-09-04T01:09:33+00:00,list_AAABoEpzuF806Dv0eAZAV5rw,listing_uid_AAABoEsTBvpV1CeNJV5EiLuh,4,SWE-Bench Task Auditor,,,70.0,90.0,hourly,hourly,40.0,active,2026-08-28T22:18:13,2026-08-28T22:18:13,Remote — United States,remote,3.0,0.0,0,False,standard,False,80.0
2026-09-04T01:09:33+00:00,list_AAABoEpzlEigUmznqXNFkJZb,listing_uid_AAABoEsSwWdTXDIfWnZLo7a9,4,ML Challenge Task Auditor,,,70.0,90.0,hourly,hourly,40.0,active,2026-08-28T22:18:04,2026-08-28T22:18:04,Remote — United States,remote,3.0,0.0,0,False,standard,False,80.0
2026-09-04T01:09:33+00:00,list_AAABoEpzcMQTPW8KRotJf4aW,listing_uid_AAABoFl-eSjIN2JKCUVG_5CD,5,AWS Serverless & Infrastructure-as-Code Task Auditor,,,70.0,90.0,hourly,hourly,40.0,active,2026-08-28T22:17:55,2026-08-28T22:17:55,Remote — United States,remote,3.0,0.0,0,False,standard,False,80.0
2026-09-04T01:09:33+00:00,list_AAABoEpy3lTX4ecyqy9GZ6_u,listing_uid_AAABoFmIP1U6Thdf85lOI7fk,5,Kubernetes Task Auditor,,,70.0,90.0,hourly,hourly,40.0,active,2026-08-28T22:17:17,2026-08-28T22:17:17,Remote — United States,remote,3.0,0.0,0,False,standard,False,80.0
2026-09-04T01:09:33+00:00,list_AAABoEnUuGFy6LPctnpJn5YU,listing_uid_AAABoE7WO7uVPDPDEnBL14Ps,8,Spanish Learner,,Duolingo,30.0,42.0,hourly,hourly,40.0,active,2026-08-28T19:24:33,2026-08-28T19:24:33,Remote,remote,50.0,0.0,0,False,standard,False,36.0
2026-09-04T01:09:33+00:00,list_AAABoEkua7cfqnA6nQJO8pfj,listing_uid_AAABoGi1Oru3hu1_5_5LMoKC,5,Surety Underwriter & Bond Specialist,,,80.0,80.0,hourly,hourly,20.0,active,2026-08-28T16:22:54,2026-08-28T16:22:54,"Remote - United States, Canada, or United Kingdom",remote,94.0,6.0,9,False,standard,False,80.0
2026-09-04T01:09:33+00:00,list_AAABoEkqQU78csAYr-xLJqzy,listing_uid_AAABoGj_KMeknLpCAyJEKbrc,7,Disability Claims & Underwriting Specialist,,,80.0,80.0,hourly,hourly,20.0,active,2026-08-28T16:18:21,2026-08-28T16:18:21,"Remote - United States, Canada, or United Kingdom",remote,72.0,28.0,77,False,standard,False,80.0
2026-09-04T01:09:33+00:00,list_AAABoEkkCQUpcxmBNbhA2LdS,listing_uid_AAABoGi0f9_kvqlCsv5IQqDh,6,Life & Annuity Specialist,,,80.0,80.0,hourly,hourly,20.0,active,2026-08-28T16:11:34,2026-08-28T16:11:34,"Remote - United States, Canada, or United Kingdom",remote,90.0,10.0,29,False,standard,False,80.0
2026-09-04T01:09:33+00:00,list_AAABoEkE3Fx5nN65LndAloi6,listing_uid_AAABoE43YNV_f2kDJu1JQ4V4,5,Spanish Tutors,,Duolingo,60.0,70.0,hourly,hourly,40.0,active,2026-08-28T15:37:30,2026-08-28T15:37:30,Remote,remote,50.0,0.0,0,False,standard,False,65.0
2026-09-04T01:09:33+00:00,list_AAABoDrdnPUan_1I2cRJS7iG,listing_uid_AAABoDrdnPXISI_lw8JI7796,1,Marketing Expert — Brand Marketing (AI Agent Environments),Business Operations,Paradigm,60.0,100.0,hourly,hourly,20.0,active,2026-08-25T21:39:57,2026-08-25T21:39:57,,remote,10.0,0.0,0,False,standard,False,80.0
2026-09-04T01:09:33+00:00,list_AAABoDrdf2V-ajvTtwtKEIAT,listing_uid_AAABoDrdf2Xcd65WVY5Erqp6,1,Marketing Expert — Field Marketing (AI Agent Environments),Business Operations,Paradigm,60.0,100.0,hourly,hourly,20.0,active,2026-08-25T21:39:50,2026-08-25T21:39:50,,remote,10.0,0.0,0,False,standard,False,80.0
2026-09-04T01:09:33+00:00,list_AAABoDrdTfm5vzfGcCdJbaiy,listing_uid_AAABoDrdTfm0EXnQm7lCer4a,1,Marketing Expert — Marketing Operations (AI Agent Environments),Business Operations,Paradigm,60.0,100.0,hourly,hourly,20.0,active,2026-08-25T21:39:37,2026-08-25T21:39:37,,remote,10.0,0.0,0,False,standard,False,80.0
2026-09-04T01:09:33+00:00,list_AAABoDrc9RKiAUBpf-dJGZ2p,listing_uid_AAABoDrc9RLg2KimQaNJPopb,1,Marketing Expert — Lifecycle (AI Agent Environments),Business Operations,Paradigm,60.0,100.0,hourly,hourly,20.0,active,2026-08-25T21:39:14,2026-08-25T21:39:14,,remote,10.0,0.0,0,False,standard,False,80.0
2026-09-04T01:09:33+00:00,list_AAABoDrc0r2755XZT1FFrp5X,listing_uid_AAABoDrc0r3ADrkc3pFNXIPf,1,Marketing Expert — PR & Communications (AI Agent Environments),Business Operations,Paradigm,60.0,100.0,hourly,hourly,20.0,active,2026-08-25T21:39:06,2026-08-25T21:39:06,,remote,10.0,0.0,0,False,standard,False,80.0
2026-09-04T01:09:33+00:00,list_AAABoDrcqOJyCKGawzdKQZWx,listing_uid_AAABoDrcqONryiMkly9GIKLV,1,Marketing Expert — Creator & Influencer (AI Agent Environments),Business Operations,Paradigm,60.0,100.0,hourly,hourly,20.0,active,2026-08-25T21:38:55,2026-08-25T21:38:55,,remote,10.0,0.0,0,False,standard,False,80.0
2026-09-04T01:09:33+00:00,list_AAABoDrceaRTIr-aY9lJuLn5,listing_uid_AAABoDrceaSIQ89gv5ZJJIQC,1,Marketing Expert — Social Media (AI Agent Environments),Business Operations,Paradigm,60.0,100.0,hourly,hourly,20.0,active,2026-08-25T21:38:43,2026-08-25T21:38:43,,remote,10.0,0.0,0,False,standard,False,80.0
2026-09-04T01:09:33+00:00,list_AAABoDrcIaroUgZCWgBAJY4m,listing_uid_AAABoDrcIaq7K3aul_lI9rcy,1,Marketing Expert — Content Marketing (AI Agent Environments),Business Operations,Paradigm,60.0,100.0,hourly,hourly,20.0,active,2026-08-25T21:38:20,2026-08-25T21:38:20,,remote,10.0,0.0,0,False,standard,False,80.0
2026-09-04T01:09:33+00:00,list_AAABoDrb-Q8y9FcAsIxMWbHL,listing_uid_AAABoDrb-Q9umjglTMBBpYAy,1,Marketing Expert — Product Marketing (AI Agent Environments),Business Operations,Paradigm,60.0,100.0,hourly,hourly,20.0,active,2026-08-25T21:38:10,2026-08-25T21:38:10,,remote,10.0,0.0,0,False,standard,False,80.0
2026-09-04T01:09:33+00:00,list_AAABoDrbz6rYQGbLUWtGo5N6,listing_uid_AAABoDrbz6vXMMW1FE1Jd4bP,1,Marketing Expert — Paid Growth (AI Agent Environments),Business Operations,Paradigm,60.0,100.0,hourly,hourly,20.0,active,2026-08-25T21:37:59,2026-08-25T21:37:59,,remote,10.0,0.0,0,False,standard,False,80.0
2026-09-04T01:09:33+00:00,list_AAABoDrbrSGe__wvUYJDxr4k,listing_uid_AAABoDrbrSEXmoIOPyJAJ7sC,1,Marketing Expert — Marketing Analytics (AI Agent Environments),Data Analysis,Paradigm,60.0,100.0,hourly,hourly,20.0,active,2026-08-25T21:37:50,2026-08-25T21:37:50,,remote,10.0,0.0,0,False,standard,False,80.0
2026-09-04T01:09:33+00:00,list_AAABoDrYQdAJqq6xRalOo4e9,listing_uid_AAABoDrYQdAaWWBmTcJCWa1-,1,Expert Interviewer,Software Engineering,,50.0,60.0,hourly,part-time,10.0,active,2026-08-25T21:34:06,2026-08-25T21:34:06,US Remote,remote,2.0,1.0,1,False,standard,False,55.0
2026-09-04T01:09:33+00:00,list_AAABoDrTz6emfjzSLQhDtIVN,listing_uid_AAABoDrTz6fDP0SdzGpDXrQM,1,Marketing Expert — Organic Growth (AI Agent Environments),Business Operations,Paradigm,60.0,100.0,hourly,hourly,20.0,active,2026-08-25T21:29:15,2026-08-25T21:29:15,,remote,10.0,0.0,0,False,standard,False,80.0
2026-09-04T01:09:33+00:00,list_AAABoDrL07CqmjVBGadLDIZ6,listing_uid_AAABoEQhBn2eDduM-uBB-Jw0,6,Trainium (NKI) Kernel Expert,Software Engineering,,70.0,90.0,hourly,hourly,40.0,active,2026-08-25T21:20:32,2026-08-25T21:20:32,Remote — United States,remote,3.0,0.0,0,False,standard,False,80.0
2026-09-04T01:09:33+00:00,list_AAABoDrLqkDg31vugrpECa5L,listing_uid_AAABoEQgoFuTo8BU4PlBGIWS,6,GPU Kernel Expert,Software Engineering,,70.0,90.0,hourly,hourly,40.0,active,2026-08-25T21:20:21,2026-08-25T21:20:21,Remote — United States,remote,3.0,0.0,0,False,standard,False,80.0
2026-09-04T01:09:33+00:00,list_AAABoDrLTtVzOBh5_cNK5rFh,listing_uid_AAABoEQfUYlw5uLiMotHwJWu,7,CVE Vulnerability Expert,Software Engineering,,70.0,90.0,hourly,hourly,40.0,active,2026-08-25T21:19:58,2026-08-25T21:19:58,Remote — United States,remote,3.0,0.0,0,False,standard,False,80.0
2026-09-04T01:09:33+00:00,list_AAABoDqT-fFk8Q_QPjlNk6CW,listing_uid_AAABoGizz5yF_lJA9NVGqJXE,6,Reinsurance & Program Business Specialist,Finance,,80.0,80.0,hourly,hourly,20.0,active,2026-08-25T20:19:31,2026-08-25T20:19:31,"Remote - United States, Canada, or United Kingdom",remote,38.0,2.0,21,False,standard,False,80.0
2026-09-04T01:09:33+00:00,list_AAABoDqTmG7lKWrrH2RN8rV9,listing_uid_AAABoGizeORoLFOQeApBE5XO,9,P&C Actuary & Portfolio Risk Manager,Finance,,80.0,80.0,hourly,hourly,20.0,active,2026-08-25T20:19:06,2026-08-25T20:19:06,"Remote - United States, Canada, or United Kingdom",remote,38.0,2.0,44,False,standard,False,80.0
2026-09-04T01:09:33+00:00,list_AAABoDqS7gIhb8Fc5ndAyrEE,listing_uid_AAABoGizHnp-fgfohNVPi63O,6,Complex Claims & Coverage Director,Law,,80.0,80.0,hourly,hourly,20.0,active,2026-08-25T20:18:23,2026-08-25T20:18:23,"Remote - United States, Canada, or United Kingdom",remote,33.0,7.0,26,False,standard,False,80.0
2026-09-04T01:09:33+00:00,list_AAABoDqSRnKpi5jNXhdLjLoU,listing_uid_AAABoGiydLUT-OSudWBHja4G,6,Policy Administration & Insurance Operations Manager,Business Operations,,80.0,80.0,hourly,hourly,20.0,active,2026-08-25T20:17:40,2026-08-25T20:17:40,"Remote - United States, Canada, or United Kingdom",remote,25.0,15.0,56,False,standard,False,80.0
2026-09-04T01:09:33+00:00,list_AAABoDqR9Ga0wprP-cBJ5IMJ,listing_uid_AAABoGix50bZkTXGLFpMFIDR,4,Multiline P&C Underwriter,Finance,,80.0,80.0,hourly,hourly,20.0,active,2026-08-25T20:17:19,2026-08-25T20:17:19,"Remote - United States, Canada, or United Kingdom",remote,33.0,7.0,30,False,standard,False,80.0
2026-09-04T01:09:33+00:00,list_AAABoDqRleieREV3dr1DIL52,listing_uid_AAABoGixIwL7YKH7OHJCP5DH,8,Commercial Insurance Broker & Risk Advisor,Finance,,80.0,80.0,hourly,hourly,20.0,active,2026-08-25T20:16:55,2026-08-25T20:16:55,"Remote - United States, Canada, or United Kingdom",remote,10.0,30.0,154,False,standard,False,80.0
2026-09-04T01:09:33+00:00,list_AAABoDoyGFI8EBpGidZCd6YA,listing_uid_AAABoDs_G_wt00l-8uJOcotm,17,Legal Reviewer,Law,[Internal] - Sisyphus,60.0,60.0,hourly,hourly,40.0,active,2026-08-25T18:32:37,2026-08-25T18:32:37,Remote,remote,3.0,0.0,3,False,standard,False,60.0
2026-09-04T01:09:33+00:00,list_AAABoDaJyTMiOtlXq15DFq6-,listing_uid_AAABoD_rQb9Kou5yioxCW7Oc,9,Compensation & Equity Expert (Total Rewards),Business Operations,,50.0,200.0,hourly,hourly,,active,2026-08-25T01:29:55,2026-08-25T01:29:55,Remote,remote,5.0,0.0,0,False,standard,False,125.0
2026-09-04T01:09:33+00:00,list_AAABoDWRJtkWp6um7YpAsZT6,listing_uid_AAABoGmeZN9upl7GsmdEAoXg,7,Domain Expert – Radiology (Visage 7 Research),Medicine,Deeptune Internal,100.0,130.0,hourly,hourly,40.0,active,2026-08-24T20:58:20,2026-08-24T20:58:20,Remote,remote,16.0,24.0,0,False,standard,False,115.0
2026-09-04T01:09:33+00:00,list_AAABoDVFAgVYx8zPqb1P9bL4,listing_uid_AAABoDVhCPzFasnIXFhJuoAB,3,Cloud / DevOps Engineer (Infra & IaC),Software Engineering,,75.0,110.0,hourly,full-time,40.0,active,2026-08-24T19:35:10,2026-08-24T19:35:10,United States (Remote),remote,10.0,0.0,0,False,standard,False,92.5
2026-09-04T01:09:33+00:00,list_AAABoCsHMxyMxKGdglJH5aMR,listing_uid_AAABoDX-DDL_HzWK5k5IKJf2,4,Material Science PhD Coding Experts,"Life, Physical, and Social Science",,70.0,70.0,hourly,hourly,40.0,active,2026-08-22T19:51:27,2026-08-22T19:51:27,Remote,remote,6.0,11.0,40,False,standard,False,70.0
2026-09-04T01:09:33+00:00,list_AAABoCsEpVgw9J3DAXxPH6BU,listing_uid_AAABoDX_pOx99u1jzmVH8oHv,5,Biology PhD Coding Experts,"Life, Physical, and Social Science",,70.0,70.0,hourly,hourly,40.0,active,2026-08-22T19:48:40,2026-08-22T19:48:40,Remote,remote,3.0,14.0,33,False,standard,False,70.0
2026-09-04T01:09:33+00:00,list_AAABoCl905TW9jWTfs9Oh44S,listing_uid_AAABoCmAlsNofXnZLJ5K6KQy,5,Legacy Codebase Migration Expert,Software Engineering,,200.0,200.0,hourly,part-time,40.0,active,2026-08-22T12:41:47,2026-08-22T12:41:47,Remote,remote,5.0,0.0,0,False,evergreen,False,200.0
2026-09-04T01:09:33+00:00,list_AAABoCWWr6HmJrVOgcREqpk2,listing_uid_AAABoCWXDMjqw_Nb15hKKZPf,2,Lawyers,Law,,70.0,110.0,hourly,hourly,,active,2026-08-21T18:30:27,2026-08-21T18:30:27,Remote,remote,3.0,27.0,137,False,standard,False,90.0
2026-09-04T01:09:33+00:00,list_AAABoBvmBVRpTT2rUz1Gr4GD,listing_uid_AAABoB7Y8SPc8f7ARVREAZKQ,4,Medical Writer,Medicine,,90.0,150.0,hourly,hourly,40.0,active,2026-08-19T21:20:55,2026-08-19T21:20:55,Remote,remote,11.0,4.0,2,False,standard,False,120.0
2026-09-04T01:09:33+00:00,list_AAABoBvl4LQqWMXSjaFLL7vp,listing_uid_AAABoB7ZDGEvIeJYOD9OwKc1,3,Biostatistician,Data Analysis,,120.0,170.0,hourly,hourly,40.0,active,2026-08-19T21:20:45,2026-08-19T21:20:45,Remote,remote,3.0,3.0,6,False,standard,False,145.0
2026-09-04T01:09:33+00:00,list_AAABoBvlvQcSzH48Et1ES5tk,listing_uid_AAABoB7ZKUzwZc1fg3RBl7EJ,4,Medical Safety Expert,Medicine,,140.0,190.0,hourly,hourly,40.0,active,2026-08-19T21:20:36,2026-08-19T21:20:36,Remote,remote,2.0,4.0,6,False,standard,False,165.0
2026-09-04T01:09:33+00:00,list_AAABoBvlaGYaPBD_Y0VKP4HH,listing_uid_AAABoB7ZoqUdOayAsKdP5LOi,3,Clinical Data Manager / CDISC,"Life, Physical, and Social Science",,100.0,150.0,hourly,hourly,40.0,active,2026-08-19T21:20:14,2026-08-19T21:20:14,Remote,remote,1.0,4.0,5,False,standard,False,125.0
2026-09-04T01:09:33+00:00,list_AAABoBvkZ3Bk83jnCv1HG6JF,listing_uid_AAABoB7ZuK-ocWynIs9FGacO,3,Pharmacologist,"Life, Physical, and Social Science",,120.0,170.0,hourly,hourly,40.0,active,2026-08-19T21:19:09,2026-08-19T21:19:09,Remote,remote,1.0,4.0,4,False,standard,False,145.0
2026-09-04T01:09:33+00:00,list_AAABoBt9Gyyhs3BhJitBYYIf,listing_uid_AAABoBuGKePnmuWDZbpP2YOh,3,Business & Sales Operations Domain Expert,Business Operations,,60.0,100.0,hourly,full-time,40.0,active,2026-08-19T19:26:18,2026-08-19T19:26:18,"Bay Area, CA",hybrid,10.0,0.0,0,False,standard,False,80.0
2026-09-04T01:09:33+00:00,list_AAABoBt9DOoFFFxe6OhHDYhe,listing_uid_AAABoBuKLKbGuGg329xGabDj,4,Insurance Domain Expert,Finance,,60.0,100.0,hourly,full-time,40.0,active,2026-08-19T19:26:15,2026-08-19T19:26:15,"Bay Area, CA",hybrid,10.0,0.0,0,False,standard,False,80.0
2026-09-04T01:09:33+00:00,list_AAABoBt89Pf5xMUItbxMCqGe,listing_uid_AAABoBuGDA76yBA3MdZKbYNb,3,Accounting & Audit Domain Expert,Finance,,60.0,100.0,hourly,full-time,40.0,active,2026-08-19T19:26:09,2026-08-19T19:26:09,"Bay Area, CA",hybrid,10.0,0.0,0,False,standard,False,80.0
2026-09-04T01:09:33+00:00,list_AAABoBt85EtAs4-vl_FE0r4e,listing_uid_AAABoBuF8QdSY_zXiCVIdqsQ,3,Clinical Medicine Domain Expert,Medicine,,70.0,110.0,hourly,full-time,40.0,active,2026-08-19T19:26:04,2026-08-19T19:26:04,"Bay Area, CA",hybrid,10.0,0.0,0,False,standard,False,90.0
2026-09-04T01:09:33+00:00,list_AAABoBt8iAkrN7-29JFCOYBm,listing_uid_AAABoBuFfZIfejyOQGNBWYUO,3,Pharmaceutical R&D Domain Expert,"Life, Physical, and Social Science",,75.0,115.0,hourly,full-time,40.0,active,2026-08-19T19:25:41,2026-08-19T19:25:41,"Bay Area, CA",hybrid,10.0,0.0,0,False,standard,False,95.0
2026-09-04T01:09:33+00:00,list_AAABoBt8bMBAKZ7C0OhMPqh8,listing_uid_AAABoBuFbqs14nJculhCiIQM,3,Biochemistry & Life Sciences Domain Expert,"Life, Physical, and Social Science",,65.0,105.0,hourly,full-time,40.0,active,2026-08-19T19:25:34,2026-08-19T19:25:34,"Bay Area, CA",hybrid,10.0,0.0,0,False,standard,False,85.0
2026-09-04T01:09:33+00:00,list_AAABoBt8Xf0go3Q6ISpDh4AF,listing_uid_AAABoBuFYL5Z4X1rAvNK04oQ,3,Materials Science Domain Expert,Other Engineering,,70.0,110.0,hourly,full-time,40.0,active,2026-08-19T19:25:30,2026-08-19T19:25:30,"Bay Area, CA",hybrid,10.0,0.0,0,False,standard,False,90.0
2026-09-04T01:09:33+00:00,list_AAABoBt8RxNstvLu_zBCzY6E,listing_uid_AAABoBuFUik1TkDjndhJ55bQ,3,Engineering & Software Domain Expert,Software Engineering,,65.0,105.0,hourly,full-time,40.0,active,2026-08-19T19:25:24,2026-08-19T19:25:24,"Bay Area, CA",hybrid,10.0,0.0,0,False,standard,False,85.0
2026-09-04T01:09:33+00:00,list_AAABoAcnNYJrBQ1cXOBEq52k,listing_uid_AAABoBn8OWakdpSLfoBNNrKo,4,Preclinical R&D Expert – In-house Drug Development,"Life, Physical, and Social Science",,60.0,100.0,hourly,hourly,40.0,active,2026-08-15T20:40:05,2026-08-15T20:40:05,Remote,remote,10.0,0.0,2,False,standard,False,80.0
2026-09-04T01:09:33+00:00,list_AAABoAPp1LEAbgpoCqdGza4o,listing_uid_AAABoGNHr4p00XvbnXRNVbRl,12,Frontend Engineer,Software Engineering,,90.0,90.0,hourly,hourly,40.0,active,2026-08-15T05:34:11,2026-08-15T05:34:11,Remote,remote,44.0,306.0,757,False,standard,False,90.0
2026-09-04T01:09:33+00:00,list_AAABoAIF_y056zLwL_NBvoIi,listing_uid_AAABoAIHwlo6Pkn_ocBK0LED,2,Litigation Lawyer (Japan),Law,,140.0,150.0,hourly,hourly,,active,2026-08-14T20:45:42,2026-08-14T20:45:42,Japan (remote),remote,3.0,2.0,0,False,standard,False,145.0
2026-09-04T01:09:33+00:00,list_AAABoAIF0JuwMiI68G1E4J38,listing_uid_AAABoAIHbv_p-R41aoFLfJGY,2,Litigation Lawyer (Australia),Law,,100.0,120.0,hourly,hourly,,active,2026-08-14T20:45:30,2026-08-14T20:45:30,Australia (remote),remote,5.0,0.0,0,False,standard,False,110.0
2026-09-04T01:09:33+00:00,list_AAABoAIFZR9i-vRMeNpKGr0j,listing_uid_AAABoAIHLC4byAueW9pKEpng,2,Litigation Lawyer (France),Law,,150.0,160.0,hourly,hourly,,active,2026-08-14T20:45:03,2026-08-14T20:45:03,France (remote),remote,5.0,0.0,0,False,standard,False,155.0
2026-09-04T01:09:33+00:00,list_AAABoABBNWa7mhuRZKpH-KeQ,listing_uid_AAABoABEqlMzAWGZqBxHuLMo,3,Corporate/M&A Lawyer (Japan),Law,,140.0,150.0,hourly,hourly,,active,2026-08-14T12:31:08,2026-08-14T12:31:08,Japan (remote),remote,3.0,2.0,0,False,standard,False,145.0
2026-09-04T01:09:33+00:00,list_AAABoABBGsK-6gqU33lBVq1r,listing_uid_AAABoABEmue1Pry0QjVABKLv,3,Corporate/M&A Lawyer (Australia),Law,,100.0,120.0,hourly,hourly,,active,2026-08-14T12:31:01,2026-08-14T12:31:01,Australia (remote),remote,5.0,0.0,0,False,standard,False,110.0
2026-09-04T01:09:33+00:00,list_AAABoABBB9HatqCsYpJLco3J,listing_uid_AAABoABEjBD1apjazoJLx6vs,3,Corporate/M&A Lawyer (Germany),Law,,140.0,150.0,hourly,hourly,,active,2026-08-14T12:30:56,2026-08-14T12:30:56,Germany (remote),remote,5.0,0.0,0,False,standard,False,145.0
2026-09-04T01:09:33+00:00,list_AAABoABA9E8oZ6HnzwJLSIwA,listing_uid_AAABoABEeALch4aj8ZJE_r6J,3,Corporate/M&A Lawyer (Spain),Law,,140.0,150.0,hourly,hourly,,active,2026-08-14T12:30:51,2026-08-14T12:30:51,Spain (remote),remote,5.0,0.0,0,False,standard,False,145.0
2026-09-04T01:09:33+00:00,list_AAABoABA1Q_SQpPxMzVFAqh_,listing_uid_AAABoABEZDBJvHaM5SdLD4pf,3,Corporate/M&A Lawyer (France),Law,,150.0,160.0,hourly,hourly,,active,2026-08-14T12:30:43,2026-08-14T12:30:43,France (remote),remote,5.0,0.0,0,False,standard,False,155.0
2026-09-04T01:09:33+00:00,list_AAABoABAs395rZchnpRFDYiE,listing_uid_AAABoAdGcp97APgS4rVMp54s,4,Corporate/M&A Lawyer (United Kingdom),Law,,150.0,160.0,hourly,hourly,,active,2026-08-14T12:30:35,2026-08-14T12:30:35,United Kingdom (remote),remote,5.0,0.0,0,False,standard,False,155.0
2026-09-04T01:09:33+00:00,list_AAABoAA0CcB7r_IpsvtENYja,listing_uid_AAABoFxpGHlUpBs-BA5HqooH,13,Network Engineer - Talent Network (Data for Autonomous Systems),Data Analysis,Meter,50.0,70.0,hourly,part-time,,active,2026-08-14T12:16:45,2026-08-14T12:16:45,Remote,remote,20.0,10.0,0,False,evergreen,False,60.0
2026-09-04T01:09:33+00:00,list_AAABn__WZShhSQKfvlJLs54R,listing_uid_AAABoAnWVknMm70TIS9A4YFg,3,Health Plan PBM Contracting Survey – Pharmacy Benefit Decision-Maker Insights,Business Operations,,70.0,70.0,one-time,task-based,,active,2026-08-14T10:34:29,2026-08-14T10:34:29,Remote (United States),remote,928.0,72.0,590,False,standard,False,
2026-09-04T01:09:33+00:00,list_AAABn_yKH9AkxGRKEzlBBqUb,listing_uid_AAABn_yKH9B4UDC3SCpFFaO_,1,Applied Biology Benchmark Specialist,"Life, Physical, and Social Science",,60.0,75.0,hourly,hourly,,active,2026-08-13T19:12:18,2026-08-13T19:12:18,Remote,remote,3.0,14.0,53,False,standard,False,67.5
2026-09-04T01:09:33+00:00,list_AAABn_yJox3pQ0iIa7pJdr2A,listing_uid_AAABn_yJox1AR11h9PtB-4pI,1,Applied Legal Benchmark Specialist,Law,,83.0,105.0,hourly,hourly,,active,2026-08-13T19:11:46,2026-08-13T19:11:46,Remote,remote,4.0,23.0,59,False,standard,False,94.0
2026-09-04T01:09:33+00:00,list_AAABn_yJR4hKB_2XSltNpq3n,listing_uid_AAABn_yLSRa8zSWcGgVGHIy6,2,Applied Health & Medicine Benchmark Specialist,Medicine,,94.0,119.0,hourly,hourly,,active,2026-08-13T19:11:23,2026-08-13T19:11:23,Remote,remote,7.0,14.0,52,False,standard,False,106.5
2026-09-04T01:09:33+00:00,list_AAABn_yIZR1__lQF4UFJWK4b,listing_uid_AAABn_yIZR3uJ9dWk81P_b0r,1,Applied Mathematics Benchmark Specialist,"Life, Physical, and Social Science",,61.0,77.0,hourly,hourly,,active,2026-08-13T19:10:25,2026-08-13T19:10:25,Remote,remote,6.0,13.0,59,False,standard,False,69.0
2026-09-04T01:09:33+00:00,list_AAABn_yIPO_R7kHhw5VCS7aS,listing_uid_AAABn_yIPO8Ell-RwWhCDJiX,1,Applied Chemistry Benchmark Specialist,"Life, Physical, and Social Science",,61.0,77.0,hourly,hourly,,active,2026-08-13T19:10:15,2026-08-13T19:10:15,Remote,remote,6.0,13.0,56,False,standard,False,69.0
2026-09-04T01:09:33+00:00,list_AAABn_yH0eoAuKpvXORIdrGW,listing_uid_AAABn_yH0eoR7av6a91L37VY,1,Applied Engineering Benchmark Specialist,Other Engineering,,61.0,77.0,hourly,hourly,,active,2026-08-13T19:09:47,2026-08-13T19:09:47,Remote,remote,7.0,19.0,64,False,standard,False,69.0
2026-09-04T01:09:33+00:00,list_AAABn_wL0VJzHS7tVYNPVJ52,listing_uid_AAABoBYAqSyhqbzfhodNOLSs,5,Generalist Expert (UK/Europe),Miscellaneous,Dorado,50.0,70.0,hourly,hourly,40.0,active,2026-08-13T16:54:21,2026-08-13T16:54:21,Remote,remote,87.0,113.0,0,False,standard,False,60.0
2026-09-04T01:09:33+00:00,list_AAABn_wJmpMuhtibNHZLXr9O,listing_uid_AAABoBYAhUY4L0V4AcpCRo1B,4,Generalist Expert (US/Canada),Miscellaneous,Dorado,50.0,70.0,hourly,hourly,40.0,active,2026-08-13T16:51:56,2026-08-13T16:51:56,Remote,remote,100.0,0.0,0,False,standard,False,60.0
2026-09-04T01:09:33+00:00,list_AAABn_hJu3e9hgqimAtByK05,listing_uid_AAABn_pX2TQawN_jb1lHg6TM,4,Agent Engineer,Software Engineering,,100.0,500.0,per-task,task-based,,active,2026-08-12T23:23:30,2026-08-12T23:23:30,Remote,remote,1.0,0.0,1,False,standard,False,
2026-09-04T01:09:33+00:00,list_AAABn_eRV6pvGcNgaf1Ml6eM,listing_uid_AAABn_fXe_FoUnVcI-ZF5ak6,5,"Visual Quality Expert (Film, VFX & Animation)",Arts & Design,,60.0,90.0,hourly,hourly,20.0,active,2026-08-12T20:02:05,2026-08-12T20:02:05,"Remote, United States (PST to EST hours)",remote,3.0,0.0,0,False,standard,False,75.0
2026-09-04T01:09:33+00:00,list_AAABn_cnGneX3MsXDwZIK5rB,listing_uid_AAABn_c5WdZHUBSOpRpAF7Zz,3,Investment Banking & M&A - Finance Domain Expert,Finance,,100.0,150.0,hourly,full-time,40.0,active,2026-08-12T18:06:02,2026-08-12T18:06:02,"Bay Area, CA",hybrid,5.0,0.0,0,False,standard,False,125.0
2026-09-04T01:09:33+00:00,list_AAABn_cm_oIN381KOgpHz7lE,listing_uid_AAABn_c5Phs0yeWqgB5NJofP,3,Partner & General Counsel - Legal Domain Expert,Law,,100.0,150.0,hourly,full-time,40.0,active,2026-08-12T18:05:55,2026-08-12T18:05:55,"Bay Area, CA",hybrid,5.0,0.0,0,False,standard,False,125.0
2026-09-04T01:09:33+00:00,list_AAABn_cmmRN6Ktqn67xMZ56E,listing_uid_AAABn_c5Cr7LuIiU_rtAd7dm,3,Private Equity & Venture Capital - Finance Domain Expert,Finance,,110.0,150.0,hourly,full-time,40.0,active,2026-08-12T18:05:29,2026-08-12T18:05:29,"Bay Area, CA",hybrid,5.0,0.0,0,False,standard,False,130.0
2026-09-04T01:09:33+00:00,list_AAABn_cmfyK8fYxPzZtNu7Dh,listing_uid_AAABn_c4oMT_ITpttulAvq_L,3,Senior Counsel — Legal Domain Expert,Law,,85.0,120.0,hourly,full-time,40.0,active,2026-08-12T18:05:23,2026-08-12T18:05:23,"Bay Area, CA",hybrid,5.0,0.0,0,False,standard,False,102.5
2026-09-04T01:09:33+00:00,list_AAABn_cfZOxBLvxeFKdEW6Od,listing_uid_AAABoCrprLTC5atGgPhIJred,3,Music & Lyrics Expert - Thai,Arts & Design,,18.0,18.0,hourly,hourly,20.0,active,2026-08-12T17:57:37,2026-08-12T17:57:37,Remote,remote,4.0,4.0,16,False,standard,False,18.0
2026-09-04T01:09:33+00:00,list_AAABn_cfIUIdj0ADCLpJ5rAS,listing_uid_AAABoCrpIx3OBuMbeDVGAqw3,3,Music & Lyrics Expert - Tamil,Arts & Design,,15.0,19.0,hourly,hourly,20.0,active,2026-08-12T17:57:20,2026-08-12T17:57:20,Remote,remote,1.0,7.0,20,False,standard,False,17.0
2026-09-04T01:09:33+00:00,list_AAABn_cevsvnuDLa7eVOUpS9,listing_uid_AAABoCroA_IRPoz165RPXaCG,3,Music & Lyrics Expert - Slovak,Arts & Design,,20.0,36.0,hourly,hourly,20.0,active,2026-08-12T17:56:55,2026-08-12T17:56:55,Remote,remote,1.0,7.0,6,False,standard,False,28.0
2026-09-04T01:09:33+00:00,list_AAABn_cefNmJ1QaP1gdO8om3,listing_uid_AAABoCrncPmwWP5pAV5EAY_r,3,Music & Lyrics Expert - Punjabi,Language and Audio,,15.0,15.0,hourly,hourly,20.0,active,2026-08-12T17:56:38,2026-08-12T17:56:38,Remote,remote,1.0,7.0,10,False,standard,False,15.0
2026-09-04T01:09:33+00:00,list_AAABn_ceM32i-kJsjw1JprLh,listing_uid_AAABoD8BZRyTFhJ-qepLL7O0,4,Music & Lyrics Expert - Norwegian,Arts & Design,,42.0,78.0,hourly,hourly,20.0,active,2026-08-12T17:56:19,2026-08-12T17:56:19,Remote,remote,3.0,5.0,10,False,standard,False,60.0
2026-09-04T01:09:33+00:00,list_AAABn_cd-Sz8I07z0KdHe5DT,listing_uid_AAABoCrmS0pb5xJonqhLxL8T,3,Music & Lyrics Expert - Malayalam,Language and Audio,,15.0,15.0,hourly,hourly,20.0,active,2026-08-12T17:56:04,2026-08-12T17:56:04,Remote,remote,2.0,6.0,15,False,standard,False,15.0
2026-09-04T01:09:33+00:00,list_AAABn_cdbZAkZV7w_0lJHYqi,listing_uid_AAABoCrkwTWJS7rsu15Pd6lY,3,Music & Lyrics Expert - Hungarian,Arts & Design,,20.0,36.0,hourly,hourly,20.0,active,2026-08-12T17:55:28,2026-08-12T17:55:28,Remote,remote,1.0,7.0,8,False,standard,False,28.0
2026-09-04T01:09:33+00:00,list_AAABn_cc6cSiGnX7SqNI7arz,listing_uid_AAABoCrjpGDbDLifAWhFt5um,3,Music & Lyrics Expert - German,Arts & Design,,30.0,58.0,hourly,hourly,20.0,active,2026-08-12T17:54:55,2026-08-12T17:54:55,Remote,remote,3.0,5.0,16,False,standard,False,44.0
2026-09-04T01:09:33+00:00,list_AAABn_cc05TvSczIsndAUpXK,listing_uid_AAABoD8PEqFbw5T0mcVE_7VD,4,Music & Lyrics Expert - French,Arts & Design,,17.0,54.0,hourly,hourly,20.0,active,2026-08-12T17:54:49,2026-08-12T17:54:49,Remote,remote,2.0,6.0,20,False,standard,False,35.5
2026-09-04T01:09:33+00:00,list_AAABn_ccix2gCJiezT9Oe6Kh,listing_uid_AAABoD9GSGKkLKkXS4VAGqja,4,Music & Lyrics Expert - Dutch,Arts & Design,,28.0,60.0,hourly,hourly,20.0,active,2026-08-12T17:54:30,2026-08-12T17:54:30,Remote,remote,3.0,5.0,18,False,standard,False,44.0
2026-09-04T01:09:33+00:00,list_AAABn_ccbH3uf6S3n6lL16JR,listing_uid_AAABoCriM378WFNjGkZJzJfQ,3,Music & Lyrics Expert - Bengali,Arts & Design,,11.0,19.0,hourly,hourly,20.0,active,2026-08-12T17:54:22,2026-08-12T17:54:22,Remote,remote,1.0,7.0,21,False,standard,False,15.0
2026-09-04T01:09:33+00:00,list_AAABn_cHC7u_iLzIh5tHuqjO,listing_uid_AAABoCrh4rknk-Ru08FJm7IY,7,Music & Lyrics Expert - Arabic,Arts & Design,,17.0,34.0,hourly,hourly,20.0,active,2026-08-12T17:31:01,2026-08-12T17:31:01,Remote,remote,1.0,7.0,18,False,standard,False,25.5
2026-09-04T01:09:33+00:00,list_AAABn_cBCuQM7WBSR_BNoqrS,listing_uid_AAABoA9Ep48KmxbzlvxHsLCM,12,Preclinical R&D Expert – ADC & Bispecifics,"Life, Physical, and Social Science",,60.0,100.0,hourly,hourly,40.0,active,2026-08-12T17:24:29,2026-08-12T17:24:29,Remote,remote,6.0,4.0,2,False,standard,False,80.0
2026-09-04T01:09:33+00:00,list_AAABn_OGMHJsH_BxwWdHBb2O,listing_uid_AAABn_OMH2kw5i5ESoJOQ4RP,2,Enterprise Sales Domain Expert,Business Operations,,60.0,90.0,hourly,hourly,40.0,active,2026-08-12T01:11:25,2026-08-12T01:11:25,US Remote,remote,20.0,0.0,0,False,standard,False,75.0
2026-09-04T01:09:33+00:00,list_AAABn_KWz-kENVKtMexCTp41,listing_uid_AAABn_KbsB62XuK0s1pCn4VP,3,Character and Facial Animation Consultant,Arts & Design,,60.0,90.0,hourly,hourly,20.0,active,2026-08-11T20:49:57,2026-08-11T20:49:57,"Playa Vista, CA or New York, NY",remote,10.0,0.0,0,False,standard,False,75.0
2026-09-04T01:09:33+00:00,list_AAABn_Iz3TRXq5o1-J5Gdot8,listing_uid_AAABn_cMxlaNvfFfm8hIj5Oq,6,Finance Domain Expert — AI Training & Evaluation,Finance,,60.0,100.0,hourly,full-time,40.0,active,2026-08-11T19:01:53,2026-08-11T19:01:53,"Bay Area, CA",hybrid,10.0,0.0,0,False,standard,False,80.0
2026-09-04T01:09:33+00:00,list_AAABn_IzT2flOAEpVdlGZ7p2,listing_uid_AAABn_eLEVrW99ey5sBA86N3,9,Legal Domain Expert — AI Training & Evaluation,Law,,60.0,100.0,hourly,full-time,40.0,active,2026-08-11T19:01:17,2026-08-11T19:01:17,"Bay Area, CA",hybrid,10.0,0.0,0,False,standard,False,80.0
2026-09-04T01:09:33+00:00,list_AAABn_IWk3aDTen8_jFKhIE0,listing_uid_AAABoCrrJnU_nItOYRNMloAt,11,Music Production Expert - Bengali,Language and Audio,,11.0,19.0,hourly,hourly,20.0,active,2026-08-11T18:29:53,2026-08-11T18:29:53,Remote,remote,1.0,22.0,61,False,standard,False,15.0
2026-09-04T01:09:33+00:00,list_AAABn_IWbN3bC6hnJ7BAKJz6,listing_uid_AAABoCrv7SbySosFFkdN6YF4,10,Music Production Expert - Norwegian,Language and Audio,,42.0,78.0,hourly,hourly,20.0,active,2026-08-11T18:29:43,2026-08-11T18:29:43,Remote,remote,3.0,8.0,20,False,standard,False,60.0
2026-09-04T01:09:33+00:00,list_AAABn_IS83KS6RwpBCpHdZCh,listing_uid_AAABoCrxb2pyT_B1y2pLgbfM,12,Music Production Expert - Slovak,Arts & Design,,20.0,36.0,hourly,hourly,20.0,active,2026-08-11T18:25:56,2026-08-11T18:25:56,Remote,remote,4.0,7.0,18,False,standard,False,28.0
2026-09-04T01:09:33+00:00,list_AAABn-6oGNFXnUAaNf5Cnp1f,listing_uid_AAABn-8F3gG9FEke_wNLSJ4g,3,Senior Design Expert - Paid AI Design Research Study,Arts & Design,,150.0,250.0,hourly,hourly,40.0,active,2026-08-11T02:30:22,2026-08-11T02:30:22,Remote,remote,4.0,26.0,2,False,standard,False,200.0
2026-09-04T01:09:33+00:00,list_AAABn-4PicfjeenulMRFuZPZ,listing_uid_AAABn_HWXtNksHyunndAe6a-,6,"Software Engineer, Full Stack — India",Software Engineering,,25.0,30.0,hourly,full-time,40.0,active,2026-08-10T23:43:43,2026-08-10T23:43:43,India,remote,10.0,0.0,0,False,standard,False,27.5
2026-09-04T01:09:33+00:00,list_AAABn9frMRn_uyjbOmxIjp8i,listing_uid_AAABn9f5lPNHBng0eBdDsr2F,3,Medicare Advantage Brokers Survey – Agent & Enrollment Insights,"Life, Physical, and Social Science",,140.0,140.0,one-time,task-based,,active,2026-08-06T16:32:23,2026-08-06T16:32:23,Remote (United States),remote,277.0,23.0,119,False,standard,False,
2026-09-04T01:09:33+00:00,list_AAABn9cEeRyvCNB0s-RBs4Jx,listing_uid_AAABoA460gHV8FrRT2JPCKbE,5,Atomistic & Surface Modeling Experts (Computational Materials & Catalysis),"Life, Physical, and Social Science",,84.0,84.0,hourly,hourly,40.0,active,2026-08-06T12:20:22,2026-08-06T12:20:22,Remote — US-based,remote,3.0,2.0,5,False,standard,False,84.0
2026-09-04T01:09:33+00:00,list_AAABn9SaCa6frQPUhLtDGJvl,listing_uid_AAABoFpLR9Xq2klIcPpPoYG_,10,Education Expert,Humanities,,45.0,60.0,hourly,hourly,40.0,active,2026-08-06T01:04:53,2026-08-06T01:04:53,Remote,remote,26.0,149.0,393,False,standard,False,52.5
2026-09-04T01:09:33+00:00,list_AAABn9RQFXYJ-xSMb4hLupTD,listing_uid_AAABn9RQg5qbXr9P9L5De6wk,3,FP&A Expert,Finance,,80.0,90.0,hourly,hourly,40.0,active,2026-08-05T23:44:06,2026-08-05T23:44:06,Remote,remote,61.0,86.0,44,False,standard,False,85.0
2026-09-04T01:09:33+00:00,list_AAABn9ROyT_JiTxkenFG6piX,listing_uid_AAABn9RPM2lxkBESXfZBjqzj,3,Accounting Expert,Finance,,70.0,80.0,hourly,hourly,40.0,active,2026-08-05T23:42:41,2026-08-05T23:42:41,Remote,remote,69.0,76.0,96,False,standard,False,75.0
2026-09-04T01:09:33+00:00,list_AAABn9RNo40TWkzdI6JP2IFv,listing_uid_AAABn9j4krToRFtqxqlIc5jC,5,HR Expert,Business Operations,,70.0,80.0,hourly,hourly,40.0,active,2026-08-05T23:41:26,2026-08-05T23:41:26,Remote,remote,109.0,56.0,152,False,standard,False,75.0
2026-09-04T01:09:33+00:00,list_AAABn9RLCm3SVV1GFQZCTqvq,listing_uid_AAABn-0uUGf09MSLnrlNKaNC,4,Regulatory Law Expert,Law,,90.0,100.0,hourly,hourly,40.0,active,2026-08-05T23:38:36,2026-08-05T23:38:36,Remote,remote,19.0,11.0,64,False,standard,False,95.0
2026-09-04T01:09:33+00:00,list_AAABn9RJ_6JE0rRmOLZK35zL,listing_uid_AAABoEVtnemyfteOtnRAEY8K,7,Public Interest Law (Civil Law / Environmental Law),Law,,90.0,100.0,hourly,hourly,40.0,active,2026-08-05T23:37:27,2026-08-05T23:37:27,Remote,remote,13.0,17.0,74,False,standard,False,95.0
2026-09-04T01:09:33+00:00,list_AAABn9RIY00AP6k8xa1GFKVX,listing_uid_AAABn9idx2ANruGQ-a1MmZJC,5,Litigation Expert,Law,,90.0,100.0,hourly,hourly,40.0,active,2026-08-05T23:35:42,2026-08-05T23:35:42,Remote,remote,14.0,14.0,57,False,standard,False,95.0
2026-09-04T01:09:33+00:00,list_AAABn9RHkZTvFBqWG6xKtpPb,listing_uid_AAABoEVeSUGKH6Zql_xM2obz,7,Intellectual Property Expert,Law,,90.0,100.0,hourly,hourly,40.0,active,2026-08-05T23:34:48,2026-08-05T23:34:48,Remote,remote,19.0,12.0,76,False,standard,False,95.0
2026-09-04T01:09:33+00:00,list_AAABn9RD6NIPqxZ4rR1Ot76k,listing_uid_AAABn9hfkgD2zXqXdhRKTKAy,6,Corporate Law Expert,Law,,90.0,100.0,hourly,hourly,40.0,active,2026-08-05T23:30:48,2026-08-05T23:30:48,Remote,remote,14.0,6.0,28,False,standard,False,95.0
2026-09-04T01:09:33+00:00,list_AAABn9OLr3-vOTm_VcxHXrxt,listing_uid_AAABoDXEq_Q9M0GsmwFMrr_T,3,Voice Actor: CX Agent Voice Cloning (UK English),Language and Audio,,50.0,100.0,hourly,hourly,,active,2026-08-05T20:09:35,2026-08-05T20:09:35,Remote,remote,10.0,0.0,0,False,standard,False,75.0
2026-09-04T01:09:33+00:00,list_AAABn9MWSOOjqp3FL5FO2aCf,listing_uid_AAABn9MW7moypFsyFmFL3J2N,2,Pharmacist,Medicine,Deeptune Internal,75.0,120.0,hourly,hourly,40.0,active,2026-08-05T18:01:21,2026-08-05T18:01:21,Remote,remote,70.0,0.0,3,False,standard,False,97.5
2026-09-04T01:09:33+00:00,list_AAABn9G5kyvGTlH1jQZGvpVY,listing_uid_AAABn9G5kysZUh_SQYxB4a7P,1,LLM Research Scientist (Pre-training & Computer Vision & Adversarial Robustness),Data Analysis,,100.0,120.0,hourly,hourly,40.0,active,2026-08-05T11:40:28,2026-08-05T11:40:28,Remote,remote,15.0,0.0,0,False,standard,False,110.0
2026-09-04T01:09:33+00:00,list_AAABn9FsCZc6Mg0uj9hOSohQ,listing_uid_AAABn_IVUBet0aOX6npFeI0E,6,Disease-Area Clinician — Trial Endpoints & Prescribing,Medicine,,150.0,230.0,hourly,part-time,15.0,active,2026-08-05T10:15:46,2026-08-05T10:15:46,Remote — US-based or deep US-market experience,remote,5.0,0.0,0,False,standard,False,190.0
2026-09-04T01:09:33+00:00,list_AAABn9Fr4y9bpcGSiR5KqbF3,listing_uid_AAABn_IMooF-9COjsSNAKaBb,7,Pharma Commercial Forecasting Expert — Launch Curves,Business Operations,,130.0,210.0,hourly,part-time,15.0,active,2026-08-05T10:15:36,2026-08-05T10:15:36,Remote — US-based or deep US-market experience,remote,5.0,0.0,0,False,standard,False,170.0
2026-09-04T01:09:33+00:00,list_AAABn9FrqwkKOQjZxPtAX7FV,listing_uid_AAABn_Imq_dSH0gt1uFDdZxr,8,Payer & Market Access Expert — Gross-to-Net & Formulary Strategy,"Life, Physical, and Social Science",,175.0,200.0,hourly,part-time,15.0,active,2026-08-05T10:15:22,2026-08-05T10:15:22,Remote — US-based or deep US-market experience,remote,5.0,0.0,0,False,standard,False,187.5
2026-09-04T01:09:33+00:00,list_AAABn9Frhef3j5d5wCJAiYZu,listing_uid_AAABn_IUdNcwtehzv69Fwbkj,8,Epidemiologist — Patient Population Sizing,"Life, Physical, and Social Science",,150.0,175.0,hourly,part-time,15.0,active,2026-08-05T10:15:13,2026-08-05T10:15:13,Remote — US-based or deep US-market experience,remote,4.0,1.0,0,False,standard,False,162.5
2026-09-04T01:09:33+00:00,list_AAABn9FrSs0e5EnJo3xK1Ith,listing_uid_AAABn_IUP3hQcEudVIZCD6G_,7,Biotech Investment Analyst — Drug Asset & Company Assessment,"Life, Physical, and Social Science",,120.0,200.0,hourly,part-time,15.0,active,2026-08-05T10:14:57,2026-08-05T10:14:57,Remote — US-based or deep US-market experience,remote,2.0,3.0,0,False,standard,False,160.0
2026-09-04T01:09:33+00:00,list_AAABn8580f7NNwvGaIBAFIUr,listing_uid_AAABn_Tds1cQKP5a1m9Gzpfo,7,In-House Counsel (Japan),Law,,140.0,150.0,hourly,hourly,,active,2026-08-04T20:35:15,2026-08-04T20:35:15,Japan (remote),remote,10.0,0.0,2,False,standard,False,145.0
2026-09-04T01:09:33+00:00,list_AAABn857UFs1QgIgYjZL84c3,listing_uid_AAABn9D2NkvOjkQVfZRBDqpX,5,In-House Counsel (Spain),Law,,140.0,150.0,hourly,hourly,,active,2026-08-04T20:33:36,2026-08-04T20:33:36,Spain (remote),remote,10.0,0.0,0,False,standard,False,145.0
2026-09-04T01:09:33+00:00,list_AAABn856skJoNnQ2jUJFsZXq,listing_uid_AAABn9D2TM2RKqSChnlAypvv,6,In-House Counsel (Germany),Law,,140.0,150.0,hourly,hourly,,active,2026-08-04T20:32:55,2026-08-04T20:32:55,Germany (remote),remote,10.0,0.0,0,False,standard,False,145.0
2026-09-04T01:09:33+00:00,list_AAABn856QNZtQI7FG9BFTKpk,listing_uid_AAABn9D2KOzLKoOLHXNAsYfh,6,In-House Counsel (France),Law,,150.0,160.0,hourly,hourly,,active,2026-08-04T20:32:26,2026-08-04T20:32:26,France (remote),remote,10.0,0.0,0,False,standard,False,155.0
2026-09-04T01:09:33+00:00,list_AAABn856DyvdNALPCh5HVZiW,listing_uid_AAABn9D2DI3nOrNz7RdBRZln,6,In-House Counsel (United Kingdom),Law,,150.0,160.0,hourly,hourly,,active,2026-08-04T20:32:14,2026-08-04T20:32:14,United Kingdom (remote),remote,10.0,0.0,0,False,standard,False,155.0
2026-09-04T01:09:33+00:00,list_AAABn855iMDfY3h0X0ZKJYF-,listing_uid_AAABn9D19uxBfike_XdOSqYz,7,In-House Counsel (Australia),Law,,100.0,120.0,hourly,hourly,,active,2026-08-04T20:31:39,2026-08-04T20:31:39,Australia (remote),remote,10.0,0.0,0,False,standard,False,110.0
2026-09-04T01:09:33+00:00,list_AAABn8s_5pBqtFNJEKBJyrdM,listing_uid_AAABn9rv1-umemm2tpBBJJ3K,8,Cybersecurity Research Expert – Offensive Security & Vulnerability Research,Software Engineering,,200.0,250.0,hourly,part-time,40.0,active,2026-08-04T05:29:50,2026-08-04T05:29:50,Remote,remote,3.0,2.0,2,False,evergreen,False,225.0
2026-09-04T01:09:33+00:00,list_AAABn8oFAwRyb1dh995LHLBV,listing_uid_AAABn8ptDBkSZEtpcBBA_rE6,3,"Senior Software Engineer, Full Stack (Python, Java, Rust, C#, C++)",Software Engineering,,90.0,110.0,hourly,full-time,40.0,active,2026-08-03T23:45:54,2026-08-03T23:45:54,United States,remote,10.0,0.0,0,False,standard,False,100.0
2026-09-04T01:09:33+00:00,list_AAABn8oCPAhaAFmwEEhPDYO5,listing_uid_AAABn89mBJV13AEILQlGn6fI,3,"Software Engineer, Full Stack (Python, Java, Rust, C#, C++)",Software Engineering,,50.0,65.0,hourly,full-time,40.0,active,2026-08-03T23:42:52,2026-08-03T23:42:52,United States,remote,10.0,0.0,0,False,standard,False,57.5
2026-09-04T01:09:33+00:00,list_AAABn7y1hc_w_rS_H_hIF6Zt,listing_uid_AAABn9XxQzC_alNivT5M-7Yo,7,"Inorganic Materials, Semiconductor & Superconductor Experts","Life, Physical, and Social Science",,84.0,84.0,hourly,hourly,40.0,active,2026-08-01T09:44:01,2026-08-01T09:44:01,Remote,remote,3.0,1.0,2,False,standard,False,84.0
2026-09-04T01:09:33+00:00,list_AAABn7y1ZuugFnqTDzVOOb7u,listing_uid_AAABn7zLnHtea-w8Vh1EEpbN,3,Atomic Layer Deposition (ALD) Experts,"Life, Physical, and Social Science",,84.0,84.0,hourly,hourly,40.0,active,2026-08-01T09:43:53,2026-08-01T09:43:53,Remote,remote,9.0,3.0,0,False,standard,False,84.0
2026-09-04T01:09:33+00:00,list_AAABn7vgCfz9Js8bXY5LBYS0,listing_uid_AAABoDXIUzFPMoiy3BJKdY-M,14,Strategic Finance Expert,Finance,,2000.0,2000.0,per-task,task-based,15.0,active,2026-08-01T05:50:50,2026-08-01T05:50:50,Remote,remote,126.0,72.0,170,False,standard,False,
2026-09-04T01:09:33+00:00,list_AAABn7vfY8cjBC65jWhHJrW4,listing_uid_AAABoDYWhSILLKliaW9J3YeX,11,Corporate Tax Expert,Finance,,2000.0,2000.0,per-task,task-based,15.0,active,2026-08-01T05:50:07,2026-08-01T05:50:07,Remote,remote,95.0,88.0,212,False,standard,False,
2026-09-04T01:09:33+00:00,list_AAABn7vfD6Ev0qADN8VLh51X,listing_uid_AAABoCsCRPDWdxClDiBKaYqN,12,Corporate Treasury Expert,Finance,,2000.0,2000.0,per-task,task-based,15.0,active,2026-08-01T05:49:46,2026-08-01T05:49:46,Remote,remote,104.0,79.0,139,False,standard,False,
2026-09-04T01:09:33+00:00,list_AAABn7vev_N6OYdJI5RBwLhe,listing_uid_AAABoCsCgkS0v6U3FwVI9Lee,12,Investor Relations Expert,Finance,,2000.0,2000.0,per-task,task-based,15.0,active,2026-08-01T05:49:25,2026-08-01T05:49:25,Remote,remote,88.0,95.0,107,False,standard,False,
2026-09-04T01:09:33+00:00,list_AAABn7veYHdE7LmKuTRJ8Jsf,listing_uid_AAABoDnXv65bOlnqrNdPK4Op,17,Corporate Development,Finance,,2000.0,2000.0,per-task,task-based,15.0,active,2026-08-01T05:49:01,2026-08-01T05:49:01,Remote,remote,284.0,234.0,205,False,standard,False,
2026-09-04T01:09:33+00:00,list_AAABn7uUbC0vTnCk65JM-5zQ,listing_uid_AAABn8moe5Dem3PDKjlBAqyA,4,Moonlight MCQA - Danish Finance,Finance,Moonlight,38.59,47.17,hourly,hourly,40.0,active,2026-08-01T04:28:14,2026-08-01T04:28:14,Remote,remote,2.0,0.0,0,False,standard,False,42.88
2026-09-04T01:09:33+00:00,list_AAABn7uUSk-Vm_cX8lZCH4WT,listing_uid_AAABn8mwkWcC9m03jHhET4X-,3,Moonlight MCQA - Ukrainian Law,Law,Moonlight,27.78,33.96,hourly,hourly,40.0,active,2026-08-01T04:28:06,2026-08-01T04:28:06,Remote,remote,2.0,0.0,0,False,standard,False,30.87
2026-09-04T01:09:33+00:00,list_AAABn7uUMHaMm3CjIzJNB7fO,listing_uid_AAABn8muoWwM7QtaGw5LgZS7,3,Moonlight MCQA - Czech Generalist,Miscellaneous,Moonlight,33.96,41.5,hourly,hourly,40.0,active,2026-08-01T04:27:59,2026-08-01T04:27:59,Remote,remote,2.0,0.0,0,False,standard,False,37.730000000000004
2026-09-04T01:09:33+00:00,list_AAABn7uUFlNOcGKBa1pJ0qAJ,listing_uid_AAABn8mvkQ_phDOoto9DAZ0z,3,Moonlight MCQA - Norwegian Generalist,Miscellaneous,Moonlight,48.51,59.29,hourly,hourly,40.0,active,2026-08-01T04:27:52,2026-08-01T04:27:52,Remote,remote,2.0,0.0,0,False,standard,False,53.9
2026-09-04T01:09:33+00:00,list_AAABn7uT-yW0-P_1-CJF5JzG,listing_uid_AAABn8mw2HgufC75dpFOT77b,3,Moonlight MCQA - Vietnamese Law,Law,Moonlight,12.92,15.8,hourly,hourly,40.0,active,2026-08-01T04:27:45,2026-08-01T04:27:45,Remote,remote,2.0,0.0,0,False,standard,False,14.36
2026-09-04T01:09:33+00:00,list_AAABn7uTg83St3NSN-hBM736,listing_uid_AAABn8mu1rvQkkE9HUdI_6GL,3,Moonlight MCQA - Czech Law,Law,Moonlight,33.96,41.5,hourly,hourly,40.0,active,2026-08-01T04:27:15,2026-08-01T04:27:15,Remote,remote,2.0,0.0,0,False,standard,False,37.730000000000004
2026-09-04T01:09:33+00:00,list_AAABn7uTahUI0E693atBB7vQ,listing_uid_AAABn8mvyocFQav7L_xF3I5g,3,Moonlight MCQA - Norwegian Law,Law,Moonlight,48.51,59.29,hourly,hourly,40.0,active,2026-08-01T04:27:08,2026-08-01T04:27:08,Remote,remote,2.0,0.0,0,False,standard,False,53.9
2026-09-04T01:09:33+00:00,list_AAABn7uTUEwq5Jrm-g1Pr73B,listing_uid_AAABn8mwAsN6roZTSYlLhZk0,3,Moonlight MCQA - Swedish Law,Law,Moonlight,38.59,47.17,hourly,hourly,40.0,active,2026-08-01T04:27:02,2026-08-01T04:27:02,Remote,remote,2.0,0.0,0,False,standard,False,42.88
2026-09-04T01:09:33+00:00,list_AAABn7uTNi-F14VF2XJONIwv,listing_uid_AAABn8mvV11x_ne5B8VL6a9e,3,Moonlight MCQA - Hungarian Law,Law,Moonlight,30.87,37.73,hourly,hourly,40.0,active,2026-08-01T04:26:55,2026-08-01T04:26:55,Remote,remote,2.0,0.0,0,False,standard,False,34.3
2026-09-04T01:09:33+00:00,list_AAABn7uTBshFIJfjFi9B-Y7_,listing_uid_AAABn8mwOHteK9cbROpDZah5,3,Moonlight MCQA - Thai Law,Law,Moonlight,15.79,19.29,hourly,hourly,40.0,active,2026-08-01T04:26:43,2026-08-01T04:26:43,Remote,remote,2.0,0.0,0,False,standard,False,17.54
2026-09-04T01:09:33+00:00,list_AAABn7uS6VcT385gIGVNVpaT,listing_uid_AAABn8mtZTRAaik2FRNHTYJw,3,Moonlight MCQA - Chinese (Simplified) Generalist,Miscellaneous,Moonlight,39.69,48.51,hourly,hourly,40.0,active,2026-08-01T04:26:35,2026-08-01T04:26:35,Remote,remote,2.0,0.0,0,False,standard,False,44.099999999999994
2026-09-04T01:09:33+00:00,list_AAABn7uSU8_20brsVNlDx5sI,listing_uid_AAABn88yipxq9IExCRZHX4C0,4,Moonlight MCQA - Danish Law,Law,Moonlight,38.59,47.17,hourly,hourly,40.0,active,2026-08-01T04:25:57,2026-08-01T04:25:57,Remote,remote,2.0,0.0,0,False,standard,False,42.88
2026-09-04T01:09:33+00:00,list_AAABn7uSO2vtgzVxsmpMZ4-T,listing_uid_AAABn8883wNKi5-UW55NBoRJ,4,Moonlight MCQA - Finnish Law,Law,Moonlight,38.59,47.17,hourly,hourly,40.0,active,2026-08-01T04:25:51,2026-08-01T04:25:51,Remote,remote,2.0,0.0,0,False,standard,False,42.88
2026-09-04T01:09:33+00:00,list_AAABn7uSIVjtW5eFCqxIQIzb,listing_uid_AAABn8mt2FCFNRhp8bNNy4bZ,3,Moonlight MCQA - Chinese (Traditional) Finance,Finance,Moonlight,39.69,48.51,hourly,hourly,40.0,active,2026-08-01T04:25:44,2026-08-01T04:25:44,Remote,remote,2.0,0.0,0,False,standard,False,44.099999999999994
2026-09-04T01:09:33+00:00,list_AAABn7uSCoFTqJX9vXtGRYW9,listing_uid_AAABn8muWfiNrM3eW8ZE3YWv,3,Moonlight MCQA - Chinese (Traditional) Law,Law,Moonlight,39.69,48.51,hourly,hourly,40.0,active,2026-08-01T04:25:38,2026-08-01T04:25:38,Remote,remote,2.0,0.0,0,False,standard,False,44.099999999999994
2026-09-04T01:09:33+00:00,list_AAABn7uR6mxBkTlmGbFAx5gy,listing_uid_AAABn8muGMakCmvm0rFCp5Pc,3,Moonlight MCQA - Chinese (Traditional) Generalist,Miscellaneous,Moonlight,39.69,48.51,hourly,hourly,40.0,active,2026-08-01T04:25:30,2026-08-01T04:25:30,Remote,remote,2.0,0.0,0,False,standard,False,44.099999999999994
2026-09-04T01:09:33+00:00,list_AAABn7uR061mIWtVAS9DYZgT,listing_uid_AAABn8mtJSKjSCBxtjdO_bEw,3,Moonlight MCQA - Chinese (Simplified) Finance,Finance,Moonlight,39.69,48.51,hourly,hourly,40.0,active,2026-08-01T04:25:24,2026-08-01T04:25:24,Remote,remote,2.0,0.0,0,False,standard,False,44.099999999999994
2026-09-04T01:09:33+00:00,list_AAABn7uRkHkQYili1uVL_b5w,listing_uid_AAABn8msHwm61DeyICNMK53_,3,Moonlight MCQA - Arabic Finance,Finance,Moonlight,24.26,29.65,hourly,hourly,40.0,active,2026-08-01T04:25:07,2026-08-01T04:25:07,Remote,remote,2.0,0.0,0,False,standard,False,26.955
2026-09-04T01:09:33+00:00,list_AAABn7uReOobVXw0zppDg4Sz,listing_uid_AAABn8ms6C9ZqzI_SbxCtKa8,3,Moonlight MCQA - Arabic Law,Law,Moonlight,24.26,29.65,hourly,hourly,40.0,active,2026-08-01T04:25:01,2026-08-01T04:25:01,Remote,remote,2.0,0.0,0,False,standard,False,26.955
2026-09-04T01:09:33+00:00,list_AAABn7uRWffjFqqRUf5ME49d,listing_uid_AAABn8msrPq6LCJQrR5Ez7Gf,3,Moonlight MCQA - Arabic Generalist,Miscellaneous,Moonlight,24.26,29.65,hourly,hourly,40.0,active,2026-08-01T04:24:53,2026-08-01T04:24:53,Remote,remote,2.0,0.0,0,False,standard,False,26.955
2026-09-04T01:09:33+00:00,list_AAABn7uQoZfruImfLZRDhIoB,listing_uid_AAABn8mtmxZaWoFtR8ZHSJ0V,3,Moonlight MCQA - Chinese (Simplified) Law,Law,Moonlight,39.69,48.51,hourly,hourly,40.0,active,2026-08-01T04:24:06,2026-08-01T04:24:06,Remote,remote,2.0,0.0,0,False,standard,False,44.099999999999994
2026-09-04T01:09:33+00:00,list_AAABn7sbKWVBevHeOepIpIpu,listing_uid_AAABoCDkbRZPWBdgxxBP44Hr,14,Software Engineer — Agentic Search Systems,Software Engineering,,80.0,150.0,per-task,task-based,40.0,active,2026-08-01T02:15:47,2026-08-01T02:15:47,Remote,remote,10.0,0.0,0,False,standard,False,
2026-09-04T01:09:33+00:00,list_AAABn7QFFl-KZetwbZ5BB6R1,listing_uid_AAABoBYPcQDxPXqtTdJJzLfz,5,Voice Actor: CX Agent Voice Cloning (Swiss German),Language and Audio,,50.0,150.0,hourly,hourly,,active,2026-07-30T17:14:20,2026-07-30T17:14:20,Remote,remote,10.0,0.0,0,False,standard,False,100.0
2026-09-04T01:09:33+00:00,list_AAABn7QE-IGAlH7zJwpKN6uM,listing_uid_AAABoDXFMPs3Mb4FoetGWJgV,4,Voice Actor: CX Agent Voice Cloning (Australian English),Language and Audio,,50.0,100.0,hourly,hourly,,active,2026-07-30T17:14:12,2026-07-30T17:14:12,Remote,remote,9.0,1.0,0,False,standard,False,75.0
2026-09-04T01:09:33+00:00,list_AAABn7GObBBGIgY5X6xOHKof,listing_uid_AAABn7GQBg3NBt0du4BO85Ys,4,AI Safety Experts — English & Norwegian,Data Analysis,Neon,48.0,62.0,hourly,hourly,40.0,active,2026-07-30T05:45:28,2026-07-30T05:45:28,Remote,remote,20.0,0.0,0,False,standard,False,55.0
2026-09-04T01:09:33+00:00,list_AAABn7GN9bcnzuZsbXBCMIaQ,listing_uid_AAABn7GQ1t55xpY-r2NPd7yY,4,AI Safety Experts — English & Danish,Data Analysis,Neon,48.0,62.0,hourly,hourly,40.0,active,2026-07-30T05:44:58,2026-07-30T05:44:58,Remote,remote,20.0,0.0,0,False,standard,False,55.0
2026-09-04T01:09:33+00:00,list_AAABn7GNGIAfvn8nI8hJDJ49,listing_uid_AAABn7GRPfyvXSr7Eg1Lc5Tk,4,AI Safety Experts — English & Finnish,Miscellaneous,Neon,48.0,62.0,hourly,hourly,40.0,active,2026-07-30T05:44:01,2026-07-30T05:44:01,Remote,remote,20.0,0.0,0,False,standard,False,55.0
2026-09-04T01:09:33+00:00,list_AAABn7GMb0rYjFgxK0xElafx,listing_uid_AAABn7GR22I0cgo0RfdKr6YL,4,AI Safety Experts — English & Swedish,Data Analysis,Neon,48.0,62.0,hourly,hourly,40.0,active,2026-07-30T05:43:18,2026-07-30T05:43:18,Remote,remote,20.0,0.0,0,False,standard,False,55.0
2026-09-04T01:09:33+00:00,list_AAABn7GLjhJVpIggt7BKFIF9,listing_uid_AAABn7GSNY5cJW4-LNVMbI0M,4,AI Safety Experts — English & Thai,Miscellaneous,Neon,24.0,35.0,hourly,hourly,40.0,active,2026-07-30T05:42:20,2026-07-30T05:42:20,Remote,remote,20.0,0.0,0,False,standard,False,29.5
2026-09-04T01:09:33+00:00,list_AAABn7GIvi_tf2507X1LT42x,listing_uid_AAABn7GSzduVbPRqh9ZKaJrE,4,AI Safety Experts — English & Portuguese (global),Miscellaneous,Neon,29.0,45.0,hourly,hourly,40.0,active,2026-07-30T05:39:16,2026-07-30T05:39:16,Remote,remote,10.0,0.0,0,False,standard,False,37.0
2026-09-04T01:09:33+00:00,list_AAABn7GHtgknUnRY_a1CErob,listing_uid_AAABn7GTKpaR9jTMCohMsJhU,4,AI Safety Experts — English & Indonesian,Data Analysis,Neon,17.0,25.0,hourly,hourly,40.0,active,2026-07-30T05:38:09,2026-07-30T05:38:09,Remote,remote,10.0,0.0,0,False,standard,False,21.0
2026-09-04T01:09:33+00:00,list_AAABn7GGjCWSrvaOt-lIFoB2,listing_uid_AAABn7GTvQ68B6AjD8JHuZaK,4,AI Safety Experts — English & Vietnamese,Data Analysis,Neon,17.0,25.0,hourly,hourly,40.0,active,2026-07-30T05:36:52,2026-07-30T05:36:52,Remote,remote,10.0,0.0,0,False,standard,False,21.0
2026-09-04T01:09:33+00:00,list_AAABn7GDkmqnBWyxBrFPh7cA,listing_uid_AAABn7GUGmy2ppLjJYtJaLnB,7,AI Safety Experts — English & Dutch,Miscellaneous,Neon,48.0,62.0,hourly,hourly,40.0,active,2026-07-30T05:33:37,2026-07-30T05:33:37,Remote,remote,20.0,0.0,0,False,standard,False,55.0
2026-09-04T01:09:33+00:00,list_AAABn7Fufd0YHgkyfXdCV6ag,listing_uid_AAABn88vkD_jI42MwCtEVYG8,8,AI Safety Experts — English & Malay,Data Analysis,Neon,17.0,25.0,hourly,hourly,40.0,active,2026-07-30T05:10:36,2026-07-30T05:10:36,Remote,remote,20.0,0.0,0,False,standard,False,21.0
2026-09-04T01:09:33+00:00,list_AAABn6-FbUkEfuWP0o9Ax519,listing_uid_AAABn7RPqtX9NW4AJwxN75z4,4,Project Coordinator,Business Operations,,45.0,55.0,hourly,full-time,10.0,active,2026-07-29T20:16:24,2026-07-29T20:16:24,United States,remote,1.0,1.0,1,False,standard,False,50.0
2026-09-04T01:09:33+00:00,list_AAABn6v6s3nu2jVDnXdI-bJE,listing_uid_AAABoFuUAOMZsUHU4g5OgpHP,20,"Computational Genomics, Statistical Bioinformatics Expert (PhD)","Life, Physical, and Social Science",,85.0,85.0,hourly,hourly,2.0,active,2026-07-29T03:46:02,2026-07-29T03:46:02,Remote,remote,38.0,45.0,148,False,standard,False,85.0
2026-09-04T01:09:33+00:00,list_AAABn6vGkxZngsMTe7xP7rqG,listing_uid_AAABn_gDNu5h0JmmfsVJgK1c,6,Data Scientist Talent Network,Data Analysis,,100.0,150.0,hourly,hourly,40.0,active,2026-07-29T02:49:05,2026-07-29T02:49:05,Remote,remote,10.0,0.0,0,False,standard,False,125.0
2026-09-04T01:09:33+00:00,list_AAABn6eJ78USrtQ6MyRO1KxJ,listing_uid_AAABn8Hl-lmNl8FYH5lNvJGi,4,Medicare Advantage Members (Devoted Health) – Insight Study,"Life, Physical, and Social Science",,120.0,120.0,hourly,hourly,,active,2026-07-28T07:04:23,2026-07-28T07:04:23,Remote (United States),remote,186.0,114.0,2910,False,standard,False,120.0
2026-09-04T01:09:33+00:00,list_AAABn6cbz1DVowHS5z1HsIWl,listing_uid_AAABn6clCHrYujKya2BGhLx4,4,Management Consultant Talent Network,Business Operations,,100.0,150.0,hourly,hourly,40.0,active,2026-07-28T05:04:05,2026-07-28T05:04:05,Remote,remote,10.0,0.0,0,False,standard,False,125.0
2026-09-04T01:09:33+00:00,list_AAABn6aRN37GILvfOiNJErUk,listing_uid_AAABoFlO6pnkl1TFa6dLt5Kh,10,Investment Operations & Fund Accounting Analyst,Finance,,75.0,110.0,hourly,hourly,15.0,active,2026-07-28T02:32:43,2026-07-28T02:32:43,Remote,remote,34.0,36.0,119,False,standard,False,92.5
2026-09-04T01:09:33+00:00,list_AAABn6aRGKpS5pA1RLNHOLTp,listing_uid_AAABoFAOs6FrgckxzlZDJ7hQ,9,Securities & Wealth-Management Compliance / Supervisory Analyst,Law,,100.0,130.0,hourly,hourly,15.0,active,2026-07-28T02:32:35,2026-07-28T02:32:35,Remote,remote,28.0,42.0,103,False,standard,False,115.0
2026-09-04T01:09:33+00:00,list_AAABn6aQ7bCK9CZbQvJHDaYA,listing_uid_AAABoFAOs6GiFPTj_MhKRIxb,10,"Financial Crime, AML & KYC Analyst",Law,,75.0,100.0,hourly,hourly,15.0,active,2026-07-28T02:32:24,2026-07-28T02:32:24,Remote,remote,286.0,314.0,714,False,standard,False,87.5
2026-09-04T01:09:33+00:00,list_AAABn6TCgs826CBSyVRP6L2k,listing_uid_AAABn9UYY_sVgm9CBhxPG5u2,8,Expert Project Manager,Business Operations,,50.0,60.0,hourly,hourly,40.0,active,2026-07-27T18:07:19,2026-07-27T18:07:19,Remote,remote,1.0,4.0,0,False,standard,False,55.0
2026-09-04T01:09:33+00:00,list_AAABn4k9txLtmcAiIZhI7byY,listing_uid_AAABoDtk75AKJx7wj49KL6PX,21,Dishwasher - ONET Occupation Study,"Life, Physical, and Social Science",,50.0,50.0,hourly,hourly,,active,2026-07-22T09:52:31,2026-07-22T09:52:31,United States (Remote),remote,5.0,45.0,84,False,standard,False,50.0
2026-09-04T01:09:33+00:00,list_AAABn4K55Wmyuq2yKLZEkqjD,listing_uid_AAABoGmYy9QxsYQLThdP3ag1,21,Civil Engineering Expert,Other Engineering,,70.0,80.0,hourly,hourly,40.0,active,2026-07-21T03:30:49,2026-07-21T03:30:49,Remote,remote,75.0,75.0,185,False,standard,False,75.0
2026-09-04T01:09:33+00:00,list_AAABn4K490c_ekNxtUdMe5Gi,listing_uid_AAABn_dGw730PanMGDhJHYPR,12,Electrical Engineering Expert,Other Engineering,,70.0,80.0,hourly,hourly,40.0,active,2026-07-21T03:29:48,2026-07-21T03:29:48,Remote,remote,82.0,68.0,184,False,standard,False,75.0
2026-09-04T01:09:33+00:00,list_AAABn4K32-tfNIPUI4JHWr0h,listing_uid_AAABoBwHkc_teK-Z42FHs6fv,17,Mechanical Engineering Expert,Other Engineering,,70.0,80.0,hourly,hourly,40.0,active,2026-07-21T03:28:35,2026-07-21T03:28:35,Remote,remote,42.0,108.0,376,False,standard,False,75.0
2026-09-04T01:09:33+00:00,list_AAABn4KoiSkj4NbsgzBPG5pK,listing_uid_AAABn4Kprmi5t__8LZhHy4H4,3,Insurance Experts,Finance,,50.0,60.0,hourly,hourly,40.0,active,2026-07-21T03:11:51,2026-07-21T03:11:51,Remote,remote,22.0,3.0,27,False,standard,False,55.0
2026-09-04T01:09:33+00:00,list_AAABn4KNStkBMy2K25lN2ati,listing_uid_AAABn4Kc8firWOZRH21OHrY3,4,Sales and Marketing Expert,Business Operations,,60.0,70.0,hourly,hourly,40.0,active,2026-07-21T02:42:06,2026-07-21T02:42:06,Remote,remote,92.0,75.0,19,False,standard,False,65.0
2026-09-04T01:09:33+00:00,list_AAABn3FrsqJqPFplFuhEEYix,listing_uid_AAABoDgjXq3CE5bPy2RF4qcW,21,Healthcare Administrative Specialist,Business Operations,,50.0,50.0,hourly,hourly,15.0,active,2026-07-17T18:51:51,2026-07-17T18:51:51,Remote,remote,52.0,1048.0,2412,False,standard,False,50.0
2026-09-04T01:09:33+00:00,list_AAABn2445JJgOdUpk4dC65kk,listing_uid_AAABoDXGj5tlSuSINxdAQLwa,9,Voice Actor: CX Agent Voice Cloning (African American),Language and Audio,,50.0,150.0,hourly,hourly,,active,2026-07-17T03:57:30,2026-07-17T03:57:30,Remote,remote,8.0,2.0,2,False,standard,False,100.0
2026-09-04T01:09:33+00:00,list_AAABn2uCTs39FcmSt0NAnYGQ,listing_uid_AAABn2uEMhYr0Fd5PAhPara1,5,AI Safety Red Teamer,Data Analysis,AIUC,70.0,84.0,hourly,hourly,40.0,active,2026-07-16T15:18:50,2026-07-16T15:18:50,Remote,remote,4.0,0.0,0,False,standard,False,77.0
2026-09-04T01:09:33+00:00,list_AAABn2t1L9IIQXb5jIdMlYOz,listing_uid_AAABn2t7sSxhB_yoEt9BB6jQ,8,AI Safety Practitioner,"Life, Physical, and Social Science",AIUC,60.0,70.0,hourly,hourly,40.0,active,2026-07-16T15:04:30,2026-07-16T15:04:30,Remote,remote,4.0,0.0,0,False,standard,False,65.0
2026-09-04T01:09:33+00:00,list_AAABn2YuaXCvlWVmKj1OV53l,listing_uid_AAABn2Yvlh22IncIAmdHR4af,4,Pro Bono Counsel (Access to Justice Expert),Law,,170.0,170.0,hourly,hourly,40.0,active,2026-07-15T14:29:06,2026-07-15T14:29:06,Remote,remote,1.0,1.0,0,False,standard,False,170.0
2026-09-04T01:09:33+00:00,list_AAABn2U3CeWoquiq9zhOwoAP,listing_uid_AAABn2U53xzj0WNHBftGILSG,4,Senior Civil Legal Paralegal / Accredited Representative,Law,,70.0,70.0,hourly,hourly,40.0,active,2026-07-15T09:58:54,2026-07-15T09:58:54,Remote,remote,2.0,0.0,0,False,standard,False,70.0
2026-09-04T01:09:33+00:00,list_AAABn2QixPUZ3VRzf41C26mh,listing_uid_AAABn2QkZPr3Vi5LrEJDrqE5,5,Clinical Law Professor / Clinic Director,Law,,180.0,180.0,hourly,hourly,40.0,active,2026-07-15T04:57:08,2026-07-15T04:57:08,Remote,remote,2.0,0.0,0,False,standard,False,180.0
2026-09-04T01:09:33+00:00,list_AAABn2QRsMH4QkH5WzpF8av8,listing_uid_AAABn2QWsRBl5nWjkGNOrLeM,5,Public Interest Attorney (Civil Justice Expert),Law,,150.0,150.0,hourly,hourly,40.0,active,2026-07-15T04:38:29,2026-07-15T04:38:29,Remote,remote,1.0,1.0,0,False,standard,False,150.0
2026-09-04T01:09:33+00:00,list_AAABn05OYUhRmYY2fLdGpokc,listing_uid_AAABn6Yyj_ii8wP91w5Llrg5,9,Agency Brand Design Expert,Arts & Design,Dorado,80.0,150.0,hourly,hourly,40.0,active,2026-07-10T23:13:07,2026-07-10T23:13:07,Remote,remote,7.0,8.0,0,False,standard,False,115.0
2026-09-04T01:09:33+00:00,list_AAABn05Lh-Y5eG6Dfo1Mlo_6,listing_uid_AAABn6YzwI5SPxbMlTNEAYyV,10,Marketing Expert,Business Operations,Dorado,80.0,150.0,hourly,hourly,40.0,active,2026-07-10T23:10:01,2026-07-10T23:10:01,Remote,remote,9.0,3.0,13,False,standard,False,115.0
2026-09-04T01:09:33+00:00,list_AAABn0xjKswuPj94gt9Ea5EL,listing_uid_AAABn00HjjznK9bvPERGAJzr,5,Finance Program Coordinator — AI Training Data Operations,Finance,,40.0,60.0,hourly,part-time,35.0,active,2026-07-10T14:16:35,2026-07-10T14:16:35,United States,remote,10.0,0.0,0,False,standard,False,50.0
2026-09-04T01:09:33+00:00,list_AAABn0xi95jC-2rn08FLqYbG,listing_uid_AAABn1um-CyzuxpbGmhGYr_N,7,Marketing Specialist,Business Operations,,60.0,80.0,hourly,part-time,35.0,active,2026-07-10T14:16:22,2026-07-10T14:16:22,United States,remote,10.0,0.0,0,False,standard,False,70.0
2026-09-04T01:09:33+00:00,list_AAABn0xiwK4Zmegb20BANqbl,listing_uid_AAABn1Km34kb1r5fnfBHBKkn,6,Insurance Specialist,Finance,,60.0,80.0,hourly,part-time,35.0,active,2026-07-10T14:16:08,2026-07-10T14:16:08,United States,remote,10.0,0.0,0,False,standard,False,70.0
2026-09-04T01:09:33+00:00,list_AAABn0xioAvyGOqmWw1EDr1l,listing_uid_AAABn1Ks_JDBVnpi3JdFKpzJ,6,Retail Specialist,Business Operations,,60.0,80.0,hourly,part-time,35.0,active,2026-07-10T14:16:00,2026-07-10T14:16:00,United States,remote,10.0,0.0,0,False,standard,False,70.0
2026-09-04T01:09:33+00:00,list_AAABn0xiefzEHVnyXalMYaPv,listing_uid_AAABn1GyJPK1C-HfDmRE0Kyc,6,Finance Specialist,Finance,,65.0,90.0,hourly,part-time,35.0,active,2026-07-10T14:15:50,2026-07-10T14:15:50,United States,remote,10.0,0.0,0,False,standard,False,77.5
2026-09-04T01:09:33+00:00,list_AAABn0xiYRNkHA5ERT5MhJh8,listing_uid_AAABn3-XWI3xFsRKd-RDUa75,6,AI Rater Guidelines Writer (Linguist / Instructional Designer),Language and Audio,,45.0,65.0,hourly,part-time,35.0,active,2026-07-10T14:15:44,2026-07-10T14:15:44,United States,remote,10.0,0.0,0,False,standard,False,55.0
2026-09-04T01:09:33+00:00,list_AAABnzh0-n7dhIrcl7ZCpq5r,listing_uid_AAABoCrzT5gMp0HExeFAjJLO,15,Music Production Expert - Thai,Language and Audio,,18.0,18.0,hourly,hourly,20.0,active,2026-07-06T17:23:38,2026-07-06T17:23:38,Remote,remote,2.0,13.0,21,False,standard,False,18.0
2026-09-04T01:09:33+00:00,list_AAABnzh0lIymACKXZE9D4Jo7,listing_uid_AAABoCrwxkLQtOytShJLj6x6,16,Music Production Expert - Russian,Arts & Design,,35.0,49.0,hourly,hourly,20.0,active,2026-07-06T17:23:12,2026-07-06T17:23:12,Remote,remote,2.0,15.0,15,False,standard,False,42.0
2026-09-04T01:09:33+00:00,list_AAABnzhzZ8Fbwv6gR5hM6qG4,listing_uid_AAABoCrrteP6SDNE1ARPhqiY,16,Music Production Expert - English (India),Arts & Design,,13.0,17.0,hourly,hourly,20.0,active,2026-07-06T17:21:55,2026-07-06T17:21:55,Remote,remote,5.0,31.0,46,False,standard,False,15.0
2026-09-04T01:09:33+00:00,list_AAABnxIY9_U0wUIMB3JBp7IO,listing_uid_AAABoDXGFKI7iPGxdvBMLpSr,8,Voice Actor: CX Agent Voice Cloning (Southern USA),Language and Audio,,50.0,100.0,hourly,hourly,,active,2026-06-29T06:37:34,2026-06-29T06:37:34,Remote,remote,15.0,0.0,0,False,standard,False,75.0
2026-09-04T01:09:33+00:00,list_AAABnvqibotaC6N9Df5Jsbmj,listing_uid_AAABn84wZr_h_RkIirRCCrjr,14,Household Activity Video Contributor (US Based),Miscellaneous,,10.0,15.0,hourly,hourly,40.0,active,2026-06-24T17:16:50,2026-06-24T17:16:50,Remote,remote,569.0,1431.0,947,False,standard,False,12.5
2026-09-04T01:09:33+00:00,list_AAABnviXT7kktkrXVkxMA5Hp,listing_uid_AAABnvpD9NaqSHlingpPvq20,4,Utilisation Management / Case Management leader (RN/Physician-advisor),Medicine,Elion Health,100.0,150.0,hourly,hourly,20.0,active,2026-06-24T07:45:26,2026-06-24T07:45:26,Remote,remote,3.0,0.0,0,False,standard,False,125.0
2026-09-04T01:09:33+00:00,list_AAABnviW9OZIlFicRPxHX428,listing_uid_AAABnvo9XZgC9IXEsStOrZT0,3,Revenue-cycle analytics / decision-support / RCM reporting leader,Data Analysis,Elion Health,100.0,100.0,hourly,hourly,20.0,active,2026-06-24T07:45:03,2026-06-24T07:45:03,Remote,remote,3.0,0.0,0,False,standard,False,100.0
2026-09-04T01:09:33+00:00,list_AAABnviWn6mm094jkOJInJGk,listing_uid_AAABnvozv-WrL5Mz2ypDB4LF,4,"Revenue-cycle Executive (VP/Sr. Director Revenue Cycle, or RCM-focused Finance Leader)",Finance,Elion Health,162.0,162.0,hourly,hourly,20.0,active,2026-06-24T07:44:41,2026-06-24T07:44:41,Remote,remote,3.0,0.0,0,False,standard,False,162.0
2026-09-04T01:09:33+00:00,list_AAABnviT2fcz9_cXn95LrKKt,listing_uid_AAABnvonfIK0JOOf3ldPEJvr,4,Payment-posting & Reconciliation Manager,Finance,Elion Health,85.0,85.0,hourly,hourly,20.0,active,2026-06-24T07:41:40,2026-06-24T07:41:40,Remote,remote,3.0,0.0,0,False,standard,False,85.0
2026-09-04T01:09:33+00:00,list_AAABnviTq02ZHaijyXVJbIca,listing_uid_AAABnvlj2WTK7k-LVDlEQICP,4,Patient Financial Services Leader,Business Operations,Elion Health,92.0,92.0,hourly,hourly,20.0,active,2026-06-24T07:41:28,2026-06-24T07:41:28,Remote,remote,3.0,0.0,0,False,standard,False,92.0
2026-09-04T01:09:33+00:00,list_AAABnviTc-MatNfkR51EDJ49,listing_uid_AAABnvlb96cY8xXU3pRBsIVO,3,Underpayment & Managed-care Contract Specialist,Law,Elion Health,85.0,85.0,hourly,hourly,20.0,active,2026-06-24T07:41:14,2026-06-24T07:41:14,Remote,remote,3.0,0.0,0,False,standard,False,85.0
2026-09-04T01:09:33+00:00,list_AAABnviTNl3uQdMx8YRAzYxu,listing_uid_AAABnvkuBGErfBOlO51NOLuy,3,A/R Follow-up Manager,Business Operations,Elion Health,75.0,75.0,hourly,hourly,20.0,active,2026-06-24T07:40:58,2026-06-24T07:40:58,Remote,remote,3.0,0.0,0,False,standard,False,75.0
2026-09-04T01:09:33+00:00,list_AAABnviTBZUMtekXFFVCAqTj,listing_uid_AAABn4ovql6rorHyYKlJobB5,4,Denials Management & Appeals Manager,Business Operations,Elion Health,70.0,93.0,hourly,hourly,20.0,active,2026-06-24T07:40:45,2026-06-24T07:40:45,Remote,remote,1.0,2.0,1,False,standard,False,81.5
2026-09-04T01:09:33+00:00,list_AAABnviS2tDwuwmDWsVK2LmM,listing_uid_AAABnvkd5WEjFxeDVxJHd6X6,3,Medical Billing Manager,Business Operations,Elion Health,80.0,80.0,hourly,hourly,20.0,active,2026-06-24T07:40:34,2026-06-24T07:40:34,Remote,remote,3.0,0.0,0,False,standard,False,80.0
2026-09-04T01:09:33+00:00,list_AAABnviSl5jMHlo4PM5EioC_,listing_uid_AAABnvkVHqbZv3YueZ5Cyrjl,4,Medical Revenue Manager,Business Operations,Elion Health,88.0,88.0,hourly,hourly,20.0,active,2026-06-24T07:40:17,2026-06-24T07:40:17,Remote,remote,3.0,0.0,0,False,standard,False,88.0
2026-09-04T01:09:33+00:00,list_AAABnviSYkSVirtVJFlMCpEQ,listing_uid_AAABnvj908HKtTWBw3dD2oSC,3,Risk-adjustment / HCC coding leader,Medicine,Elion Health,110.0,110.0,hourly,hourly,20.0,active,2026-06-24T07:40:04,2026-06-24T07:40:04,Remote,remote,3.0,0.0,0,False,standard,False,110.0
2026-09-04T01:09:33+00:00,list_AAABnviSJceqsNrdYt1PEqcq,listing_uid_AAABnvj6MQswejjq2JZA-Yx7,3,Coding Manager / HIM Coding Leader,Medicine,Elion Health,80.0,80.0,hourly,hourly,20.0,active,2026-06-24T07:39:48,2026-06-24T07:39:48,Remote,remote,3.0,0.0,0,False,standard,False,80.0
2026-09-04T01:09:33+00:00,list_AAABnviR7DnK4n-dIr1BxalO,listing_uid_AAABnvjprskSGfGqboBOf6mq,3,Clinical Documentation Integrity (CDI) Leader,Business Operations,Elion Health,84.0,84.0,hourly,hourly,20.0,active,2026-06-24T07:39:33,2026-06-24T07:39:33,Remote,remote,3.0,0.0,0,False,standard,False,84.0
2026-09-04T01:09:33+00:00,list_AAABnviRsym7pq4yzXBF3ZGI,listing_uid_AAABnvjlDqQJ1gd-rN1P8qSY,4,Patient Financial Clearance Leader,Finance,Elion Health,135.0,135.0,hourly,hourly,20.0,active,2026-06-24T07:39:19,2026-06-24T07:39:19,Remote,remote,3.0,0.0,0,False,standard,False,135.0
2026-09-04T01:09:33+00:00,list_AAABnviRfAs-l7P618VGpJqL,listing_uid_AAABnvjbX8uFBlnSqN1ISrdJ,3,Pharmacy Prior Authorization & Specialty-Medication Access Specialist,Medicine,Elion Health,75.0,75.0,hourly,hourly,20.0,active,2026-06-24T07:39:05,2026-06-24T07:39:05,Remote,remote,3.0,0.0,0,False,standard,False,75.0
2026-09-04T01:09:33+00:00,list_AAABnviRQ6A-qSKGoetDnI8_,listing_uid_AAABnwMCXn0YvTH7CQ9LlZXn,5,Prior Authorisation Manager,Medicine,Elion Health,105.0,105.0,hourly,hourly,20.0,active,2026-06-24T07:38:50,2026-06-24T07:38:50,Remote,remote,3.0,0.0,0,False,standard,False,105.0
2026-09-04T01:09:33+00:00,list_AAABnviRPA6GyB5ynQdH0LjY,listing_uid_AAABnzXsDmyh9uJmJuNBDov4,7,Insurance Verification & Benefit Manager,Business Operations,Elion Health,105.0,105.0,hourly,hourly,20.0,active,2026-06-24T07:38:48,2026-06-24T07:38:48,Remote,remote,3.0,0.0,0,False,standard,False,105.0
2026-09-04T01:09:33+00:00,list_AAABnviRN1P5zz085B5Dn6d4,listing_uid_AAABnzXrjvuGghzwNrNA6rUv,8,Patient Access Leader,Business Operations,Elion Health,80.0,80.0,hourly,hourly,20.0,active,2026-06-24T07:38:47,2026-06-24T07:38:47,Remote,remote,3.0,0.0,0,False,standard,False,80.0
2026-09-04T01:09:33+00:00,list_AAABnuqXOR2GIV_EIudP54sj,listing_uid_AAABoFmkNkuQS6VCf-1AH7V6,8,Voice Actor: CX Agent Voice Cloning (Spanish - Peru),Language and Audio,,50.0,100.0,hourly,hourly,,active,2026-06-21T14:30:40,2026-06-21T14:30:40,Remote,remote,4.0,0.0,1,False,standard,False,75.0
2026-09-04T01:09:33+00:00,list_AAABnt-8MlDeId9gbqBF77Ec,listing_uid_AAABoBYPlZVbAiP3mXRNrZcR,7,Voice Actor: CX Agent Voice Cloning (Standard French),Language and Audio,,50.0,100.0,hourly,hourly,,active,2026-06-19T11:55:13,2026-06-19T11:55:13,Remote,remote,15.0,0.0,0,False,standard,False,75.0
2026-09-04T01:09:33+00:00,list_AAABnqrzTp_Tor65aSBAK4BM,listing_uid_AAABn_M21SExl8mDaapJ3IEQ,20,"Computational Statistics and Applied Mathematics Expert (R, Python, and Matlab/Scilab)","Life, Physical, and Social Science",,70.0,90.0,hourly,hourly,40.0,active,2026-06-09T05:55:32,2026-06-09T05:55:32,Remote,remote,12.0,28.0,3,False,standard,False,80.0
2026-09-04T01:09:33+00:00,list_AAABnqj2W8ujnosMhf5DWpXZ,listing_uid_AAABn_HhJo0tj0t71ktHmL_T,12,Computational Structural & Mechanical Engineering Expert,Other Engineering,,70.0,85.0,hourly,hourly,40.0,active,2026-06-08T20:39:38,2026-06-08T20:39:38,Remote,remote,10.0,25.0,2,False,standard,False,77.5
2026-09-04T01:09:33+00:00,list_AAABnqj0dQ88MQlW8UJCo7xi,listing_uid_AAABn_G_jGyZUtAw33FHxK0J,11,Computational Pharmacokinetics & Systems Biology Expert,"Life, Physical, and Social Science",,70.0,85.0,hourly,hourly,40.0,active,2026-06-08T20:37:33,2026-06-08T20:37:33,Remote,remote,2.0,8.0,0,False,standard,False,77.5
2026-09-04T01:09:33+00:00,list_AAABnqjwK2IkfR6hBL1DpLha,listing_uid_AAABn_G981gy_sippZhIgoUI,9,Computational Electrical Engineering & RF/Circuit Design Expert,Other Engineering,,70.0,85.0,hourly,hourly,40.0,active,2026-06-08T20:32:52,2026-06-08T20:32:52,Remote,remote,14.0,16.0,1,False,standard,False,77.5
2026-09-04T01:09:33+00:00,list_AAABnqiooi7pX4CD2IRNGa14,listing_uid_AAABn_G-PmHEkeUWNgJAv4co,8,Computational Chemistry & Electronic Structure Expert,"Life, Physical, and Social Science",,70.0,100.0,hourly,hourly,40.0,active,2026-06-08T19:14:44,2026-06-08T19:14:44,Remote,remote,10.0,30.0,2,False,standard,False,85.0
2026-09-04T01:09:33+00:00,list_AAABnqgn-e5QabpiT6NKWIj6,listing_uid_AAABn_HAHso-HBDIWYZJlpgw,12,Computational Astrophysics & Cosmology Expert,"Life, Physical, and Social Science",,70.0,100.0,hourly,hourly,40.0,active,2026-06-08T16:54:12,2026-06-08T16:54:12,Remote,remote,6.0,16.0,1,False,standard,False,85.0
2026-09-04T01:09:33+00:00,list_AAABnp6RHHAq6lsG6P1Ay5Xt,listing_uid_AAABoFr5P-90JBJhlEtPKJHh,12,Personal finance / consumer planning Evaluator,Finance,Dorado,80.0,120.0,hourly,hourly,,active,2026-06-06T20:12:51,2026-06-06T20:12:51,Remote,remote,18.0,2.0,18,False,standard,False,100.0
2026-09-04T01:09:33+00:00,list_AAABnp6RFTTm_Hgi-9RIXZvF,listing_uid_AAABoFr5P--UVMWM95tHYKPM,8,Process improvement / SOPs Evaluator,Business Operations,Dorado,80.0,120.0,hourly,hourly,,active,2026-06-06T20:12:49,2026-06-06T20:12:49,Remote,remote,17.0,3.0,6,False,standard,False,100.0
2026-09-04T01:09:33+00:00,list_AAABnp6REjHDXxoFBTRM271f,listing_uid_AAABoFr5P-9WReKNGpBMT7yd,10,Public-sector procurement / RFI response Evaluator,Business Operations,Dorado,80.0,120.0,hourly,hourly,,active,2026-06-06T20:12:48,2026-06-06T20:12:48,Remote,remote,33.0,10.0,565,False,standard,False,100.0
2026-09-04T01:09:33+00:00,list_AAABnp6RC8YisBKaKPhJt4rZ,listing_uid_AAABoFr5P-9IyABT-GJMkqWU,10,Japanese language / cultural fluency Evaluator,Humanities,Dorado,80.0,120.0,hourly,hourly,,active,2026-06-06T20:12:46,2026-06-06T20:12:46,Remote,remote,73.0,25.0,95,False,standard,False,100.0
2026-09-04T01:09:33+00:00,list_AAABnp6RCQEqymdVMF5KeJAh,listing_uid_AAABoFr5P--aOLiEo8JL9bz7,8,Finance operations / audit support Evaluator,Finance,Dorado,80.0,120.0,hourly,hourly,,active,2026-06-06T20:12:46,2026-06-06T20:12:46,Remote,remote,15.0,11.0,150,False,standard,False,100.0
2026-09-04T01:09:33+00:00,list_AAABnp6RBcl-PlfxglxIdJS_,listing_uid_AAABoFr5P-8WlCvMa-RPlZ4z,9,Document/deck production QA Evaluator,Miscellaneous,Dorado,80.0,120.0,hourly,hourly,,active,2026-06-06T20:12:45,2026-06-06T20:12:45,Remote,remote,19.0,1.0,19,False,standard,False,100.0
2026-09-04T01:09:33+00:00,list_AAABnp6Q_M2ezUzh-r5CNo37,listing_uid_AAABoFr5P-9Abgi9EGZF0Lft,10,BI dashboards / performance reporting Evaluator,Data Analysis,Dorado,80.0,120.0,hourly,hourly,,active,2026-06-06T20:12:43,2026-06-06T20:12:43,Remote,remote,17.0,3.0,8,False,standard,False,100.0
2026-09-04T01:09:33+00:00,list_AAABnp6Q-Z1eeRKyZRBKcrIe,listing_uid_AAABoFr5P-_uhPgnVdNISqil,8,Investment analysis / valuation / credit Evaluator,Finance,Dorado,80.0,120.0,hourly,hourly,,active,2026-06-06T20:12:42,2026-06-06T20:12:42,Remote,remote,11.0,11.0,283,False,standard,False,100.0
2026-09-04T01:09:33+00:00,list_AAABnp6Q9rBpIT8dHgdJIar7,listing_uid_AAABoFr5P-9xkvIhNolP9a3Y,10,IP / trademark / copyright law Evaluator,Law,Dorado,80.0,120.0,hourly,hourly,,active,2026-06-06T20:12:41,2026-06-06T20:12:41,Remote,remote,17.0,8.0,160,False,standard,False,100.0
2026-09-04T01:09:33+00:00,list_AAABnp6Q8OS8NGqRYMBFxp6w,listing_uid_AAABoFr5P-9JhPJXKdhJMJtl,13,Data quality / CRM operations Evaluator,Business Operations,Dorado,80.0,120.0,hourly,hourly,,active,2026-06-06T20:12:40,2026-06-06T20:12:40,Remote,remote,10.0,10.0,129,False,standard,False,100.0
2026-09-04T01:09:33+00:00,list_AAABnp6Q6HIxlwTQiCBNkobI,listing_uid_AAABoFr5P-86QpdE79NNZJhG,11,Procurement / vendor management Evaluator,Business Operations,Dorado,80.0,120.0,hourly,hourly,,active,2026-06-06T20:12:37,2026-06-06T20:12:37,Remote,remote,19.0,7.0,215,False,standard,False,100.0
2026-09-04T01:09:33+00:00,list_AAABnp6Q5PtA5cPYW7lGm5wO,listing_uid_AAABoFr5P-9zTHhHpXJA7pXB,9,Cybersecurity / IT GRC Evaluator,Law,Dorado,80.0,120.0,hourly,hourly,,active,2026-06-06T20:12:36,2026-06-06T20:12:36,Remote,remote,18.0,2.0,5,False,standard,False,100.0
2026-09-04T01:09:33+00:00,list_AAABnp6Q2TS32o-CYvZBaZBt,listing_uid_AAABoFr5P-_q7aHBK8lIYps3,8,Operations / inventory / capacity planning Evaluator,Business Operations,Dorado,80.0,120.0,hourly,hourly,,active,2026-06-06T20:12:33,2026-06-06T20:12:33,Remote,remote,20.0,0.0,0,False,standard,False,100.0
2026-09-04T01:09:33+00:00,list_AAABnp6Q1hWaziDGIaxJd5Ul,listing_uid_AAABoFr5P-8HpNmsMUhHO6tu,9,Data analysis / quantitative readouts Evaluator,Data Analysis,Dorado,80.0,120.0,hourly,hourly,,active,2026-06-06T20:12:33,2026-06-06T20:12:33,Remote,remote,18.0,2.0,1,False,standard,False,100.0
2026-09-04T01:09:33+00:00,list_AAABnp6Q0WWVhmryLCxGqpII,listing_uid_AAABoFr5P-90PfbxzFNGQLY-,8,General finance / accounting Evaluator,Finance,Dorado,80.0,120.0,hourly,hourly,,active,2026-06-06T20:12:31,2026-06-06T20:12:31,Remote,remote,19.0,1.0,1,False,standard,False,100.0
2026-09-04T01:09:33+00:00,list_AAABnp6QzhzJMwho519LMJ2v,listing_uid_AAABoFr5P--rjHdVx3pIu7Y-,8,FP&A / corporate finance Evaluator,Finance,Dorado,80.0,120.0,hourly,hourly,,active,2026-06-06T20:12:31,2026-06-06T20:12:31,Remote,remote,36.0,6.0,177,False,standard,False,100.0
2026-09-04T01:09:33+00:00,list_AAABnp6Or1Jp68sWSRBP0Ldu,listing_uid_AAABoFr5P-5f03KJuLlGfLjw,9,Program management / implementation planning Evaluator,Business Operations,Dorado,80.0,120.0,hourly,hourly,,active,2026-06-06T20:10:12,2026-06-06T20:10:12,Remote,remote,17.0,3.0,1,False,standard,False,100.0
2026-09-04T01:09:33+00:00,list_AAABnp6Op8ffBSgW9qtE7Lrc,listing_uid_AAABoFr5P-4UcUPhSpJB44J2,7,General business strategy / management Evaluator,Business Operations,Dorado,80.0,120.0,hourly,hourly,,active,2026-06-06T20:10:10,2026-06-06T20:10:10,Remote,remote,20.0,0.0,3,False,standard,False,100.0
2026-09-04T01:09:33+00:00,list_AAABnp6Oo46gSMkCqfJAl7oz,listing_uid_AAABoFr5P-4tL3Sj319OwKEQ,9,Software / AI / IT / data Evaluator,Data Analysis,Dorado,80.0,120.0,hourly,hourly,,active,2026-06-06T20:10:09,2026-06-06T20:10:09,Remote,remote,15.0,5.0,0,False,standard,False,100.0
2026-09-04T01:09:33+00:00,list_AAABnp6Omy8rqrTaN-ZDzpMG,listing_uid_AAABoFr5P-5h-X49vmdOJ7Mm,9,Spreadsheet QA / workbook maintenance Evaluator,Miscellaneous,Dorado,80.0,120.0,hourly,hourly,,active,2026-06-06T20:10:07,2026-06-06T20:10:07,Remote,remote,39.0,18.0,3,False,standard,False,100.0
2026-09-04T01:09:33+00:00,list_AAABnp6Onq8dbHxHHMNLGpgC,listing_uid_AAABoFr5P-7VLkHPra5INbRI,8,Product management / roadmap / PRD Evaluator,Business Operations,Dorado,80.0,120.0,hourly,hourly,,active,2026-06-06T20:10:07,2026-06-06T20:10:07,Remote,remote,20.0,0.0,0,False,standard,False,100.0
2026-09-04T01:09:33+00:00,list_AAABnp6OmEI2W-UJPd1FkJIA,listing_uid_AAABoFr5P-77cY3w5LFGJpyO,10,Education / school Evaluator,"Life, Physical, and Social Science",Dorado,80.0,120.0,hourly,hourly,,active,2026-06-06T20:10:06,2026-06-06T20:10:06,Remote,remote,20.0,0.0,1,False,standard,False,100.0
2026-09-04T01:09:33+00:00,list_AAABnp6OjtllcBBuwIFFj5fM,listing_uid_AAABoFr5P-7XHy23InFKDpFo,7,Healthcare operations Evaluator,Business Operations,Dorado,80.0,120.0,hourly,hourly,,active,2026-06-06T20:10:03,2026-06-06T20:10:03,Remote,remote,17.0,3.0,125,False,standard,False,100.0
2026-09-04T01:09:33+00:00,list_AAABnp6OiQSvJXxMjJZP06yK,listing_uid_AAABoFr5P-5IRQ2CZflMB5I5,10,Market research / competitive intelligence Evaluator,Business Operations,Dorado,80.0,120.0,hourly,hourly,,active,2026-06-06T20:10:02,2026-06-06T20:10:02,Remote,remote,12.0,8.0,146,False,standard,False,100.0
2026-09-04T01:09:33+00:00,list_AAABnp6OfEjsvMNU9upMxo0o,listing_uid_AAABoFr5P-6YyVhLBOxJ_IUq,10,Product launch / experiment readiness Evaluator,Business Operations,Dorado,80.0,120.0,hourly,hourly,,active,2026-06-06T20:09:59,2026-06-06T20:09:59,Remote,remote,17.0,3.0,45,False,standard,False,100.0
2026-09-04T01:09:33+00:00,list_AAABnp6Of2pOKd_g9gFOk6zK,listing_uid_AAABoFr5P-7-IL7_WTpJ-49m,10,People ops / recruiting Evaluator,Business Operations,Dorado,80.0,120.0,hourly,hourly,,active,2026-06-06T20:09:59,2026-06-06T20:09:59,Remote,remote,18.0,2.0,120,False,standard,False,100.0
2026-09-04T01:09:33+00:00,list_AAABnp6OeVfIgXfq7jFNqqB4,listing_uid_AAABoFr5P-6SZyU3wwhC7pFm,7,Public health communications Evaluator,"Life, Physical, and Social Science",Dorado,80.0,120.0,hourly,hourly,,active,2026-06-06T20:09:58,2026-06-06T20:09:58,Remote,remote,19.0,1.0,2,False,standard,False,100.0
2026-09-04T01:09:33+00:00,list_AAABnp6OdbIxyq8uPxBO6qmD,listing_uid_AAABoFr5P-7WTlU3oIFAFrPO,13,User/customer research and feedback synthesis Evaluator,Miscellaneous,Dorado,80.0,120.0,hourly,hourly,,active,2026-06-06T20:09:57,2026-06-06T20:09:57,Remote,remote,19.0,1.0,1,False,standard,False,100.0
2026-09-04T01:09:33+00:00,list_AAABnp6OclzGRwU67YJGZJrz,listing_uid_AAABoFr5P-4k5QFIf7lC9qBx,10,Investor materials / fundraising / pitchbook Evaluator,Finance,Dorado,80.0,120.0,hourly,hourly,,active,2026-06-06T20:09:56,2026-06-06T20:09:56,Remote,remote,42.0,21.0,139,False,standard,False,100.0
2026-09-04T01:09:33+00:00,list_AAABnp6Ob0LzhP-CT6tGboAS,listing_uid_AAABoFr5P-7epQWl-oJFlpRr,10,Special education / IEP Evaluator,"Life, Physical, and Social Science",Dorado,80.0,120.0,hourly,hourly,,active,2026-06-06T20:09:55,2026-06-06T20:09:55,Remote,remote,13.0,7.0,183,False,standard,False,100.0
2026-09-04T01:09:33+00:00,list_AAABnp6OZUbDUhFgW91Br4It,listing_uid_AAABoFr5P-7gvMUrEspEHLq-,8,Privacy / regulatory compliance Evaluator,Law,Dorado,80.0,120.0,hourly,hourly,,active,2026-06-06T20:09:53,2026-06-06T20:09:53,Remote,remote,20.0,0.0,7,False,standard,False,100.0
2026-09-04T01:09:33+00:00,list_AAABnp6OYPO3WpUMgelPsqgD,listing_uid_AAABoFr5P-6QIEz2qW9HiKT1,9,Customer success / support operations Evaluator,Business Operations,Dorado,80.0,120.0,hourly,hourly,,active,2026-06-06T20:09:52,2026-06-06T20:09:52,Remote,remote,19.0,1.0,2,False,standard,False,100.0
2026-09-04T01:09:33+00:00,list_AAABnp6MTYQtk-DDjINLhoqB,listing_uid_AAABoFr5P-7HoIj5r0hPOaih,11,Legal contracts / diligence / redlines Evaluator,Law,Dorado,80.0,120.0,hourly,hourly,,active,2026-06-06T20:07:36,2026-06-06T20:07:36,Remote,remote,20.0,0.0,9,False,standard,False,100.0
2026-09-04T01:09:33+00:00,list_AAABnp6MSjuxnR5XDmVL1Ypb,listing_uid_AAABoFr5P-5j42fcJQhLkbQ9,9,General Sales / GTM Evaluator,Business Operations,Dorado,80.0,120.0,hourly,hourly,,active,2026-06-06T20:07:35,2026-06-06T20:07:35,Remote,remote,18.0,2.0,2,False,standard,False,100.0
2026-09-04T01:09:33+00:00,list_AAABnp6MR1o-lR74ez9Cc6GV,listing_uid_AAABoFr5P-7XAz2ThcZDgrT9,12,Compliance / regulatory response with financial-services AI Evaluator,Law,Dorado,80.0,120.0,hourly,hourly,,active,2026-06-06T20:07:34,2026-06-06T20:07:34,Remote,remote,201.0,85.0,118,False,standard,False,100.0
2026-09-04T01:09:33+00:00,list_AAABnp6MRGcfHfhPtxVGn5UV,listing_uid_AAABoFr5P-4wjEQef9lMY5Bi,9,Humanities / arts / culture Evaluator,Humanities,Dorado,80.0,120.0,hourly,hourly,,active,2026-06-06T20:07:33,2026-06-06T20:07:33,Remote,remote,18.0,2.0,2,False,standard,False,100.0
2026-09-04T01:09:33+00:00,list_AAABnp6MQafnea1bEmZCHpqN,listing_uid_AAABoFr5P-7wABE5LFxM044v,10,Training / onboarding / L&D Evaluator,Business Operations,Dorado,80.0,120.0,hourly,hourly,,active,2026-06-06T20:07:33,2026-06-06T20:07:33,Remote,remote,25.0,14.0,158,False,standard,False,100.0
2026-09-04T01:09:33+00:00,list_AAABnp6MPf4uPETLnLRHkoz5,listing_uid_AAABoFr5P-4AcTr491xAhINQ,11,Brand / creative direction / marketing collateral Evaluator,Business Operations,Dorado,80.0,120.0,hourly,hourly,,active,2026-06-06T20:07:32,2026-06-06T20:07:32,Remote,remote,17.0,3.0,8,False,standard,False,100.0
2026-09-04T01:09:33+00:00,list_AAABnp6MOqe-BplAc65FC4T2,listing_uid_AAABoFr5P-45YDbtcW1FPpAr,13,Engineering / manufacturing / technical operations Evaluator,Other Engineering,Dorado,80.0,120.0,hourly,hourly,,active,2026-06-06T20:07:31,2026-06-06T20:07:31,Remote,remote,11.0,34.0,288,False,standard,False,100.0
2026-09-04T01:09:33+00:00,list_AAABnp6MNcHf6edbDCFIsJqz,listing_uid_AAABoFr5P-56AnhGWe9Hs6yJ,13,Incident management / reliability / SRE Evaluator,Software Engineering,Dorado,80.0,120.0,hourly,hourly,,active,2026-06-06T20:07:29,2026-06-06T20:07:29,Remote,remote,131.0,76.0,801,False,standard,False,100.0
2026-09-04T01:09:33+00:00,list_AAABnp6MMOHRUO4-tUZLg4yR,listing_uid_AAABoFr5P-5SuYBJF1VFMpug,10,Media / journalism / communications Evaluator,Arts & Design,Dorado,80.0,120.0,hourly,hourly,,active,2026-06-06T20:07:28,2026-06-06T20:07:28,Remote,remote,15.0,5.0,161,False,standard,False,100.0
2026-09-04T01:09:33+00:00,list_AAABnp6MLYj8xZAmwE9GT6AT,listing_uid_AAABoFr5P-7Ll1WPgGpEoI-r,12,Nonprofit / philanthropy / community programs Evaluator,"Life, Physical, and Social Science",Dorado,80.0,120.0,hourly,hourly,,active,2026-06-06T20:07:27,2026-06-06T20:07:27,Remote,remote,10.0,13.0,386,False,standard,False,100.0
2026-09-04T01:09:33+00:00,list_AAABnp6L3EeJzL_8sDdM_6DS,listing_uid_AAABoFr5P-6Evi5DCE5Ncbts,9,Government / public administration Evaluator,"Life, Physical, and Social Science",Dorado,80.0,120.0,hourly,hourly,,active,2026-06-06T20:07:07,2026-06-06T20:07:07,Remote,remote,20.0,0.0,2,False,standard,False,100.0
2026-09-04T01:09:33+00:00,list_AAABnp6L1PTZvbfcjrRBtojW,listing_uid_AAABoFr5P-6QTqBYNXlPIKzl,8,Clinical / biomedical / pharma Evaluator,Medicine,Dorado,80.0,120.0,hourly,hourly,,active,2026-06-06T20:07:05,2026-06-06T20:07:05,Remote,remote,20.0,0.0,3,False,standard,False,100.0
2026-09-04T01:09:33+00:00,list_AAABnp6L18aSG5hyCDZGP4eK,listing_uid_AAABoFr5P-5cersB1-9BioRL,13,Real estate / hospitality / events Evaluator,Business Operations,Dorado,80.0,120.0,hourly,hourly,,active,2026-06-06T20:07:05,2026-06-06T20:07:05,Remote,remote,13.0,7.0,236,False,standard,False,100.0
2026-09-04T01:09:33+00:00,list_AAABnp6L0XNYiwcgod5MZa67,listing_uid_AAABoFr5P-6pdCClCblBsait,10,Biology / environmental science Evaluator,"Life, Physical, and Social Science",Dorado,80.0,120.0,hourly,hourly,,active,2026-06-06T20:07:04,2026-06-06T20:07:04,Remote,remote,18.0,2.0,61,False,standard,False,100.0
2026-09-04T01:09:33+00:00,list_AAABnp6Lzqi8kpc8ThNNV7Sa,listing_uid_AAABoFr5P-69kvXPiUtKFK1s,14,Legal / compliance Evaluator,Law,Dorado,80.0,120.0,hourly,hourly,,active,2026-06-06T20:07:03,2026-06-06T20:07:03,Remote,remote,261.0,122.0,444,False,standard,False,100.0
2026-09-04T01:09:33+00:00,list_AAABnp6Ly8ynS7grlWJE5IYD,listing_uid_AAABoFr5P-4BbBTR9KRCdZmx,8,Healthcare / clinical Evaluator,Medicine,Dorado,80.0,120.0,hourly,hourly,,active,2026-06-06T20:07:02,2026-06-06T20:07:02,Remote,remote,19.0,1.0,0,False,standard,False,100.0
2026-09-04T01:09:33+00:00,list_AAABnp56XI71Ywmka0BHsprm,listing_uid_AAABoFr5P-9a5k_ET-RAW5p8,15,Pricing / ROI / revenue economics Evaluator,Finance,Dorado,80.0,120.0,hourly,hourly,,active,2026-06-06T19:48:00,2026-06-06T19:48:00,Remote,remote,536.0,266.0,444,False,standard,False,100.0
2026-09-04T01:09:33+00:00,list_AAABnpAZ6Dy4XN87koBPT4LM,listing_uid_AAABnxmkYoVLHQq9sIBG5YJL,3,AI Safety Experts — English & Punjabi,Data Analysis,Neon,20.0,22.0,hourly,hourly,40.0,active,2026-06-04T00:47:57,2026-06-04T00:47:57,Remote,remote,1.0,9.0,21,False,standard,False,21.0
2026-09-04T01:09:33+00:00,list_AAABnpAWb5MITgeY5UhGjZ5i,listing_uid_AAABnxmlEM0JKpUscIlB0ph_,3,AI Safety Experts — English & Assamese,"Life, Physical, and Social Science",Neon,20.0,22.0,hourly,hourly,40.0,active,2026-06-04T00:44:10,2026-06-04T00:44:10,Remote,remote,3.0,7.0,23,False,standard,False,21.0
2026-09-04T01:09:33+00:00,list_AAABnpAPoL4kShewbrNKtLTV,listing_uid_AAABn_frNkUdvWUmqihN3qtP,4,AI Safety Experts — English & Odia,Data Analysis,Neon,20.0,22.0,hourly,hourly,40.0,active,2026-06-04T00:36:43,2026-06-04T00:36:43,Remote,remote,5.0,5.0,41,False,standard,False,21.0
2026-09-04T01:09:33+00:00,list_AAABnpAJcLi-0xCsfWJNYabf,listing_uid_AAABnxmmJhxZZeNE0fJCcKw1,5,AI Safety Experts — English & Bengali,Data Analysis,Neon,20.0,22.0,hourly,hourly,40.0,active,2026-06-04T00:29:58,2026-06-04T00:29:58,Remote,remote,5.0,5.0,21,False,standard,False,21.0
2026-09-04T01:09:33+00:00,list_AAABnonIKKQ9b5g5FzJHvZMH,listing_uid_AAABoFjXGDA8Hg7pAs5E5ZEd,35,CUDA Engineering Expert,Software Engineering,,300.0,300.0,per-task,task-based,40.0,active,2026-06-02T19:20:57,2026-06-02T19:20:57,Remote,remote,50.0,150.0,213,False,standard,False,
2026-09-04T01:09:33+00:00,list_AAABnoTi00jc2tVdQ0xG17qd,listing_uid_AAABnvq2qNySWvq8q4hA9p07,2,Audio Engineer (Speech / TTS Audio Specialist) – French,Language and Audio,,50.0,50.0,hourly,hourly,,active,2026-06-01T20:31:58,2026-06-01T20:31:58,Remote,remote,5.0,0.0,0,False,standard,False,50.0
2026-09-04T01:09:33+00:00,list_AAABnoSOAS3oXw_3jyZCQoF7,listing_uid_AAABoBYPXZVxCZcT2d9D1IPt,8,Voice Actor: CX Agent Voice Cloning (German),Language and Audio,,50.0,100.0,hourly,hourly,,active,2026-06-01T18:59:19,2026-06-01T18:59:19,Remote,remote,10.0,0.0,0,False,standard,False,75.0
2026-09-04T01:09:33+00:00,list_AAABnoRPKUEJGDN6gxtK-Z3q,listing_uid_AAABoDXHakFtF2ZsnbtBp7pn,10,Voice Actor: CX Agent Voice Cloning - Northern UK,Language and Audio,,50.0,100.0,hourly,hourly,,active,2026-06-01T17:50:41,2026-06-01T17:50:41,Remote,remote,14.0,1.0,1,False,standard,False,75.0
2026-09-04T01:09:33+00:00,list_AAABnoQDCpLznP-zEwhOsZTH,listing_uid_AAABoFmjxpH7DLosorZKD6Tm,11,Voice Actor: CX Agent Voice Cloning (Spanish - Peninsular),Language and Audio,,50.0,100.0,hourly,hourly,,active,2026-06-01T16:27:32,2026-06-01T16:27:32,Remote,remote,6.0,4.0,3,False,standard,False,75.0
2026-09-04T01:09:33+00:00,list_AAABnoQC-dC2MUckZJBC9oHw,listing_uid_AAABoFmk2HmAPy0Gr0VGiYRf,14,Voice Actor: CX Agent Voice Cloning (Spanish - Mexico),Language and Audio,,50.0,100.0,hourly,hourly,,active,2026-06-01T16:27:28,2026-06-01T16:27:28,Remote,remote,11.0,4.0,2,False,standard,False,75.0
2026-09-04T01:09:33+00:00,list_AAABnoQC2bLQ9YaeK3JHzIPK,listing_uid_AAABoBYQZ1UjLy1s099El7DK,8,Voice Actor: CX Agent Voice Cloning (Spanish - Latin America),Language and Audio,,50.0,100.0,hourly,hourly,,active,2026-06-01T16:27:20,2026-06-01T16:27:20,Remote,remote,14.0,1.0,1,False,standard,False,75.0
2026-09-04T01:09:33+00:00,list_AAABnoPpfzmf04TLNuZKYrd4,listing_uid_AAABoBYP8a5aTdQHyYRBX6YD,8,Voice Actor: CX Agent Voice Cloning (Canadian French),Language and Audio,,50.0,50.0,hourly,hourly,,active,2026-06-01T15:59:38,2026-06-01T15:59:38,Remote,remote,15.0,0.0,0,False,standard,False,50.0
2026-09-04T01:09:33+00:00,list_AAABnmcJdQOFlQJfXD1CeKag,listing_uid_AAABoEExKGDxCOhnbyFEybgh,7,MS Excel / Google Sheets Evaluator,Miscellaneous,Dorado,80.0,150.0,hourly,hourly,40.0,active,2026-05-27T01:25:34,2026-05-27T01:25:34,Remote,remote,20.0,0.0,0,False,standard,False,115.0
2026-09-04T01:09:33+00:00,list_AAABnmYh74ctdwnp6bJOf5vx,listing_uid_AAABoGkHFAxoOQH1P0FJ4bQh,47,"Biology Research Scientist (BA, MS, PhD's)","Life, Physical, and Social Science",,60.0,100.0,hourly,hourly,40.0,active,2026-05-26T21:12:41,2026-05-26T21:12:41,Remote,remote,468.0,332.0,699,False,standard,False,80.0
2026-09-04T01:09:33+00:00,list_AAABnlNc5vKNKKMWYLxGQ7NX,listing_uid_AAABnlNidY5gHW33CiRJGKKc,5,Clinicians Survey – Ambulatory & Community Care Insights,Medicine,,90.0,90.0,one-time,hourly,40.0,active,2026-05-23T05:44:18,2026-05-23T05:44:18,Remote,remote,156.0,244.0,2373,False,standard,False,
2026-09-04T01:09:33+00:00,list_AAABnkKfIa1n4GJSEKRIEqCQ,listing_uid_AAABoGnurE0_MeA6ACNCrYPc,32,STEM PhDs and Technical Domain Experts,Data Analysis,,55.0,80.0,hourly,hourly,,active,2026-05-19T23:43:05,2026-05-19T23:43:05,Remote,remote,44.0,31.0,547,False,standard,False,67.5
2026-09-04T01:09:33+00:00,list_AAABnfiedfZUWZxgc0lLT79a,listing_uid_AAABngF2F9CO9oGGJitHfp6C,9,Customer Success Engineer (LatAm),Software Engineering,,35000.0,50000.0,yearly,full-time,,active,2026-05-05T14:50:27,2026-05-05T14:50:27,Remote,remote,1.0,1.0,0,False,standard,False,
2026-09-04T01:09:33+00:00,list_AAABneUZLDuzTnVTY75GrKTO,listing_uid_AAABneW_1WYB-hYECrJDLoAb,14,Professional Design Experts,Arts & Design,Dorado,80.0,180.0,hourly,hourly,40.0,active,2026-05-01T19:52:05,2026-05-01T19:52:05,Remote,remote,49.0,151.0,0,False,standard,False,130.0
2026-09-04T01:09:33+00:00,list_AAABndzyHWOW4NpB-vlPV7RE,listing_uid_AAABnd_CtmwEorbWQGVDMJX2,7,Retail / Clienteling professionals,Business Operations,Dorado,80.0,160.0,hourly,hourly,40.0,active,2026-04-30T05:52:28,2026-04-30T05:52:28,Remote,remote,20.0,0.0,0,False,standard,False,120.0
2026-09-04T01:09:33+00:00,list_AAABndzwZk46nwgC02ZMFpRi,listing_uid_AAABnd_D4Ws-hd1Q4SZDAKvi,6,Real Estate / Property Professionals,Business Operations,Dorado,80.0,160.0,hourly,hourly,40.0,active,2026-04-30T05:50:36,2026-04-30T05:50:36,Remote,remote,20.0,0.0,0,False,standard,False,120.0
2026-09-04T01:09:33+00:00,list_AAABndztjYa1np8BvpxIQKxs,listing_uid_AAABnd_FbYB2JR2pitBDU7rU,7,Public Sector / Legal / GTM Experts,Law,Dorado,80.0,160.0,hourly,hourly,40.0,active,2026-04-30T05:47:29,2026-04-30T05:47:29,Remote,remote,20.0,0.0,1,False,standard,False,120.0
2026-09-04T01:09:33+00:00,list_AAABndzqsJolwJCu1Q1FirTX,listing_uid_AAABneCz63ENAfJz_1hFeKMg,8,Product / Platform Experts,Business Operations,Dorado,80.0,160.0,hourly,hourly,40.0,active,2026-04-30T05:44:21,2026-04-30T05:44:21,Remote,remote,26.0,6.0,2,False,standard,False,120.0
2026-09-04T01:09:33+00:00,list_AAABndzm0Ahed2vBd4ZBaZMt,listing_uid_AAABneGxDqugYWMgDoRFMqJ_,8,Product / Artifacts Experts,Business Operations,Dorado,80.0,160.0,hourly,hourly,40.0,active,2026-04-30T05:40:07,2026-04-30T05:40:07,Remote,remote,20.0,0.0,0,False,standard,False,120.0
2026-09-04T01:09:33+00:00,list_AAABndzjYtBU6yLPmrRNgZvb,listing_uid_AAABneEqhqeEYWzT_31Jp73R,10,Generalist,Miscellaneous,Dorado,80.0,160.0,hourly,hourly,40.0,active,2026-04-30T05:36:23,2026-04-30T05:36:23,Remote,remote,28.0,0.0,3,False,standard,False,120.0
2026-09-04T01:09:33+00:00,list_AAABndzg1d29zpYtIMRL2JC_,listing_uid_AAABneGpsVOMGXjIMHVHs5TW,7,Operations / Program Management Experts,Business Operations,Dorado,80.0,160.0,hourly,hourly,40.0,active,2026-04-30T05:33:36,2026-04-30T05:33:36,Remote,remote,20.0,0.0,0,False,standard,False,120.0
2026-09-04T01:09:33+00:00,list_AAABndze_m3UE0AneaNDLKhD,listing_uid_AAABndzflBFVGPW--sxJWLJj,6,Legal / Grants / ESG Experts,Law,Dorado,80.0,160.0,hourly,hourly,40.0,active,2026-04-30T05:31:35,2026-04-30T05:31:35,Remote,remote,20.0,0.0,0,False,standard,False,120.0
2026-09-04T01:09:33+00:00,list_AAABndzdFuWxkLdkIJJHLJbD,listing_uid_AAABndzdx0kNf8NG9ORAVqGs,6,Legal / Commercial Expert,Law,Dorado,80.0,160.0,hourly,hourly,40.0,active,2026-04-30T05:29:30,2026-04-30T05:29:30,Remote,remote,20.0,0.0,0,False,standard,False,120.0
2026-09-04T01:09:33+00:00,list_AAABndza0ZkfkMOg2exLFbD7,listing_uid_AAABnd_PU4Eq6Kt6VWhOzqhr,8,Job Seeker - New Grad,Miscellaneous,Dorado,80.0,160.0,hourly,hourly,40.0,active,2026-04-30T05:27:01,2026-04-30T05:27:01,Remote,remote,21.0,1.0,0,False,standard,False,120.0
2026-09-04T01:09:33+00:00,list_AAABndzU_HbIulmQAq9ILp06,listing_uid_AAABndzVgHVeMqwBO4ZHEp2W,6,GTM / RevOps / Sales Expert,Business Operations,Dorado,80.0,160.0,hourly,hourly,40.0,active,2026-04-30T05:20:39,2026-04-30T05:20:39,Remote,remote,20.0,0.0,0,False,standard,False,120.0
2026-09-04T01:09:33+00:00,list_AAABndzSNaCWPs2TTWxDZ5mK,listing_uid_AAABndzTm6D8iX9qRHdGgqyY,6,GTM / Marketing Experts,Business Operations,Dorado,80.0,160.0,hourly,hourly,40.0,active,2026-04-30T05:17:37,2026-04-30T05:17:37,Remote,remote,24.0,2.0,1,False,standard,False,120.0
2026-09-04T01:09:33+00:00,list_AAABndzP7ep_El3DBDpGNpQQ,listing_uid_AAABndzRCRuCuioA6r9A8Krs,6,Finance / IR experts,Finance,Dorado,80.0,160.0,hourly,hourly,40.0,active,2026-04-30T05:15:08,2026-04-30T05:15:08,Remote,remote,22.0,2.0,4,False,standard,False,120.0
2026-09-04T01:09:33+00:00,list_AAABndzMDAx8umMykVVMxJOR,listing_uid_AAABndzMmdJMpFD7D3ZD75cw,5,Finance / Business Ops Experts,Finance,Dorado,80.0,160.0,hourly,hourly,40.0,active,2026-04-30T05:10:53,2026-04-30T05:10:53,Remote,remote,24.0,2.0,1,False,standard,False,120.0
2026-09-04T01:09:33+00:00,list_AAABndzKGo7JUM2h5QVJc6Zc,listing_uid_AAABneNk6xMr54nNZrpBjqtQ,8,Executive Assistant / Admin,Business Operations,Dorado,30.0,80.0,hourly,hourly,40.0,active,2026-04-30T05:08:46,2026-04-30T05:08:46,Remote,remote,22.0,2.0,4,False,standard,False,55.0
2026-09-04T01:09:33+00:00,list_AAABndzFbA9Yw40bnppM2Yzy,listing_uid_AAABndzGQxAUKLP8GBVOPYoS,6,Event / Hospitality Professionals,Business Operations,Dorado,80.0,160.0,hourly,hourly,40.0,active,2026-04-30T05:03:39,2026-04-30T05:03:39,Remote,remote,20.0,0.0,1,False,standard,False,120.0
2026-09-04T01:09:33+00:00,list_AAABndzDPd3VhJ_b7ipOmrLt,listing_uid_AAABndzG2y2XGy9y_ClNkLXq,7,Engineering / Platform Professionals,Software Engineering,Dorado,80.0,160.0,hourly,hourly,40.0,active,2026-04-30T05:01:16,2026-04-30T05:01:16,Remote,remote,20.0,0.0,0,False,standard,False,120.0
2026-09-04T01:09:33+00:00,list_AAABndzAw0ujLRdIJ6pKDIa0,listing_uid_AAABneAX9iyJfLIcUUtFzKlq,8,Education / Student,Humanities,Dorado,80.0,160.0,hourly,hourly,40.0,active,2026-04-30T04:58:34,2026-04-30T04:58:34,Remote,remote,21.0,1.0,2,False,standard,False,120.0
2026-09-04T01:09:33+00:00,list_AAABndy9WOOc9_4h4stNiLj4,listing_uid_AAABndy-Qp7cJC52Z65NIr70,6,Customer Support / Success Professionals,Business Operations,Dorado,80.0,160.0,hourly,hourly,40.0,active,2026-04-30T04:54:50,2026-04-30T04:54:50,Remote,remote,20.0,0.0,0,False,standard,False,120.0
2026-09-04T01:09:33+00:00,list_AAABndy7GZ27PFYIWiFImow1,listing_uid_AAABn91nw0EMEDroLVxET7Ky,10,Consultant / Advisor,Miscellaneous,Dorado,80.0,160.0,hourly,hourly,40.0,active,2026-04-30T04:52:23,2026-04-30T04:52:23,Remote,remote,20.0,0.0,2,False,standard,False,120.0
2026-09-04T01:09:33+00:00,list_AAABndy5Km8v6zv3pVlFqZqv,listing_uid_AAABnd-qeByWnQBlXelEXoFp,7,Business Owner / Founder,Business Operations,Dorado,80.0,160.0,hourly,hourly,40.0,active,2026-04-30T04:50:16,2026-04-30T04:50:16,Remote,remote,20.0,0.0,0,False,standard,False,120.0
2026-09-04T01:09:33+00:00,list_AAABndy2leHxiH2Z1stMIJ6L,listing_uid_AAABndy3c9N7I08IpUFBNYW_,6,Brand / Creative Marketing Professionals,Business Operations,Dorado,80.0,160.0,hourly,hourly,40.0,active,2026-04-30T04:47:27,2026-04-30T04:47:27,Remote,remote,20.0,0.0,0,False,standard,False,120.0
2026-09-04T01:09:33+00:00,list_AAABndyyP9pgzPgmKCJO4ZxJ,listing_uid_AAABnd_BvlhNAykbYU9DHrBr,9,Analyst / Insights Experts,Data Analysis,Dorado,80.0,160.0,hourly,hourly,40.0,active,2026-04-30T04:42:43,2026-04-30T04:42:43,Remote,remote,20.0,0.0,0,False,standard,False,120.0
2026-09-04T01:09:33+00:00,list_AAABnaHqkVHjKlAmo9RNr4P3,listing_uid_AAABoGYmCU45pQG7M3lC2ocH,38,"STEM Expert (Physics, Chemistry, Mathematics, Biology)","Life, Physical, and Social Science",Dorado,75.0,75.0,hourly,hourly,40.0,active,2026-04-18T18:46:38,2026-04-18T18:46:38,Remote,remote,188.0,127.0,1272,False,standard,False,75.0
2026-09-04T01:09:33+00:00,list_AAABnQw10KNPyjduO8lAFo-e,listing_uid_AAABoDlf4Y1jpVo0jX1MWIDB,25,Voice Actor: CX Agent Voice Cloning (USA),Language and Audio,,50.0,150.0,hourly,hourly,,active,2026-03-20T17:05:47,2026-03-20T17:05:47,Remote,remote,26.0,4.0,4,False,standard,False,100.0
2026-09-04T01:09:33+00:00,list_AAABnOP9NgGZSJmIf4dF5rx2,listing_uid_AAABoCTt8BwfNmx0LqVLyoHC,16,Customer Success Engineer (India),Software Engineering,,30000.0,45000.0,yearly,full-time,,active,2026-03-12T21:39:08,2026-03-12T21:39:08,Remote,remote,2.0,0.0,1,False,standard,False,
2026-09-04T01:09:33+00:00,list_AAABnJ0Tj07Vgzf7imVMBZB6,listing_uid_AAABnLnv9yqk-gjxKsFAj63N,5,Compliance & Risk Specialist Talent Network,Law,,60.0,80.0,hourly,part-time,,active,2026-02-27T03:10:31,2026-02-27T03:10:31,Remote,remote,,,0,False,evergreen,False,70.0
2026-09-04T01:09:33+00:00,list_AAABnJ0O3XD6A34Rv91Ad60d,listing_uid_AAABnKrICWGljZdop-ZA6asi,6,Management Consultant Talent Network,Business Operations,,60.0,100.0,hourly,part-time,,active,2026-02-27T03:05:23,2026-02-27T03:05:23,Remote,remote,,,0,False,evergreen,False,80.0
2026-09-04T01:09:33+00:00,list_AAABnJ0M26ceiz86vu1MT759,listing_uid_AAABnKrHy3XQzH6b1EBIJa4S,6,Physical Scientist Talent Network,"Life, Physical, and Social Science",,60.0,80.0,hourly,part-time,,active,2026-02-27T03:03:12,2026-02-27T03:03:12,Remote,remote,,,0,False,evergreen,False,70.0
2026-09-04T01:09:33+00:00,list_AAABnJ0LvLdNuRT_1I9Iib8_,listing_uid_AAABnKrHj8fRnhY64jZLYq99,6,Graphic & UX/UI Designer Talent Network,Arts & Design,,60.0,80.0,hourly,part-time,,active,2026-02-27T03:01:58,2026-02-27T03:01:58,Remote,remote,,,0,False,evergreen,False,70.0
2026-09-04T01:09:33+00:00,list_AAABnJ0Inam2YWpSD1xI1ZX9,listing_uid_AAABnKrHQYO0-fXnSzJD6YA_,6,Marketing Specialist Talent Network,Business Operations,,60.0,80.0,hourly,part-time,,active,2026-02-27T02:58:34,2026-02-27T02:58:34,Remote,remote,,,0,False,evergreen,False,70.0
2026-09-04T01:09:33+00:00,list_AAABnJ0HTJ8DWBVFUwtKbrNa,listing_uid_AAABnKrG8J8Mho1r7spLgbxB,6,HR & Administration Specialist Talent Network,Business Operations,,60.0,80.0,hourly,part-time,,active,2026-02-27T02:57:07,2026-02-27T02:57:07,Remote,remote,,,0,False,evergreen,False,70.0
2026-09-04T01:09:33+00:00,list_AAABnJ0GDeo6y-KRhahHKrzF,listing_uid_AAABnKrGsKJLa0ljCypJeptr,6,Financial Analyst Talent Network,Finance,,60.0,180.0,hourly,part-time,,active,2026-02-27T02:55:46,2026-02-27T02:55:46,Remote,remote,,,0,False,evergreen,False,120.0
2026-09-04T01:09:33+00:00,list_AAABnJ0EyzP13xP26dJJXKpS,listing_uid_AAABnzmx9QtOwvc4cqlM1YSs,7,Chemist Talent Network,"Life, Physical, and Social Science",,60.0,80.0,hourly,part-time,,active,2026-02-27T02:54:23,2026-02-27T02:54:23,Remote,remote,,,0,False,evergreen,False,70.0
2026-09-04T01:09:33+00:00,list_AAABnJ0CrCN6LLqupi9Bf6jc,listing_uid_AAABnKrJ6vjHrxpikwJCIoFV,5,Biologist Talent Network,"Life, Physical, and Social Science",,60.0,80.0,hourly,part-time,,active,2026-02-27T02:52:04,2026-02-27T02:52:04,Remote,remote,,,0,False,evergreen,False,70.0
2026-09-04T01:09:33+00:00,list_AAABnJ0BfkepVYhBI7hH_5wP,listing_uid_AAABnKrFvGpnp6mH_AdGQ7XY,6,Mathematician Talent Network,Data Analysis,,60.0,80.0,hourly,part-time,,active,2026-02-27T02:50:47,2026-02-27T02:50:47,Remote,remote,,,0,False,evergreen,False,70.0
2026-09-04T01:09:33+00:00,list_AAABnJz6-RP8K0Qe1IxHK6LT,listing_uid_AAABnKrKuOCRcrdgDaZDHJts,7,Lawyer Talent Network,Law,,60.0,150.0,hourly,part-time,,active,2026-02-27T02:43:39,2026-02-27T02:43:39,Remote,remote,,,0,False,evergreen,False,105.0
2026-09-04T01:09:33+00:00,list_AAABnJzhSEoldeI_qvBLq6pS,listing_uid_AAABnKrLGOJMHTabaB5A9IKQ,13,Physicist Talent Network,"Life, Physical, and Social Science",,60.0,80.0,hourly,part-time,,active,2026-02-27T02:15:36,2026-02-27T02:15:36,Remote,remote,,,0,False,evergreen,False,70.0
2026-09-04T01:09:33+00:00,list_AAABnJzRBPRcrO1IUeVFkqqc,listing_uid_AAABnKrGPq5IxxuwgcZAcJF0,5,Nursing Talent Network,Medicine,,60.0,120.0,hourly,part-time,,active,2026-02-27T01:57:50,2026-02-27T01:57:50,Remote,remote,,,0,False,evergreen,False,90.0
2026-09-04T01:09:33+00:00,list_AAABnJzK0z1CNefOyERAAb9m,listing_uid_AAABnKrLulGeJHbhQfdIxbH4,6,Physician Talent Network,Medicine,,110.0,250.0,hourly,part-time,,active,2026-02-27T01:51:04,2026-02-27T01:51:04,Remote,remote,,,0,False,evergreen,False,180.0
2026-09-04T01:09:33+00:00,list_AAABnJzIt-SOsdwOeF5Ebarf,listing_uid_AAABnKrOLsaZHSupC49KSb0G,6,Machine Learning Engineer Talent Network,Software Engineering,,70.0,250.0,hourly,part-time,,active,2026-02-27T01:48:46,2026-02-27T01:48:46,Remote,remote,,,0,False,evergreen,False,160.0
2026-09-04T01:09:33+00:00,list_AAABnJyE_If_2vn0hvhMxLnv,listing_uid_AAABnKrArpAegQghgcVNuLll,7,Business Intelligence Analyst Talent Network,Data Analysis,,70.0,120.0,hourly,part-time,,active,2026-02-27T00:34:47,2026-02-27T00:34:47,Remote,remote,,,0,False,evergreen,False,95.0
2026-09-04T01:09:33+00:00,list_AAABnJxZFVfIEAN0_ZNOCrGk,listing_uid_AAABnOuBRMLXSxyr2AlHk5g2,8,Software Engineer (AI-Native Platform & Integrations),Software Engineering,,70.0,110.0,hourly,part-time,,active,2026-02-26T23:46:50,2026-02-26T23:46:50,Remote,onsite,,,0,False,evergreen,False,90.0
2026-09-04T01:09:33+00:00,list_AAABnJgt_BFNmaWvyuJD6pPn,listing_uid_AAABnXVUTToQnzpSuolCPpsg,17,Google Workspace & Business Profile Owners,Business Operations,,0.0,60.0,hourly,hourly,,active,2026-02-26T04:21:16,2026-02-26T04:21:16,Remote,remote,25.0,0.0,0,False,standard,False,30.0
2026-09-04T01:09:33+00:00,list_AAABnHwqmLo6wvviVuRHh7T3,listing_uid_AAABnKrNpU_Da2SBLilGYIz5,9,Frontend Engineer Talent Network,Software Engineering,,70.0,150.0,hourly,part-time,,active,2026-02-20T17:48:12,2026-02-20T17:48:12,Remote,remote,,,0,False,evergreen,False,110.0
2026-09-04T01:09:33+00:00,list_AAABnHwmotmNJkvkSDZK5Yz0,listing_uid_AAABnKrNIk5BNYvrhfNO9ZDe,8,DevOps / Platform Engineer Talent Network,Software Engineering,,70.0,150.0,hourly,part-time,,active,2026-02-20T17:43:53,2026-02-20T17:43:53,Remote,remote,,,0,False,evergreen,False,110.0
2026-09-04T01:09:33+00:00,list_AAABnHwex35o5QBU_FhBkZCW,listing_uid_AAABnKrNxq5xnIm1mRhOlZbP,8,Backend Engineer Talent Network,Software Engineering,,70.0,150.0,hourly,part-time,,active,2026-02-20T17:35:18,2026-02-20T17:35:18,Remote,remote,,,0,False,evergreen,False,110.0
2026-09-04T01:09:33+00:00,list_AAABnHwUEBQJcy230-lMq6-9,listing_uid_AAABnKrMhVIvwPntXC5NLZh9,8,Full-Stack Engineer Talent Network,Software Engineering,,70.0,150.0,hourly,part-time,,active,2026-02-20T17:23:36,2026-02-20T17:23:36,Remote,remote,,,0,False,evergreen,False,110.0
2026-09-04T01:09:33+00:00,list_AAABm9Edxc-X1o57aoNE9Ylz,listing_uid_AAABnPX6ACv6up2DPldMN6F9,7,SOC Investigation Specialist Talent Network,Data Analysis,,70.0,95.0,hourly,part-time,,active,2026-01-18T12:39:08,2026-01-18T12:39:08,Remote,remote,,,0,False,evergreen,False,82.5
2026-09-04T01:09:33+00:00,list_AAABma1vU-om5-M60BNB7qGc,listing_uid_AAABn_LupKZLvn197o5PCIwc,155,Investment Banking Expert,Finance,,100.0,130.0,hourly,hourly,,active,2025-10-04T04:16:18,2025-10-04T04:16:18,Remote,remote,25.0,345.0,87,False,standard,False,115.0
2026-09-04T01:09:33+00:00,list_AAABlzI3p6G_LDaGWuNNEa6l,listing_uid_AAABnt_CWGGfVFkH3PhCn4_F,25,Open Source Applied Engineer Talent Network,Software Engineering,,100.0,150.0,hourly,part-time,,active,2025-06-02T20:15:58,2025-06-02T20:15:58,Remote,remote,,,0,False,evergreen,False,125.0
